customer_id,target_is_fraud
CUST_E5RX1BC9II,0.028275367
CUST_BHWIUKERGN,0.08956577
CUST_EXT9NA4CHU,0.027326642
CUST_9FSJE5R1NY,0.08604314
CUST_GDQXMODBED,0.028043993
CUST_8S20TEQETL,0.83928406
CUST_MEJIHBWAMV,0.030350685
CUST_ZVLC1MRRAF,0.7816958
CUST_WP2LSISPLM,0.042258896
CUST_UFMY9N6P78,0.85220927
CUST_F3B398YA4P,0.029374944
CUST_3XUKMGNLGT,0.046862803
CUST_Q527RFV9GA,0.021938844
CUST_Q9L0F7V9HK,0.122055
CUST_I5NGRFVPC0,0.021217639
CUST_Y3JWCX6S1V,0.111253746
CUST_53I5A9075S,0.112012394
CUST_L839ZSPTLA,0.05534593
CUST_NSBIN3MWY9,0.027285405
CUST_VUO7XXADG6,0.099856496
CUST_B9RVU0A5NA,0.110167995
CUST_ELEEGMBSI4,0.040606
CUST_48QPNAZQSU,0.025539959
CUST_8ERLO3O9T0,0.85999596
CUST_UF64AEDQNN,0.9032041
CUST_9J4L1PA4O5,0.091154166
CUST_7E602ES2YG,0.041960713
CUST_0EH7LK5GQF,0.14768183
CUST_AFRRJA10D0,0.028443359
CUST_JDVQ660FA2,0.03927458
CUST_R0FXBXIX1N,0.02746873
CUST_BPXBO2W867,0.831333
CUST_W1A28QPJCU,0.023865309
CUST_M6XX65U64A,0.14433448
CUST_2XV12H0HQ5,0.027514623
CUST_9K1AR938JS,0.028343646
CUST_E1VTIKRYXQ,0.084140435
CUST_WQKSAWUHLY,0.03042729
CUST_T2J9CULZ7Z,0.84630305
CUST_7QO6K62CBZ,0.12384213
CUST_NAERW9NPHL,0.043923475
CUST_WK1R2FSET9,0.080615826
CUST_R6EGBWKNYL,0.02462192
CUST_0R9BKFWTYS,0.7630652
CUST_OEPBX90UJB,0.02412368
CUST_B4X5M8U6CJ,0.025170812
CUST_6XNYWNN372,0.028349668
CUST_EVRLCXS9ZK,0.10138145
CUST_TK28EDVHXY,0.025285114
CUST_QYKZLNN2OR,0.08862306
CUST_A7Y6B823YP,0.12677008
CUST_RNS4T10J9R,0.026998915
CUST_LQO8OTULK0,0.113825746
CUST_2H86ZGXK8T,0.1453573
CUST_QWV7STRG3H,0.021141488
CUST_B1IE8K6ML3,0.030398378
CUST_MK2NOKO4F6,0.029397832
CUST_ZLNWHNRQOB,0.10348441
CUST_58Z74K0XDS,0.11933633
CUST_VVB0QPLXRW,0.03130289
CUST_TMBQRVI34Q,0.04380713
CUST_9DNN7MFXCZ,0.020823674
CUST_9JTHMPIIGV,0.12745152
CUST_9WXXDXGABZ,0.08493397
CUST_6LIL32QOWY,0.07749896
CUST_9ZTW5ZBHSR,0.02288059
CUST_B2DIW27TFU,0.024949277
CUST_OMBFYE9QZG,0.035267778
CUST_A4LEX88SPH,0.11179012
CUST_R14BG5BVJ5,0.06601768
CUST_A9O4BZPY57,0.08119535
CUST_UN9STJB4QW,0.021319538
CUST_ODR464BYX1,0.022512326
CUST_N6893T5UPR,0.11327556
CUST_TVGPR27YM2,0.03769626
CUST_56IVSE0TNI,0.10614029
CUST_H0G6W9MIGR,0.023300566
CUST_LITKWH60P0,0.024435671
CUST_IF88OTLMCJ,0.080596425
CUST_5JDTQD7KNE,0.02275592
CUST_6PZVGJMTLZ,0.06373347
CUST_ORNZF4JOCC,0.11685229
CUST_4S5PWTLWZ6,0.01998513
CUST_5J8T8M2ODI,0.038582407
CUST_6BWTBTC8SV,0.01983875
CUST_GLGV3AE1UU,0.8773316
CUST_ABJERCF2O9,0.021204319
CUST_JMVIHH5Y7X,0.021437282
CUST_EBLXSKSR7E,0.11391598
CUST_MLVV3LAOOY,0.028115345
CUST_YOBJ6D9QYR,0.033287726
CUST_8VKR3JTF2R,0.029250793
CUST_XVN4B253IJ,0.03909432
CUST_9158G66UTX,0.033963103
CUST_D2KSKDSYYB,0.026922453
CUST_UW94LM30TK,0.06352792
CUST_QXRUPJRRUS,0.11636441
CUST_BZZ733KQ6C,0.09376375
CUST_JVSI0SUYHS,0.023885278
CUST_25FUVABSET,0.0272054
CUST_WVL6FO2BLJ,0.031466145
CUST_Q5BY1WMMVT,0.10203031
CUST_9YC0MFSU86,0.028514171
CUST_H7FFWYWZBR,0.02459401
CUST_NOJTATCUF4,0.021853918
CUST_L8K3T40I21,0.07795003
CUST_3MMCBTZYZ8,0.1424794
CUST_FZL6SQ47HH,0.028093914
CUST_P7W0XHZEZA,0.08811005
CUST_X1TDSLC0C3,0.8567081
CUST_7OLO579I59,0.8420833
CUST_3IH48S9V48,0.021958722
CUST_B8OP6FDH37,0.019002799
CUST_9271D7WO4Q,0.021958089
CUST_GYIRDHPFH1,0.026900064
CUST_UD6Y8CK667,0.043378934
CUST_NP8EIXMJ3D,0.12445049
CUST_1HSO3UT30R,0.020364715
CUST_LQP5ASUXCV,0.13588747
CUST_B2IJXQKECT,0.8257926
CUST_YEC3WLAKYQ,0.8157878
CUST_YK25S1LXEL,0.088695586
CUST_JOVYEQI28S,0.024738256
CUST_PAIOA2XX7D,0.1346104
CUST_3MB7UFL10Z,0.11991511
CUST_ON4L90X2KC,0.088524126
CUST_7K1HB5KLJ3,0.045648668
CUST_ULGUNVPLXG,0.15432991
CUST_2AB7EY7LEF,0.8395064
CUST_N9WF0SILCH,0.030407984
CUST_F0ZNU9VIT3,0.1189681
CUST_1Z9O7DN0KL,0.69283605
CUST_R6LIFFCG6S,0.07773485
CUST_YEEH2HPS8O,0.78938764
CUST_XMO0NRIX9B,0.83675605
CUST_DFN4GEBV9C,0.10700501
CUST_ZOXXV4FQSW,0.097883694
CUST_3XCK6C548R,0.72328705
CUST_ZNBMOBLFWV,0.026195608
CUST_SC7M8MFRUP,0.87346125
CUST_2BSCCNVQ4G,0.024475163
CUST_JTW3QFN9R3,0.074870385
CUST_C88XULHZYH,0.098001905
CUST_AROGT7RL21,0.029141992
CUST_6D65HR9T37,0.09721363
CUST_H1LQTUJXEF,0.020483445
CUST_M6F0R5M3BM,0.026606541
CUST_IX3PMJNSJK,0.02567072
CUST_BLFRG8LG5S,0.1032923
CUST_Z1YKIPPS5Q,0.02486623
CUST_9FXKYPG840,0.027252808
CUST_V9L2HLDUEX,0.12789914
CUST_F3EPPZEGHY,0.03453001
CUST_G5AV0TS9SM,0.035726946
CUST_ZZHV25UL5S,0.026656553
CUST_XUSNQQ4B1R,0.17756042
CUST_HO9FQAJJP1,0.03086092
CUST_OMVNXL9UHZ,0.024325209
CUST_60VPAP6ZY7,0.1465644
CUST_FMRGR45ZNM,0.02638653
CUST_VWHA29LY52,0.84463227
CUST_5R9OU1V6DP,0.032931477
CUST_RGWXNOWK4F,0.02247563
CUST_AKQY1N6J4Q,0.021928692
CUST_B9UA40B4E2,0.16595691
CUST_5FS87VA3DD,0.023376523
CUST_FJ83MHJLS6,0.8791085
CUST_P0BXO3OHVL,0.07756706
CUST_RPZ5IQHM7Q,0.054487947
CUST_LFXO89S9DJ,0.023927901
CUST_ZKPZK1ESC9,0.073070765
CUST_P1A4L3HJD4,0.029502856
CUST_MWU0JE2L52,0.037379507
CUST_MHDFDQ3NPD,0.81959045
CUST_TVRZ8A186B,0.0219096
CUST_6UX7OFKFGK,0.03313793
CUST_3WQDAOEYLV,0.03419511
CUST_1BIZ529D6D,0.06093916
CUST_IES5VHY7UH,0.027511721
CUST_SCGOSR561M,0.024023343
CUST_9GUJJ40K4T,0.10233839
CUST_29FY21A3HY,0.02427284
CUST_BI09GKELWX,0.89900005
CUST_4SG7UZDQ40,0.023784364
CUST_BNVS8GG2PI,0.028181763
CUST_2NORL5UTY1,0.8469567
CUST_5TS23FF58A,0.04323391
CUST_GJLH353DAR,0.01999713
CUST_F7919YOT06,0.019534621
CUST_QXGBYMAR2I,0.10254974
CUST_HA7SGL1RNH,0.02418213
CUST_DBNJKYALAW,0.035657343
CUST_7XIN4G8MJK,0.07644571
CUST_KS29OS5HRJ,0.109444745
CUST_O0RJFS02HA,0.035710886
CUST_04PTL918HW,0.1138898
CUST_T69ITUH11L,0.026275797
CUST_WMSIKFAAED,0.028849838
CUST_L1U2P2LZW0,0.07794328
CUST_EX9FL11U6T,0.095429294
CUST_NXY4C8G7O1,0.120234706
CUST_PNG18B7P8Q,0.087460466
CUST_ILDA3NIMKN,0.028126106
CUST_PNOVGJZAXR,0.037569053
CUST_2C473PUP06,0.07984358
CUST_9K83O4XJZK,0.10609757
CUST_T9D70QOZ3Z,0.027572623
CUST_BWYMI93EKN,0.12835218
CUST_5OTESPW9OS,0.07610237
CUST_1YUX2O7ZEZ,0.025284197
CUST_MFEDBPLXM2,0.13583396
CUST_K17GEZGGYB,0.8596171
CUST_YBP8W8HLVN,0.112242915
CUST_S4VINT2G9V,0.029386407
CUST_Q09U9AY3L1,0.03139179
CUST_PWZVJEHMXR,0.025223326
CUST_VS8LZRLRSG,0.025657423
CUST_7NHZKNDZS1,0.047283456
CUST_Y58D1J7Z7I,0.8463611
CUST_49LWZZ059K,0.03563239
CUST_WQ6KF84Z9K,0.025486622
CUST_28GF3O9LAQ,0.13500264
CUST_21ARVE21QY,0.023048358
CUST_F4RUTPXIVL,0.0732866
CUST_2P9DG8R2UF,0.08022966
CUST_BVR4OMAG0Y,0.13280973
CUST_KS5NA676NF,0.16102476
CUST_X8YFJ0TQ6J,0.028235473
CUST_ANTNLY4XZV,0.018237503
CUST_SDKYTDY9K2,0.025300268
CUST_IXZHCUHRKR,0.02073209
CUST_GMR3TMAXMN,0.12127145
CUST_5UWU9WC1VH,0.03422298
CUST_J4RVTZUXQO,0.083375774
CUST_7O5Z0G76KC,0.8130928
CUST_QVSJYIPZWG,0.033544637
CUST_WIG076O64K,0.027809057
CUST_AIXR5NX3R8,0.025807763
CUST_Y64LFHK6WM,0.86690366
CUST_XNCSGSG8LS,0.023892744
CUST_3HEB9C9DHP,0.07405826
CUST_P2OC4M1GSG,0.09313092
CUST_ST9N5IG5SP,0.7981736
CUST_K5J90A7NHG,0.029723315
CUST_H98R06N8SC,0.036103982
CUST_ZL47HWMUA0,0.026529964
CUST_VM4K7VDOYE,0.1398702
CUST_6XRQXL3ZP6,0.030506102
CUST_N075FW08AM,0.15053278
CUST_4QRYWRNJ08,0.0269699
CUST_RQOX3BPYOP,0.022318458
CUST_TOV5VKAWTI,0.06960681
CUST_GRTLHRWDLQ,0.024696162
CUST_S2HEFDNW2W,0.032695748
CUST_24F36KLSM3,0.03558319
CUST_YLNMHIL15Y,0.019667158
CUST_AZ5PPSO3Q1,0.085337184
CUST_OCF16WIOMA,0.029127263
CUST_F5I2W7EJZW,0.1379452
CUST_9AMHKMWZ0F,0.13307539
CUST_BFQBMENQ08,0.027164664
CUST_2M0GD4C9A5,0.03303097
CUST_S72P8WLGV0,0.14084855
CUST_42OZXZSOAD,0.10140874
CUST_MK68XT9Y2R,0.095584966
CUST_XB7H49M3FJ,0.78133684
CUST_ECJLJR28EM,0.1129856
CUST_S752NVJLDA,0.16788287
CUST_X7F76I8HXR,0.023897488
CUST_K5RWMVF9OC,0.13655433
CUST_HFJ6R8WZWF,0.035935964
CUST_MDFZ0H3U4B,0.08531726
CUST_KR1P6SUBF7,0.09632041
CUST_EVWMG14ZGG,0.024248892
CUST_GF9N6OXA2K,0.026220664
CUST_7POSJFQO0A,0.031400874
CUST_6HUG1UX10U,0.029492952
CUST_CXJVN4MG6V,0.027537841
CUST_42E7NSV3RA,0.17385703
CUST_VYKHS100BE,0.75148475
CUST_RZ6CXWKC21,0.03580807
CUST_Z7AWKJ8816,0.023240725
CUST_SJMU5Q2SBQ,0.79352623
CUST_M0RUBZGARM,0.07507383
CUST_SXAHBLSS72,0.778473
CUST_1XZAWJT01P,0.026773345
CUST_1GNHI4QHW4,0.023741757
CUST_JRZ9O1RFYS,0.03262163
CUST_8SSNWMQW9I,0.03140489
CUST_MD7KCDYFZJ,0.022576723
CUST_RAKRUJNYV2,0.15018742
CUST_YZS3NA4HNP,0.83944297
CUST_4YD9RE8EXV,0.0402647
CUST_LYIW6M2HG9,0.12635866
CUST_3OM2OJ8C2U,0.024132814
CUST_VS2QCJHS9J,0.15444207
CUST_NNK52DNANR,0.11817797
CUST_FZSOEROGI8,0.058321968
CUST_MHW5VSI529,0.11850049
CUST_IK821RPPXU,0.023023022
CUST_3SB14NK3XU,0.16011347
CUST_U11FKRWW4A,0.12686817
CUST_G1BNFG4L4C,0.10995478
CUST_VBQXHSMWKJ,0.080332644
CUST_LN54NBYIOT,0.021948641
CUST_3ONJCLIFDC,0.02150537
CUST_OBVJ4W92VG,0.0206693
CUST_1TSTDDN3YJ,0.13360704
CUST_PO51A4PKQ3,0.078487195
CUST_G9G0Y7SRMH,0.07194386
CUST_01EP0K446S,0.019549642
CUST_5PSUXUMH58,0.07431873
CUST_ZMQTIVQEVM,0.04014005
CUST_TINNQCJIKZ,0.09983862
CUST_PUFJZLV9Q6,0.13915509
CUST_N87HA45R09,0.021877108
CUST_EGHL0JCT6T,0.09685128
CUST_FFWX5I534C,0.81024253
CUST_9JIEMP5V20,0.023515595
CUST_4OWGOJ64AK,0.111173145
CUST_4ZDP8L7ZP0,0.022248434
CUST_JYNSJOFXZS,0.07236427
CUST_L77QWWFY1D,0.76323104
CUST_C76PV5SO5A,0.153881
CUST_VDSA47KLNT,0.83281523
CUST_BU6WY13D0P,0.04076298
CUST_SIXY0NBKLI,0.020855466
CUST_8ZHB8H7F4F,0.023275083
CUST_0Z7I18V18M,0.13455215
CUST_F429O0175W,0.02998202
CUST_YAUZ01AIBB,0.025395406
CUST_4E49HRXY3R,0.91766804
CUST_C9OW3U0AH4,0.025947401
CUST_ABKAJR7P9O,0.076585665
CUST_IXIC5PAE2L,0.8721762
CUST_AQX35G74YO,0.7464325
CUST_NSWCE9MCWG,0.03562795
CUST_G7UMRKQSFH,0.02946219
CUST_U02JPUS58F,0.8601793
CUST_1GVTL229E8,0.034229677
CUST_FKSOEZJLQL,0.028659975
CUST_3YQGT2WC93,0.033627417
CUST_1J38LNL5UB,0.06890342
CUST_F9ZQ9K9WXX,0.02308364
CUST_X5UOS49VS2,0.03158511
CUST_NLV5HUZQKM,0.11609304
CUST_M6PT5UZWMZ,0.13383615
CUST_AHHJNF80Z9,0.10333225
CUST_617U79RDIP,0.022436434
CUST_G5VAKZME5A,0.02591526
CUST_EAXKJRT1TR,0.029230596
CUST_LKRJ59D607,0.03874767
CUST_T13QDAIBVF,0.02601726
CUST_9RENYUCAQ0,0.1136157
CUST_3PD1JGI0DX,0.11639329
CUST_5H1UZF6O28,0.16385522
CUST_JBSL8T4F0B,0.026024843
CUST_L3AS5WTU1V,0.025562083
CUST_5X4X6MJ7V1,0.032458235
CUST_SVJ8DL6O8O,0.023131475
CUST_SS89N0HHRR,0.024446607
CUST_WRF5MBE2X4,0.80271286
CUST_0FX894G48A,0.023418957
CUST_KUJXVOO0SW,0.105237976
CUST_YRMLA6IYJC,0.028080886
CUST_9C2SX2B2DT,0.04301904
CUST_Q4HDK6JH16,0.13648705
CUST_580F307T3O,0.021343395
CUST_A39GJAYYOX,0.036356628
CUST_72SRBBUX8L,0.096948355
CUST_JF3NNIKQQP,0.10148335
CUST_VMHE1KHHQL,0.018271979
CUST_KB1JFCCDGL,0.09501675
CUST_K0P6VZ71X6,0.1363693
CUST_TU32EEV1RG,0.027792381
CUST_F9W113OH0C,0.03323619
CUST_Y498VX1MWP,0.030463377
CUST_SPB4VU5408,0.1131286
CUST_VPCBRAJDLT,0.06974716
CUST_N1684MKMV9,0.03240903
CUST_3W28GG1LJ0,0.04025697
CUST_MP97A4GZR2,0.034043074
CUST_6N3VACR5AP,0.04113172
CUST_AFFKBZKQ8C,0.13517955
CUST_TMXC5WQYRT,0.0300725
CUST_TR9HRSYEJ5,0.09244188
CUST_U5G6XKFFTN,0.028221976
CUST_6BIOCLJ83H,0.11472573
CUST_LX90PQ0TKL,0.14331165
CUST_5RPMVJGU2F,0.030250346
CUST_2HEKDVEL9Y,0.11696711
CUST_AECFGUAB8K,0.03093281
CUST_SJU431D2NE,0.035214134
CUST_26TMICU2QP,0.024915438
CUST_398FGPI8KM,0.032106042
CUST_KRNFYHH1EG,0.07395472
CUST_810XO5TYOH,0.03312048
CUST_8XS0JTVZ2A,0.047411654
CUST_20JI57HYKK,0.06544317
CUST_3M4KVU87MR,0.10454457
CUST_72THML9ZXZ,0.085783705
CUST_1IO3XBZO25,0.0316367
CUST_2BPCIM4NWV,0.10225841
CUST_5J6O6UTNP0,0.02382244
CUST_WLT1YKJDKR,0.020310415
CUST_URUPTSUD3I,0.119978555
CUST_5X23SRWJJT,0.11297976
CUST_71ODMV957L,0.021678207
CUST_EW9NKF4X3T,0.1252042
CUST_W086RMUUNP,0.02398575
CUST_DGT2L3L66H,0.06295714
CUST_0BNHN3C1LQ,0.09678215
CUST_SX92ROJ2IP,0.027280804
CUST_22EZ9JG1NH,0.029960684
CUST_B85E50PPDN,0.072858274
CUST_AJG9MXFK55,0.028889196
CUST_P3AONIMCY8,0.7972734
CUST_JL46TUXRVN,0.050115358
CUST_FLJDXEYQRV,0.024532625
CUST_TTH3BL2GQL,0.11673899
CUST_OSBT9N84VC,0.86106896
CUST_8XCQUP241F,0.022121161
CUST_73AEXZO5AO,0.0707968
CUST_0VDNJMF6U3,0.13791004
CUST_P9NTHMGRVU,0.028234243
CUST_0B8H9MZ6CJ,0.06905988
CUST_Q2K2OVONLV,0.031230647
CUST_CZUMBKGMHJ,0.0231293
CUST_AUU4ROZZI8,0.85078627
CUST_FXOLBZNK2M,0.19298811
CUST_3UAMYZ4UUP,0.033386517
CUST_4N334RQAGU,0.7662331
CUST_MTEV4IGA1Q,0.14250904
CUST_YMNIQHVCCR,0.027493006
CUST_WCUE6PFM67,0.09565973
CUST_GDEIWK3X3E,0.09833416
CUST_T1GQIYQZHQ,0.02323937
CUST_RMODNC2YHN,0.028690716
CUST_GVWCVGX8A4,0.023697844
CUST_ZRMAIZG32H,0.024487626
CUST_L7M74D2GBU,0.08900621
CUST_J223WKXQBI,0.024230413
CUST_V77PXQPWOB,0.14086005
CUST_XE7L8T6YRX,0.06582301
CUST_HRYXBNYYMV,0.8373339
CUST_DYVQL8XS65,0.07496922
CUST_63Z824MOIG,0.08763722
CUST_00VYAC6XBQ,0.037745442
CUST_O9OT3MQ331,0.11449186
CUST_NWG7I21RKR,0.023349095
CUST_DYBWPL0HCK,0.03112976
CUST_C61MGOKMTX,0.026455296
CUST_VZBVWOW8RF,0.15078801
CUST_NS211E89L9,0.027890306
CUST_7V4XGT9PJB,0.0234208
CUST_3C3RSE68O3,0.08731076
CUST_GONOOE6AAQ,0.027176006
CUST_F3T4DF391F,0.024396563
CUST_M9GSQ1MI5J,0.032089323
CUST_WJG2CQ7G97,0.09495579
CUST_PBMW37OA3Z,0.08321073
CUST_BX57PL6200,0.028194094
CUST_2I6PXEXW3O,0.020974128
CUST_9U7HLESBOZ,0.038192835
CUST_MG57NHMH42,0.10426266
CUST_6KUTQIWFGM,0.09842677
CUST_8FXZ5EYJVX,0.024507008
CUST_IBUB6LH2T9,0.027624423
CUST_JVLH7WI5KX,0.029467493
CUST_7TZE0AJ4ZY,0.028985033
CUST_HT8JC5HVV3,0.028565943
CUST_PGWDS905GC,0.02269792
CUST_OW1VNW7PJZ,0.035402033
CUST_IWMFOO8O98,0.11397879
CUST_RAO4TLJTKZ,0.032134734
CUST_DNP8724XRV,0.07581208
CUST_46ZAGOBFMB,0.025102623
CUST_GS8H8FKTQA,0.025967618
CUST_2LG0HZGJQN,0.10323834
CUST_H8XNKGZZQP,0.021649737
CUST_VHG2YSITP2,0.14058077
CUST_VWJE7UJPO8,0.02811026
CUST_T5T3TH811P,0.031850472
CUST_KVLL2F0L9E,0.033201788
CUST_NH5EBOCSVN,0.030489512
CUST_OO41CS8BXZ,0.02589062
CUST_0NGF7F14NU,0.02907435
CUST_49JB0M0U5Z,0.032275744
CUST_IN355U87LX,0.02511883
CUST_L16L95XME1,0.16007926
CUST_HIYJ7WFOSI,0.02785453
CUST_XF9X0L9BWN,0.027808698
CUST_0EHX9U338I,0.03179503
CUST_RF11NMY1YG,0.09946763
CUST_LYH70DOW6L,0.8431633
CUST_MESMNM3DLV,0.026398256
CUST_WN4A0WTAP8,0.13587172
CUST_ONYHKTL0IW,0.031545922
CUST_FYJFNIJD0G,0.09362273
CUST_8MV5Q38LGJ,0.0911676
CUST_R3WVHK8V3I,0.15059257
CUST_I1213EEZT1,0.029803902
CUST_SPDRHIR1V8,0.1267772
CUST_W7AAAZ7OYQ,0.10160163
CUST_UNJJGGSB9P,0.032177296
CUST_EO7VFHFA0X,0.032222237
CUST_XGGF9XPFXH,0.025208721
CUST_R3ZEBSOHLX,0.025214424
CUST_GKC4G7E3K6,0.14825855
CUST_VU7GOJPU5G,0.03628916
CUST_E3MBLZXNXE,0.019771745
CUST_AUU2K2YD3F,0.025517143
CUST_1N3R0011TL,0.033000812
CUST_8RATN265AB,0.021272847
CUST_Q4URHBIO2F,0.036992542
CUST_FMQLV0UHF5,0.023534494
CUST_Z2L6QFQ3M1,0.028965974
CUST_52X4F1KINU,0.80760115
CUST_H73SUY40QN,0.09048424
CUST_YG6MLPNT0J,0.022316307
CUST_G6AD3K9CQB,0.032122813
CUST_P715FVW05H,0.03269504
CUST_25U4RU8POC,0.12389287
CUST_WWJMZI95VA,0.023960615
CUST_1I7E1X2CZ8,0.018175447
CUST_V6PFOHCVE1,0.028363135
CUST_6ZF83786ET,0.09092103
CUST_ENLWACFLAL,0.79868215
CUST_UZW1LCVZ2A,0.02246368
CUST_LKAQ6F7L06,0.03499517
CUST_AEYIEH09WT,0.022153998
CUST_S34WQEUK20,0.094336465
CUST_4Z5HLQ7QJT,0.71733785
CUST_DZISCK0B1W,0.027357597
CUST_70ZI2D6F0D,0.031298477
CUST_VXT85D5769,0.09558299
CUST_WU1YP7K5ZU,0.86791897
CUST_7HTD9DN6PF,0.716447
CUST_I4JLVCUFJP,0.16793759
CUST_6ZOZHCXUNA,0.06350432
CUST_G2APZAA04P,0.13333003
CUST_1MEHG7BOYE,0.032020193
CUST_D3KG1Y347U,0.14735736
CUST_8UW0BV5B0F,0.03144847
CUST_JIGRDI4M2E,0.8714249
CUST_8DQVGPJ2FR,0.019215494
CUST_Q474YMHAMT,0.025277782
CUST_CM0YCO1T2N,0.034386512
CUST_4YXFMXT5DD,0.8354531
CUST_AMK16BBRXM,0.08860605
CUST_QYKJ18N87U,0.02447613
CUST_LCQMJO7JXP,0.13558663
CUST_ZA8NTR8E1B,0.024670154
CUST_JQ3IMBWXTX,0.032301072
CUST_YA8JP6MR9Q,0.03761945
CUST_T7G23F6P3D,0.027376061
CUST_IK2ZRCAFA2,0.83347976
CUST_7UUVLB8FWZ,0.037573617
CUST_RRGEBTGVXR,0.100849
CUST_WDQYN7XHVO,0.022119533
CUST_8MYVSUPYGV,0.059742447
CUST_KRSBV8YYMV,0.031997707
CUST_MHH32FVJEL,0.14119379
CUST_U3VMV8YML6,0.77845955
CUST_S3NP1F9ZOC,0.16593088
CUST_73H067WP3K,0.022819195
CUST_2IM3SQJZ42,0.025783498
CUST_6LWMD438JE,0.027846089
CUST_6KR0EO1IJU,0.034942716
CUST_M7BII8D5G6,0.032703597
CUST_8R2B3W81MF,0.031797003
CUST_VNVKKZMDD9,0.034314316
CUST_V8OA6JUIIF,0.021651631
CUST_43SKKL11X6,0.09385024
CUST_50R5WRJ9BP,0.12186962
CUST_29UD1C40U3,0.032172278
CUST_57B4LF6W7E,0.035264537
CUST_BVIXB7CBDU,0.8585309
CUST_VFKPBRHQWG,0.12996794
CUST_6GQTJYLNGB,0.026861727
CUST_5WUX7IYWI0,0.03244255
CUST_CQTFBQP4PH,0.032244995
CUST_N4845RK42H,0.029361494
CUST_TIK5KCRQ3U,0.10855018
CUST_G9L8LKPZMF,0.12863663
CUST_WDQDP1MFKA,0.028035365
CUST_36SF0370A3,0.096860856
CUST_2YOVW5G9O8,0.0213583
CUST_S2UJT9C25I,0.019746536
CUST_W8I0RN592C,0.035780556
CUST_4BRA263M0L,0.15120068
CUST_CC7ZMV0Y7L,0.029467378
CUST_HBQO0OIDGC,0.025323119
CUST_62E7IDAFBP,0.06433911
CUST_2UH7KSUXWR,0.13924013
CUST_Q3QWVBWCWN,0.13589476
CUST_M66WKNP5P0,0.104579374
CUST_2392N8BF45,0.9066063
CUST_01A3VC2EQZ,0.77334374
CUST_61HQHAU4HP,0.12946019
CUST_LVRNP1LKAW,0.029861484
CUST_9HDN5L4SU9,0.0946271
CUST_JLV93SW782,0.023933623
CUST_0B2YLDOXSW,0.023643404
CUST_NKEJI1NWOD,0.03462029
CUST_LVC0ZEV1R9,0.13231044
CUST_4BBPVLBQU5,0.031055065
CUST_F59VC9UGKM,0.024198331
CUST_0ZEAY88K2L,0.02223828
CUST_ASZHYLCCNM,0.029950751
CUST_DMJUKTISG8,0.10868656
CUST_N3AAHBJAFZ,0.11468949
CUST_B4FFJ0QBN2,0.128644
CUST_TTS0AIV2FP,0.026384832
CUST_WE3V8OUGAT,0.14659256
CUST_10G4VS603B,0.083999045
CUST_WVRZH7CQDV,0.023011718
CUST_OTZ85NT0MX,0.032055225
CUST_MTNNBT97VU,0.028615573
CUST_HGN1HM9X7F,0.06437602
CUST_EL6HJJYTSF,0.0240752
CUST_417M31LRZA,0.10554922
CUST_TWY00I1EGI,0.025414124
CUST_L4UK1KJCLQ,0.0642756
CUST_2NHQJF30NT,0.025725473
CUST_X1TZMLRQIT,0.1995942
CUST_J9MHECIB3V,0.02380768
CUST_PZQX4M0A29,0.024568567
CUST_66SB51PBFT,0.088548176
CUST_J6JFQXHKYT,0.023720343
CUST_SIUA2KG6T7,0.03508995
CUST_2EB72YH12G,0.033054348
CUST_RQ2GAEZMVU,0.024317056
CUST_4WJ0N5AJDN,0.102520585
CUST_PGLEUMQNL0,0.051575635
CUST_PEQBU8E7XZ,0.028348342
CUST_M8ADIVNQ4W,0.117438324
CUST_4CI2JCEZYB,0.07577357
CUST_78G4YYNLSF,0.026960002
CUST_MV6LOXU09R,0.021462757
CUST_R6BAVIZGY8,0.06588262
CUST_IEWZOY4XV7,0.13032092
CUST_11IJG38CQP,0.10622196
CUST_C7ACMHR7QR,0.7558481
CUST_4PRYWHI8TG,0.09415695
CUST_E6ZUSDTR7K,0.15053427
CUST_XBZSSTJLDF,0.8559862
CUST_V9U6Y6Z0ZG,0.024878934
CUST_I8LF7LFHJZ,0.08263123
CUST_HQ5OGQTYGX,0.019896548
CUST_Y3SC2PGP7E,0.058704913
CUST_CQAW4EMEDC,0.8609662
CUST_0VB49EI4IW,0.023068154
CUST_D5WJ84JGB9,0.8481771
CUST_7X5SXOJS03,0.031817026
CUST_ETB7HQUSII,0.076302744
CUST_1BTRJQ2KF1,0.027244866
CUST_4NUSTF07R4,0.032038186
CUST_34Z6M1EBJW,0.11130553
CUST_AGGAWPCFH9,0.83674866
CUST_WUX2U9SSNC,0.09591348
CUST_CDJBGJFCHV,0.024374815
CUST_V9NSJBVLLH,0.02754907
CUST_DOFC7JA0F7,0.033735085
CUST_64H9CS1ZL4,0.09788555
CUST_HK1SNHS2HE,0.029322097
CUST_D8LOQ71F5L,0.02223192
CUST_XAGOCRG2WA,0.021132672
CUST_C33YA8ZGZT,0.13912539
CUST_6H8TIZ7FG0,0.076633275
CUST_4HH8MVV2DQ,0.14011127
CUST_GNGQ6J3C1P,0.109775186
CUST_CE716KE4EY,0.02973253
CUST_0IYWCYJOWS,0.034924895
CUST_Z3ZQ30QUG9,0.81594783
CUST_NHZLW2Y4A9,0.02385343
CUST_ICYUZWC0PK,0.036699098
CUST_3XS7D9TNKB,0.03680707
CUST_E1MNC6OEJU,0.8599301
CUST_HM5T3HQAF5,0.085277066
CUST_3OWG2LSLXJ,0.7871081
CUST_052730R16E,0.030423025
CUST_4QSM3ZEM4O,0.026957702
CUST_3DPTOHUU6D,0.022571215
CUST_1306U6QOJO,0.025091078
CUST_YP8G2DP6VN,0.024121407
CUST_3RQ3RPVOX8,0.035070125
CUST_THEGCNIPK5,0.10049672
CUST_EN4AWZTUEA,0.122801475
CUST_IRICATLCED,0.021678166
CUST_FE23HP9NUM,0.04263084
CUST_L9C4ACGFDE,0.034988686
CUST_AH00KPBM28,0.027279152
CUST_1FLPF4H3BV,0.024382649
CUST_F5HBYX0U5U,0.025513735
CUST_JJ3IF96WWT,0.03602219
CUST_1P7GWW2D64,0.18106692
CUST_8B4HN27KJ8,0.030005265
CUST_B0V0C0PUH5,0.034652263
CUST_A0QEFOJ7LQ,0.10534023
CUST_UAZ23MIXES,0.098210186
CUST_D3L65XCDDT,0.09327546
CUST_7D2A04DF2U,0.020128777
CUST_X2E0RJW9KY,0.13241445
CUST_9ZTMRGMKRV,0.14349733
CUST_6T2XRA5KO8,0.022432074
CUST_7AGF0SQ4HQ,0.0301034
CUST_JLNKMS42F4,0.03199173
CUST_F26ZHT40TH,0.019436385
CUST_PGLB4LJCTH,0.038556546
CUST_MLBHVVX3OG,0.080287404
CUST_Q293VTRXK3,0.07849611
CUST_B6TGM460ZJ,0.031177036
CUST_FQ0ETXKBF6,0.08779377
CUST_W8R1EGDJUG,0.025567858
CUST_J3LPAUHF12,0.0302966
CUST_EK6UDWSLGL,0.021596367
CUST_PJS0PL62EW,0.02239498
CUST_9DKIZE5CO6,0.037626736
CUST_8FFNMX1O7Y,0.107545294
CUST_FJC6S1U29Z,0.03440533
CUST_O3PGAHP07U,0.17074902
CUST_GL3YVDI0K5,0.03282131
CUST_EBKYVYUHLB,0.055783182
CUST_RCQKCVPUUN,0.09529281
CUST_1FLS0Z1R84,0.090869844
CUST_J03YYA5OY5,0.15364474
CUST_X0TI0Q8G7L,0.022135258
CUST_5OS64CTET0,0.052800845
CUST_G9FAQX2UI2,0.10597921
CUST_JY4EUTIJ1W,0.11840826
CUST_9GCC4REXNP,0.06999323
CUST_F47ASJ25HU,0.033087723
CUST_RL7AG4QL4S,0.13898212
CUST_9NDJS8IQ52,0.11864608
CUST_LI94HGALOA,0.1008099
CUST_DPPK3ZIM1J,0.030428229
CUST_3CHRT89GEM,0.20904362
CUST_SV4T5UOHAG,0.020027451
CUST_OCVNCP3DG3,0.17597534
CUST_849JBT62LL,0.04195181
CUST_ZJAEJGKYKE,0.19930246
CUST_GZ2J8B70TI,0.03678113
CUST_81T936JZYF,0.026805587
CUST_E5U19FQ7FK,0.02482622
CUST_980ZY7SYOA,0.037257444
CUST_2XRRT9A83Y,0.86927986
CUST_RQBVLXZUJV,0.023895329
CUST_CD2Y2RYYK8,0.035350014
CUST_IGSBK2HSTX,0.75172126
CUST_3SONEREH62,0.03348076
CUST_PFFL4CBGEN,0.07957303
CUST_2W93J9QP9F,0.9032157
CUST_WR27LCHKWL,0.036782995
CUST_PX8OSAINA3,0.036576726
CUST_BLF3DMDZOV,0.040726174
CUST_P15R19YWTK,0.021392278
CUST_DXOK3A3LZI,0.028249076
CUST_Y35NW9VOCI,0.11043772
CUST_52F9O922RY,0.09708471
CUST_6IHLQ5C8IL,0.02313476
CUST_BOF5D8E5V2,0.02357266
CUST_0ZGLZJEP0Q,0.023124455
CUST_FPDZHHI4E1,0.08307856
CUST_NORL8Z1BQF,0.114882916
CUST_ETJCK4WXKM,0.091298476
CUST_FBIHGHOHAL,0.09091559
CUST_ZDCIVQUY02,0.099025
CUST_10U97EA5J3,0.1747903
CUST_ZYCXNVXM3V,0.030289812
CUST_CEDAAH96HQ,0.03730075
CUST_7YIY4IL692,0.019183788
CUST_6U7AQIMAEL,0.90085936
CUST_MVR1TXJL5I,0.11320441
CUST_E39RYQPK52,0.089961685
CUST_XC1ERZW7E1,0.109467015
CUST_WIFQ2JF4BI,0.0415419
CUST_5W0YJ6N4JT,0.035565656
CUST_1N09X35TXK,0.8042916
CUST_U0D4CIAO6X,0.034718722
CUST_0UCUNOSEZO,0.12287188
CUST_92H0LGFHQA,0.09088033
CUST_KN6NY8KCBS,0.093031205
CUST_DRSICL9TPT,0.025678098
CUST_1HEKTTJLLU,0.036845952
CUST_5V4GV52RL8,0.66908586
CUST_T4WFW1AVSD,0.034962695
CUST_AGLKESWEDX,0.0276928
CUST_HOCVA770B5,0.11556151
CUST_XQQ2BI61R8,0.036654603
CUST_3R9M5SG5QY,0.77090365
CUST_V4WPXW1GFA,0.024489824
CUST_DQ8ZHYJQBY,0.12309883
CUST_HPGBPSXUHN,0.023152672
CUST_VIAPMYZVBZ,0.83537567
CUST_RQU4PJCS9R,0.109741166
CUST_5X57YYM1D4,0.021993047
CUST_JIALYFER3O,0.03798628
CUST_HGXZTSNPSE,0.02086905
CUST_9DHX4YLPEC,0.023119582
CUST_G4N5KNNLQT,0.1409374
CUST_6DTJQ0P2KM,0.02206531
CUST_U8QKTIRI9N,0.0230709
CUST_06MDR4YFQP,0.8485183
CUST_FYFNP2G99Q,0.8905965
CUST_61M56DJRDW,0.027917838
CUST_5QUZJJL856,0.78126407
CUST_O697V961WM,0.8418095
CUST_V9YN61XSFF,0.019445088
CUST_Y7MYLLMQUM,0.019314038
CUST_FUQZDMIKF4,0.086958006
CUST_EBP6Y4R70S,0.03333124
CUST_6CO5ZB2WYC,0.10037616
CUST_GQBK4OSCHN,0.040177707
CUST_IAFSEQFZYX,0.02927188
CUST_ZP4UR5H1U7,0.80398977
CUST_FMW3BH86HF,0.9263391
CUST_D4GM4PAJQS,0.8593063
CUST_0NK2IYHNU8,0.03377223
CUST_5IL3APZWQJ,0.13372631
CUST_0J2DLXA692,0.109448045
CUST_WKMU5C5FDL,0.8880695
CUST_AYNUIGEUK8,0.030412689
CUST_JCQV9VZKT9,0.027313253
CUST_96ZUN3TGZB,0.08541492
CUST_JIPZR4VSC9,0.031701896
CUST_W2XO1NIP4N,0.15792374
CUST_NZWZ41SBWV,0.021256974
CUST_WXRXXGULGK,0.029904706
CUST_WIW0I9LAG7,0.021107597
CUST_HPS8PLXLQ7,0.024384055
CUST_W21OC228Y3,0.8253367
CUST_8KY1QTL0SS,0.024717804
CUST_YYFKUU3FVG,0.025984323
CUST_ESASD5M8W8,0.02566442
CUST_P3KWM3KDRF,0.037686627
CUST_R8ABCW5SGM,0.025975253
CUST_1FUX93A8F3,0.09655634
CUST_I72CIJ39FH,0.82621104
CUST_FLAAOAPONW,0.10124589
CUST_1F94F0B54M,0.034300823
CUST_A7XCKXIM96,0.10525573
CUST_8VKFVZPEI7,0.8407828
CUST_E7PNOCXUXG,0.88030744
CUST_FFMEJCDDYE,0.04201151
CUST_25KEFJ42JG,0.026202075
CUST_RG627I5MLN,0.035738472
CUST_HTPCT81YGI,0.097844206
CUST_AA1TPAL1M4,0.02287605
CUST_0UC5V4VORQ,0.026670506
CUST_AWB0OI9U89,0.10190208
CUST_PV55NDHABY,0.02782892
CUST_VI17V0TPCA,0.08313154
CUST_ZQ7YPJLH31,0.090066336
CUST_9KBSHAND4Y,0.02247935
CUST_8V86CYJ6TW,0.09350397
CUST_35P6LX0PL4,0.08726118
CUST_Y0W5913UUW,0.02300719
CUST_ANXYCHGTMS,0.021686474
CUST_8JQ4RYGEC2,0.032743208
CUST_ODJ4NO0GBD,0.0264615
CUST_KICAZHE8NN,0.045730576
CUST_VB1CFXIHF4,0.02349889
CUST_VSTH5M9BQO,0.027599324
CUST_HDK75QPFYX,0.018173115
CUST_RWYHDVKIA4,0.10822731
CUST_43JBQUER8J,0.03225571
CUST_O90OU15CO3,0.11812063
CUST_3I9YBSZDKL,0.08144583
CUST_UXCR6U6H4D,0.05372722
CUST_SERJ564ARN,0.028541416
CUST_H46ZVKMLE3,0.0253855
CUST_ODDDZH1E45,0.083560154
CUST_8TXLHAMU3R,0.10863643
CUST_4UZWC2O93U,0.08010851
CUST_DS7M6R9WEF,0.027532985
CUST_MYOE39RKXR,0.041586388
CUST_Z3RWEA3KJT,0.83488816
CUST_YYEQKOCYAW,0.18432082
CUST_GLQ3G7R7DM,0.027612995
CUST_QYRMQU5F9V,0.020771746
CUST_000IIPM3OE,0.079350926
CUST_ZO8CYP4V7W,0.08679342
CUST_0SWUUG0AMH,0.13642846
CUST_75NJ5J0L6X,0.1445803
CUST_GXVMQLXSSD,0.05606672
CUST_WOE4MA45VH,0.17741863
CUST_UDI05JCJHA,0.035620775
CUST_AKBQV8V4CJ,0.031036798
CUST_ZPP68I3DLR,0.028129058
CUST_3C8PBHZCEC,0.02534115
CUST_TGDI9O4GLR,0.027272105
CUST_53BFH29OEF,0.14962244
CUST_Y2D6OYZCCI,0.08715269
CUST_7S7EA201KJ,0.03694456
CUST_9H8ZN5GY0T,0.022048837
CUST_UBM37L4OGV,0.7674002
CUST_ADEPLJK7F3,0.10309593
CUST_DZNU808HSG,0.033451278
CUST_28IWQQFHIH,0.08153787
CUST_84IBJWSHIC,0.06577549
CUST_2GAV3COGK0,0.027261855
CUST_XOIYRXCGJE,0.0904287
CUST_ALHTKSLV8Q,0.02188016
CUST_PZ6MB6AKAQ,0.0994672
CUST_UVTONQPXE9,0.10516951
CUST_ZC2JC8OAER,0.028537469
CUST_JVAUXMBRF9,0.019764312
CUST_BU1F9BPEJK,0.029662143
CUST_22Z9IDO4XQ,0.72975034
CUST_Q0KCW5CBLD,0.023958389
CUST_5V3QYOWCKC,0.7983503
CUST_VHTRJD7NZB,0.025882179
CUST_MVSCSGLWBM,0.038605206
CUST_ZAE4SFIRBV,0.027932072
CUST_0CEBOK9VXF,0.02100872
CUST_9UZFL0PW20,0.028137466
CUST_S204NJYSTY,0.112442255
CUST_PD6W45JGQS,0.026141034
CUST_MDVEQFYO4E,0.019462807
CUST_BENF0SV8EJ,0.12409878
CUST_KUGQC5OJIQ,0.022880772
CUST_OE9MWQVU9O,0.7583941
CUST_HN6P4HCKT8,0.022873944
CUST_C32RLA8UXP,0.09479437
CUST_59HCELWQVN,0.030484788
CUST_HW8CRFW4KW,0.03762114
CUST_TT3RNLBPLZ,0.08028602
CUST_C7I8XV1URR,0.057780895
CUST_9VTWM68O2I,0.06725251
CUST_DM9Z7N6MI5,0.085017666
CUST_98ZH8TVM37,0.08441745
CUST_RC5NJURO01,0.11192008
CUST_QO2MIGIHPW,0.025458729
CUST_ON8B27S94B,0.087399736
CUST_7CEHV5UJ14,0.087345935
CUST_AJ1OO00HGH,0.03055129
CUST_PVJG8R4QXF,0.15685216
CUST_CF0Y93ZB18,0.02520106
CUST_3M7WZQXWC6,0.14096116
CUST_VFFSRT3CZA,0.020415934
CUST_H22S3HUSCX,0.11575806
CUST_TR7ZFW737F,0.13225213
CUST_QGCC169A97,0.019060178
CUST_H0Z4LBVFP1,0.20400466
CUST_REARG7STCQ,0.80736387
CUST_87N0YK1EPI,0.027987957
CUST_T75WUGV1P5,0.07798318
CUST_AFPDS25YOQ,0.08402718
CUST_FS95LYHAK0,0.08904416
CUST_4X0H0GZM25,0.1727235
CUST_3UOPGLO8AB,0.0828048
CUST_K86T87A7IR,0.03536361
CUST_H5RXGZDUW4,0.024476534
CUST_29BZUHR5HA,0.023958568
CUST_3CX1ZMSB5W,0.037912536
CUST_67AUK5AMAA,0.12578581
CUST_8SACWXAZG1,0.025280278
CUST_SSAZQX2GOA,0.022778196
CUST_ETV8EIFDJ8,0.022794148
CUST_8E4VTCZS2B,0.020263819
CUST_6OOS0PYDLF,0.0786459
CUST_TKGP50955Q,0.032405846
CUST_P3P5N960IY,0.028501995
CUST_CX7UV2NRMQ,0.07799389
CUST_NXKYQOZFIS,0.032576248
CUST_5RO72XB1MD,0.79849374
CUST_J51SV5Y70Y,0.08626428
CUST_L3DQKMYYDJ,0.048431814
CUST_61SAEAFIZ1,0.10673309
CUST_6EOS7RLVI3,0.045898013
CUST_BYRFMXLFMK,0.0934358
CUST_NJBE044YYU,0.03332399
CUST_5H420GKJG9,0.06335873
CUST_GCE478MRK3,0.04600356
CUST_0EIPJ04TG7,0.01870619
CUST_CLE7GYM54F,0.08637618
CUST_A95F3WECEW,0.13145104
CUST_JX7XHA190F,0.030398596
CUST_J0MZF1IVPO,0.030303864
CUST_MEQY1EED2X,0.025634928
CUST_QI8CWBNR4P,0.026428457
CUST_7ZA4CPJ177,0.02148455
CUST_PPNJGZLFMS,0.08663254
CUST_XOS9D3N9P3,0.10823602
CUST_6WU5HG6ELZ,0.028178474
CUST_9QEIGAOPJC,0.08181153
CUST_TE8D1WD02N,0.02522458
CUST_GPNRS5D39O,0.021746648
CUST_PKZNH2NA9L,0.022389831
CUST_8PJMGEVJT0,0.030342132
CUST_52OB99H52N,0.03872243
CUST_HMG8SYLNYE,0.097697765
CUST_2A254AQZUI,0.8549949
CUST_N53RDZVH1V,0.022248069
CUST_7E2M5X0LTB,0.0861103
CUST_8W6DNRDQMI,0.021732219
CUST_GGN7R0E5JZ,0.021480756
CUST_PF54BVQ36H,0.14483397
CUST_4BE9OMGGN3,0.08953103
CUST_KYU4KDUR18,0.143496
CUST_90ELDPVM73,0.019517962
CUST_7XM6JR2X8J,0.10614377
CUST_NZPJ93OG4Y,0.023796843
CUST_XODKECANR1,0.027899185
CUST_YI0E5M9KOQ,0.82301325
CUST_DQSQRZV8SN,0.82629615
CUST_C3QVPMJEUA,0.10094482
CUST_1E7PTZEY7N,0.022818552
CUST_717FM8MQTD,0.027249973
CUST_QI1U8DVVAN,0.026942253
CUST_LPEULT9XNR,0.028119786
CUST_XRE0I9B4YU,0.03222627
CUST_7AZST86IVF,0.026254538
CUST_7MVQQ4TMRV,0.0313122
CUST_DRA8VGOFU3,0.026504712
CUST_SH6TYYSCSB,0.096061125
CUST_TB88RY4255,0.028411653
CUST_W4B3KD9AYI,0.02258867
CUST_4YPHIFPJA5,0.023972414
CUST_B82FM1V3A2,0.023811609
CUST_JRFHLZAKUL,0.025817543
CUST_6MCSN5K066,0.0909808
CUST_BGA4N5I8XQ,0.07920553
CUST_H47MM52B2J,0.13200657
CUST_RXA6JDFFKJ,0.02374262
CUST_FCU1WOXB5N,0.027803129
CUST_EWJ2HDTX0Y,0.020473436
CUST_R4QISNO87U,0.033563256
CUST_S1IKDQF4P2,0.09272031
CUST_SLYTH3H2HR,0.027165767
CUST_UDKZL1P6G4,0.025512964
CUST_ZZBOC9CQDY,0.8259176
CUST_A96FY3S2UC,0.85343456
CUST_Z92C116XB3,0.122363314
CUST_FVKXZW35AW,0.06624389
CUST_ZBAOZW51A9,0.032646153
CUST_D8OQRYMG9G,0.039433092
CUST_CPZLPPW4ZU,0.021522919
CUST_ZZZHKRHDAM,0.021342872
CUST_3C0S1WXN7X,0.03248692
CUST_XAEJZP13NE,0.026862506
CUST_JSFC26JAGX,0.12836559
CUST_Y2G8OW7IAE,0.12823243
CUST_PUZ0H8JBM1,0.023953594
CUST_BECJKG1WWD,0.028165685
CUST_NSY54JK378,0.030235322
CUST_I1U551WTAK,0.11295583
CUST_5U34JEE1QQ,0.8997258
CUST_PSRQGBYYQQ,0.054271996
CUST_DWEKF9NFXY,0.022397552
CUST_9WOBDIP4N9,0.033245187
CUST_RHHLQUL057,0.8669432
CUST_EXG6SQL5TD,0.02259137
CUST_E7UDE8N6YM,0.02549328
CUST_U59LH03W2Z,0.10063763
CUST_4Y68FZ0P0T,0.09915023
CUST_0DC8UHP80F,0.12556256
CUST_6ZRFGDIDLN,0.11281507
CUST_N1E263920H,0.018434163
CUST_UWPNV4M3XP,0.03382109
CUST_L6BXLMLJFI,0.0939616
CUST_KA3UCAG0LP,0.039531466
CUST_FBPXVQ1PHE,0.030003885
CUST_C0VRNUPOT4,0.14053628
CUST_23SPMZP9D0,0.19750646
CUST_CFEX1WUHGZ,0.1022491
CUST_E0OL6ZWZJ5,0.1033117
CUST_KNXETRPW8N,0.080872215
CUST_W41EI8D5HN,0.021912549
CUST_8WAOYF7AV7,0.02188953
CUST_9Z1UOBMHKP,0.13651599
CUST_EPGBPPAAYT,0.816026
CUST_SJ4SLSLUOR,0.085081
CUST_Q1PH0GKXQH,0.026244594
CUST_P826V126Y7,0.10100264
CUST_3IV9MSXJD5,0.0220767
CUST_BIBAPN3WZR,0.10506873
CUST_Q07C96RP6Q,0.10488127
CUST_3YRA3AJJVP,0.024528535
CUST_3GTB7847F0,0.079756424
CUST_LXCEHVI128,0.027727539
CUST_SCAFLFYI5N,0.029802475
CUST_15GSQP3RLN,0.07202593
CUST_4PYPV6EJBJ,0.024863975
CUST_QFLBUHF0PK,0.8586747
CUST_I91B8ZJWIM,0.025218418
CUST_CVETUISNV0,0.02898698
CUST_BNYM2TV2T9,0.02687098
CUST_Z6BRIK6QLM,0.03370566
CUST_DO18EW75KI,0.031195467
CUST_6LBDRX1AX2,0.8688853
CUST_JIJM90X9O0,0.11694854
CUST_VLCE59LV0M,0.01982468
CUST_GW79G1L58R,0.023257362
CUST_1HSJ0XPHMN,0.020042008
CUST_104CHAZQKM,0.07229128
CUST_DEWNLN34FB,0.10847123
CUST_D5H79O9YWU,0.027781935
CUST_ZOOP884FPA,0.03232847
CUST_B14TK23PX3,0.028069967
CUST_SKP9Q99FU2,0.023663078
CUST_BLOME2B6SE,0.03655122
CUST_V4QBQFAR9J,0.10829107
CUST_5WUOWQO5EF,0.022587728
CUST_ZOD4HJRF26,0.03106661
CUST_VM45XQ74W0,0.13759664
CUST_TYW0JVKILP,0.034038663
CUST_0RHJUHUHRA,0.022910608
CUST_KVIL1JEWVJ,0.08434853
CUST_WEPY8BT7ET,0.0249997
CUST_4SILH33AAJ,0.08474227
CUST_RG0WTZ5T1V,0.020561194
CUST_VIQU9O2G8P,0.02103689
CUST_KSHWZPIH9F,0.025698414
CUST_5KLZYTXRBX,0.023430198
CUST_0QXVGXMDO3,0.025636684
CUST_0YEBS8HD42,0.026622834
CUST_UCAA3XSPME,0.04073484
CUST_C0U8XZ1CU1,0.025661394
CUST_WMEH28Y1WI,0.87967175
CUST_P1OPZX86RX,0.08940175
CUST_6QALMHS8QK,0.09449596
CUST_X41OKXPJ4J,0.14989509
CUST_B2EPIS8N8I,0.08620125
CUST_F2EW8HOZEX,0.033177376
CUST_5RKBE9F85L,0.03378398
CUST_D259PIB7NY,0.026233483
CUST_DW85CVWD5F,0.022455363
CUST_Z8PI40VLMI,0.12379695
CUST_LB3TRBXU19,0.04069017
CUST_RTY9EP5AJH,0.03633731
CUST_PS70JW2JPS,0.034997817
CUST_MC5L4OQ93E,0.032192416
CUST_XB2QJ5Z2Q6,0.7694648
CUST_0Z3VVRBJZ8,0.029677995
CUST_61UG1TAFL0,0.025284909
CUST_EP7LUGPE95,0.117892765
CUST_Z7BI6285EC,0.029419469
CUST_O1C7S0D8HI,0.12074255
CUST_GGFNMAC5XW,0.05616952
CUST_AMZ7J2XEF6,0.11271696
CUST_NEDBCXBQAG,0.06290007
CUST_Y664DGAJ12,0.7468496
CUST_5TM0HYEL0X,0.10423851
CUST_WZ6FXBT9XN,0.7488789
CUST_T34USZRY9H,0.023189276
CUST_OQAEB35M3N,0.0232225
CUST_XWHS96SG7Y,0.05719728
CUST_C6LQO8W3TB,0.028558554
CUST_XZ5VDFEA3R,0.79593086
CUST_U6UCM0IO7T,0.88170904
CUST_Q4OFCZPDTD,0.09558874
CUST_CBFHV7BQY2,0.027330888
CUST_GSO8TDH7U9,0.043997735
CUST_KTQZAA3ZBP,0.035283122
CUST_8Q4BX6AODE,0.08913632
CUST_M6R6WE0QI8,0.022800464
CUST_P64D1SQGFZ,0.13909332
CUST_W40N42DCOD,0.028119361
CUST_YUFDTJSCGS,0.0859271
CUST_AWEMIF0EZI,0.8389382
CUST_KXW07F6MGG,0.12310055
CUST_3VNFKWS4GH,0.089052945
CUST_9A58B8DSTN,0.037192326
CUST_EJ2RVF7Q15,0.027291883
CUST_IK7TRXSD27,0.035481926
CUST_RJ6UW69H10,0.109733954
CUST_5OB2D7CP57,0.08786448
CUST_H0I3V25MWY,0.02107322
CUST_MCELRO43ZQ,0.10661994
CUST_XNFK0RJD9G,0.030455884
CUST_6FU2XJ6OYE,0.025572836
CUST_5NOEWZ0JUW,0.029703366
CUST_WNKMPWO291,0.0248747
CUST_QP16CMJ5PL,0.04148594
CUST_S3RNK1YKO7,0.085745364
CUST_EQ5K21WPZK,0.18708974
CUST_9QEG6YOLBE,0.026553081
CUST_PIWOTVOITN,0.1241756
CUST_YNZFK77TPZ,0.10169861
CUST_85QS89MY4T,0.106682345
CUST_B98MQMQE4R,0.018715777
CUST_87YB2Z2418,0.019762488
CUST_0CEVAZF6OI,0.025756437
CUST_MFJ4KKSRY7,0.025448024
CUST_DR2IM8CA2K,0.09835321
CUST_4LY5WK7W6X,0.10675951
CUST_QTBZFRWDIN,0.024401717
CUST_3AHD39N2KU,0.10529606
CUST_IB08XQI4OC,0.061733406
CUST_ZTQNNJY59C,0.023522625
CUST_8AOSC8667C,0.021259345
CUST_2J0M8NTCBW,0.033716027
CUST_HMS9Y8LKGZ,0.025597978
CUST_SW72KDAJMD,0.125086
CUST_K6PBR1WFQE,0.09235946
CUST_SYAT1R3HQQ,0.02468683
CUST_2EWGT8FGPY,0.028048785
CUST_GJM0V6O7HC,0.037533313
CUST_9USE4L1SNK,0.1234007
CUST_SBNDXYY8ZU,0.027646564
CUST_QPEASNRHQ1,0.12089589
CUST_YXCR52DSU8,0.02366932
CUST_3ZAOOCG8P5,0.027258484
CUST_6J5PWZCP6M,0.76785284
CUST_I4U2H0JQHX,0.02187457
CUST_82BAII49Z2,0.80086017
CUST_G6FEIM864Z,0.15207934
CUST_HK84ONK503,0.8678617
CUST_HWUGWHM6UL,0.023646124
CUST_HAMSBQZ53V,0.19704062
CUST_V6K3TZATD2,0.117768526
CUST_JA6PGCECLV,0.09060148
CUST_0R31Q8Z7PS,0.02631354
CUST_WFHK4FH82I,0.8657046
CUST_ABNYHK6JJL,0.7071705
CUST_F2IRSE3PLO,0.020477835
CUST_KHTWH34QOF,0.024059184
CUST_SL4AFZH8Y0,0.03620839
CUST_A02MZ7O6SV,0.021590002
CUST_XTYDZ4Z1SD,0.8698553
CUST_S0MSWX2JWB,0.024539365
CUST_DEX93TIEQS,0.08609079
CUST_EWLLE8TT9A,0.02718765
CUST_FFC5GIQB56,0.096947804
CUST_H2BKXAC0A6,0.0978884
CUST_0N64KA3J8U,0.06903655
CUST_T19ZENAS66,0.13387606
CUST_ZOS57NOID8,0.103822544
CUST_VQB5GANUDB,0.12827589
CUST_DFV4GNXCHB,0.03853371
CUST_AUDLYJTXTS,0.03771833
CUST_Q4L10NBAAH,0.04222606
CUST_9TDACIVN6R,0.11208928
CUST_IRI1UL4D9F,0.80881083
CUST_84ASRNFPFL,0.0312586
CUST_QTKH6QZ7UB,0.66071236
CUST_WD1FNW1LE1,0.83848065
CUST_DQ1J58ROQH,0.092547424
CUST_91A79VKHBH,0.041490823
CUST_JH6YZH5D7U,0.1632852
CUST_6UQIU08P08,0.03568354
CUST_4ON30EWJLN,0.027300637
CUST_V2YJYUOWCM,0.018782357
CUST_OW82ZXERO2,0.86630285
CUST_CG67RQMC8F,0.03399445
CUST_AE0AQ08N9Y,0.036830958
CUST_3KULXEQ5FK,0.025064548
CUST_QRCVD323JL,0.77509296
CUST_RPE0QA62P6,0.02376786
CUST_KIOJPD0WUV,0.034449805
CUST_5M9EY859OO,0.023623424
CUST_B2NLKX3ZVB,0.024224121
CUST_3IL63WSDI7,0.027342292
CUST_QILPBE72IS,0.1770711
CUST_QL9Z2VA84Z,0.082519986
CUST_2ANBRXBLHJ,0.023246681
CUST_KV7PHIHKD2,0.075116485
CUST_2059BJJAN9,0.09219264
CUST_3RKWAPJBXF,0.044622146
CUST_8M2PA4MNK5,0.022095576
CUST_OEHYOUVEOF,0.03939904
CUST_8JIJ61N002,0.025142966
CUST_7SJMHZ12LP,0.1265357
CUST_KA7M2VDGU1,0.0909527
CUST_HCTPM1VROU,0.023483796
CUST_Z9A3QL2CYA,0.1010789
CUST_86PSPGRX4Q,0.85423726
CUST_KH1K0A8WMI,0.106188975
CUST_H766FW9UDC,0.023395048
CUST_GG7M3L172B,0.11432808
CUST_YPNLJSD986,0.08454535
CUST_8IS8GX5U8X,0.019523684
CUST_PODRSLC4RH,0.8280306
CUST_4BYOF7NZTV,0.83034074
CUST_SQFE3TS05K,0.032980464
CUST_T9HW11EBEW,0.022867514
CUST_PRARZ81TGV,0.06212561
CUST_OH126KFTFN,0.11254873
CUST_D0M6NZA228,0.13406411
CUST_VCKF6V0E55,0.11460468
CUST_8LT9R8E2J5,0.808229
CUST_4KZNY8AKZ2,0.023661524
CUST_CMKAV9WCA5,0.06057913
CUST_A24KS342VM,0.030378869
CUST_HCJ1ZYEQGS,0.024087302
CUST_RXYHQJ1GQR,0.0980339
CUST_BZAC57ZGQV,0.027106594
CUST_OS252OKDJG,0.123340264
CUST_FU1I865Z9O,0.17371933
CUST_IZJEN2084Y,0.029832138
CUST_GXCR65ECMU,0.09806477
CUST_NVALQ0SZ8L,0.03891473
CUST_LKT4N6D2WM,0.029739264
CUST_64Z3EF9CA3,0.11403954
CUST_BCN196VSQG,0.035405364
CUST_2FIL11GMKZ,0.09729717
CUST_ZSAMWEM1CQ,0.031262875
CUST_4X69NO345R,0.022197172
CUST_9X4CGPK7MF,0.8638327
CUST_XBOOSTM1ZF,0.028006852
CUST_N79Z8Q28S1,0.13308874
CUST_09XLN7K80B,0.12731302
CUST_PXGSPP7QQ4,0.11898727
CUST_FYV1FDCEZK,0.102017835
CUST_B6M9WA8LBV,0.019023713
CUST_WWA8IZY2SS,0.10206631
CUST_E1QS1HHI5B,0.021887697
CUST_0HICW83PIO,0.09327031
CUST_77Q4FOR6DL,0.87971
CUST_78YQ6U5QQF,0.028689161
CUST_S5E8UHBQI7,0.02366082
CUST_W6STQ85ZPV,0.021716699
CUST_8ZP3XZBJSI,0.024498355
CUST_M0J008L9PB,0.12179302
CUST_LXWO98F584,0.086950585
CUST_IXT97LVUTZ,0.04238903
CUST_YI2FLW5UR3,0.027597878
CUST_CMK0QZAMFV,0.1397801
CUST_B1Q6WCN6I4,0.046094824
CUST_14XO1ERMOW,0.05570545
CUST_BTL55HHV4T,0.059701208
CUST_HB23HJYTVQ,0.08757514
CUST_25CB4E5RXM,0.021056112
CUST_AUSOSJWTTB,0.027113698
CUST_RXP6YZ5C7C,0.14147107
CUST_75AJID7C6G,0.03420934
CUST_HOE5R9FRCY,0.025235493
CUST_ICCRI5H3UC,0.10213623
CUST_CCCW6I274W,0.02468999
CUST_I9C7VDJX3H,0.021266336
CUST_0ZMWP7GR0K,0.025772193
CUST_4GQFLH4K3A,0.028583713
CUST_9H923CI70L,0.13624717
CUST_57406Z7VRS,0.024681
CUST_9SXBF8420R,0.10460131
CUST_4LMQ45H3QN,0.0937911
CUST_0QCYN7LJ4W,0.14974374
CUST_QBO98B3C5K,0.08975936
CUST_H0HKL8UOCY,0.0343618
CUST_ZWAAP4TLCI,0.17119545
CUST_FBGDN8Y9SC,0.08367637
CUST_8HUPHWP3NL,0.1146152
CUST_6DZR0AQVQ1,0.032073162
CUST_AFO5Q58OUJ,0.039408255
CUST_C1S5HNK3FB,0.027386304
CUST_IGVFU077KP,0.868538
CUST_6I0PKCAILF,0.099387765
CUST_8C4RU3KDSB,0.024145277
CUST_4JFF6RDN2V,0.104685985
CUST_ET7APM2BD2,0.10297033
CUST_MEH8VBQJVH,0.0344198
CUST_4XN4XO1P58,0.022812003
CUST_OQSAPXH5SS,0.07744233
CUST_IVTW4EYLA8,0.1261179
CUST_W4BW4HQWI7,0.02586816
CUST_F0L3M700VF,0.77707314
CUST_73WN7RD8IX,0.09192415
CUST_2NEX3C9GRE,0.023903554
CUST_15PH8233PG,0.13222814
CUST_MIPXHDVY3A,0.06863467
CUST_4S6V8BUVOD,0.021442888
CUST_OR0IVFZEDR,0.081817135
CUST_ICSDNRH2I9,0.09330941
CUST_TUSHGU3A2T,0.024900101
CUST_9DXBMUD1Q6,0.18396927
CUST_MLTIS39W3S,0.022727415
CUST_KNLZBOV110,0.025906583
CUST_U4LB2UV20L,0.0304494
CUST_7UGCW807Q7,0.15880883
CUST_OZZ0OYHKFA,0.11072503
CUST_BY6VPIZ8ES,0.19428687
CUST_TLRUZIH9VA,0.7665486
CUST_R78CXLU5ZE,0.02595251
CUST_280G4XIJJM,0.01935909
CUST_8W7BVN658G,0.03362258
CUST_O3Y02H0JB4,0.0815371
CUST_GTO2QV52EP,0.78830767
CUST_M45ODUX5JH,0.024136705
CUST_SPYNXGYB0X,0.0269881
CUST_OOPW4ZJ3N6,0.02809379
CUST_R6GRJOO6N8,0.04765782
CUST_E5JDBWKMGJ,0.03072676
CUST_DNMCEXJ9XT,0.13392885
CUST_XTOFWK7TFB,0.08662756
CUST_LH4FWEAWIB,0.021159416
CUST_ZUWL746TI1,0.15823434
CUST_JZ26L2IFL9,0.03022339
CUST_HU9YLBVNFJ,0.030279778
CUST_0K6C6OWVFA,0.07347143
CUST_UZSHT2V7EU,0.097012386
CUST_F3E8QE6OLV,0.075566486
CUST_87JYW5JP3R,0.10214023
CUST_1V99JFUA4S,0.031345606
CUST_1X71ODGQZG,0.018499518
CUST_LTY9B1PZ4A,0.15475497
CUST_COGAPOWAGJ,0.03679971
CUST_JNV9V2COCX,0.1022856
CUST_AEL0GPNTQR,0.024951609
CUST_XEPZ0EYS35,0.079011045
CUST_0QN85OVRT2,0.022990905
CUST_NUBGZO06R6,0.10389311
CUST_U1LQ4NUMJX,0.794865
CUST_XLZETFKPWW,0.028040837
CUST_AN4AQUYFAN,0.027187241
CUST_OTL6JP65NS,0.8410853
CUST_TMBHVWSM5I,0.032128185
CUST_Y85TP24136,0.024590403
CUST_4SIOV27SKD,0.10799602
CUST_RSB3JFAV2M,0.021698643
CUST_7S46B33NZI,0.024440428
CUST_3J5H7YX0LI,0.07913519
CUST_00MDVNBYEE,0.07547951
CUST_ZQA9HD3E6R,0.02159879
CUST_PGLYY4ZHM9,0.023022672
CUST_9DJ1WFJU40,0.03629159
CUST_SB41017G69,0.12647556
CUST_3YNT5RDQYZ,0.026880953
CUST_FKVM4SAL3V,0.031088993
CUST_CC3VR2YJAN,0.025683615
CUST_3SZFA1TR93,0.79189885
CUST_7LWHQ3M1VA,0.105865836
CUST_M6V9RJFDSR,0.03532736
CUST_WOD1BC7F86,0.051144615
CUST_MTTQD2N4FJ,0.038729697
CUST_UCPPAZ84E0,0.025920333
CUST_R8T92792CO,0.8366183
CUST_4NID6Q0CC1,0.028657442
CUST_CSU3GB7NCB,0.092251584
CUST_AO6TNP3V3T,0.82929975
CUST_IR74EHDQ1A,0.020940002
CUST_S88EMMBBE0,0.024318298
CUST_NFENKKNMRH,0.8789392
CUST_3GW03LIF1T,0.031290207
CUST_WP1OLUKVO9,0.14957714
CUST_1144QUR6LV,0.023424672
CUST_WRYCF64RUZ,0.03322268
CUST_QEKK3WJJ3S,0.14795685
CUST_5PPSV46PQB,0.053792857
CUST_0EXDNGDQ0A,0.02648965
CUST_VEHGC9Q7GC,0.12447723
CUST_O0M0RB8P0B,0.084869854
CUST_8CMASKOE6O,0.14457744
CUST_TP0IFEPUL6,0.06392906
CUST_ZCJ0PEEL1T,0.16230986
CUST_JOI7YSDC96,0.019969175
CUST_NOUJSM5AP9,0.045641523
CUST_2BJN08FJ96,0.023455076
CUST_DVOMLOBCK1,0.11691218
CUST_Z4992S91BX,0.018022457
CUST_VE1J6R3HBF,0.08197193
CUST_XEUWUZ1KS4,0.023275528
CUST_GW8V8WISD9,0.023348441
CUST_J4FGI3L645,0.04394648
CUST_RLRXCMS9WH,0.782372
CUST_XNDXEFR3TZ,0.03243917
CUST_T0KUHD2HB3,0.020920802
CUST_NSUMULKEEJ,0.025677111
CUST_3C9A9WGG45,0.027315313
CUST_KO19GDGBPQ,0.07452938
CUST_R0KH1S1LRI,0.029052008
CUST_XMS3GKQB38,0.06717517
CUST_E6D7W2TB2W,0.030619262
CUST_FBHMP814I6,0.1549828
CUST_5EZ5WSPMM5,0.026357286
CUST_586V17ICIQ,0.022125097
CUST_QN7UC18S3U,0.09415944
CUST_0ZR7L9X97T,0.027307086
CUST_VGLBY0LGNG,0.07801949
CUST_ORQKD6GV3W,0.07140541
CUST_QECA36B777,0.026712587
CUST_ROQ14VX82G,0.019035049
CUST_BWXT0LS1TA,0.02640409
CUST_ONES5DGCGQ,0.039435152
CUST_GT41W63BIO,0.12544753
CUST_0L58U6CH1C,0.023881465
CUST_DCX8SYV6FQ,0.03163085
CUST_4M2NVE17VF,0.1000762
CUST_SPFDJFFDB2,0.08802978
CUST_U61VFBMHA1,0.03341452
CUST_QLI4Y75ZHK,0.033312008
CUST_CHC1SG1XMT,0.11582339
CUST_0SMQSYPC2D,0.79949784
CUST_HLRO3G22SY,0.81698257
CUST_2YP5ML8X8P,0.024540324
CUST_0RFIUX4TM8,0.113954425
CUST_CYOJM2F8ME,0.09686463
CUST_WMG2NIUMDZ,0.026627788
CUST_J9E6DNC1LF,0.039650448
CUST_BUYLIQCONG,0.033186235
CUST_52KRV3FP7K,0.136115
CUST_G0S5YJC5OY,0.045231838
CUST_JLEZH0NRG0,0.027013173
CUST_0E4V9YEFWL,0.027349815
CUST_6G0C3FD8CL,0.07337063
CUST_Z11YHN45T7,0.08616574
CUST_68946KPMU5,0.0736751
CUST_UZHK7X72XL,0.11941626
CUST_TJNQG3ZT11,0.09056543
CUST_0ZLZCBD02F,0.14999427
CUST_RJV8EFKLO1,0.024117872
CUST_3U5OGZTRT6,0.023508653
CUST_WOYHCCFAOS,0.018125718
CUST_ZQOM8C19GW,0.09143493
CUST_L1ULBIG5O4,0.100237295
CUST_HMPDW4CST8,0.02932002
CUST_D7GZG99VI3,0.07071469
CUST_RP57N4Y8XN,0.025247507
CUST_LWS7Y46BYL,0.11666425
CUST_A4AXEC3SBM,0.09656877
CUST_SBPHGKONOF,0.024980703
CUST_4900X1Q5UB,0.08677176
CUST_X96QLG1EY5,0.12022296
CUST_9CA4IC5DKR,0.08764537
CUST_228CSTXUUS,0.034459118
CUST_9LP6BA0146,0.17162578
CUST_1HGR5UTM0I,0.020974705
CUST_NKPFJJN555,0.87536895
CUST_6XRJ4AARAN,0.024778731
CUST_IZGRFJXC14,0.025487801
CUST_LSNWXB49K7,0.019722538
CUST_ZJN8PJOZ35,0.10289409
CUST_RVZ9B0MIPX,0.06956026
CUST_7P4JKWXPPC,0.02376697
CUST_NNJBKCO8TL,0.02786272
CUST_CAPAJY0ZRD,0.80957127
CUST_J05PYJ8HOJ,0.030160896
CUST_A3QW5ED92B,0.07899557
CUST_NO4K3W128W,0.026408896
CUST_L9VSRVPH1R,0.021702992
CUST_HN81OLXZZS,0.8086087
CUST_EW4STORJ07,0.024294408
CUST_UD212ITWVL,0.07292624
CUST_PFAYYTW06O,0.021646455
CUST_QEJNGPAIWC,0.03920659
CUST_5SMGGPVQIA,0.026755974
CUST_8G2LJ7H6W3,0.13712896
CUST_NNC2QK4HKA,0.049877316
CUST_ZFC005ACI6,0.018582458
CUST_K5DK2MOZC1,0.02586557
CUST_NGLFG78GZ4,0.02659862
CUST_DX18JUJ62D,0.10393531
CUST_YI20IW5NK3,0.030526364
CUST_Q16MS9I5S6,0.023508549
CUST_7OC1OFWCZ4,0.0785419
CUST_4GQ1VUGVQG,0.024214376
CUST_SJS4KHH5V5,0.12562874
CUST_IBAMTCBG2S,0.10298418
CUST_TUTWKKSBSV,0.70163506
CUST_O6BVWJXD2Q,0.027908193
CUST_JND2XKF0X8,0.031119049
CUST_KPWELXQHWW,0.06357906
CUST_LBD8RD88OF,0.108563006
CUST_CV4WD74GQC,0.02684283
CUST_5QXLHM305Y,0.12328147
CUST_Q2G1G0MX4S,0.16694722
CUST_ER9L5O6CLE,0.02797591
CUST_1G7ZOGFXSB,0.03650641
CUST_P62U7PV4MW,0.036463983
CUST_JI4VA7KDOO,0.08037949
CUST_C0QHMPMGPW,0.026811402
CUST_HBZUY6AV1H,0.087785654
CUST_0N2Y3UTDNR,0.03492043
CUST_QELEFSDEOZ,0.020798527
CUST_M80P3UGB8U,0.028027799
CUST_35CMR1MXPD,0.12063527
CUST_ZA25NJP8NY,0.02860323
CUST_G2NSUWB2O1,0.08763141
CUST_OYVUVI8TRF,0.83750623
CUST_YS4XR9Q2SW,0.020599183
CUST_PMV5NPJUH9,0.14427172
CUST_UR9U4PZ4UG,0.09437976
CUST_JLQ261MU39,0.027454326
CUST_Z5664KX00N,0.1197551
CUST_W6IE5BRA6O,0.082030386
CUST_XCFIICZKUK,0.030787136
CUST_3IMOXVA1T9,0.83228606
CUST_QNX32E67AH,0.027408598
CUST_EPEDS8J171,0.02466361
CUST_CS5W18GP80,0.80535936
CUST_YTDWNOHXMA,0.07711873
CUST_7VCE16C5GV,0.024120083
CUST_I8W1CX8XZD,0.023822384
CUST_8VLR5FCGUY,0.027845003
CUST_YWCG0NL32E,0.0734626
CUST_K79NFWVCDQ,0.03858928
CUST_794G53FOLR,0.022554355
CUST_R1UCJ9AOGG,0.026175156
CUST_CDQAA1BFOP,0.018546535
CUST_M9QPGHWPZ7,0.15933955
CUST_Q7SY3CZPOQ,0.10669968
CUST_KOFIS17N2K,0.09854337
CUST_YYBRF9D8J0,0.8513267
CUST_GO05JYUZ1F,0.07254719
CUST_J0744LB69U,0.1428693
CUST_B4Y9EOWXBT,0.7940795
CUST_WJ10X1VQJ5,0.11888366
CUST_G9YNO3RYNU,0.12450581
CUST_IBPI2A9CBC,0.034784235
CUST_ENO5M1J4YJ,0.037173487
CUST_Y1RT7UVDA2,0.02578488
CUST_DXBBDCH9P6,0.028072758
CUST_0MGR5I075I,0.024746858
CUST_EYT1D10UPF,0.17313688
CUST_IBZW47JTRL,0.18045582
CUST_A0BV1M4ZID,0.023130521
CUST_9HJVIXV9A6,0.8054303
CUST_JO1J2S8Y3M,0.8084543
CUST_HRB2A0CVYS,0.021293309
CUST_4YAC93I86L,0.04945002
CUST_29186PAYL1,0.023491085
CUST_SGPDQTNOK0,0.027487652
CUST_WD9Z8VNX1H,0.032461878
CUST_ZRE0XHO49K,0.023059689
CUST_9SF1UI0KA5,0.096682765
CUST_LMHKHE2GFL,0.12149171
CUST_VZDD7J5307,0.11994026
CUST_WO2S4H1L8B,0.026678985
CUST_PFAEV2STL9,0.09334285
CUST_P5U37KTUT4,0.09455073
CUST_O43KY7T4L6,0.8434991
CUST_NJUC5U23SP,0.13581516
CUST_K8JRM4YXA4,0.029231112
CUST_7OA2YQBOHU,0.8396524
CUST_CVNT10D63N,0.024937877
CUST_4XJZQ5W1UP,0.047920424
CUST_PMWUVTPFHD,0.08895702
CUST_HEGCWXEWYB,0.025122115
CUST_PXNNQXFA4E,0.090204015
CUST_H42J3S49VT,0.119247876
CUST_WF289JBVIG,0.11461092
CUST_2QLOHQ9TYA,0.8185101
CUST_SG4AGGRKOA,0.040081214
CUST_O426CPHT7P,0.85643345
CUST_3E3YUDI0VZ,0.083923884
CUST_ZUY1KPYS1G,0.031399865
CUST_WT2EVJ1G6K,0.029238343
CUST_SB34LGG5OL,0.033786196
CUST_5CG5RXFQ85,0.062971696
CUST_QYOINDOLL7,0.024700124
CUST_FIXD0FZE8Z,0.16685694
CUST_2N0BFRLZP8,0.026271135
CUST_E8YHY95CRG,0.75893605
CUST_WIJXKNGGOJ,0.024195364
CUST_0Z0C4BYAZV,0.024081446
CUST_KSK96BTQL3,0.21711862
CUST_015CI87GPK,0.029289573
CUST_GS80UB1RKF,0.11030162
CUST_OYVNF820LQ,0.058326893
CUST_Y1JAD92ZBW,0.11920356
CUST_1AIK5ABOBQ,0.1455548
CUST_VPDXVCQSR7,0.043004822
CUST_PWBZ2XGE7E,0.09569297
CUST_7UA13Z1KT9,0.025633486
CUST_4D8SHL5N5S,0.031249814
CUST_ITT9DLER51,0.025482034
CUST_WSNJZZCBGA,0.10590573
CUST_9ZIA5PUZ4K,0.018737586
CUST_E8XDZPCCLR,0.14585839
CUST_YH64EDVXWY,0.02214969
CUST_KS3E5OZF69,0.09966101
CUST_AS7NAA4IWY,0.021618364
CUST_UGL9JYZ0XN,0.023764513
CUST_XAT9SIGBLY,0.03311319
CUST_LQEML9EF96,0.110718235
CUST_J614BX60SQ,0.033985488
CUST_UBX91BMDRK,0.035742834
CUST_FEGRDWAGYQ,0.028250484
CUST_BV7E2YEQ8V,0.07922206
CUST_3G2WOT4C6P,0.12625341
CUST_PULASTH9HC,0.88968503
CUST_NNUVZT2A55,0.026380565
CUST_43T8YBUFKE,0.11291077
CUST_A2Y3R57DD9,0.038136214
CUST_216RVL4BTS,0.09089944
CUST_F862J0HLWJ,0.87520117
CUST_462QSADIE2,0.0861682
CUST_HXFJGNPVQ0,0.029401282
CUST_8PMS5ECF0L,0.08652217
CUST_ALZUXFINDK,0.033972185
CUST_60R3IMBTY0,0.77618337
CUST_10WLK0LJCM,0.020589078
CUST_BEGKB3K6RM,0.10367604
CUST_7NZKFX200Q,0.023727538
CUST_UZVKJNUW08,0.023745516
CUST_LWBUTAS46M,0.02430872
CUST_NXC7HCJRNL,0.027342178
CUST_TTCIAUP3ZN,0.023697997
CUST_FVH2N762HF,0.09918281
CUST_2MT9W961GD,0.022854295
CUST_ULRDFGJ7AB,0.07624815
CUST_1IPUYCCE5T,0.07708907
CUST_7GX25FUVI1,0.17577255
CUST_FWAUTPP9B0,0.022142123
CUST_69NFGRPLHF,0.13765825
CUST_4DTN5TXDZ8,0.038644746
CUST_COIRVKHIQP,0.026418993
CUST_XPQ9VG6URA,0.024320858
CUST_W6LNVDB0RF,0.024311395
CUST_5AECGENPIG,0.037979092
CUST_E85Z5F5841,0.022695461
CUST_7Z3X56M16H,0.039211664
CUST_FTEMQWR8JD,0.026744664
CUST_YOGF6V5H73,0.7285983
CUST_5C1CDWLRXB,0.023235848
CUST_JJ2E4LXBNR,0.022212174
CUST_CVTY5KMY8S,0.11932357
CUST_6ZXV9LS3P1,0.02051527
CUST_LO1CRTFD9E,0.07925231
CUST_MBLE5D421T,0.019478092
CUST_WBEP68LQUR,0.029678317
CUST_I2C5ONHT4L,0.057967477
CUST_PPAXV54JLO,0.1303745
CUST_RAGB7CETHI,0.8081162
CUST_5RDNQ5J1Q4,0.06781948
CUST_LGFOVGZX3L,0.8340812
CUST_4KT0C4TMD9,0.14053728
CUST_P3N9XBFE6M,0.07985174
CUST_DRIS28XPCC,0.122895285
CUST_YZDAWK6WN0,0.021627633
CUST_JY8CL6SVWC,0.020115579
CUST_9HHYJ8J1V7,0.025195912
CUST_NAOVKXIVEK,0.8306759
CUST_OJUN90WHUG,0.08891313
CUST_S98B0FI35Q,0.09980906
CUST_VEL9B6EC16,0.037739072
CUST_0AYKFSW111,0.02411395
CUST_7YVT6YYANE,0.023757946
CUST_TTXU07RC3A,0.026883315
CUST_1DANKXPONS,0.08509112
CUST_2TX1MP8D2N,0.117868066
CUST_5CZ2JPW6I1,0.038646515
CUST_41DA1E1JHO,0.026850702
CUST_7G9ENBWNEJ,0.024724545
CUST_TMLUHGRQ0B,0.087560885
CUST_SJPSFJUKQW,0.022560608
CUST_UOE8RH5QEE,0.027075406
CUST_XJUYEJB330,0.14395273
CUST_IMLMUFLS16,0.6799332
CUST_3RDHKDMSVU,0.8243869
CUST_GWHJT0UHNB,0.026806787
CUST_6HS3PUCPMS,0.025498947
CUST_1ERJSQ28IW,0.12555364
CUST_1UH11W2375,0.8712665
CUST_8JF4VAZWKV,0.12278189
CUST_02OU124EWS,0.20207527
CUST_TLMOELF09P,0.022226904
CUST_ULIR5K8PZT,0.024011634
CUST_T57VDQ34YY,0.027916312
CUST_N9JZB3ALS5,0.021984473
CUST_0ZAN4BPL5C,0.023788951
CUST_6GV28T89A8,0.026354961
CUST_POXAH7R95C,0.16574587
CUST_VE34TSX1B1,0.027751826
CUST_IIIQVGAAOH,0.029480236
CUST_VK2ZNZF6B3,0.10577547
CUST_YQ0W1V7QLH,0.033931263
CUST_PBTZ9YH1Q9,0.02468461
CUST_E98WJ7OJ2H,0.022796411
CUST_CL6KV8EMYU,0.02107382
CUST_85WRIASQ5N,0.019928692
CUST_ZQTJSQ7688,0.03296429
CUST_LN2V8GY8HU,0.021273144
CUST_IYSMBSSOI9,0.10682428
CUST_RLJLPEYRX5,0.13993932
CUST_O1S60RN8K5,0.024017775
CUST_TD4DHH62Q0,0.092090555
CUST_NSWSJ9RMGW,0.028990816
CUST_9YH71NV0C8,0.035831474
CUST_XBJSP9LYX3,0.022300424
CUST_O3CNO5JE18,0.12968601
CUST_CCJ5RXDSVI,0.017693806
CUST_GILDTN0038,0.024055954
CUST_DB2AFWAVP1,0.72211075
CUST_VS6BTZSYIH,0.09799358
CUST_ZZT5WFD2E7,0.033476032
CUST_TRM7XYN9I3,0.031561796
CUST_U7P2WZ1VSA,0.11199847
CUST_6MFIFG8WMK,0.8322531
CUST_N2AZCWN0QF,0.1544902
CUST_Y36M0C5QQC,0.11223931
CUST_4BXPRCG0TM,0.028439162
CUST_LQVP7VGP4V,0.09160757
CUST_8OPMSGOCTU,0.10272825
CUST_0SXU0RZRDI,0.032657214
CUST_UG1P14LWA8,0.025723536
CUST_013D8WJEVB,0.030844629
CUST_8THBKWQS57,0.022423716
CUST_UZFMWTNGNV,0.10932297
CUST_X7XM6PUZX8,0.032559104
CUST_E8QYQUO2A9,0.7767109
CUST_DIA7Y0HQO5,0.08340918
CUST_ZCVZQA486I,0.07828986
CUST_NMRCN1WLVI,0.028273985
CUST_SFIY2TGLHO,0.0732349
CUST_1FHET4DDGT,0.022792667
CUST_ES0HVNG9A6,0.14683336
CUST_7T6UP964PZ,0.027206631
CUST_HQUABG3HM2,0.115906596
CUST_3VVFOGJKRQ,0.13218684
CUST_0RNZI3HLT9,0.032735206
CUST_0LVYY42JSY,0.11468715
CUST_IERJIUO8ID,0.023474958
CUST_G07P533FTI,0.046630558
CUST_IDOZXD09VY,0.031688258
CUST_NOY2M650DQ,0.11021808
CUST_APU93KWW5E,0.13941082
CUST_P734J1VE4B,0.6716267
CUST_1HXND8U6X1,0.025881493
CUST_W3O19LBBON,0.025445476
CUST_8I5WQ26SAI,0.023953142
CUST_MUCL1EH7OL,0.039412778
CUST_GH798ABE4C,0.76587796
CUST_OOSF0TAWWJ,0.15775147
CUST_Y4Y01RV1Y1,0.11560294
CUST_RR8HEIIJQJ,0.02194387
CUST_B35LO6R8T3,0.023337401
CUST_T6E9TDL99R,0.020519024
CUST_HEOW80KKDJ,0.025119178
CUST_PXPFFCMY07,0.09442073
CUST_5R38G9P01J,0.15687719
CUST_HJY9DM2EUQ,0.11733355
CUST_6B7V00320I,0.030417524
CUST_ME1E8JO52M,0.024025619
CUST_L6GYRCG3SC,0.024572756
CUST_A9SRU8HMP4,0.10365787
CUST_MVGS22ERE2,0.02591035
CUST_Q8VL3A9BL6,0.11204062
CUST_9G0PQZME0F,0.11317293
CUST_XPBKW69F1A,0.019830069
CUST_WH42WGPLGG,0.033654887
CUST_XD8JBIYEO3,0.025443478
CUST_O398YLT13T,0.11525419
CUST_TYOUCAUOXI,0.118513726
CUST_K8SZ51U2IR,0.11310655
CUST_YD079PB3FU,0.07555291
CUST_414DJ1K6G9,0.87202567
CUST_0DO8Q5HRW8,0.8940133
CUST_ZOHXLDT2WY,0.022791918
CUST_EQDXEFAJ8C,0.1307187
CUST_CH1RNUDCGF,0.026062725
CUST_QHMDLNL8MW,0.029721916
CUST_8XXHROSMD4,0.020782858
CUST_BXDIERDH98,0.031142594
CUST_R29TOOARF4,0.02329986
CUST_82ZSUO8V1T,0.1005292
CUST_GA7PV8DOP3,0.053689647
CUST_EESYLN9TPY,0.0893436
CUST_NEGDNBBX49,0.02543642
CUST_TZYI9YZEKO,0.08206822
CUST_3PP94WFX9J,0.12653422
CUST_H3SL0YFQGL,0.07857607
CUST_1AEJS186R1,0.026013784
CUST_IWICLNYO01,0.02257726
CUST_KMCS6ZJ2ZW,0.12180553
CUST_KB8SG071EY,0.10468956
CUST_2L0NVTAVGA,0.056953438
CUST_U8XU1GNI14,0.02602663
CUST_NH7EHFODLT,0.024465168
CUST_EB1VB33EYP,0.034511533
CUST_M3SEXEYSDK,0.13624191
CUST_UE0TQWRHWL,0.034464616
CUST_6WW9UDKMAY,0.02878046
CUST_M0JNTORSU7,0.023441028
CUST_6HC6XPAXW1,0.08161671
CUST_Z655XMYXPV,0.021922784
CUST_QPCEKLPOPE,0.083771504
CUST_VOOAQ71LS9,0.033356782
CUST_G10RV8DCHA,0.06673541
CUST_3M5912V8YQ,0.81746745
CUST_FTGBWF3LT2,0.02167546
CUST_387GA32M69,0.02323642
CUST_VGTOU14KU4,0.10465209
CUST_HE7YH4NQNM,0.022912802
CUST_VB436AZ9UT,0.09948377
CUST_OMKFR7AXR6,0.028838111
CUST_TP6N6XAVIO,0.097907364
CUST_7XNKK502GQ,0.024763945
CUST_N282LRMTCV,0.024781208
CUST_NWSVUO12KE,0.026238855
CUST_WU8PEIB7AD,0.03281858
CUST_60VYQ8214F,0.024127323
CUST_8X9I4YC9PH,0.08509552
CUST_TN9IQZWQ8C,0.7545448
CUST_CDWG1G7L1A,0.08133688
CUST_PTUFXWMA8W,0.096401915
CUST_HT2TCHFWS6,0.037551895
CUST_OC0S75FF4R,0.06144927
CUST_MD4N6V9R4K,0.10032004
CUST_UJ913AGLG6,0.12614499
CUST_203IFKE5CL,0.0263385
CUST_5JE055X4BQ,0.12361682
CUST_LQE8ZE9C7V,0.124951504
CUST_QQFIEG7XJA,0.14718874
CUST_HF2MOBWLUH,0.023383187
CUST_YD2QMILJVC,0.03114357
CUST_VI1ZZ0M3GZ,0.025002286
CUST_Q6VGE6RI2B,0.12840705
CUST_072H8TKQRM,0.10144174
CUST_JQHEMLEP14,0.023353657
CUST_VSMND33YZ2,0.026472287
CUST_020TX48RHX,0.025555432
CUST_M2L6KFHRZK,0.023275543
CUST_LRQ2OE1SF9,0.027607193
CUST_KDDJ7JHS2M,0.03299793
CUST_5XPKMJ08GU,0.023219096
CUST_3K0Q7RDKNU,0.15228155
CUST_ALJASEEOKY,0.025388185
CUST_M9C9IU4EIZ,0.033394072
CUST_1F4JDVYXRX,0.03300393
CUST_HBV2OZ7QGH,0.033566188
CUST_93BRQYERY4,0.030199418
CUST_GKE3MDXLXG,0.06345541
CUST_GFZUK36MAP,0.027977044
CUST_YW7HRPEEJC,0.064859554
CUST_RBS18TWDO0,0.09641872
CUST_GK57Z5TNQZ,0.024760468
CUST_Z565WEE435,0.028260978
CUST_YEDQH6TXBO,0.11508766
CUST_U6WPU4QMVG,0.036365595
CUST_CGA78G7KXY,0.10094912
CUST_99YUA8SDWO,0.079083875
CUST_UM56GT4GSQ,0.029474666
CUST_Z6NFIXYP66,0.047890168
CUST_W5UPAN7HLY,0.036227956
CUST_WUKAQ9ZV53,0.021946201
CUST_IV17S52LWZ,0.10022011
CUST_7BXI5Z2PO4,0.84384376
CUST_7IW24EH7Q3,0.020226402
CUST_ZSHY8ZDVNV,0.8028636
CUST_6WYID73ABN,0.018414231
CUST_11UJH0E96T,0.10531257
CUST_I8ICH2R687,0.11348436
CUST_OUZQOPZ910,0.09721629
CUST_TERN6PFAZ0,0.024231697
CUST_GOS8EIQZI3,0.07756667
CUST_4WOAEVQFUD,0.030347498
CUST_Y84CX25R5M,0.027069101
CUST_3CWQMMT5XU,0.02438869
CUST_UWJEXHXM5L,0.19831328
CUST_SJO9P56W9L,0.08083483
CUST_JM4HXH0QPD,0.023317875
CUST_THYG6NAEBZ,0.02251431
CUST_0J5SKJOPOY,0.030251795
CUST_MDTB1A17ON,0.8096543
CUST_D8AHAT0FJI,0.8104661
CUST_DR4PBE69S3,0.033734865
CUST_Q2Q1A8AQ8A,0.09374146
CUST_BS3OL9DJ9N,0.021468477
CUST_ZJ0IBIVYKB,0.036359437
CUST_24KNIX1I8B,0.020685203
CUST_ANWTLPI994,0.077356406
CUST_DEDTAL7EXY,0.022835346
CUST_B0U22KEITB,0.025163941
CUST_2CPL6N039Y,0.13679305
CUST_KVXY3K7R93,0.028824607
CUST_FDBJ1Z2W7C,0.03393986
CUST_NZULH3VW09,0.040568717
CUST_26ZG4PA978,0.02472903
CUST_VXXTY48BI7,0.24293526
CUST_BX4YK6JUD8,0.16628261
CUST_PLBBBVAVOQ,0.13574424
CUST_DX9PAAD9YM,0.10514472
CUST_IVAUKZQG74,0.07400532
CUST_4MHRDWYA4H,0.026707057
CUST_LO81SHC8NM,0.05220038
CUST_NYQUU9QJFQ,0.036477774
CUST_FHORNH6WXY,0.024499537
CUST_FADEV7SQ6Y,0.028662657
CUST_CVPMPYMCUM,0.054613367
CUST_0S0E4HOBHQ,0.10038487
CUST_5EQ4WJZLLQ,0.10247403
CUST_H5EZOFY41B,0.027339172
CUST_VSWT2JGP5P,0.024883045
CUST_DOMXM1AJEU,0.027343547
CUST_54UYC2RIZJ,0.02955284
CUST_JICXN4RYI1,0.09887279
CUST_4OJWGTJPPL,0.10822595
CUST_1RXTSRDLRH,0.03829911
CUST_HJZHOEYCLH,0.03915859
CUST_06FTJ5HYXF,0.034000833
CUST_39K9YRVNNN,0.86043614
CUST_EMWJNACCZM,0.0292908
CUST_JKM3WW7UA9,0.07220608
CUST_H217I0X74U,0.0970856
CUST_RVL6677QBN,0.025560873
CUST_K7NAV21UH7,0.036132105
CUST_F5NN1SAM4H,0.11946891
CUST_G04E1F74V1,0.026839137
CUST_WJ4T06M9X4,0.026289487
CUST_DH8HBYEJDD,0.12996258
CUST_UTV77QXHXB,0.06182277
CUST_GF2NCZC67F,0.7829382
CUST_69Q8CSAGOU,0.11551663
CUST_YMN5BXBC8W,0.020393983
CUST_7YE5QKBIT2,0.11479139
CUST_ZKKZYMGTLR,0.034018334
CUST_2FRK05ZOCQ,0.82425207
CUST_POA4Y5PAQR,0.025573572
CUST_O8NYFNM3GG,0.113732204
CUST_A3L9J14IMN,0.10891851
CUST_7S1ZK320JL,0.046693884
CUST_6OOOG1HWCL,0.09073671
CUST_UI9INZEPJ2,0.024206461
CUST_8II9RV2LY3,0.023124363
CUST_4USKLEGGO5,0.09153821
CUST_VLXWEQUTZR,0.025151463
CUST_ZVBVS8FF00,0.79581475
CUST_09U62VZ13F,0.066498205
CUST_FHZS0KH7X0,0.08101852
CUST_8A23O6XEGG,0.10927815
CUST_DG9U6OTXZ1,0.122623615
CUST_M7AHDV1XV4,0.109759524
CUST_2VZXWXZ3IV,0.023931451
CUST_F3CUPBKTZ1,0.1085622
CUST_V3SHS6JASS,0.020241741
CUST_DBJ1QURZ4F,0.07804513
CUST_HE2O16Z92K,0.024862565
CUST_B90SWYJVK6,0.027246313
CUST_M9FP27VN8C,0.02246747
CUST_VKL2WAPIZ4,0.084774725
CUST_2JMDSAKOO5,0.11677316
CUST_DTCLSFHLPZ,0.13894744
CUST_FKZI0AZCWM,0.10121075
CUST_O0QXO2YJWD,0.08266772
CUST_XRG5G7A4BR,0.076499246
CUST_Z77YVB1F91,0.09864925
CUST_GEYIC74WJJ,0.035302874
CUST_1HMTHEYCUL,0.17329003
CUST_2IZS70XQDI,0.043383718
CUST_XI7FKP34K7,0.12664099
CUST_W9MRP3D6EH,0.020205671
CUST_SJ47UNRZ1X,0.058178738
CUST_XK99HCT5ZL,0.029071862
CUST_BVXXHH8IVU,0.026459066
CUST_5WWZICISRA,0.8134837
CUST_SHTJXTLBMJ,0.06957989
CUST_T3322SQMUY,0.03247685
CUST_Q2XOC5O0SW,0.086159006
CUST_O2AV6D5RT8,0.02157475
CUST_YA0X8V6JA8,0.07896605
CUST_VXP8VUIWQD,0.9235871
CUST_PVP0AWIWN4,0.096087754
CUST_JC7FA4HPB6,0.022014398
CUST_4Y21B4POT5,0.11289697
CUST_9AZNTY58D2,0.03202177
CUST_GP3RTDEHX2,0.11345671
CUST_NB9TUQKCRC,0.020957455
CUST_LOXIJ6MNPF,0.030603148
CUST_SS7HBNV30P,0.034940515
CUST_F7VCIQX7DO,0.1022852
CUST_3WR4QX318N,0.11130603
CUST_2QN7BZ9AP3,0.02191467
CUST_3OGPKQMNDZ,0.074282356
CUST_TCRERS7LR6,0.16451173
CUST_BIV1W2FRM2,0.01967588
CUST_T1RWI1TAXL,0.024577562
CUST_7OEKYDIZFT,0.02976131
CUST_1H68HXD01X,0.122790545
CUST_WSL3QKB6MT,0.025589999
CUST_B8SWREI7X5,0.75961804
CUST_7DOOIYZRQB,0.088909596
CUST_GXOK810ZQS,0.12329835
CUST_9CCRLR14E2,0.15671386
CUST_KL8R9AKY9I,0.18382724
CUST_808BNXHW3P,0.14510208
CUST_HUYG0ESUI9,0.12843953
CUST_MMROT4HG84,0.019833906
CUST_PPM6KHWQSS,0.027437596
CUST_F8AUVYS7A8,0.07071259
CUST_TH946MO9DG,0.03773902
CUST_1OFUI3AN6E,0.11687766
CUST_SBYOBM9JS6,0.03140793
CUST_CT0AM9D6DQ,0.032727543
CUST_X35RSB1R39,0.02261197
CUST_P2LULJK5NZ,0.021329118
CUST_2UOPMX229A,0.07671173
CUST_NKFJM4DKDW,0.07271162
CUST_QB9JD301G4,0.025576007
CUST_9WB6OV7KKE,0.03111568
CUST_JWO9W1HWEW,0.026280096
CUST_74O7R669EH,0.028829584
CUST_O2M3U35XQB,0.14144
CUST_ZPLCF2C0CB,0.097342305
CUST_64BMH8K3RJ,0.08955721
CUST_FW5VS4F8OY,0.12962075
CUST_UQ0IBW2EE3,0.040065292
CUST_P07HRZFEZF,0.09850696
CUST_EV0YGV9EOD,0.1420892
CUST_BXAYP8TNPB,0.025998857
CUST_N0RDRHUT2A,0.1038585
CUST_3E9WSGJYE9,0.115684025
CUST_AGM5VJM038,0.03597144
CUST_82GM7U99O3,0.021370014
CUST_8OEZE3DJIV,0.115794174
CUST_O08NGVUYOB,0.09225163
CUST_2PPXPP6GNA,0.077178836
CUST_UWXBF73U8O,0.025224997
CUST_PHD8CVYOXF,0.028236743
CUST_9Y5VDTZA3W,0.07608872
CUST_Q5Z0CGRSM5,0.03426477
CUST_SS0VW3P2NU,0.1192146
CUST_4F47QEIYT8,0.12601143
CUST_4O394BJSPQ,0.8155707
CUST_KTSBUX4S9B,0.034912113
CUST_SCM9BI4OLC,0.030117681
CUST_CKUSYGOB54,0.09093453
CUST_H14RF3WKL1,0.024394883
CUST_TKYD1PWJTT,0.038182143
CUST_OWENBBUW49,0.10141306
CUST_GITN0MILWF,0.028633965
CUST_WW0ZWJX529,0.029765021
CUST_GNDA7E3J1O,0.024585366
CUST_Y9P05F7YXV,0.184205
CUST_UXFPP1IF6K,0.82120705
CUST_WKCROSNLL5,0.031286485
CUST_V5F61NKXW2,0.078751646
CUST_JKZUI2QXWC,0.0227409
CUST_IN754XHROP,0.022460755
CUST_2LYTZF115G,0.8101715
CUST_D7ZNI0EGVK,0.10446899
CUST_L6LT0N2X5L,0.019012028
CUST_9C5VUF18YF,0.035594918
CUST_FL51HSTQ9S,0.02636248
CUST_C8KFBJWK2L,0.095717914
CUST_Y9H9V0EPNT,0.037517536
CUST_LWRKNVVJ11,0.071028754
CUST_J21DSJ7XBS,0.03624954
CUST_Y32NPD6KUM,0.074127056
CUST_ESL7PS928K,0.029669372
CUST_XN711127PF,0.025949672
CUST_HMRTVHAOYW,0.09793251
CUST_BUJOA8VREI,0.03117895
CUST_5XBWEWZL1R,0.025138782
CUST_5IMX9I161H,0.088886924
CUST_3TH3C7N3RT,0.0928419
CUST_XJI539C8B3,0.13556404
CUST_A7QCJM3E5R,0.027264226
CUST_MQX3QEHYS9,0.030201416
CUST_HQU4WLT9ZU,0.09952053
CUST_SMFOUEFRIQ,0.09358869
CUST_6Z2ANUMN65,0.036381688
CUST_2HGBO13XRC,0.024137458
CUST_DL01I0K197,0.02196706
CUST_I3HPRLWZUZ,0.020323912
CUST_H1WKVGX6B5,0.03683729
CUST_77KLXT8OEX,0.09452368
CUST_BXQN1GJI46,0.117007926
CUST_SWE0IR8QOO,0.066809624
CUST_CET56X86SE,0.032937568
CUST_KAYY9W8YKO,0.044719066
CUST_TR5VQ6R7ZZ,0.119130395
CUST_JS1X68S7CU,0.0824639
CUST_S95MINQK4K,0.02057435
CUST_PFRXM5ZY3G,0.024123108
CUST_WFV37F1WTE,0.12060771
CUST_EHIDW022W7,0.026583023
CUST_UVJ2WZD6P9,0.053687625
CUST_563OZ0N5AK,0.023581957
CUST_S7S0UUGSIG,0.025590291
CUST_W9JHQOP4AQ,0.1543563
CUST_32M3MHL0PU,0.5477585
CUST_VB2RLSNYSJ,0.0695684
CUST_KCU48QLWY4,0.08320939
CUST_CT6CTGSVDP,0.13045989
CUST_ONYHOU4D3J,0.0271922
CUST_73HCA0HZFY,0.02800562
CUST_ITKKKR4A1X,0.03156613
CUST_WBMBKT7H3K,0.033935346
CUST_7EI2XF6WYI,0.13258351
CUST_G8SUWUWY73,0.17851153
CUST_IX1EYIUO7C,0.038070273
CUST_G1E4AE7Y0F,0.024887288
CUST_3AXX0S3LQX,0.119606026
CUST_EIZO28SNRN,0.103145145
CUST_8ZZU0YBKAR,0.1376966
CUST_CU7Q0KR5C3,0.028030714
CUST_FF5M64NA2B,0.035965346
CUST_19Y1IC4RZK,0.07245968
CUST_516L11PS5G,0.8979443
CUST_CIJOID8ZE3,0.021327697
CUST_AD9OZ3RD1P,0.061673533
CUST_2JBJ3LRCTC,0.09692957
CUST_3MDO34MKUP,0.026580688
CUST_ECCVJULCDJ,0.78120667
CUST_VERLLA3XPZ,0.024363644
CUST_WY4T4J1DX2,0.094296694
CUST_K5WIJANLX3,0.025999757
CUST_Y54GMP1FIB,0.028115066
CUST_YOS81HP9EH,0.033585418
CUST_AG468AOF8T,0.12739572
CUST_DC8YVA11QJ,0.022245545
CUST_I26QTFJB8V,0.029567549
CUST_DG9CIJV4JI,0.6576122
CUST_L1R8FWQ1LD,0.0268796
CUST_ZZLHHRHGU2,0.09180012
CUST_TG4QLV6GDJ,0.024758518
CUST_QA6HV9VXEA,0.02405455
CUST_B7DFFYLHQF,0.10995484
CUST_7J9AMYOO40,0.07944094
CUST_0UC9QBH8CK,0.025662914
CUST_MY9G44SVUC,0.080081366
CUST_XFMKRI24HN,0.13478622
CUST_CUI137EW2I,0.82225627
CUST_FS947NEWJU,0.019998124
CUST_4UIBKVDE9U,0.101669684
CUST_A545AFGX11,0.8407832
CUST_CKD3M9FLMM,0.024981828
CUST_RNJN6RVH85,0.071548775
CUST_KKNQMBVYMN,0.042382468
CUST_MPVHHIWCRF,0.033813816
CUST_EZTZ67BA4Q,0.06060795
CUST_AQXYX341IO,0.029026248
CUST_2XZCCGIH0L,0.022180546
CUST_441CANFYMM,0.024718229
CUST_JFWGYVTOCD,0.022846745
CUST_7SKHDWZ6SB,0.02374394
CUST_88TTL2PS9S,0.037336364
CUST_FHD16LRVZK,0.108024225
CUST_DETRNCHENP,0.059320845
CUST_BP09EFBPIO,0.029169183
CUST_N17A2MSE36,0.024735967
CUST_UAE0HUJ1JC,0.02926078
CUST_XANUWEDDS6,0.023942776
CUST_QFZT97U5GL,0.11266567
CUST_165H7OGNIR,0.19196638
CUST_0PJFX19IKX,0.025688864
CUST_KTM5U87ZDH,0.026236504
CUST_PQHOWXU9AQ,0.032248
CUST_UCLRMD7J58,0.12009357
CUST_N4BT52X98F,0.01968435
CUST_A3SGV4JITY,0.8375984
CUST_LEE0LPXB5P,0.06252974
CUST_JSQ572L89H,0.06590846
CUST_2Q8V6GG1OC,0.025835002
CUST_4L7N8FP95O,0.025255682
CUST_DNRF1PIM7E,0.021578018
CUST_UP2HO6Q81U,0.08163272
CUST_6CAQ0CUHPX,0.018869532
CUST_3W9SCP8P19,0.086380325
CUST_RMYRCY4EIL,0.08570788
CUST_VE9M3C4B3A,0.1511058
CUST_AGD9NQSHDK,0.15706821
CUST_R0RD7WFE59,0.032924473
CUST_PVXDYMYJFO,0.030421838
CUST_F224QUV315,0.13720441
CUST_X18M9ZY9JE,0.09434832
CUST_6QMTB7SP08,0.022911068
CUST_AX6KGWWU87,0.033680104
CUST_P4ZB1G893P,0.022493055
CUST_M4MI6XTFJL,0.13333268
CUST_W599T10LVE,0.034678273
CUST_0ZPJF2ZG4F,0.022132538
CUST_X92O0MTEAU,0.10913006
CUST_14BYUP4VOE,0.06293036
CUST_WSBNGGA734,0.07510451
CUST_7KQC695E2N,0.04420432
CUST_3HE4KNBS6Y,0.028046919
CUST_7JGTGBYP5F,0.10237612
CUST_ABADZEGIMJ,0.03885745
CUST_97FF0I1V0Y,0.09507402
CUST_5FVB46O00Y,0.08605874
CUST_861DJ0MQCR,0.08631299
CUST_V49PFJV08Q,0.12752078
CUST_WR095666NA,0.020300688
CUST_4ZR3IS0R15,0.09483539
CUST_VOC4YWM76Z,0.091942534
CUST_SUDOA5RH43,0.071436815
CUST_6Z2ORPEGLC,0.03352938
CUST_R7SWLMAYOR,0.02393344
CUST_FH7ZC27JOC,0.097121604
CUST_3BH7KN4MQD,0.019040419
CUST_F7Y91V1SQE,0.026723076
CUST_B3JDLOMINS,0.13883083
CUST_2ZZB260P56,0.024717873
CUST_V8F5U7RFD6,0.8281903
CUST_W9I5M73M8G,0.12055444
CUST_4L6B2KJ7FN,0.14829697
CUST_GRQXBGZ84N,0.037839293
CUST_VYI2H41EE3,0.02295489
CUST_Q3C7MJ83NQ,0.027569516
CUST_E5ZCJWGSYB,0.09178303
CUST_9CP897SDKW,0.02645171
CUST_YRZL4U9144,0.037769012
CUST_5U9P3OVUU1,0.10063996
CUST_M8SAGJ9494,0.023128344
CUST_HDJVKB9ONG,0.08028804
CUST_TNB4RHNAO1,0.09485575
CUST_E5FQ762NOL,0.08399081
CUST_BRB9A3UTJ8,0.028290162
CUST_NJP5OT05IT,0.01774549
CUST_G2SM7BPOXJ,0.11614432
CUST_85W2ZZ9RRY,0.019663775
CUST_J00EJTFU97,0.08035209
CUST_K8TIZVVQLC,0.023783805
CUST_G6WBC8VX8A,0.02366877
CUST_IO5LBSI6LZ,0.026923826
CUST_3BELTTNS6T,0.03275874
CUST_FQREWO0Z8W,0.08918528
CUST_78366M1TZF,0.11203391
CUST_QGSRNLW89R,0.037768763
CUST_RX360IZFSE,0.12009656
CUST_HIKRZE81EJ,0.098256566
CUST_WEY9536347,0.02208056
CUST_PMG9D8JFDJ,0.042472124
CUST_KRYO77K3M5,0.11457891
CUST_ATY28DCERA,0.02570484
CUST_GSRPU7L3CQ,0.1342688
CUST_LVVDXXVPG9,0.025185725
CUST_RL22MMZ0XG,0.03360207
CUST_C5Z3Q8CN2Q,0.020635901
CUST_TPYMNGSFL7,0.020919625
CUST_4USFLOZ19L,0.7168813
CUST_QRWTR55KY9,0.110640675
CUST_M8DOOPOG60,0.102127485
CUST_OC9OG1MFO8,0.13449207
CUST_GG50JD1RF8,0.036769304
CUST_UDWSZ6LZL6,0.100134894
CUST_VKMSH1EQFY,0.08530197
CUST_8WEKAKCIQB,0.058162306
CUST_QCW45Q4E63,0.095228545
CUST_6GOY571WGN,0.026866201
CUST_QIGUNHKN74,0.03229362
CUST_3LHV372LOR,0.116457775
CUST_9NHGPIWBYY,0.081385575
CUST_4TE5UZ8V3I,0.019637564
CUST_HWI2QC1NBH,0.09256967
CUST_236YF2DH2D,0.11343414
CUST_JOCR9K3P9B,0.02281415
CUST_HILXXUV0CP,0.08984187
CUST_SPYGY8K9L8,0.12928064
CUST_RZDH3BZL2P,0.15958461
CUST_MJL4LUP1U6,0.025888612
CUST_GG9LVKRPWQ,0.16715024
CUST_6A9Y7I2768,0.10502889
CUST_IU3LEU5IDT,0.0616252
CUST_F89CS53XHZ,0.09138442
CUST_UY1MCBAS95,0.036297254
CUST_R2K0Q0R4F7,0.09734235
CUST_BAI97C0LFN,0.12956835
CUST_IZ362ZEPV4,0.8338739
CUST_E6FSL2681I,0.8669231
CUST_P9Y1E2OOSM,0.023333898
CUST_9EEI2LNGEK,0.033035994
CUST_40DFSVVW39,0.02335135
CUST_TEHPL5EYWZ,0.04204897
CUST_QXVDWOYJ1X,0.021662103
CUST_JRRA18OX3N,0.044085328
CUST_LCUQK6MVPQ,0.10026482
CUST_1CLT8N1TL9,0.106246725
CUST_R6JR2CGVK2,0.112373956
CUST_VT5F6U2JYO,0.07377433
CUST_5AZLBOGDI9,0.029457461
CUST_07BUASYSUC,0.027670175
CUST_R7VFQRO0DM,0.1444628
CUST_1WJPOJ21IC,0.04448289
CUST_VF5L6MD1S3,0.083976835
CUST_1889L065JI,0.028227199
CUST_QYDKA0XR6V,0.0228278
CUST_Q3C8M9S0S4,0.7566515
CUST_841J9MTVJC,0.8082741
CUST_2MN8827TBD,0.022802582
CUST_6PIM3UPWL3,0.17195432
CUST_OE2F6VB93J,0.10726517
CUST_9J2DHX6I0R,0.027280077
CUST_NJCXMK84V7,0.026599249
CUST_GHX6454Z38,0.10791111
CUST_1R7NXRE9CM,0.029852632
CUST_JEWQBW84J8,0.037729096
CUST_ZM34OJKY9Q,0.021178756
CUST_2HF7Z3DLJJ,0.036391605
CUST_ABW3VD54VJ,0.19818398
CUST_W0N5VGDUS1,0.028890641
CUST_HHNVVMP7MR,0.09562629
CUST_ULC447TE6E,0.030219214
CUST_YVXR4AP2YN,0.6407256
CUST_EQDLYY32HH,0.07002286
CUST_CJUOC7QZ8Q,0.025746554
CUST_JRYJ8AK2KU,0.06359527
CUST_MOO0JOZCCD,0.044955507
CUST_FICCAME72M,0.070126735
CUST_FWOI6ZA32Z,0.025925951
CUST_D105LVG2PT,0.02941258
CUST_GHZ8IWXVAB,0.06642501
CUST_WUINZT5OSP,0.044369746
CUST_2HKKNQX3F7,0.089342244
CUST_B44TGOGTFK,0.101750545
CUST_DX0ZYEQG2E,0.10057923
CUST_Z352OB6PNG,0.04407479
CUST_T5IPB5Q8SF,0.079944834
CUST_TI4OMG7CRL,0.029772159
CUST_WPJQLR9ZHG,0.8450817
CUST_JCO1VZ76UT,0.10579885
CUST_DKLIVENKL8,0.035253715
CUST_A4QCV3PJFJ,0.1128619
CUST_NNDPV6AO8N,0.035835452
CUST_O47B0P7OXA,0.036974728
CUST_20P4JFWQ78,0.102808364
CUST_88INM4EPU0,0.12064286
CUST_CYWV1EYV6F,0.024453182
CUST_BWOFZ22OKU,0.1769244
CUST_J78JNCJNAF,0.019870328
CUST_8F6SMLG0LO,0.09274231
CUST_ZFF3ZONPBI,0.097381406
CUST_08USH93H12,0.09275032
CUST_CF64UF822R,0.035759676
CUST_3U2L8U9WBG,0.022732625
CUST_QICF9756KS,0.018269943
CUST_0T308LHI26,0.14988829
CUST_YY1O56UJSI,0.13947365
CUST_UZWWI28SHP,0.029140063
CUST_JJ4VLJD1DS,0.0910495
CUST_FKLYYA7HA3,0.024285117
CUST_X1U44R2SXI,0.837636
CUST_HMMSO0LV7B,0.03657302
CUST_OU8QZ9I2XJ,0.019993415
CUST_01JB18VLH8,0.10226657
CUST_FW7NMP62LB,0.8830478
CUST_TIUXZMFNTE,0.8736705
CUST_KBAMUX441P,0.024897106
CUST_Y91AV1SHRB,0.8031417
CUST_M4TTXTZ4YE,0.029585218
CUST_U46HQJMWA2,0.13294926
CUST_P8OSQSM3H4,0.032488134
CUST_V631LM11FT,0.07162006
CUST_MZNBS49TF9,0.052994635
CUST_L2HHK5Q36O,0.03271078
CUST_RROGOP648C,0.025102027
CUST_KF69B3OL7O,0.10491031
CUST_C0WLIWGOAM,0.026489424
CUST_4DEQWAA94Z,0.09638618
CUST_3B6DLDP4ST,0.10521684
CUST_HCGVKSANYI,0.027345551
CUST_I5KTBWELOR,0.027175574
CUST_FL6LZY7J8M,0.08210386
CUST_E6W0URQU9H,0.031640287
CUST_D2VY9ONHN0,0.09786313
CUST_QGE4SSQ51G,0.028351815
CUST_GAU6I1U7HR,0.020180037
CUST_HLTNSVJ79C,0.023430984
CUST_RU965ML46G,0.02923913
CUST_RTYG0H66W5,0.1200456
CUST_8UVBZWYI5U,0.10070912
CUST_EJ8N728Y2L,0.02479021
CUST_M7D24EBD6T,0.07795421
CUST_AUPO01YOYT,0.028530464
CUST_O6F50MCDED,0.13162737
CUST_BDG8MWAS8G,0.106044374
CUST_JV3A7ET1PN,0.12173739
CUST_9E041N0F0N,0.024148084
CUST_1MS4IAGCW7,0.094471976
CUST_ASQGLSL09L,0.026821675
CUST_QNLSRGILU8,0.030671712
CUST_QDZ3NL0OAN,0.029406106
CUST_JOXUZBSPSF,0.023662314
CUST_MYBASAFEBV,0.09657046
CUST_U4O2QBXYN0,0.08623637
CUST_MRL4VL5IN8,0.112118244
CUST_ZSW05TWDGJ,0.019590054
CUST_A9HAVHKF8M,0.045875844
CUST_V3TPWHAMYE,0.026016934
CUST_BX0J1QPWZ6,0.031952277
CUST_RKB6JIWEOG,0.828906
CUST_MCNEXYHIZZ,0.05855653
CUST_XB6QTRXUM1,0.102595
CUST_2TGRW1BOUQ,0.14134294
CUST_XX0A62BC3A,0.022844149
CUST_W5FJON4IDA,0.10940755
CUST_MGMYD3AMF3,0.034307145
CUST_HGVQ2N2W40,0.027670782
CUST_XJ0FZFBTND,0.029247455
CUST_R87410AAB7,0.056081172
CUST_UZD50RMFZ7,0.112527385
CUST_LA1X59L3K7,0.02528418
CUST_IWEXQ1M8ZM,0.03737537
CUST_QTCBPAVURN,0.020747114
CUST_P9EAKBQ02L,0.13972351
CUST_GHEEPZGQP6,0.03327177
CUST_OVE0WUAKC2,0.79311115
CUST_HGNOZD7CIY,0.15598859
CUST_HEX0MW65EK,0.03665047
CUST_YLV110TOBQ,0.029045478
CUST_7NYTDT0CA2,0.06340098
CUST_0EW9PL2TP9,0.13766935
CUST_CM8LWFB48S,0.07989955
CUST_LXEWU6IZVT,0.030282894
CUST_I5WBGCZZ9O,0.11531042
CUST_729FBUAHVX,0.070079066
CUST_23AQRVABB8,0.10691594
CUST_WQPKUFANXZ,0.13117963
CUST_CMG2YJ4RX7,0.08390726
CUST_U5KOZIOW0M,0.09095027
CUST_20LLJ2KPIM,0.021660794
CUST_K95AF3QA32,0.07812074
CUST_6X70GPO3HF,0.022343215
CUST_3O7V0O8SWB,0.10043841
CUST_6TKDLT9OVS,0.03182672
CUST_KL7XR4X3E9,0.032201026
CUST_UH8RWEEKU6,0.028752696
CUST_WQ8M6I902B,0.033199415
CUST_RP5SUHJI3C,0.07953524
CUST_E54Y9VS9G2,0.026216356
CUST_LCBRPS30ZY,0.0321638
CUST_2W2VBHAH14,0.10037918
CUST_LPWORBDO9B,0.023182046
CUST_CJJ09F6UCA,0.036085054
CUST_5AFR0HXRIL,0.036285095
CUST_6DTVZJ84S4,0.045063913
CUST_4HF2ZX46DI,0.11438555
CUST_0A64UVY1B7,0.7993806
CUST_1TPZ3V2QNT,0.12817235
CUST_FMHORAAWKJ,0.10449024
CUST_VO8NRRLOQB,0.028150229
CUST_IZ4JG21UMK,0.07875073
CUST_DTZQZABR8Y,0.036354583
CUST_H9XJL56A53,0.7257904
CUST_DGU6HU594A,0.028916014
CUST_ZGSCBP44C8,0.07039313
CUST_5DSNM2BMU5,0.025480138
CUST_62ZB8L6H0J,0.050281495
CUST_1SLFG77VCJ,0.02085127
CUST_NUSUXH3PN5,0.11280321
CUST_A48XO9939S,0.105777375
CUST_7UHZFMOWLC,0.028743377
CUST_4L9TQ3JYG9,0.09565439
CUST_RJRFFMPS0E,0.115084745
CUST_JCC22MHRXF,0.02436535
CUST_7BLA0AIGO7,0.028033359
CUST_DF09X0WWT6,0.147822
CUST_J1NSELQG2A,0.028541997
CUST_Q6A56VMK3F,0.030123288
CUST_DKG8VT1PD6,0.035617456
CUST_4C5Y7D6YOU,0.12225779
CUST_HEN7DT5AX6,0.030437263
CUST_OA2HXN35F8,0.022488536
CUST_XI1PK3JARL,0.18769038
CUST_Q7FKEJW8DI,0.034553766
CUST_J0RU9IE8SU,0.022887552
CUST_77ABG7SP2A,0.03044838
CUST_Y4WJGKFY06,0.03362121
CUST_RCEEKZG9U4,0.031972323
CUST_IOZKQWN5ND,0.03024592
CUST_TU5GELUELV,0.79354507
CUST_R5L896VAFL,0.08499332
CUST_Z22HUFS1UJ,0.121383935
CUST_7FLJM77W3L,0.08077317
CUST_BLTKJYRWQQ,0.02543434
CUST_VOW91T8HXC,0.068594135
CUST_AC3OWVCHBQ,0.86529076
CUST_YJXCMF0ODP,0.0943396
CUST_VBKUQDS8DS,0.026861625
CUST_PSL5UH6H3D,0.029586498
CUST_7WWB6DDOH6,0.033725075
CUST_LS14Z6VVAD,0.035495415
CUST_KFPO0K30ZJ,0.072146244
CUST_HHAOGC74TY,0.026970837
CUST_YONNDKAR9H,0.02210864
CUST_PHL33TGHIF,0.04201871
CUST_G9XP12KIXL,0.07809327
CUST_UI1GNN5YNJ,0.8610951
CUST_P50T1U61AN,0.024001684
CUST_MOTE5VIKPK,0.034328982
CUST_WGB6BJKCSV,0.01996827
CUST_DH4X5PJTO0,0.032647982
CUST_FW8HVCGTRU,0.095463976
CUST_XT7JLL8UMQ,0.026897665
CUST_8C9PU4JR8V,0.094723776
CUST_67TWG87TZ9,0.8373013
CUST_TASCKL6GQ6,0.09203286
CUST_Q6D3PGB1S3,0.032005742
CUST_2OC4R7AHEI,0.0488794
CUST_TFU0THA299,0.024456918
CUST_AR7PZ9G9RM,0.02509789
CUST_D65YLA7R6Q,0.1169587
CUST_Q8CAGATDEL,0.020343788
CUST_OC701GUE58,0.028850533
CUST_I6DS4A2QW3,0.033706054
CUST_3DK88MBD4T,0.029003505
CUST_UG760HBGKJ,0.8318756
CUST_9T71QQYQ62,0.8728065
CUST_Z5ALMUYK3I,0.022561219
CUST_WP0YGIU9G4,0.1271499
CUST_LZJNIUCI94,0.020583013
CUST_30UFIXSCDP,0.036149878
CUST_RM7KG3DUOD,0.02101929
CUST_UASUFXJ4N9,0.13537307
CUST_B91QVQM0JL,0.83952856
CUST_RNB454RZB4,0.87493944
CUST_2IM8N3NO6E,0.17078376
CUST_LL09A5ID82,0.13214979
CUST_FOETL6YCKG,0.024481079
CUST_MWRTFW6370,0.11482964
CUST_L7QPAVLFUU,0.024690507
CUST_GMRPPI1ZGM,0.14282392
CUST_0V2QENYZMK,0.8271036
CUST_RZSK0QF8R5,0.034527984
CUST_ZQ5P3HHOY7,0.8531314
CUST_HH3MS5W4DI,0.024413861
CUST_7BUK47WDAW,0.091694176
CUST_NZXXE8T7OF,0.019853262
CUST_89E6694R95,0.027447248
CUST_24C33BZ5ER,0.11170971
CUST_808RSJ0KDJ,0.885465
CUST_SGPZ11GA2I,0.07744327
CUST_MF48OLRRMR,0.070530035
CUST_R73V8DVGQM,0.022529107
CUST_42BNWYZVLB,0.03236839
CUST_FT3JF8TWVN,0.02002864
CUST_OKR3F62AX9,0.02708794
CUST_EXHHTYJT2N,0.069855556
CUST_MLLZ7LSLT6,0.11732364
CUST_ZJAT820H8J,0.036743663
CUST_4MP32LI04R,0.10384441
CUST_3M9GONIQKT,0.10368641
CUST_J6OPC96N2R,0.024702497
CUST_1E3HYEGGJK,0.04175127
CUST_3X3G91GP4J,0.020680182
CUST_3E0R1CCKPA,0.024319585
CUST_8B0W2P0BX6,0.023907017
CUST_S6DVKZCVZ8,0.026920335
CUST_CATI52CBDF,0.020021308
CUST_RGJYFJ7GUK,0.027717957
CUST_7HEMUHGI0H,0.03687299
CUST_FDFEDNJFMB,0.057928458
CUST_DCIREPS289,0.03283682
CUST_7SYRLZ4BXS,0.10123029
CUST_3F4HP5W00X,0.16039473
CUST_OGR1DRZXAN,0.039953664
CUST_4NDD0RR4QM,0.03267965
CUST_ZSAN88YO6C,0.024801372
CUST_R2KVFO641B,0.032372177
CUST_UWGL3WYJIC,0.03371381
CUST_TWRJQ3LXXO,0.086279206
CUST_S8SRZJLO8T,0.039127633
CUST_OSC1TQZ6GE,0.16434847
CUST_BHSB6XAXUM,0.03391185
CUST_OUYUP9VXM6,0.08918045
CUST_Z2LW7FXFAM,0.04119693
CUST_8EM1344UO9,0.021369426
CUST_4R2ND0ZBY0,0.029592378
CUST_TULTVMCRLX,0.02488375
CUST_JKSEO67952,0.022406887
CUST_XJJJRJ7B3G,0.06928617
CUST_0Y9W66KRG1,0.019782413
CUST_LGYA9BDZ33,0.12641633
CUST_H8RBXLF0P3,0.13037129
CUST_LV62XEQAYC,0.14189027
CUST_TUXQHPUWEW,0.1197734
CUST_3KQQ4EE45K,0.1540159
CUST_KGC9MR6UJ2,0.215378
CUST_FOBEPWMJ5Q,0.033766847
CUST_Y3Z00ABSXT,0.13706444
CUST_FW35SPM8EL,0.024369251
CUST_TYFTS997L0,0.043898344
CUST_X9T2DMZCXC,0.0385885
CUST_IRQCXJ76U1,0.02419626
CUST_A39AMGLCLY,0.026782185
CUST_FGH6CRT6WB,0.11165681
CUST_5DJD4YPFS5,0.108585805
CUST_VYEH11DSPR,0.085319325
CUST_INMHM2QVB1,0.094078824
CUST_MF13FG5C8W,0.022989463
CUST_G2L1A2YQLV,0.028583046
CUST_VC6JNOB0E3,0.10330944
CUST_Y7H2L21507,0.12276007
CUST_ELFUBQRKE3,0.10184356
CUST_U0CMIBS369,0.05472717
CUST_40IM4WVAYT,0.023748064
CUST_JAGZ1V1WZH,0.021019422
CUST_W9531461II,0.022813156
CUST_AGBCB82DXA,0.09351997
CUST_1BB71BERI7,0.028188612
CUST_N03VRQOWCW,0.030604245
CUST_IYHT65PXG6,0.033205874
CUST_POHWGL8QED,0.1153072
CUST_37A1E3D0QJ,0.038425367
CUST_M2JX449JTS,0.022765456
CUST_JBNLBXR3Z6,0.10686651
CUST_2ZIWN328TX,0.118312806
CUST_C8QDAL4KST,0.01921687
CUST_EOY8X1AQQJ,0.019866781
CUST_W74LGSCI6B,0.12135544
CUST_FUZ2GV4EI6,0.023788381
CUST_KEHBGRM5MB,0.025130361
CUST_OOWWEKPC00,0.02450918
CUST_KFVMVXP17K,0.08529043
CUST_R2YS93HJF3,0.84090513
CUST_WJIR2W9YU1,0.022569217
CUST_EX6SBIR15V,0.024033513
CUST_SLD0VTJQ56,0.11171567
CUST_GW8DF4YERM,0.02911617
CUST_WK7ZK520P1,0.023008937
CUST_XYA83Q85NI,0.02149838
CUST_GZYOKM2K1K,0.14620593
CUST_AXIRYN2NSU,0.022241034
CUST_6I3DDK8FUF,0.028989354
CUST_SN0GTNKXTB,0.08828227
CUST_R0TC73HSZJ,0.025011035
CUST_YRKIHN4R3G,0.14844121
CUST_I8JVCQHGW1,0.03282803
CUST_E0DEF3C369,0.8441205
CUST_W144ZKB99P,0.15884441
CUST_9W5GHPPJQZ,0.028543793
CUST_IXZPSEO8YM,0.028481156
CUST_YGC6PE9HOP,0.027283708
CUST_UCU4T2BMD7,0.08187332
CUST_7OYIZCV6ZE,0.09689177
CUST_NO48CYCO2O,0.029523198
CUST_48ZP0TBLBG,0.09944988
CUST_NR57OT3205,0.031576548
CUST_VR041FZAOH,0.022617197
CUST_AJIG2Z6K3W,0.10010957
CUST_TWC8S89DFC,0.10568403
CUST_OJDDLSHP1G,0.023642717
CUST_GG5BX030FL,0.07152269
CUST_P22C37BAS5,0.108845584
CUST_2ZHJ5M6C8I,0.10144294
CUST_M5BSTTJYJC,0.056997374
CUST_BL1KSJ9QTD,0.02354005
CUST_FPAWEMARA0,0.1021532
CUST_NL55Q2KJ4K,0.1277005
CUST_KE77VD1VX1,0.2354753
CUST_5WCMHW1A44,0.0890524
CUST_TAJ7O99NPX,0.023971679
CUST_91XL321TK2,0.027681695
CUST_L4S2SDIL0C,0.089585796
CUST_4U7HXP3UKM,0.09568793
CUST_Z4BIF70Z7W,0.034491457
CUST_VYY1RYOYN8,0.77617794
CUST_2CCLGXQPJS,0.17255415
CUST_BF5ABDDV08,0.02365657
CUST_AU5JMEMPU3,0.02574838
CUST_0BQX9TD1RN,0.06496059
CUST_GQ17URX7ZD,0.087614216
CUST_JWMHMZKOCJ,0.025408605
CUST_IQE5W5RCYO,0.020764444
CUST_F5THWPLI2O,0.027757457
CUST_MG2TB21SBF,0.023545165
CUST_V8IOHFW6BG,0.032791357
CUST_BMSNIX9NA0,0.02682136
CUST_6H1M8BF0KI,0.025161661
CUST_YGT2LOXIQC,0.09251345
CUST_YP2SCQSOAM,0.029366054
CUST_ZAOTSFEB6I,0.019299867
CUST_UHFXYLWVDV,0.74181306
CUST_Z20Y74UPVK,0.024966892
CUST_Z59CV3UQI0,0.09947243
CUST_PFX3R1JXY1,0.10492076
CUST_7ADE24R1LV,0.02894382
CUST_KE7NSXHLYG,0.18605554
CUST_ZX4FAUDBBK,0.08824391
CUST_MZ229UFHX4,0.07507093
CUST_0IE77YC4J6,0.02712961
CUST_E90GNHYXEI,0.026706086
CUST_2C5V6T4RGT,0.033293664
CUST_F2PT90U85D,0.027050119
CUST_KOGD49Q9I2,0.14212056
CUST_QAMS2CYA05,0.09190657
CUST_8COZ5B1DR4,0.035336316
CUST_AWBAZ8CN3O,0.82370204
CUST_RZJ6TF6F2W,0.029837156
CUST_Q3252MY19U,0.06307823
CUST_H0AOQL7S3K,0.02630925
CUST_UCT39JKRP4,0.032236256
CUST_53MAJGDR4G,0.097365
CUST_SW4LYLLHI6,0.023928357
CUST_4M1ORU2ILS,0.02838549
CUST_G8UV1VCE85,0.028677477
CUST_GIAC1I3PFA,0.84817374
CUST_28KLK5C5DC,0.13182934
CUST_PUHCX73ZYA,0.12200751
CUST_FR1UA9IA6Q,0.10311396
CUST_XK7CWFZ1J8,0.026752459
CUST_0TUBSQ8S60,0.13075298
CUST_WNQM95K80F,0.096478686
CUST_WPFK4WA1XL,0.031462185
CUST_4266I6VOJV,0.030213142
CUST_EAOTL1PH30,0.022880016
CUST_VWF8YYAJU6,0.0395077
CUST_P9OYSUNJ5M,0.036598366
CUST_DSJZSUV51K,0.8964665
CUST_WPP8FS86IQ,0.8997258
CUST_SNQQQUKAFI,0.14264864
CUST_97FLVPK147,0.02356295
CUST_HD1RZUS7QV,0.024414247
CUST_S0WGF8MIGB,0.09071132
CUST_LFBDIE0ZRY,0.046330802
CUST_LRK8PB8D9Y,0.08267154
CUST_8QTMVIYWKK,0.03287905
CUST_RSGEVJRIOK,0.023035167
CUST_UJNS32B6HV,0.09751844
CUST_F86GF0PPEE,0.033438813
CUST_GJ236WJ5L1,0.032743286
CUST_66B8LX38YA,0.116112925
CUST_PEVWUCOUT3,0.019091778
CUST_5X340I0YX8,0.10681234
CUST_NYPWW19ETE,0.03286303
CUST_8QRV0UT0CJ,0.10526422
CUST_VZ1YGJL0P9,0.13358296
CUST_5QA22B109R,0.020673288
CUST_NMXN437BOG,0.07476313
CUST_U2C8T57IUJ,0.13605465
CUST_1J6MVTX7EH,0.03825105
CUST_C2YH52M293,0.8470036
CUST_SQI81DTFI2,0.039981235
CUST_Y4S9XDR0GO,0.022620115
CUST_N3C70BDEWB,0.8498348
CUST_RGL05CBDTC,0.024669765
CUST_B7NQT1SU3G,0.096921586
CUST_HKDK61E57P,0.10105933
CUST_CATO4JB08T,0.09682
CUST_UO96YYT8JK,0.029269395
CUST_WC9S52HRKO,0.023950472
CUST_LC1AIUQWO9,0.13391699
CUST_BPKKH7R2ZE,0.10723293
CUST_DF3NRK2PXQ,0.10257801
CUST_0XNIQ9NFRS,0.12700686
CUST_KS47OEFBN5,0.024878591
CUST_QG1WHS1TGK,0.8693478
CUST_QK3RQBGB43,0.030970912
CUST_W36A9LYC3O,0.101204306
CUST_1J83Y57OGL,0.024872648
CUST_7FZVWFPPB6,0.12815718
CUST_H64G4T2LWT,0.8089337
CUST_OKBHG3YN4T,0.027187083
CUST_ABVA9TH9RJ,0.028799025
CUST_0ZG6I0T2G3,0.07580595
CUST_2V1MNMHA0E,0.17517835
CUST_NK9XSO6C7B,0.11190201
CUST_DVWSZFD0WZ,0.024802878
CUST_C2G90ADQRT,0.123984285
CUST_ZSVMUPYYCD,0.020825109
CUST_0ZQRFBA28J,0.021839922
CUST_YZX1ID3TTN,0.02598106
CUST_FLWXD8M5E9,0.023307702
CUST_F3WM6D7QIV,0.020165844
CUST_9NC0YLC1WD,0.039647497
CUST_NHEVZL0N4Q,0.8444172
CUST_G5OKKK2NM9,0.085804634
CUST_JR8TOSF86X,0.07149486
CUST_SJVC9HAHRQ,0.032505985
CUST_SNTHTI3BIJ,0.09386681
CUST_DJP7XYYQCC,0.067560464
CUST_D2NIT09ARP,0.038859677
CUST_2D11VUFSYB,0.027953273
CUST_IL8GQ5WUAW,0.07591685
CUST_7MRD2549DW,0.031034168
CUST_B23CYU67Q7,0.087842695
CUST_83XZG2QUCY,0.028172735
CUST_XKO4IU6Y0T,0.101441525
CUST_WRI7C0H8I4,0.11413601
CUST_KAHELU8ERQ,0.15984368
CUST_EFQMY5J7MV,0.02361913
CUST_QPUVBO68DS,0.022717789
CUST_NT6AMBAXWZ,0.86687344
CUST_C2ZT5EX8ZK,0.03048091
CUST_4AS0683VA1,0.8905677
CUST_BK22WRRWIH,0.021473492
CUST_PI63XB5ZBY,0.025146283
CUST_86QT32644E,0.07199504
CUST_UPO2XBN1RE,0.021600973
CUST_4YRMOFUF2A,0.020906098
CUST_0Q8GEZXZIB,0.12700002
CUST_LBGGB0RMDB,0.038371447
CUST_F0TE8Z0PW7,0.029495554
CUST_XFWYMCKPXH,0.02866956
CUST_1VISWBBAWV,0.028477963
CUST_4V0TAPS1PC,0.026174458
CUST_FVU8O8JIQJ,0.10555005
CUST_NGWOSGM7LR,0.85610646
CUST_5FJMI8XXUZ,0.022584364
CUST_HHWJFSQK6W,0.12633452
CUST_S6M9VKDKBS,0.12134466
CUST_CDVL0J1TO2,0.8729505
CUST_BYTL22UND7,0.1267026
CUST_MIM0246SAB,0.09495716
CUST_29OAXS1DVH,0.022507653
CUST_AIOTFGG5QC,0.022338748
CUST_BXQHZ2PBU7,0.76327795
CUST_GXUPLPLEE6,0.120526336
CUST_Y664TFXPZG,0.022273092
CUST_ZM9C27RE5L,0.028353786
CUST_3R7ELC630S,0.14758658
CUST_SADCRXCXUS,0.13619702
CUST_DNJNMW9PKF,0.029821495
CUST_GXD46CP62I,0.11719065
CUST_1JA2AHAOE2,0.02681949
CUST_R3W7PWCWX4,0.13069977
CUST_7DNDG7KAJC,0.02358154
CUST_E0AJ7HCEEE,0.0943628
CUST_I7Y8EYC5VK,0.025461784
CUST_328M38OJNJ,0.035269678
CUST_8J2CYSNXLQ,0.82861626
CUST_J8BXIF9VUG,0.020249505
CUST_DQI61FFH1F,0.15059707
CUST_K1CYDHGPXB,0.033091914
CUST_TXU3XAV7Z9,0.13011271
CUST_PWILFUOYZS,0.020473612
CUST_HBGQGFB4FS,0.09831343
CUST_0WLR5NZOQ8,0.031283725
CUST_I7S4V09OAN,0.02714301
CUST_EXPIRSLB8B,0.07031998
CUST_LV6F19OXYP,0.023976224
CUST_98MROXTP75,0.10006643
CUST_6FHTO5BGM6,0.031358875
CUST_VK35BL8CX1,0.027212167
CUST_CHW2B9BDK7,0.023873102
CUST_GBLANTPLB5,0.13507625
CUST_O7JL3XT2Q4,0.112153016
CUST_OX8M5KTZAG,0.031950332
CUST_EBNFA9QY4M,0.11619835
CUST_2TEEG0RXG2,0.027157202
CUST_HZ8WE1I73Z,0.024629738
CUST_1IQ3IZNV0P,0.031008516
CUST_8BE66K91AA,0.024409141
CUST_93YH3CDNEJ,0.018830169
CUST_VUWT0S8I91,0.020139884
CUST_CMS2UAB6C6,0.02269792
CUST_BJJVYV19OM,0.08622927
CUST_0SY1ADMT4I,0.024805438
CUST_J4YL1ZIHII,0.11618414
CUST_PFJISCBEXZ,0.027886506
CUST_IUT5U6BFDB,0.0380344
CUST_AKA9OB208M,0.03038506
CUST_ND9XIP8C8S,0.03562277
CUST_60SBP0ZS4Y,0.026076721
CUST_5HTNR1LQV0,0.14262879
CUST_SKO04OASTF,0.0962224
CUST_Q2K0THZ37H,0.05537279
CUST_YH62R1VX7O,0.030489082
CUST_3EUUSTZPMK,0.03249354
CUST_ASOHXCVU3K,0.026566152
CUST_K4KZPSII61,0.023281198
CUST_TAQPK4VC25,0.059013955
CUST_LE9R676ST9,0.07990554
CUST_JUOWHS02VN,0.033532474
CUST_ST1CY1W83Z,0.80328315
CUST_I2RUF6M4R2,0.087530375
CUST_A9BK7FLMH2,0.03128706
CUST_MO0SGWIBF7,0.02624997
CUST_3A0LX8R1JF,0.09328118
CUST_A4R6GMFH2A,0.03346446
CUST_EDRWN0S3OB,0.08062746
CUST_EQNZHDEOOU,0.07302419
CUST_M2S0HFL3K3,0.027149413
CUST_46SH1KRTKH,0.032971196
CUST_9XESLRQ6O4,0.022589134
CUST_UF7Z9P82TW,0.03149775
CUST_2T381ZWH0L,0.15096897
CUST_46XB8WI1GF,0.88101137
CUST_7IV17BYSPA,0.024953604
CUST_68OKEVGR1I,0.03216083
CUST_NOEL8UOYJR,0.028530832
CUST_CWW8HJHCID,0.12448216
CUST_A1PEAWBNJA,0.07855312
CUST_1H8A4Z0RDB,0.10102537
CUST_HWTHX6Y9ZJ,0.86908895
CUST_JLR4V1M8MJ,0.085361905
CUST_EFI5704EC8,0.12509747
CUST_OKGCBXY8NZ,0.13977592
CUST_2SBN5YLYZ3,0.024431966
CUST_B45Q0TWSKF,0.028824078
CUST_ENCPQG42CB,0.8908524
CUST_19TF9F8YMI,0.08787991
CUST_EE7DV7VGUR,0.1608602
CUST_QAUJFJKG3A,0.19026041
CUST_01MO8KO5J8,0.9284673
CUST_0JVH6JX41D,0.08297913
CUST_CFR8B0II83,0.10558688
CUST_7V91PCHQSY,0.030096523
CUST_C9HBT8YP78,0.8290549
CUST_N932P0LNY4,0.9059688
CUST_5HO29RTKFS,0.027723504
CUST_R6X8KK0TXB,0.024997521
CUST_YB5HNT5ACP,0.118911944
CUST_45MVC2256W,0.01960906
CUST_A9032F24TN,0.08629997
CUST_INAEOQ4LU9,0.030532055
CUST_66MGP4TUNT,0.08250316
CUST_T8EJRL1D2R,0.025484491
CUST_PHSLDRLRVJ,0.12619683
CUST_4YMKF4CMHZ,0.01972341
CUST_OLL56D78RD,0.110601656
CUST_K7POB72KRY,0.026861265
CUST_G7F1ZSLVTK,0.100050606
CUST_9OUUCF3KDH,0.022582505
CUST_HE84TO5PW8,0.09404676
CUST_J38W8U1IE3,0.12871788
CUST_BADVP9C4N7,0.028432135
CUST_K449J2MSW6,0.03550077
CUST_5AGMUBS7T1,0.027680209
CUST_R9MSPC4G8R,0.021985702
CUST_CAXBKR3O4J,0.029623793
CUST_WFQMMVKTZF,0.044997506
CUST_V5Y7QN2R4L,0.026794918
CUST_3HEVNZB8LN,0.028107287
CUST_HPMQJDJ3PC,0.034609906
CUST_MCXHTTAOTB,0.026983362
CUST_TA6DCFCWOX,0.02353341
CUST_KUHC6EAZXH,0.023505934
CUST_P3B41ZD2BK,0.8419544
CUST_LISQAS8OMD,0.023456868
CUST_JO6FA8DMV3,0.026136521
CUST_3P5PX5DMMU,0.11072643
CUST_LKA551I6F9,0.10336535
CUST_AEESBNHJ52,0.029778723
CUST_55UO9Y9AVJ,0.084939584
CUST_ZMLSU1CU3E,0.07575929
CUST_XE0177P351,0.08785774
CUST_H28DHO0C8C,0.075403094
CUST_3MF3VF9MB8,0.03705449
CUST_PBY43FRHZJ,0.036714535
CUST_MIR5MEUHSX,0.10102311
CUST_7ZI4NRMQKM,0.02215246
CUST_0OAHGN0MOP,0.030787025
CUST_FPHMR2CSAZ,0.035570808
CUST_355F5RD56J,0.10944551
CUST_I5U9AYVMZS,0.08590897
CUST_GQN48QUVOD,0.86053914
CUST_YKKF3I5P5D,0.035215754
CUST_CQXKHWJSIN,0.02602214
CUST_H7XZXJSEOY,0.024374153
CUST_BF71DT7R06,0.024196552
CUST_BKL37718ZN,0.09650643
CUST_4G6HYVJ7EV,0.022260593
CUST_A2LFAOH41R,0.025241828
CUST_F2J4S80LAP,0.030296097
CUST_981PGC1WQ8,0.027577851
CUST_MJ0P7WKKTM,0.033491086
CUST_PXHE2VYL56,0.035544872
CUST_382UVW2QFX,0.89699966
CUST_B9RU059130,0.030347407
CUST_QH0X9GFQ61,0.13339755
CUST_ABAHKH43AT,0.07503113
CUST_ER8OBHMMHD,0.83054537
CUST_71CU4DPIUH,0.14412455
CUST_W6LBOGSDQT,0.8052385
CUST_NL2K1UL2KX,0.1236498
CUST_SLYYHWP3OQ,0.028332237
CUST_07M253VMF6,0.12471882
CUST_2BHFD6JK0V,0.14251631
CUST_I7XLN2MII1,0.026460098
CUST_7HSCPPBH4H,0.054886635
CUST_IEL157PY08,0.8775703
CUST_RUXVA8JOL7,0.11928662
CUST_GWNVC1OLPP,0.08980803
CUST_RNI6VW5W83,0.08868898
CUST_0X024IX5FE,0.026544012
CUST_G7XJ3BF509,0.028846404
CUST_PFS8VHFBPV,0.026119975
CUST_MCJ7K3TOMD,0.02801609
CUST_RE7MX0BA2U,0.07068568
CUST_C4QTU84BP1,0.056178953
CUST_NEGE844T9C,0.027686797
CUST_29HWN3XJ6V,0.023093754
CUST_XDYKLHXWBR,0.029752813
CUST_RHZ3SCC2CG,0.035081055
CUST_QIQO796AR1,0.022074774
CUST_DS2CYCUEZB,0.024438143
CUST_J6VTE53NNB,0.033086963
CUST_4WUB7GMYQU,0.13312085
CUST_NUNWWHOKF0,0.124775216
CUST_RW07NM9KB2,0.024608457
CUST_1IXLVBOH3W,0.032896835
CUST_8A2ELE31MP,0.16946621
CUST_MA4NU1LN22,0.71270245
CUST_GIN1OTOP8Q,0.025385158
CUST_PW8TD5CGGK,0.1040011
CUST_S1Y971D02M,0.12666754
CUST_EDH407S1R5,0.040221155
CUST_66VXIR00JE,0.027840577
CUST_MFFD7K05IM,0.020900417
CUST_0ZBJ0US486,0.025499191
CUST_HL3TF70RWJ,0.046354644
CUST_L9CR4D0GLD,0.02615132
CUST_CRPBJFXAOI,0.12736002
CUST_32FXWFJIDG,0.034857392
CUST_80HJ7CNHMX,0.7786041
CUST_CY125GT2MG,0.0941934
CUST_Y6GA2TQMLZ,0.84290344
CUST_R0GWYVARWG,0.030741014
CUST_D0V4SV2VUZ,0.02477088
CUST_Y1P9SSR832,0.032612227
CUST_FB51GLTLL4,0.13588762
CUST_4V5D7XWK2U,0.021287635
CUST_ZMXNGOX76E,0.02063441
CUST_CW99L1I5E8,0.10611751
CUST_IP4XEH74ZJ,0.02183512
CUST_9HEB16BJV9,0.03250133
CUST_IEH603M1VV,0.1273801
CUST_8MFQJ1R3GJ,0.14083561
CUST_B6W1ITFNON,0.036359746
CUST_IK522GMY26,0.09189089
CUST_232JPLJB76,0.10643995
CUST_4D6H1J5U5D,0.106331006
CUST_HJRMYIJ7Z9,0.019678507
CUST_YNZY65IDCY,0.8473446
CUST_VX5V6DDQ32,0.03673546
CUST_KD2ZUVX9GC,0.089639865
CUST_DFEA9WRW48,0.02463711
CUST_PJ1V6MWDHE,0.11354637
CUST_PDI1HABPAT,0.023993235
CUST_XKIXCCBRPD,0.02576622
CUST_X4YCP4DTYP,0.19172949
CUST_APP40IDHCB,0.024463443
CUST_3J1V7BV0IA,0.02410692
CUST_F6F7BZ12CP,0.018454857
CUST_9NLVOVWLDN,0.11487746
CUST_WM1P7ABNPC,0.693459
CUST_9TFZGCVJ6T,0.14519389
CUST_7G5BXSCJCF,0.06760816
CUST_YML8TJPBFG,0.08865463
CUST_HMTVM00YVM,0.02662069
CUST_OLGXY90JIF,0.08573254
CUST_M9Q7D2DY5V,0.022684185
CUST_CDU3KQ5JRP,0.05108387
CUST_5CVK5L2HM8,0.02341297
CUST_ASX2SPW8RN,0.036968216
CUST_KJ3VZ6QTK8,0.033301324
CUST_7MQY5PCEIS,0.027618218
CUST_8OF4QOMKZE,0.031474553
CUST_8GWU7ANBBJ,0.11077168
CUST_RDDSZ5NPXB,0.11159801
CUST_91VOW7R9ZJ,0.10654103
CUST_EYIQ63MAB9,0.03079331
CUST_VJJ5WJAKQZ,0.1265444
CUST_IWH08AXSO5,0.08567754
CUST_L3DUTJC61R,0.11625416
CUST_46YXXRKEAZ,0.105189644
CUST_PO6HIH2CUB,0.028064037
CUST_XQ4YQ4UER5,0.104543164
CUST_ZJXUMKRD4T,0.020284515
CUST_N6GDN9MVXN,0.1034942
CUST_6804EZH58C,0.11829786
CUST_0CPEO1GSJW,0.03348423
CUST_M2Z19BKSZG,0.083429724
CUST_EBI0IQJDHE,0.029064277
CUST_44GCIBRRJE,0.023405652
CUST_UAAAT9RUZD,0.018566791
CUST_BBOTMXNV4B,0.028516935
CUST_WG5HMNI6R1,0.090267874
CUST_WVERT0PHPS,0.022149846
CUST_2LIJFDTMEI,0.021659328
CUST_KSA4KSEGG1,0.14548108
CUST_6MB7RZI1HE,0.08784421
CUST_4H2ERG6LKQ,0.024813699
CUST_6BPP2WVPAF,0.021353686
CUST_MMXWXMFN78,0.018911343
CUST_2PKRSMP5GB,0.03343666
CUST_PU7IA7V58F,0.024449365
CUST_31DLONYQPB,0.16521353
CUST_ZCTJWXZSJ0,0.01873309
CUST_DI1UZ7160E,0.0273281
CUST_DEJHNBQ0YU,0.025113085
CUST_G46WF5YP77,0.12847112
CUST_H3PGN1KP1Z,0.020259352
CUST_ZSACE0EJUX,0.027124966
CUST_PBC8RQMVDL,0.09993409
CUST_MHI2PAI93A,0.13548532
CUST_AEJHBCKZVO,0.15077397
CUST_EYXJMXCM2X,0.10199057
CUST_7596JLWGBN,0.1039443
CUST_4DQZO0EJSE,0.07757643
CUST_TEUJT9B7SU,0.02542566
CUST_HEUAYTUBTW,0.0317515
CUST_MFUZ5SUEGW,0.022097012
CUST_4L5T7AYASM,0.14007525
CUST_39CCAN524M,0.024338504
CUST_J152UBNJZJ,0.020536778
CUST_3NOEIDLM1O,0.13112001
CUST_371HBDH2ZC,0.13717873
CUST_01S321OYDY,0.018932547
CUST_CA0ZK53FYD,0.13893832
CUST_37K3F989HC,0.030399418
CUST_ZKXCWJU2H3,0.024025215
CUST_09M2E01J2H,0.022458225
CUST_LXKLVUQ4AQ,0.09069533
CUST_BHVOXLRNK4,0.85796434
CUST_LF8T86ZV67,0.02485203
CUST_JNXEO590U0,0.023238445
CUST_OAAD6XNLAC,0.023475066
CUST_GBJIGZF61P,0.07781134
CUST_WX2S94IFZZ,0.80913377
CUST_Q87NL4AZ72,0.024603263
CUST_IBBKCK9YFR,0.09414082
CUST_4XRB5612BS,0.03205584
CUST_SNR1KIO3JG,0.069287986
CUST_V40UG0FC9T,0.11001496
CUST_83J3FDBPYH,0.08703372
CUST_CCTWO6AJ0O,0.028194087
CUST_CKPX3P9060,0.025758166
CUST_JENS21EPF8,0.025258439
CUST_XD7D4E0H1E,0.023147045
CUST_P32S6B5BEH,0.084816895
CUST_0E6YJDF5C7,0.025138063
CUST_MPHIYKU1W7,0.10925316
CUST_76WPQVNHR2,0.021219248
CUST_8ABQKPECEV,0.13557541
CUST_51QTWE2E3W,0.6923856
CUST_GGU9Y23SZ7,0.09201212
CUST_CEYQREP0MU,0.023026958
CUST_F605991XMQ,0.022856828
CUST_NXH108N1IO,0.15381384
CUST_ES4XFB4B8N,0.12793297
CUST_656UAT596T,0.030232694
CUST_RE9PBP7FZL,0.12437258
CUST_7S0JDY29KF,0.02212714
CUST_JB26BMKXTO,0.1331013
CUST_S7NEDGSS2L,0.035664592
CUST_GW7BKBZK2W,0.10583066
CUST_X0A6R4WIYS,0.17529196
CUST_8K0J5JZR3Z,0.0271378
CUST_M20LYV0JM5,0.118736036
CUST_X7VUCSNPIR,0.027880859
CUST_M0Z8MNIWXT,0.80870277
CUST_B1DIPF8OST,0.029319102
CUST_PN7Q38607K,0.1459213
CUST_8TQ8PZDCI3,0.09078414
CUST_FRUIKN1EIQ,0.08296882
CUST_G8ARNKWVYF,0.040993646
CUST_RI8JL5NHRX,0.027481437
CUST_FZ89INDDF6,0.03497859
CUST_GE772D0GE4,0.02293716
CUST_9QYW222LRW,0.08377043
CUST_7DNA0Y9EYI,0.0265638
CUST_HUMV276039,0.041526783
CUST_71LA9BS0ZA,0.035011273
CUST_SNKXPAFJUD,0.023182657
CUST_4UXPHU6BB5,0.021934025
CUST_BM17T8REWE,0.035001922
CUST_CJNF5JYBY3,0.028758695
CUST_AZ9OI001OD,0.05622435
CUST_HUXBVI4VD8,0.82586336
CUST_MQ04HC6E6P,0.17675643
CUST_1TOSWT3ZQO,0.067136355
CUST_W3C5CD9JGY,0.09794226
CUST_BB8108SSZ0,0.1041779
CUST_UBXA3XIT1D,0.85393304
CUST_80YH4SEVKP,0.030361608
CUST_6VZJE9K6LX,0.026458614
CUST_L6PYQH4NKY,0.022921953
CUST_LN9NNSUF40,0.030213317
CUST_J6E9T0IMCC,0.081043236
CUST_SZYJZYTNZ3,0.098623976
CUST_1VKBWJFN38,0.81788474
CUST_F0H7M7ZOM5,0.085893825
CUST_IUDO7C6L7M,0.019807797
CUST_KSCO8LM6OH,0.077360235
CUST_C1RZWKU9BM,0.09890678
CUST_WHHVFPFFPX,0.044660654
CUST_JXL6OCOXI4,0.029070688
CUST_M8FYE1TDFJ,0.02703699
CUST_KVXB1UFCCO,0.10900477
CUST_VBUBZ3HI1K,0.13808751
CUST_43Q9IW1AA0,0.021922115
CUST_L82JVX0D7U,0.025198817
CUST_ODHESS5BOW,0.07901149
CUST_ZZHS11M7YA,0.03623896
CUST_RKD7QO2TT8,0.112377934
CUST_0XUTCZLWGZ,0.11488907
CUST_5J4FKFYWWE,0.8335416
CUST_V13XZIIJ6T,0.1671821
CUST_YDHA7QU5RQ,0.03214844
CUST_OH6OMN3FCU,0.021853896
CUST_4H2OH7XS0K,0.6463155
CUST_7FQHS9WMVX,0.12610629
CUST_XLZ9DIOK0D,0.12813771
CUST_TM7PYKASV5,0.021647185
CUST_9PKAAGQZ4Y,0.024586378
CUST_LNJWLV3BJR,0.08961917
CUST_642U6FXIQ5,0.90529245
CUST_941Z9H4KC6,0.059236694
CUST_7I42J7WDOW,0.09202332
CUST_3ANWO84WJ0,0.0310399
CUST_2DYMECQGLD,0.10185966
CUST_I86VUOSW6L,0.023401873
CUST_EH2TEWK29G,0.08865321
CUST_DA9SYASUWG,0.094855465
CUST_7JE0O6DKV7,0.025781127
CUST_IN2UM173HI,0.0417378
CUST_AB386V05LA,0.042803526
CUST_JOMD9T87DM,0.84648025
CUST_88UFL3LI59,0.033198826
CUST_33W6EKETD5,0.020555299
CUST_H6N1ALU1K1,0.07139269
CUST_4I70TGX7ZV,0.026683237
CUST_S5QXSOJ1BH,0.07525174
CUST_6I3L86QBQ0,0.13023217
CUST_TU37DEFYKR,0.028788993
CUST_F1DFT77SEC,0.024016283
CUST_EFRYRZ3QWY,0.023565892
CUST_YZLIBPUSAN,0.030103162
CUST_PHDZRER0K7,0.02389037
CUST_3O8UX8HABK,0.116928585
CUST_U90GO2EJ3O,0.112331554
CUST_PR35RU2V5R,0.025124393
CUST_WD8FEUJJV2,0.8313353
CUST_AXA9OJUOPE,0.14527415
CUST_P8B1B5NL5R,0.025406491
CUST_1ZEROOS2JX,0.028972667
CUST_S4HDQV4ZXU,0.095797844
CUST_XHW2Y3JOAC,0.018950522
CUST_ZD4J4K43E5,0.022920538
CUST_BKHI51SOQA,0.027130717
CUST_Y2FELB7UIU,0.10096885
CUST_W1OPZ1JA79,0.025935225
CUST_044AQOHF1I,0.03456565
CUST_ZWZIDAM4X8,0.11023161
CUST_SGMEDNKM4C,0.028104085
CUST_F3FT3KKK7K,0.0912954
CUST_5VWKYTVTNO,0.08388249
CUST_7JCZPRA7VE,0.026989214
CUST_TQ1ZE7M1KW,0.02874023
CUST_SXF1FWXAVH,0.024743492
CUST_2BV5HGY9WW,0.02342711
CUST_5UDH9JERFH,0.09736289
CUST_DR04VSUSDP,0.023880208
CUST_GDKML4SFFT,0.084057145
CUST_VGHSA1ZE73,0.021500336
CUST_EOTFQTQTVC,0.026173357
CUST_5KB9SVT6TX,0.037405908
CUST_3PIWN6J6V5,0.025298709
CUST_CM95HM19QS,0.08639249
CUST_9JB6WJ4CM3,0.068046995
CUST_V1LT6GJY7C,0.095527686
CUST_M1IGJBQPQK,0.04982462
CUST_GAF35FM001,0.08174905
CUST_S0I1VBI8F8,0.026758406
CUST_ANTY5H276U,0.018799827
CUST_ZQTYKVFQ7J,0.029811101
CUST_BGH0W0PRFE,0.10166958
CUST_X4AJC8O788,0.03635953
CUST_XW3C3EKBFD,0.026607385
CUST_773ETYF514,0.037024032
CUST_JNO99E4H9Q,0.7966952
CUST_DSPLO3VIVP,0.0280374
CUST_S2GRHFWPJ5,0.10889733
CUST_MIV0QK7WUE,0.021906229
CUST_N6NBHEF2VF,0.030119443
CUST_UPI774711N,0.08282996
CUST_OUFFBO6G1O,0.025960673
CUST_KQKUM1BOJ7,0.12756439
CUST_MQQVBEH4XD,0.12356316
CUST_KU3S1ZK4QV,0.09048124
CUST_99DYCZ5NIV,0.024324672
CUST_VEOEQVQW0W,0.035524372
CUST_QQX0KCUZRL,0.85228705
CUST_4H6BJOIPNC,0.029231044
CUST_BT0R6HWDHV,0.042169314
CUST_5ICCQILLTC,0.02367374
CUST_MI6U6H92O8,0.032314572
CUST_7SCRSF6W27,0.82377684
CUST_SRKVNYSPQ8,0.028808892
CUST_FUM6IP3XNB,0.030501423
CUST_TDDY398DWN,0.019571561
CUST_R75OPQ18O6,0.028352281
CUST_F3W7JOBO2N,0.02653998
CUST_BNDKX5H4GS,0.7585731
CUST_7LCG16V78W,0.021677585
CUST_OCDLL0VI3Y,0.1386544
CUST_MUVFD3NHH7,0.038193475
CUST_C93XWE5N8F,0.09854355
CUST_38VOKLT98I,0.02430537
CUST_QB8QHNQG66,0.113572985
CUST_Q3ULYR5O6M,0.066982225
CUST_GBB0L1LXVY,0.15844417
CUST_S0WKXJLS81,0.0202504
CUST_OYZNS29Z58,0.13008708
CUST_S7JPNBEUTB,0.031430244
CUST_4XXL6VASHG,0.09495083
CUST_6E5QOD5U7F,0.8635289
CUST_AH6WJNWQMK,0.027924763
CUST_Q2Q9XGL0OT,0.02231759
CUST_E7D3WPEPKX,0.036702268
CUST_U8WIGMKUVD,0.109786116
CUST_0FFH6TWAKT,0.095810406
CUST_AHE40QCJDT,0.07368106
CUST_VEROQ8EE25,0.0195521
CUST_K74KKGZYLH,0.019689059
CUST_5ODYYDOQD3,0.10590904
CUST_MQJGTHC0F2,0.092449255
CUST_YKYAY7PYIP,0.1421535
CUST_X1K4KQKSAN,0.02200455
CUST_7DNSR44P84,0.039439186
CUST_LHNLZOJGEW,0.09834507
CUST_OETT0QO8LK,0.033442467
CUST_LFDA0IGE4M,0.021425145
CUST_9GQ55J0LEZ,0.029855179
CUST_WY4ZMH20UH,0.03120961
CUST_R76CAE49IS,0.030314714
CUST_46C23QK7AZ,0.09337438
CUST_FJE8OSW4BT,0.026624484
CUST_BLXDDVFNB1,0.840805
CUST_J5XNJ12AOS,0.13203155
CUST_F6Z6AVQEBL,0.026546668
CUST_P9VTOF8OPD,0.022974582
CUST_5VDOKDIW73,0.020313978
CUST_I24JJT41OD,0.10255505
CUST_AJKKXG8EPW,0.112579376
CUST_C071UNSCCM,0.026717545
CUST_152WOL4TIZ,0.048754014
CUST_AFC8XLSNL3,0.09770508
CUST_VF3H6NA7VL,0.020213116
CUST_BK2909Q2UH,0.02919272
CUST_SRMEYELH5J,0.11893849
CUST_NQW288LPNA,0.042344492
CUST_1B6QK4KJ8A,0.03297498
CUST_G2U2C9TLLM,0.026926413
CUST_DI7CGGWL3H,0.038656935
CUST_J1J2ZZ34O5,0.03306439
CUST_C79LXO95TA,0.087742165
CUST_3WJGQBJWHS,0.027577136
CUST_KFV4LE73J0,0.104135804
CUST_5WRUJ6VVG9,0.89429647
CUST_F5DCBG57NT,0.7576501
CUST_NJWZMX561X,0.12783228
CUST_YIX2KR2JC0,0.124084495
CUST_U7WT67G840,0.033963937
CUST_E6DPZBEZOP,0.032111436
CUST_WQZ7B9U319,0.10870927
CUST_RK5R7QGTWL,0.8030102
CUST_JJNUIH772X,0.020229068
CUST_E2DBGCI6MN,0.8993555
CUST_3QUMB89SMR,0.020052822
CUST_803LH641YA,0.11687306
CUST_FXJHZNDCXO,0.01819637
CUST_WM5LGQ8MLK,0.02961542
CUST_PDJVEH81YK,0.02428357
CUST_7WZZ7FBCNO,0.035418697
CUST_3HIO5BVBC1,0.023285363
CUST_O369YHKW8T,0.83264387
CUST_2H7VFV6FNQ,0.027454218
CUST_CBPMO9ESRD,0.026634526
CUST_ZHH3TKMH9J,0.1724351
CUST_HIV3GAZHHJ,0.03206881
CUST_X9USFP0AYY,0.092467375
CUST_T7RPLSUCIF,0.14495836
CUST_VXB88MZXML,0.11322166
CUST_6OI7ZCOQHS,0.099916644
CUST_NW63RQZQDZ,0.021853989
CUST_CSCQXW4XI0,0.03308376
CUST_HA5WPR37C4,0.036024276
CUST_QHO4A9WKU5,0.039585527
CUST_VRGLP4NK4W,0.098654285
CUST_J4JV41DTBW,0.02146434
CUST_1G9DYQQMZR,0.025275333
CUST_KOMIV6077I,0.029861556
CUST_QKDCT6QPAT,0.101913415
CUST_7OIVLLWU1I,0.03841835
CUST_EHCWHUJOVD,0.022707492
CUST_OYQZYWHHBZ,0.021559507
CUST_PQALRRPFWO,0.023156986
CUST_T9ZUC0HKPO,0.09712231
CUST_E3K1GLMO2Y,0.03245232
CUST_EMVHEKSXDK,0.038103465
CUST_CV0V3ITNWQ,0.10559612
CUST_2L5AXEWIYX,0.12076722
CUST_LJN9COZ7TA,0.15366285
CUST_WR8M8NN788,0.12941587
CUST_EZI640D3F3,0.08435402
CUST_XFWZ1EMKSR,0.08074329
CUST_3ODZRGVZNS,0.16857411
CUST_OMN6DFQR96,0.028949767
CUST_NLT0RR81ZQ,0.028810294
CUST_XSPF84LMCW,0.5944256
CUST_M0ZQRWYK5P,0.13351315
CUST_4ABEGMV425,0.025418412
CUST_9JU8BYPL4D,0.025941437
CUST_88BZVKGO10,0.14168803
CUST_7U3G0NIJZ8,0.032043237
CUST_QSXJN3JLZ5,0.12002109
CUST_VDGG3B5GTO,0.028808078
CUST_M0FH9QGG80,0.25161073
CUST_JX748QR46X,0.027394563
CUST_9WSUXDLSDQ,0.026723592
CUST_7YGBW5PRT5,0.068975344
CUST_GYFK28ZKTU,0.022112006
CUST_JRPQELU4OB,0.059467975
CUST_R59TNC40R9,0.1430531
CUST_I811XEO8JV,0.03961082
CUST_9O7G9B2AXA,0.023353238
CUST_7JV027LDH3,0.17536633
CUST_NLK6CSM0F1,0.02216211
CUST_LV362ZEQVA,0.03188999
CUST_CXP1QKKZK3,0.040523995
CUST_1DKM2LGZSX,0.10529479
CUST_NFOEV1SY65,0.05987875
CUST_DWKRJHK7V0,0.022398263
CUST_O4H25KME9D,0.033225086
CUST_FQAFKONB0J,0.83666724
CUST_X1TVHAABVO,0.8984683
CUST_6N7RBURWQS,0.025611833
CUST_GPXN7PD0TV,0.030102935
CUST_1JGGWUHLLR,0.09769667
CUST_0IERJ0KO2Q,0.026539918
CUST_ESV3NXELOZ,0.02519255
CUST_5R2REPRCY3,0.10556533
CUST_6BF6388Q83,0.02580228
CUST_U494A9YYLO,0.09536923
CUST_NO7XMM2IOL,0.039730173
CUST_BQZ9I558S1,0.78501403
CUST_MHICVE12TJ,0.02893746
CUST_PFAWEKVYXY,0.12976289
CUST_3YZDTJ5TSW,0.020568516
CUST_UELENGKMKI,0.13510785
CUST_1OPG3UHPIO,0.02495858
CUST_XF6PGF0HHT,0.08734978
CUST_FEFOXI015B,0.03943868
CUST_XY0QGEXFNG,0.12848893
CUST_79NTD6H7GL,0.03147593
CUST_4R3443FOBG,0.02975637
CUST_Y5RZFAGDC0,0.0246891
CUST_IY6KFRWVRV,0.038528297
CUST_2DVSEB95II,0.02597023
CUST_ONIZ5PUGC8,0.023076227
CUST_S309K9KBK6,0.11290611
CUST_91SDF67GF0,0.13843274
CUST_ZE737C6U2D,0.024105838
CUST_ZBNINFE6XW,0.7853617
CUST_2ENCFFRIC6,0.019952076
CUST_X4GYR9GSCX,0.02462167
CUST_KELI6192MS,0.04353211
CUST_74CR491BTT,0.021104278
CUST_PBX270CIF9,0.80565476
CUST_NCGQXBJOBS,0.124567576
CUST_NLBGTH7CEN,0.023276737
CUST_YOOB5IVXZV,0.121260144
CUST_CZ1UF3DUNI,0.029249812
CUST_0NOYY78UUA,0.19356824
CUST_WFTUFM3EGO,0.07809198
CUST_FPUA5NU9F1,0.10713882
CUST_ISWTOZ0BVO,0.04808878
CUST_I1BL80RDYX,0.12085119
CUST_FG4MAFSG8R,0.02745348
CUST_7PHDQ6PX51,0.03484866
CUST_NE9UQ7VXNT,0.106209345
CUST_EEWL3SO3HY,0.1263719
CUST_REVVC3D5SG,0.11380119
CUST_B891HE4Q8U,0.023051096
CUST_2DBNKN3L44,0.1395873
CUST_0E3TPAHYC2,0.12022379
CUST_K5O9EYMU5X,0.049785167
CUST_4SZ5M3U69Q,0.026696246
CUST_I3YZ677AYR,0.056189016
CUST_G8VT4PUC23,0.028707895
CUST_WLNGCCX7B6,0.11542323
CUST_1O2HSQPFQF,0.022108138
CUST_HMJKYC54DN,0.8649284
CUST_AZGP3Q7MSU,0.039580937
CUST_5BLP2YT2DB,0.02414857
CUST_TIQ1LYNXZ1,0.040182434
CUST_P82BYLZGD3,0.0911888
CUST_6QW5JTEA0H,0.1098362
CUST_TSN31QS593,0.020282965
CUST_Z40PDRF5Z4,0.08221628
CUST_IVR4F02N0N,0.036744177
CUST_MZ91WEGW0P,0.026189983
CUST_YJXOYFX8C0,0.086860195
CUST_CBJFP53LGS,0.1268278
CUST_2X0O0EHKUO,0.023938533
CUST_JGM240DVOX,0.035296343
CUST_EDHZSQ6A9Z,0.028202478
CUST_V19JVF4R72,0.6589393
CUST_XFBDS4YFTS,0.092265904
CUST_KJWQEY8LJP,0.024133425
CUST_AULXJVPV1N,0.12388271
CUST_CHUE3XMVJ6,0.0788667
CUST_826T89HITD,0.14368117
CUST_CMK9DQHIB2,0.14203149
CUST_KZA1N7962Q,0.03705989
CUST_RK40GWCCZR,0.13370347
CUST_J1Z3ICGI6D,0.036370166
CUST_LTBG0IKMSW,0.06856305
CUST_3DTKF0XFAT,0.062160615
CUST_JOE5126UJZ,0.1399362
CUST_J6LNU1OZRP,0.0666753
CUST_PWBD9KB5WX,0.104503
CUST_9VWBL744EO,0.030272016
CUST_XV1A342TJ8,0.8447092
CUST_DIUGMSOO1W,0.680204
CUST_8NL30X1078,0.0307165
CUST_XFUI9AWDCI,0.086026974
CUST_32E5NM0PJN,0.8921626
CUST_LVCDR5U8U9,0.025291596
CUST_NNLPLJLOYW,0.10893704
CUST_SYF4NDS1JC,0.14747308
CUST_5WSFS8CXZ4,0.02311478
CUST_J58RKEAHV1,0.08817322
CUST_C9RAYXWZSL,0.01974739
CUST_INBK7004BN,0.11173367
CUST_WQ74A5GUG3,0.15252753
CUST_FRMP7K8UZ1,0.045085937
CUST_F186IWF9L4,0.026011413
CUST_Q7YH6N1QT1,0.027872078
CUST_1BH7BG2VSL,0.059389573
CUST_GMUJU1WMNB,0.10661407
CUST_ZBT4O932SU,0.03356511
CUST_O93MU17H50,0.024500249
CUST_16HGPFGAIO,0.11919684
CUST_SCCOLGPBF0,0.11745736
CUST_SIE6KUDU4G,0.022670938
CUST_PE4NF89MLT,0.024484105
CUST_1LGF0AARF9,0.1206675
CUST_X6JCVI1A9N,0.8043222
CUST_TP0Y581SQK,0.04288943
CUST_R5N2ASNDXE,0.03281928
CUST_K89KIFHNSG,0.7707558
CUST_MVSLSVJER8,0.023559557
CUST_QOJ426YIX4,0.018981067
CUST_2S52A3YYCT,0.023876958
CUST_M35RD75WS0,0.024490321
CUST_OF66N5TQU4,0.07132354
CUST_9C0KEI1LWL,0.025473073
CUST_S1PYAA2Y1P,0.10335706
CUST_OAOXPPXPOC,0.024617987
CUST_TCXJZ9AXUO,0.87644964
CUST_WWS965DMOJ,0.030836117
CUST_SRDOGR5TQ8,0.08963197
CUST_5DR8HP6K2A,0.8169293
CUST_SWC43DA3Y4,0.10225408
CUST_BADBYC8RZI,0.098664194
CUST_F1BSEO5ABL,0.021870349
CUST_E7EUX512DQ,0.027415449
CUST_UFAZEDATXP,0.038139585
CUST_PD25XG0AMB,0.039718702
CUST_336OSQA35E,0.123365805
CUST_QB305AU0WX,0.022436272
CUST_Y5MSCAAEW2,0.08122461
CUST_0QP22DXKMD,0.08449121
CUST_ZQK9UBHPDG,0.08189825
CUST_7I549B5ROE,0.036551245
CUST_IFE5574WA5,0.023467274
CUST_43OPN8BXRJ,0.027014622
CUST_6GO5UX3OT0,0.7860037
CUST_WJIXMG04RD,0.02151983
CUST_Q7SACEE86H,0.06348545
CUST_F23X3ZZ1YO,0.14454842
CUST_4OAEIOKHM4,0.08212307
CUST_CCKM9270KH,0.12217537
CUST_0RO4UD1KGB,0.08670248
CUST_G7AFRAM2P1,0.09329321
CUST_JYPA8PE5Z3,0.081421286
CUST_DAO1T86QEL,0.03512402
CUST_SW6RGW5UBN,0.8494691
CUST_MLTY5K38J1,0.0941727
CUST_CSLBGZ4X87,0.022719074
CUST_XKI1AS3XAJ,0.059579182
CUST_WFQHUJ71IT,0.027270652
CUST_JVVP7935CN,0.019989261
CUST_DDMB3CLY6J,0.14030713
CUST_A5HI0KL51B,0.11642321
CUST_6I27YB2EZ0,0.09250893
CUST_7DFV99M0ER,0.113551944
CUST_2DCLAX36K9,0.022590801
CUST_5ILKJ55H09,0.022485124
CUST_JPOUN4DXZP,0.023828201
CUST_9HF01F5D54,0.85877174
CUST_KLQOVHVBA4,0.03008562
CUST_T9IEFQ6AL8,0.14086892
CUST_WFWNHYXIHE,0.811421
CUST_YU03YXYEIL,0.11035664
CUST_JU2F6VVZ7N,0.027000217
CUST_0UGOFW8UYV,0.035943232
CUST_5YJRQPWUWS,0.116978884
CUST_D9FVYWNGS7,0.16154435
CUST_0C974QO6L5,0.15483889
CUST_0F7FQYQ550,0.7795625
CUST_ABP33SZZYQ,0.08451061
CUST_ZOEAXSWLTY,0.08347422
CUST_V53MSADSHL,0.06647833
CUST_9OWFWVV6PG,0.11468101
CUST_BANUBQ083N,0.09714847
CUST_G9LBAUDVDQ,0.09952142
CUST_71C6R2K38M,0.78083944
CUST_UNRMH6KLZ7,0.02570639
CUST_ZYLZKKMA94,0.021470295
CUST_30O9VLENF8,0.029651098
CUST_F43M5FYB4F,0.8001707
CUST_XUJGJQZVO8,0.021812655
CUST_8B49JEU0DL,0.76351637
CUST_DVPFQ93PED,0.78946567
CUST_S2NLRP1JWF,0.791723
CUST_9DQCEYZDFN,0.15812749
CUST_5317HVXZ2R,0.024941565
CUST_3MCW3H0KP2,0.18458788
CUST_M2CBPOXDMC,0.8673111
CUST_UU8FX0XNI4,0.121858634
CUST_IKJ753O5Z6,0.1179477
CUST_EPTOQHKDXJ,0.14100496
CUST_05LNDYPN15,0.11169805
CUST_RP26O3QQ83,0.038231444
CUST_V9W65F6YCW,0.021641986
CUST_FKON184GZY,0.027188603
CUST_D263KUZM1S,0.030761193
CUST_Z15SCA57XW,0.0915774
CUST_VXP92O2NKT,0.032666653
CUST_AERHB49XY2,0.026215162
CUST_0D34GUNNBL,0.101297274
CUST_G6IO58TG5W,0.083195746
CUST_20COUAC0F6,0.10754306
CUST_3T9DCVX3NH,0.031880673
CUST_RKFNATBKS6,0.020050725
CUST_ZFINCHMWBY,0.022405284
CUST_KF0SRVB7TP,0.029938769
CUST_1QNDMBFT6O,0.037729982
CUST_B031GVT7S9,0.09425781
CUST_Q0KTT5QCS8,0.09680274
CUST_KZWZ28DX5V,0.02867759
CUST_SH2HHMPLCN,0.022391226
CUST_WE836NX4PQ,0.06833324
CUST_O8TBHW4CNB,0.083882615
CUST_RU2C1OAEMH,0.040326808
CUST_Z3ZOV0WTJF,0.021842513
CUST_C4IYLHPOLG,0.030013919
CUST_A9XQNK03Y1,0.060905732
CUST_KB42ZTDOPT,0.028665485
CUST_X731JAX9AR,0.029185196
CUST_J4DFNHYINI,0.12333685
CUST_VF5YVIOABP,0.023363888
CUST_ZVDZL27KFT,0.07710501
CUST_T0VVXTVC4H,0.74762744
CUST_NOJJDXSJLT,0.020040257
CUST_DLEM2AUUPU,0.021981724
CUST_NHQ3RMF3MU,0.09648526
CUST_GE8LI7WOIM,0.08973462
CUST_04YZGUA16V,0.027086413
CUST_P86IDWJNPF,0.08879754
CUST_PUSU10HCA4,0.17793345
CUST_Y932C76EDP,0.118014865
CUST_KYZ3V21HLT,0.10757764
CUST_UMD9OSHLHX,0.019798003
CUST_8NRTBDBOOE,0.12904222
CUST_J976YW37AW,0.09557838
CUST_0FPT37P0VV,0.028616939
CUST_GU4E35AMPY,0.113003455
CUST_7IWK2VFM2Z,0.106241494
CUST_KUQY5K3NF5,0.8342781
CUST_KEDZWO6PTW,0.7020306
CUST_URNL7QJ0AU,0.035454888
CUST_PNDDNV4UI6,0.039655786
CUST_B3I4O0G97X,0.028646452
CUST_NB7LH9ILPL,0.055241812
CUST_BHTSYI32VI,0.10458353
CUST_Z600PERQSM,0.025401909
CUST_JM4GORBQUA,0.102500096
CUST_DKUDCON26W,0.1207414
CUST_6HCFXLXAJQ,0.030232241
CUST_9ZND538C4N,0.12252597
CUST_GRTA2YI208,0.024476523
CUST_FLPIVRHUUS,0.13063362
CUST_ZPH1FY466V,0.10913565
CUST_EZH4D4Q21U,0.031454198
CUST_KFF1OFO2FD,0.1293516
CUST_DW4G97BX1Q,0.02266601
CUST_0KR16BJVUC,0.027000869
CUST_LWIMQLKZH0,0.16177434
CUST_4AE66ELX53,0.124244265
CUST_6X0B5J4S10,0.092720665
CUST_E0DZFESVJR,0.10948229
CUST_BCJQDIXVVS,0.073860906
CUST_91621TO8KU,0.13023768
CUST_01JSS25MNL,0.06462009
CUST_19274YC6CC,0.030071324
CUST_5AU5NSEUPS,0.8533652
CUST_I2WZTHMEAE,0.11504309
CUST_A9XJKQ9P7W,0.024266735
CUST_SZ1AHNS1LH,0.04315112
CUST_JGIVWINF57,0.05867597
CUST_J0YY12X5V9,0.022265898
CUST_U9EN8TYMQK,0.022322688
CUST_T2LWQXRFRW,0.02517664
CUST_698FYSI5QR,0.025340095
CUST_7C194YNJA4,0.07125254
CUST_4PMXCQGHAZ,0.027491054
CUST_4OX7CQP053,0.033313476
CUST_CDP7WZMIZ3,0.02348342
CUST_7AKM0AMOGF,0.084222764
CUST_G0BQJU7QW4,0.028748298
CUST_PN60QFW1R5,0.05605359
CUST_Y3TATYJXKI,0.13331512
CUST_ICPFOODH7B,0.03399568
CUST_DDFASHIHZT,0.112581305
CUST_3Z1734JXE7,0.022507785
CUST_6V3YG7EIMU,0.07206884
CUST_PR8XX2X0A7,0.13424674
CUST_5FNRDMS24N,0.027192097
CUST_519QNLYYUC,0.030055419
CUST_GZ1EAHRB1S,0.030530773
CUST_G3V75KCOPB,0.09955796
CUST_PZ3BTNE6Y9,0.0284564
CUST_V5CROYK8T0,0.7864989
CUST_ZGQCSC866E,0.09419247
CUST_KHL6OXOIIZ,0.028003944
CUST_Z5W9N625NZ,0.050718497
CUST_X1297IFXES,0.04306734
CUST_4WHLS9SD37,0.04140172
CUST_5BTSHX44SU,0.15717527
CUST_VWSD00AJAV,0.15099023
CUST_PKO6XDL0ED,0.06475583
CUST_U0Y0SOJE5D,0.02742334
CUST_2IJPDGPT3K,0.837476
CUST_B6GJPGN98Z,0.024474269
CUST_3SBZUPBSFY,0.020599317
CUST_TW08V4L81K,0.10738808
CUST_EFQRALWZ76,0.02401894
CUST_NDMF9460HS,0.031713806
CUST_HDYLK47YPR,0.1245303
CUST_BS1E5JSNYE,0.043585956
CUST_5ESB4A6UKH,0.022483002
CUST_8EYMP53TBP,0.07456882
CUST_BC9ZN2UDOD,0.19128542
CUST_CXVK1KJH7W,0.036499646
CUST_ZBE8CIRK1A,0.1347526
CUST_IM4DYZU3AS,0.084399775
CUST_RWRP3DYGAO,0.090532005
CUST_G2AK8QTQCE,0.024508314
CUST_28IE8ZMVZT,0.07378998
CUST_IVAD9STUIO,0.027097804
CUST_C3EEQOP1C7,0.030506039
CUST_6M4VJ6HTKF,0.026231023
CUST_3RUL58VI43,0.025252135
CUST_HJMT5OIOIZ,0.7314336
CUST_2LZ6BZMQZB,0.10238148
CUST_RNA68COW6E,0.18290614
CUST_ODNYGQH0M9,0.052826628
CUST_D8UGOHZ2SW,0.19647704
CUST_LL3HPR60N5,0.025419842
CUST_WBLQ5R67TM,0.110492334
CUST_3TYA98SD86,0.06540088
CUST_Y6GOGO3OH4,0.02265669
CUST_1YT88960GM,0.029290985
CUST_UCGTYS9371,0.12506314
CUST_G6L8A68855,0.024671063
CUST_5LKW3SM61O,0.8918641
CUST_Q9GUK4ALGA,0.024963513
CUST_MB96RW2HBH,0.0906027
CUST_C5R3OWDMA8,0.14924464
CUST_014508W9E6,0.031676095
CUST_X0MFD8TJEV,0.02531458
CUST_4N29OZSSAD,0.022455702
CUST_3NF3FLG6ZQ,0.13644415
CUST_QIOYMXVZXS,0.02410345
CUST_1WS9NH3HOM,0.09015706
CUST_X7OQEWO9TW,0.80373037
CUST_Z4IYORWJRF,0.02798233
CUST_CYY2FOWU3S,0.038931157
CUST_ARSVOTGXPI,0.8832051
CUST_529OS5OO1T,0.028882915
CUST_WC3V4IYWAY,0.028390184
CUST_XLZYLWN1H2,0.027052572
CUST_J2WA0UU7J5,0.026149327
CUST_KXFA6SU9DK,0.11008382
CUST_G0XFXK46TU,0.07568279
CUST_C9MX8V1IXF,0.07418978
CUST_43GCVG19UP,0.038109295
CUST_1Z8F7JPMQK,0.037946012
CUST_EW29SYGVLD,0.12953866
CUST_43DO3L172Y,0.03123146
CUST_FGZC68CRN6,0.06495123
CUST_2R0Y2U937X,0.037392937
CUST_O6155TKO13,0.081426695
CUST_UOL7MRW0GP,0.034928497
CUST_3BZ3VE7USE,0.02889975
CUST_UFQ53CZIBX,0.02068795
CUST_6058J8UX36,0.10241299
CUST_5PMKYT760F,0.02837382
CUST_KSCJKI8KFQ,0.09864861
CUST_ORZQX17QDP,0.101120435
CUST_0VPG7HRU8L,0.13179597
CUST_ZO1HU9XT4X,0.035204504
CUST_ACSTRDS37C,0.03396242
CUST_WXEDKHI147,0.10478851
CUST_YYJKG00DA2,0.024788633
CUST_RFXM5IZXEN,0.041464727
CUST_01QA6BULLH,0.1368251
CUST_EEQ06VU3Q0,0.87814415
CUST_WURFZFTTAZ,0.13984849
CUST_E7ALQR49EJ,0.08557088
CUST_IS8AQDANH1,0.03075363
CUST_TR5E8WB2LS,0.089772254
CUST_G0AF5IZE2K,0.022237763
CUST_TIDLZL61GI,0.14552514
CUST_ERMIWGETQV,0.07281281
CUST_W48R7ZFG6K,0.026622977
CUST_9XLCDFOU3X,0.059365533
CUST_FX2VLP7RW3,0.120897815
CUST_UGEOJ9ZQRJ,0.024069687
CUST_7FCS1QYK24,0.8489494
CUST_ZDAEA3I9JJ,0.03530766
CUST_W6XX6SCCJF,0.11606336
CUST_PWG1J83YEC,0.13769229
CUST_MJPVCVMRC5,0.1085272
CUST_I8C73IMNFS,0.07242869
CUST_HQ2JIRG6V6,0.028012946
CUST_WJO9YG6XGP,0.033640306
CUST_4E6VKLTW5R,0.11150107
CUST_WYNPCIRQOW,0.11770059
CUST_F88FLTDVQ4,0.028850572
CUST_KBQGURR2XA,0.028305154
CUST_5P2NIY8TQK,0.8219297
CUST_UJO6446IS6,0.15119976
CUST_D9HOLWKBTZ,0.14118314
CUST_3B6TWQ1GXO,0.029281346
CUST_62DGBRFCDV,0.028865801
CUST_QE4D4DLYCT,0.02260887
CUST_VDC7EWZCKF,0.121280044
CUST_AWKI7XMSWT,0.031118317
CUST_84DEAD88RC,0.08202174
CUST_QJIHH37O2L,0.033594813
CUST_BKBY7OK5LN,0.12319257
CUST_61QOR6IJWD,0.099614464
CUST_7P1ZVNRCF6,0.09851496
CUST_8GZ9RUJT5P,0.02941793
CUST_Y046T05Z5S,0.11214496
CUST_PKS29LXDAN,0.1866219
CUST_441CJHXVGK,0.14511123
CUST_KB40LA94A4,0.07455852
CUST_ZXIDT0NUNI,0.10384577
CUST_0SHSKUCIGA,0.13938792
CUST_47KSM785WB,0.14021917
CUST_5QSZNFC0NG,0.0879405
CUST_E7UOPUHJLN,0.029538816
CUST_VAQJVSI07J,0.018341584
CUST_X6JAMJIM0D,0.034861133
CUST_N7AV4L2FH2,0.15351993
CUST_V6UJNPJQAC,0.11842641
CUST_DHRJK58SAI,0.02598013
CUST_SU7DC6C2ND,0.122637294
CUST_AQJDOUUMAP,0.11373007
CUST_G659ETZA5J,0.040565256
CUST_6PX5CD9AF3,0.09926041
CUST_A4GRFPKHH4,0.025329683
CUST_E8Z1AGCH8E,0.106255025
CUST_YY2CE1OFAM,0.86401486
CUST_1TR0R1HVR8,0.8259797
CUST_9M9F0TNCPU,0.02098886
CUST_PH848PWMSW,0.020612977
CUST_63P4H5G6BG,0.09893983
CUST_I9WXNW4TCP,0.040776137
CUST_9BP1G60KDV,0.023358041
CUST_4V2QDDA47A,0.02907759
CUST_4KNAIS5XAV,0.024054762
CUST_TU1VNQPS0P,0.08788425
CUST_KFPSVCLHLV,0.035556767
CUST_0T2JJ0NG0N,0.05588514
CUST_PNMBVBAMA4,0.063081615
CUST_D3ZWE9LOYA,0.15476009
CUST_J0LBQNYVQS,0.026137399
CUST_RH0SG4Z6L6,0.02330316
CUST_XLORESBDFL,0.10990708
CUST_QBNVYZLRKB,0.8625067
CUST_C2OLD9O57F,0.8598812
CUST_X4URVFYNUJ,0.027723424
CUST_3LNXFX9YWT,0.08756257
CUST_0ABHSKY6WT,0.03498945
CUST_01LU8HJMZ1,0.021388017
CUST_RYYATZIEB4,0.023512589
CUST_9GTZ0FYYC8,0.07724897
CUST_LRZR0ABZAQ,0.14097278
CUST_28CJA1T3D3,0.13663489
CUST_0YPCNNS9CP,0.19748601
CUST_H1Z9TOGIWM,0.12053235
CUST_1DUQVFRSSH,0.23471272
CUST_7DL46UGCSD,0.03355874
CUST_YXX6BC3JMB,0.024982132
CUST_AFDX2287VW,0.034604635
CUST_S9YFPPK7RY,0.029881924
CUST_N077AIFZLZ,0.10989736
CUST_5KKGNT9BFN,0.17472026
CUST_J0QW4L0H9W,0.15374781
CUST_QMLWQEXKYX,0.032015353
CUST_XLZ076HA8X,0.09365084
CUST_CZK6NF6KH1,0.039181694
CUST_99V5WFEAE0,0.12307854
CUST_LLWC2CJ5SJ,0.021403708
CUST_6XMILFJ7A4,0.1255736
CUST_C8IS63HU7W,0.039076634
CUST_JRF7P5R24K,0.029090932
CUST_50GYUXNF2A,0.06376807
CUST_W56STXTBMA,0.027937004
CUST_O568CHSY7Z,0.027959442
CUST_80OXEMR4UN,0.021114768
CUST_EAOWHJ7TCV,0.10804178
CUST_WZIZRN2P0T,0.13773325
CUST_TCJ578PLE3,0.07910334
CUST_QGY33QSWSB,0.13655655
CUST_H0FRZY0B3W,0.09443402
CUST_UN2EX0VMFT,0.11199624
CUST_53J9YF8E5U,0.023102902
CUST_PPQUSQXHFI,0.024232712
CUST_I8WYJ9NAIO,0.024080517
CUST_769SRA3H7L,0.12971728
CUST_O9LWZN4VA8,0.022627112
CUST_BNUDILIGQ1,0.027496919
CUST_08G8KT0JTT,0.094531275
CUST_7L7HIL2FKE,0.027543461
CUST_WZ0H4YZ9HT,0.10803325
CUST_PN9FUHO6N5,0.12584163
CUST_L8UMVWMIE3,0.020673128
CUST_1U2WQ0BHQ2,0.07745543
CUST_W4I4ED20OJ,0.13173755
CUST_Y0PPGSQD09,0.025236385
CUST_R4Q3LCNRCW,0.03001139
CUST_MV77GW3QHE,0.037370622
CUST_XHNYILMM3I,0.025222149
CUST_NYJH7406ZB,0.02277593
CUST_IU79XE5JRL,0.086288996
CUST_H89V5E3D06,0.023766229
CUST_G22ZTZDSWB,0.12931384
CUST_SSRZX07BB7,0.021370009
CUST_V3ZQOMH51W,0.14434211
CUST_U8OI29OIEW,0.028990969
CUST_NIM2RBKJ4M,0.047061004
CUST_AGLT68BCZB,0.11952972
CUST_YAWNFWYHHU,0.028544262
CUST_GOSEI39480,0.025531968
CUST_SD4C3MFBIJ,0.020814877
CUST_282E4QSV1S,0.024260165
CUST_5NOOXHL5M9,0.11521653
CUST_KD4YUG3IQ9,0.033337045
CUST_MHLZB55M9A,0.023719933
CUST_XS6RLQOYO9,0.034441788
CUST_W658IBUJB4,0.15269233
CUST_SD6LVYVS4O,0.023793094
CUST_15RQI3QCRZ,0.03005281
CUST_YU7UBB3SF5,0.022862703
CUST_CB2KGN5LVU,0.74382204
CUST_TNXYG4G5A8,0.06229714
CUST_LISWRISK17,0.13363615
CUST_49NKXJQQ5Z,0.100879855
CUST_26CJGE13BB,0.087469116
CUST_53DNVPK6L0,0.023072662
CUST_WT0F16DZRE,0.1391042
CUST_O0V3XGCNZC,0.027202696
CUST_A0QBJFEHKQ,0.027119625
CUST_ORYQFO44IT,0.07462952
CUST_TM5YA3ZYE0,0.1418708
CUST_1ES30JSPXC,0.026474044
CUST_BRDQ3D9FR0,0.8773923
CUST_QX2XWS68YU,0.10938755
CUST_ILC9XIVOVI,0.14075007
CUST_YA9CK46WF7,0.12876639
CUST_OENPLH6YR3,0.020770222
CUST_STXD81MQUZ,0.11054247
CUST_DMQJWDVX6M,0.021131558
CUST_MDOBFP5BLZ,0.02349656
CUST_FTCJ6HPELN,0.11111087
CUST_ABN12V4FZ2,0.13080235
CUST_WCOHKQMM1L,0.08466967
CUST_F8UENDCXOP,0.020279739
CUST_OWD328GH2A,0.035392582
CUST_E1RN4ZYJRZ,0.02575886
CUST_037X9YM6XS,0.026245788
CUST_ESZ0JO954H,0.041669656
CUST_5AAO7OSUPY,0.73923635
CUST_NMNYGSISM4,0.11507406
CUST_S2MNFLLYO2,0.028309917
CUST_N4B3HP41QL,0.026588617
CUST_L89JT6F91W,0.08337484
CUST_DYV4LDUXTL,0.12911963
CUST_BMQ99BRZJ6,0.07372922
CUST_N9D9A2DVOO,0.031479303
CUST_EXZ5V946NP,0.84586525
CUST_A29U40C7GS,0.023598673
CUST_3M9J4U6ZTL,0.031975858
CUST_7O16YVE9BE,0.07205358
CUST_NXBIDPQVO3,0.030395925
CUST_5HU1F8FWXT,0.026563248
CUST_G0ELVJUF0I,0.034339692
CUST_A3G9CZ7QBC,0.029339736
CUST_CA2YHAG4VR,0.17711009
CUST_TDEGO2IQRD,0.14400293
CUST_9YKCDAZDZA,0.02898252
CUST_UMAMP8WDWD,0.1429974
CUST_TT8E52R3J9,0.028718548
CUST_2ZXQADGYER,0.022398958
CUST_X2GU8V2TJ0,0.08784422
CUST_F7WMCRZSXY,0.031070823
CUST_O7N4A69TFJ,0.027142324
CUST_9YE2THFV26,0.034119356
CUST_BVL56PJUGU,0.027259188
CUST_F1CYMPNTQN,0.019690081
CUST_CX8TVMB34X,0.13010396
CUST_8QFNMNO5RZ,0.032984592
CUST_MA60RHJURX,0.022858268
CUST_DX9F6HE5GH,0.028985677
CUST_H1LLCR97WS,0.023841033
CUST_8T8EARCWGI,0.09553735
CUST_SNO2MDDGRJ,0.10254904
CUST_WOC2PE9LZQ,0.8544237
CUST_NH7WQIHIEE,0.845479
CUST_X2LEN6QW38,0.10780776
CUST_ON71O45K8A,0.09109175
CUST_L92CVUSXH1,0.024803389
CUST_L1SU0ORMTP,0.8799204
CUST_MEHJ2XV02R,0.02298654
CUST_JSI7HM6PRT,0.020855447
CUST_EVU7IK8B2O,0.020300241
CUST_0RKOO5TSVO,0.15235592
CUST_N98VPK5T1H,0.026914975
CUST_JA5M1W5P05,0.10927261
CUST_356YKYBO06,0.025610179
CUST_9S8F7J3K6Z,0.028895803
CUST_UH8QZUAKXT,0.038382936
CUST_OBPG0M3RK1,0.109662905
CUST_O53KM2JBEI,0.074289486
CUST_WD8YI0CRTP,0.02922617
CUST_EO8AMKYLCJ,0.022395704
CUST_TMUIV1VOXP,0.029015074
CUST_WQXA6676OS,0.025292696
CUST_GCE7SKZBRD,0.1398662
CUST_OMGUZL0JRB,0.12289566
CUST_B07YURVFPM,0.22269434
CUST_E6AEDR5BH3,0.027746692
CUST_775DUQT80B,0.02849537
CUST_QGEORSOS8I,0.03263916
CUST_EGWFZOKOLM,0.021614714
CUST_STETZ958D3,0.08449834
CUST_V38EMIY6HW,0.02570826
CUST_QHDPJ7B36S,0.17385556
CUST_10OPT1PSLD,0.11095554
CUST_28VJTV12Q9,0.15310447
CUST_9G14CID81G,0.78079885
CUST_JENDD8ILHH,0.76758957
CUST_N6XHGA4JIY,0.033473894
CUST_UBEMGGV89B,0.035238035
CUST_YOVI6PNOUI,0.1396149
CUST_5LL5LTXWW0,0.16361274
CUST_YAS579LKSO,0.12133204
CUST_SVVMEHMWC4,0.0279767
CUST_ZJOUBD3AY4,0.027218105
CUST_JG7PIFS01D,0.02754385
CUST_J0D4CYD1OQ,0.033319872
CUST_Z73A6FIYGA,0.07790963
CUST_F9LPGKL28T,0.030140335
CUST_S0AFXNT7ZM,0.031841785
CUST_AIHT9XJEC5,0.8124288
CUST_24LDIAS33C,0.67165875
CUST_28M3PO09K3,0.1217611
CUST_QGL81G26AG,0.028812194
CUST_USWJIGB8H3,0.024103595
CUST_NZJHQMMYHS,0.039667103
CUST_I1P34ADAU9,0.051824115
CUST_UPB93CZPHN,0.13536535
CUST_U8APG1YPLJ,0.037676003
CUST_4I718UX7Q9,0.65914875
CUST_096WOYWZA5,0.12222086
CUST_JCSPGLQH2R,0.026295517
CUST_X09JGD2BYH,0.029873548
CUST_1S1WSOL14Q,0.1423185
CUST_HNIO939I6K,0.03861824
CUST_WQQ37D58LY,0.7929232
CUST_S7IREOSPHQ,0.15217541
CUST_QOBQN08OSO,0.067386925
CUST_MXCCEIJLKI,0.03027961
CUST_7UN6P429MI,0.08801451
CUST_1P226SCYU0,0.058463346
CUST_P0RWA6TZYW,0.029268494
CUST_0J4GSAC3YX,0.02460324
CUST_9NWXA29AZY,0.03176195
CUST_BKTK6LFZM5,0.8165588
CUST_4E2VITXH20,0.8730177
CUST_DFWBOKY1AF,0.023519142
CUST_JSAGBAKNTM,0.12212742
CUST_6TFM3UEBX5,0.7880456
CUST_LA6WTK43HM,0.06415454
CUST_76TLZBQTZH,0.07630632
CUST_TJE83SGBT9,0.18140249
CUST_B0SAKKKL6N,0.08334088
CUST_LNFTE2DI3S,0.06663989
CUST_K4EI29UJ9M,0.025865732
CUST_0V1LFGQHLN,0.033297624
CUST_RT20AXN7PJ,0.028628279
CUST_ZGOHG8IYE0,0.026902555
CUST_EL36RLY7NP,0.034858797
CUST_OTRWNYOEYX,0.03006409
CUST_CQFAB407G0,0.09902835
CUST_UPFSK58N8V,0.123811185
CUST_XTEDBKCSPG,0.023399275
CUST_2ZLJ0I6IIQ,0.08074723
CUST_MHE6Y4XMTL,0.035730142
CUST_61AFKK0HN8,0.021169033
CUST_BWVPNY1599,0.20906416
CUST_LSVNICND39,0.09529137
CUST_7O2DDZWKLJ,0.022915406
CUST_7TK1PL6PT2,0.0328275
CUST_6T61V20ZMF,0.095918335
CUST_YUMI6GOQ1L,0.02793982
CUST_XB3V3HAAQ1,0.021392284
CUST_5CPG5SMNCB,0.7777633
CUST_K9FOJB1KJL,0.03652812
CUST_ZYQF8BNSB9,0.09816398
CUST_CHUWF5PZMK,0.13523313
CUST_OJYWYR52LE,0.12753156
CUST_230QXWRB8A,0.033955052
CUST_QA79BO8QIE,0.028394526
CUST_WRP2ON10OS,0.17010552
CUST_40QMTRVSXY,0.120298505
CUST_HLLFGLE8GS,0.13930303
CUST_WNBK5ZUM9F,0.022014739
CUST_69WT509VQD,0.031210992
CUST_D81KZQU4D6,0.13862792
CUST_ZFSXM2SVAK,0.8898723
CUST_L0KNB1H0J2,0.09908014
CUST_CUP4RC0BP0,0.82343435
CUST_EBTR50KD7Y,0.8989444
CUST_R6EVL96C3J,0.04540361
CUST_6SLCOOJAZ4,0.0224239
CUST_DJFI9V3EEL,0.7741887
CUST_WIHSM44C7X,0.1021748
CUST_YNK3G4ESOP,0.100488596
CUST_7UCYYG28S2,0.104296215
CUST_QO5TP327BP,0.038848475
CUST_2YDZ8ACQMN,0.026397323
CUST_SMEV6C99GR,0.17855678
CUST_KHK1QTGZ3R,0.028002985
CUST_2938PIF2XV,0.13512369
CUST_Q4MO1XPOQV,0.18500964
CUST_65AB0IK9JB,0.10230746
CUST_S7319CLKQX,0.10643225
CUST_O3QM6PGZPO,0.045618974
CUST_REUEHA7VMC,0.086315855
CUST_CLD2UHLZWM,0.15183426
CUST_B2LF2DX9M0,0.7166182
CUST_A5KICQUJ8F,0.12592754
CUST_SCEMBBN8IS,0.14567526
CUST_Q6RYKWL614,0.030015854
CUST_L0C39ZH88J,0.0885978
CUST_5454M2ZQV0,0.14646715
CUST_49OOQGFS8S,0.10727786
CUST_QY7RJ38KES,0.02610523
CUST_WVAXPZ5IP3,0.14736995
CUST_QE0XB582T0,0.023349438
CUST_4RTZAX39HD,0.023653105
CUST_8M374I3117,0.12954235
CUST_OLT2Z50BS4,0.040042255
CUST_538Q7SNQTC,0.07045294
CUST_XHMZMB3UJN,0.12539957
CUST_VZYP3OLFPH,0.04119107
CUST_03MTAALPPD,0.8415964
CUST_SAKOHE13F5,0.1266077
CUST_BNS5S4S64T,0.09329725
CUST_504D3WWL4Y,0.0449599
CUST_2O7TM4MBSR,0.024135161
CUST_SNB0G2TESH,0.041672863
CUST_2HS244NHI7,0.024881536
CUST_TL5Q3PXMY3,0.027853174
CUST_5UXT3BBNZT,0.023812722
CUST_4WRYJRF7WI,0.07945419
CUST_9IDXL8ZY3V,0.80113715
CUST_MXN1WC6FUI,0.024848776
CUST_QN7O2AUQ2A,0.0279418
CUST_SWYQY05DIO,0.14527477
CUST_Z811SNZZT0,0.025539966
CUST_87USUF1YZX,0.036004383
CUST_AC56I0A7SI,0.037192
CUST_W64253OM0Y,0.022577485
CUST_42E3AX5E8J,0.14030735
CUST_M82PEMF97T,0.10005385
CUST_7HNU3XW4L0,0.085980915
CUST_Y7TEA814XP,0.032653917
CUST_GB5QIS0JQT,0.08792818
CUST_VMJ7DITPCV,0.032955512
CUST_FGS072TLUY,0.035727136
CUST_ZIV9UX6AG0,0.035427064
CUST_KJWV0QAH72,0.112989694
CUST_6XRDDXNRO6,0.13388763
CUST_MF6CNEC2VU,0.02229847
CUST_PTLT8Z9ACP,0.025732422
CUST_7VPX1Y79YA,0.13640316
CUST_CSU8AKT0CI,0.12727793
CUST_N1FH3HL1AA,0.024144372
CUST_N9DHF396UJ,0.031163419
CUST_CC7YW67BS4,0.11752675
CUST_MQNP9RBOBE,0.10180193
CUST_H542OT1495,0.0332851
CUST_01WMKG35JG,0.114708185
CUST_TA3YOX5VL0,0.06773467
CUST_QTUC9IQYRX,0.025192311
CUST_UYHOHW6GT1,0.10299178
CUST_E72WL7EJL3,0.064217925
CUST_0PO5H1TSOS,0.024199849
CUST_5P3N2U2KRO,0.18810557
CUST_4LK1VXMW8Z,0.024037141
CUST_U3YHSMFMC5,0.118225016
CUST_0NXFPG4S2C,0.07853881
CUST_CQQL4RHUTT,0.033395667
CUST_E0MQP0EP33,0.030297335
CUST_0N6770WYWM,0.019275077
CUST_ARL29B3AL2,0.11443017
CUST_PDPHI3EGM9,0.021681068
CUST_EKR4452ZW8,0.027062705
CUST_VGSZGD10EQ,0.031984337
CUST_4RST49SMDU,0.14402609
CUST_2VTQWQO99E,0.09328977
CUST_FI7ZRWPKTY,0.11788827
CUST_U6273FD0OL,0.026488243
CUST_1QYIWNWFH3,0.023765614
CUST_HTDK0XETW7,0.086623915
CUST_O4C9BRZ8MK,0.14373837
CUST_NGUQ3RJ2RD,0.079442725
CUST_ZIJKEN08XV,0.82895243
CUST_7C7BFNWJW5,0.12259822
CUST_GPCM4SCHUK,0.0930162
CUST_VOHFHDVWF2,0.09045764
CUST_8DNJBZT2I4,0.07603646
CUST_ENYN6N81SW,0.019851902
CUST_9YZ7YQRQWK,0.15594137
CUST_TO70DL7LC0,0.1054155
CUST_3O6TNLH1I1,0.03364815
CUST_URINGMSZUG,0.030938754
CUST_ORCYZN4UUB,0.198015
CUST_1NDM3F9TY7,0.026235541
CUST_UQ3EK1FP60,0.023010032
CUST_PA6QVWQO4B,0.7743711
CUST_FJV6T98NE6,0.090314716
CUST_EKIL4YMPI2,0.028948374
CUST_IF76XLNPRH,0.799703
CUST_FNSTUA9QCD,0.0232788
CUST_21IUMIE2M5,0.036825567
CUST_2RNRXH66C1,0.024800224
CUST_ZYRY4LEH43,0.027603827
CUST_SG1YNQ5LWW,0.023033116
CUST_TFJQCYNYIZ,0.065836035
CUST_B5NOSE521O,0.027364729
CUST_PBMMN0NQJP,0.09587673
CUST_739IVKLP8X,0.021823531
CUST_UENBTVA8DI,0.023673663
CUST_RQ0DFNALKB,0.02763992
CUST_CLSOAH2WVQ,0.12495814
CUST_SASKTDE3H5,0.18888319
CUST_ZNVA1W2LP4,0.78689384
CUST_P0S6UOYRNB,0.21479702
CUST_TUSAFNIV2S,0.119414926
CUST_DP0IWXOESK,0.06668982
CUST_887ZMPW76S,0.11898521
CUST_676I7LRIJ1,0.03885568
CUST_XEYBFP7LHI,0.09867751
CUST_FS7IXG10CG,0.07938506
CUST_7ZD2C722F3,0.8873049
CUST_7IRJIO9BAR,0.16877626
CUST_36YSMUBK5F,0.06643589
CUST_U677G071ED,0.025157146
CUST_BNXE0K2HEF,0.019439368
CUST_U30I73TXNY,0.1093944
CUST_A7JTV4YCZU,0.02377501
CUST_VAR0YRIHPP,0.029876864
CUST_7B1FHEMVV5,0.03342404
CUST_EF09NWKMOS,0.023619317
CUST_27TH905JG0,0.021060428
CUST_37160G2PD1,0.0273582
CUST_HCO05YTD81,0.026750678
CUST_QCML3I6IX4,0.02559966
CUST_B68XXVFPM2,0.024844017
CUST_S6ESJ66HTW,0.0933729
CUST_DEA707IP55,0.12119862
CUST_FT0D7WQBB8,0.13125555
CUST_4GQOO19NE7,0.03636113
CUST_Z5LI1GNJRR,0.07562657
CUST_H3LMGDY1IV,0.027720707
CUST_POY2Q9JJMV,0.022928318
CUST_FUQ94T2TTE,0.02512957
CUST_C5NJMJMWCW,0.02773117
CUST_RVWXVCTUSE,0.022808135
CUST_7VIKGO8RKH,0.022514665
CUST_GY7MS95BNM,0.029764913
CUST_NNB9R9L8XD,0.02036277
CUST_O2YSH2TZBD,0.0221858
CUST_D2B7CSJNM5,0.024797337
CUST_582CVT00A1,0.027321301
CUST_UP13J75L6R,0.026111227
CUST_CGC0OE8G0O,0.025814358
CUST_Q4YRYNEZ8E,0.14199921
CUST_JF9ZUH67YT,0.02632585
CUST_9FX37NU3UO,0.11014026
CUST_QGDXOKYBPO,0.022739543
CUST_9DNW9TSCS7,0.09320121
CUST_064TAINGWR,0.106061436
CUST_H5NNK9958K,0.13811669
CUST_S1MB7XJ6TJ,0.036614746
CUST_DDCWZMEEZR,0.026981514
CUST_HE5I7HKHKA,0.22722256
CUST_OYH1ERJIBP,0.7884881
CUST_627STUC031,0.024353903
CUST_SNCA6PHO1H,0.021990307
CUST_ZSMSLRD1VJ,0.027953627
CUST_TNWU5ASZUL,0.031892687
CUST_Z0JYHQCF38,0.02049871
CUST_4CMAK4UR1C,0.12937799
CUST_XABSHRSO1B,0.092862196
CUST_EPGTXMYRAC,0.0904865
CUST_SY1QUP7TTM,0.040315162
CUST_OVLV7SDUK2,0.02609403
CUST_AEQ2UJCREN,0.024492513
CUST_89VJ9S8RKA,0.025668088
CUST_OWW0YHCQHF,0.11205473
CUST_WUNLPX7N7L,0.098530404
CUST_JXS0CC03HZ,0.03248373
CUST_EO39QOI2A1,0.14653708
CUST_MBSJCZMNX3,0.81205
CUST_X88JPZ9MCN,0.11426316
CUST_HA9JRTDSPM,0.034528587
CUST_90K1AF4F0F,0.032096546
CUST_QV5NQKNOFI,0.01679855
CUST_YZX2YYJ9YV,0.12676878
CUST_EVIJNG2MDL,0.11656805
CUST_QR7NW538BF,0.024099104
CUST_DOVT4IIQAN,0.70869523
CUST_3NB00Z88BG,0.037188217
CUST_8SBNVJGR9T,0.1458795
CUST_65Y6E9IFMR,0.033993036
CUST_GQM002DR2C,0.02909999
CUST_VNT2L13IY5,0.033118125
CUST_672YAVQR8B,0.85422504
CUST_FJLYV7ZSN9,0.027580965
CUST_4CWVYRRGNQ,0.031088129
CUST_5YLZE8TTBE,0.028069481
CUST_H4HYQ73EE3,0.029994767
CUST_P7I5OZ1WXY,0.03283348
CUST_FJ10013PRV,0.030292781
CUST_KT47PYWGPG,0.029496774
CUST_4Z5POKMZYM,0.042138863
CUST_JL6WGPO9Y4,0.03264091
CUST_AHU47BKR0H,0.10136456
CUST_8WZI2WZJ8P,0.03453651
CUST_4Z7B79NELJ,0.15545972
CUST_7CQIGO965N,0.12522976
CUST_EZ5RWC77Z8,0.038070805
CUST_96WT282VN6,0.024214765
CUST_IQLJHOVUKY,0.030504923
CUST_E3D6R6OF99,0.12815475
CUST_TOXCWKYHA8,0.033565838
CUST_K6CLWHD92K,0.08769659
CUST_935EM7QL5E,0.026855638
CUST_LN2KNJ9JHK,0.117864646
CUST_B30XAF606W,0.021002851
CUST_QBTXC03ZV8,0.11854245
CUST_ENVGQ8N8F7,0.025994547
CUST_LTXHWOHWIK,0.7668095
CUST_79HDTQS259,0.03445259
CUST_YWKPG2FSW4,0.037872937
CUST_UAMNBY0O5P,0.036216527
CUST_I95LOHUNMG,0.027687408
CUST_RUN3AAIS1O,0.034462076
CUST_R247W9YKN0,0.10799117
CUST_9MD4GWC31M,0.034567386
CUST_X265K2FQYB,0.08775379
CUST_ZPK0SLPNF1,0.17079088
CUST_W3GITHQYI8,0.07687405
CUST_LZHUGL7O7S,0.122111686
CUST_RAEJVY8WN9,0.16182095
CUST_581SRO8IVY,0.030211234
CUST_XVWI7W7WPP,0.15410365
CUST_UVRUW1NNB9,0.026941547
CUST_STJ7FF1SK0,0.097032145
CUST_LHWO70M9N1,0.023239609
CUST_E93A66LBA6,0.033655316
CUST_Q2EFAQFOPC,0.80147153
CUST_VN57RCOEUQ,0.095540315
CUST_EIJLHNEIQ6,0.023860853
CUST_EI0ROSPST6,0.029215293
CUST_3R2VKEQAUG,0.6115248
CUST_8GX8WN95E3,0.14195831
CUST_G4ID7NW6YJ,0.025296533
CUST_GQ3OK5WPUS,0.025025189
CUST_D0JBB88TFR,0.023085082
CUST_Q8P29GSMIE,0.09332214
CUST_1Z9K4FNOZD,0.031951297
CUST_9TSGWC8XQW,0.019588592
CUST_0JY17DEW7A,0.031023605
CUST_NOJPMTHASO,0.020150606
CUST_2SEE0X3J69,0.07404873
CUST_RVIUSJCX1W,0.022888208
CUST_98M22P8Z4O,0.08652185
CUST_RW224NXYB8,0.024241684
CUST_NNH3FTGIZ0,0.024611445
CUST_MB1KLR7EZX,0.10098245
CUST_CQBI1TGBX6,0.103718124
CUST_S0Q0SORM53,0.033214428
CUST_Z56RDWR0PZ,0.02686587
CUST_JF6W2GOYN1,0.093771055
CUST_GHM3VSVFE8,0.06472509
CUST_CWT0VTB5CL,0.8685728
CUST_S5ZU2DVKD1,0.08481998
CUST_YNW2AJHFCE,0.09204922
CUST_F7Q8JMO5Z6,0.10177094
CUST_DA9WKZDT65,0.14221884
CUST_8HSL5KLXQX,0.028214816
CUST_T0WWC6IGI5,0.021468258
CUST_F4083SKYX6,0.023912046
CUST_QT11YRZNMT,0.034722365
CUST_FNRYIXCNE7,0.022025581
CUST_4ENWP4HLOO,0.028295793
CUST_NGDLOGR2UF,0.023894345
CUST_WYTGIVXUCC,0.84506756
CUST_Y9OVJMSXZ0,0.028104847
CUST_SZWQ824QWZ,0.12510237
CUST_TUVRGM0RUV,0.066226676
CUST_596TS9FRRC,0.12250827
CUST_QPYUO2WQQB,0.09603615
CUST_OCI51EAA8S,0.06830777
CUST_ZIJT6REOZF,0.03122579
CUST_TO3M3DORMB,0.021804618
CUST_HYBS91J7UL,0.025745258
CUST_F8QPZFUO55,0.026153604
CUST_Y4WO95RJLP,0.01850287
CUST_5IM5SCKYFO,0.024601603
CUST_XLWWJN7MDR,0.15158543
CUST_S3Z5R92KED,0.021548253
CUST_CDAPHQNJ28,0.14767419
CUST_H5ALL2ABPH,0.7981795
CUST_3CI0EJDSK1,0.09548889
CUST_5MH9K68C2J,0.082048684
CUST_CTXTQPD8YE,0.03044772
CUST_BOBNR67NWB,0.1275529
CUST_20LOVTM24B,0.09868433
CUST_1Z9KT9XIHO,0.08565614
CUST_SI0T2Q0UBG,0.08044044
CUST_BLM4SXFIAO,0.028411489
CUST_WVBI15ZCE7,0.035858147
CUST_Q392EDKBI4,0.036261983
CUST_5Y2286FKJL,0.027700396
CUST_QQUID18FGY,0.032288108
CUST_4QFNAYCOY1,0.022485837
CUST_R9WX4XOUGO,0.050819885
CUST_LKYTZ0PKZD,0.02644165
CUST_HHS54TIDNC,0.033399723
CUST_VX5BESNNOE,0.7541341
CUST_ETYSKJ2N2C,0.17524709
CUST_90XBSS2W23,0.030578071
CUST_0I4XET5W6H,0.83453906
CUST_I7XASH338O,0.77737176
CUST_6LZ5NCRJ10,0.14134216
CUST_VXNPYDEJSL,0.026775425
CUST_0BCFC04Y4R,0.02913162
CUST_LFES0YQ5YU,0.052905276
CUST_AC1WEZRMK1,0.024752807
CUST_2CBQZCU9ZH,0.08629281
CUST_HC1LOWMFVU,0.15490349
CUST_QMPCR0YDYE,0.12284597
CUST_LKX6SH6NLG,0.02257144
CUST_DS6PKBH9B1,0.07868049
CUST_HVJ2ETNJTX,0.118386544
CUST_547ECJPW40,0.022845788
CUST_4AM9E60BEC,0.027946683
CUST_HV6V562HD1,0.11342338
CUST_CIWQUD8Q9L,0.027787892
CUST_8PTR3HDGXC,0.022107434
CUST_F5SGCTEWYA,0.13637279
CUST_XFPHJ0ZJK3,0.10467329
CUST_T9J70D0XFZ,0.019573178
CUST_OSN5U114K9,0.13122617
CUST_1KY5XGC50Z,0.06632028
CUST_UKJNF58TJT,0.025522973
CUST_8IXLIV7A4O,0.08641141
CUST_DHKAV6E3BA,0.10458297
CUST_G9ABDO5LOS,0.13296932
CUST_K8QR2V8MX8,0.03723725
CUST_VEGAQ1137E,0.10737867
CUST_ION7JPUZ1P,0.12484258
CUST_VGBJOBM7BA,0.14411153
CUST_AAZHH1W220,0.031071834
CUST_TJT1JP1507,0.02237317
CUST_C4QTQXRY09,0.037326194
CUST_EOGQ400VSW,0.80025125
CUST_CS2FJITTQF,0.032337014
CUST_TBGYGJU0ZR,0.08771765
CUST_WS5V6LJP9S,0.022487918
CUST_B4G2QT6LJI,0.09496032
CUST_XTZO6NBBGP,0.09775066
CUST_QR48NXA1W7,0.034543395
CUST_9WC2TYPPM6,0.086104356
CUST_1P1NICIW71,0.0957357
CUST_7KK4INOFBV,0.030864283
CUST_PNZAX7G9V7,0.119858876
CUST_0ALJ5KNU02,0.81702644
CUST_Y3G7UIAZ0U,0.021855405
CUST_8B7GHMQBGA,0.031217832
CUST_HER8ZB0AX2,0.025562428
CUST_E5C1SX3SLY,0.11437179
CUST_9VQWSF91FU,0.10300918
CUST_ELCXYIBGQM,0.02194461
CUST_UPXIVXCT53,0.17527837
CUST_2BOSLCVFW5,0.03971521
CUST_C8WUPDU1PA,0.08920049
CUST_QTL5JSTNIA,0.039211307
CUST_7HGI6WKBDB,0.02553199
CUST_D8GMBBHLKR,0.024287079
CUST_0QZ8807JK7,0.03913434
CUST_N74ENKCR8G,0.13449419
CUST_39CMILXZVZ,0.12413338
CUST_4UD718IBHY,0.10518973
CUST_3HX7LKU4IY,0.027566025
CUST_Y52PF5LNP1,0.08484247
CUST_NZGDOKXE9K,0.8482138
CUST_6T0BFOENE0,0.03494694
CUST_GDYO9JUATO,0.030063579
CUST_OVKS3SEVD9,0.025288353
CUST_K79UWDPWV7,0.08132806
CUST_S1V7D77TZY,0.022506462
CUST_SANKKP5FLH,0.03297512
CUST_IMD97JTH3V,0.026856154
CUST_KOP0V6HWY1,0.15641767
CUST_85NP4HJH9U,0.041269515
CUST_GILECNT5O0,0.024228541
CUST_GFK7FTXMF1,0.77138066
CUST_HVYY880R34,0.8824456
CUST_9GJ6YR9A50,0.028263245
CUST_U2RKRJCT8R,0.03700954
CUST_99193RNEOX,0.026932167
CUST_D3XDO6273B,0.13895968
CUST_DSN4CWWUH7,0.09177912
CUST_YJZTJPUPQQ,0.09631938
CUST_HO4TQK94M9,0.07721809
CUST_ZUICHULXVY,0.021831494
CUST_W8PEH4514E,0.025964996
CUST_BNH1L1V0BQ,0.021574508
CUST_LNLE9F6Z5J,0.8364208
CUST_J1QZALZ7T1,0.09078758
CUST_K3EUL63941,0.02265442
CUST_UWWRNVKSSI,0.12308165
CUST_UPU5RCPAY5,0.8170269
CUST_EKNI39S1TM,0.01874429
CUST_WOYZJQ7K5F,0.026347818
CUST_2H44CD2UKQ,0.034161504
CUST_1Q6JW2FJZO,0.89264774
CUST_YFM78Y8PK8,0.13520947
CUST_IBTXRAZJIG,0.019242613
CUST_9AUW5EDIG6,0.08758002
CUST_IQRG06Q1KD,0.027809193
CUST_WOBMCZVIMG,0.8214709
CUST_T7XHFTTURH,0.02773083
CUST_FHEHQ3L3XM,0.022509731
CUST_YKFO1S90I2,0.032164406
CUST_W70FO3SCLE,0.019422285
CUST_0CO4IE2M8K,0.039945543
CUST_UGLGIS538O,0.024867067
CUST_6MXYSG5WS6,0.027889706
CUST_5B60Z548J9,0.09147047
CUST_QFMHBE7QHH,0.08637522
CUST_FGGL39JW7J,0.08902641
CUST_P2YTWW5169,0.14944825
CUST_UL940TZXUN,0.07881223
CUST_ML5R8TCJWI,0.07293707
CUST_6THW2KYO73,0.02313217
CUST_X50WNMSNAS,0.075449385
CUST_FDKNZ54N7C,0.11290127
CUST_4HMV0OLZHQ,0.11825745
CUST_9REZUX1RF7,0.031159604
CUST_RRUVG5B5LP,0.13703296
CUST_OHJP5WJ3ZL,0.13565622
CUST_M6TSZL8MEC,0.04038993
CUST_QHVON0WRD3,0.12413958
CUST_E9IK1E5TP5,0.6933345
CUST_8JH400TLA7,0.025062643
CUST_V4DCMJZCDF,0.034348328
CUST_N70PSL8E69,0.84940994
CUST_ZC78VQRA5M,0.107081294
CUST_BVZIB1NA4I,0.8826576
CUST_XMQ20040ZU,0.78595567
CUST_RMFQGXAUW3,0.03629679
CUST_Z4C45UE72F,0.02042605
CUST_7OLWFIHFDL,0.035562307
CUST_RF69NRH8JW,0.12124394
CUST_AVXLGW9OWI,0.035587333
CUST_XMPSIT9BCJ,0.03102785
CUST_SQNKMWFSQQ,0.025738321
CUST_XAMWYSZGK0,0.028677113
CUST_Q2YBPTKHSJ,0.034214776
CUST_73SG4I9WG6,0.8735599
CUST_L3AW2LH13Z,0.03338948
CUST_K3S3AHYA72,0.025890559
CUST_Y34C0CI2TZ,0.026543817
CUST_R07HULI6L8,0.019817075
CUST_AUGHDTM01A,0.11731497
CUST_ZQBDSU9VQF,0.8764162
CUST_M5X0SVRCV9,0.032575894
CUST_35FDMTEG24,0.027478496
CUST_7MZDLKDKYM,0.03191594
CUST_S43R8G1PMU,0.02389103
CUST_B5FLG7ZYUN,0.035425562
CUST_V0FI3VE9EX,0.7494464
CUST_29MQRZK3MQ,0.037560884
CUST_0OIQ5F8AP8,0.12036795
CUST_TYNUF5990S,0.02419971
CUST_33CVL4D4EH,0.12034543
CUST_V73KJOG9BD,0.021504952
CUST_VQBDP5LCP3,0.022362817
CUST_ZODASVB72A,0.02617744
CUST_KOX16TC126,0.10955246
CUST_8PC7IOB5EG,0.030773962
CUST_395YSRBSNE,0.12015529
CUST_NMHRPRMWQ6,0.8134316
CUST_H2FQ726NZE,0.02320027
CUST_E9JO0MXZ09,0.031182917
CUST_4TZJ8HNT81,0.57093
CUST_NTBU23FIJ0,0.03971946
CUST_IH4XQ5PW7R,0.07340186
CUST_7CMCLPH32W,0.053616058
CUST_UJ3JIP2LHH,0.11745623
CUST_HPNN6A0XD6,0.1158059
CUST_IM7M0SLP8Z,0.8008645
CUST_WB0SQF3R22,0.027177647
CUST_TKRQ4GUWWF,0.024198676
CUST_1GR8AAEBH6,0.022898886
CUST_L5PQ2UY06M,0.022715524
CUST_ND4KNQT5K4,0.019193849
CUST_8KPDDDKAQ2,0.03120895
CUST_B51UR1QBOT,0.026900258
CUST_TTWP85N5EV,0.103564374
CUST_UIS2OYSFCN,0.019763906
CUST_N71YLP4JB5,0.77155584
CUST_HPO0RCXQJE,0.043796625
CUST_SF0XY05AXH,0.032666873
CUST_ZP0SMPT86X,0.021192314
CUST_ISE9WXW0BO,0.09190182
CUST_PG0F44IXSI,0.029132772
CUST_Q1S7Y8WUIR,0.18301408
CUST_F6LLNFD3I4,0.034075893
CUST_3WELL4PHDS,0.026625862
CUST_6ELAIZ40YL,0.87340456
CUST_OFBJTJOZW7,0.025183555
CUST_TTLB3A1INL,0.020168826
CUST_3JRQ6QHIK3,0.11739036
CUST_SX9C44L9OP,0.025192428
CUST_YYX8OEXH2J,0.02462814
CUST_IM53ON324X,0.021837497
CUST_S59OVX0QKI,0.022680098
CUST_JBN2OUU3LW,0.017856915
CUST_5Q4BXHPG9Y,0.019514818
CUST_6A0JHPFJX6,0.7559493
CUST_S555GTKX6K,0.02412487
CUST_0VPW1J7ZL7,0.027966848
CUST_K2R5DBNS4B,0.029509239
CUST_UQ2VMB6LKH,0.07838885
CUST_RX0SJ5SPD0,0.023308234
CUST_NNW80Z88M2,0.115158655
CUST_FEKKZ1L3SN,0.088914774
CUST_W39T9LK4HI,0.032300103
CUST_QOWZELCWTE,0.038882516
CUST_R9BQTZID0T,0.021089774
CUST_30LU1K4MYH,0.027544279
CUST_O1KE8I8ELI,0.13463105
CUST_CW9J7F3AFL,0.024461282
CUST_BHGYA69NQ3,0.11132299
CUST_JN98V7BDH0,0.028248101
CUST_1A3C8JE297,0.02607712
CUST_MRLKARTPZI,0.036991592
CUST_8TF6P7XQGX,0.10469812
CUST_CGBSD2257A,0.116131894
CUST_61S40F5JR7,0.021529738
CUST_WZK3E73R5V,0.77443725
CUST_HEQBVYTT5P,0.8703133
CUST_NDBD1NTP1Q,0.03038871
CUST_FRS5KV3R6Z,0.030254118
CUST_HO78MK5NLJ,0.032416068
CUST_NOJROTJMOP,0.030122792
CUST_TAFOOZI0O4,0.03449904
CUST_P6YGLYSAKP,0.02983007
CUST_U4HWHOUNYB,0.061013184
CUST_6UKEY1XDPG,0.024227181
CUST_FZB8GXW6YC,0.021435576
CUST_7H4GSOMEPG,0.07263078
CUST_LAVQP3B5CD,0.024907958
CUST_XNWUFYN40G,0.08210972
CUST_PYWT4NN38I,0.01930312
CUST_QQCRS97XD2,0.05571358
CUST_GWAWOJ3GDT,0.033546858
CUST_EW96PDC6T9,0.14946198
CUST_LLXWY517GK,0.019802965
CUST_1BT7SB3TI1,0.11550328
CUST_V1122XYJZO,0.07614472
CUST_4MMIOEU70J,0.027958663
CUST_VLZOT0KJYJ,0.028497612
CUST_B7U2HU9K43,0.023477148
CUST_0MAEO2N8NQ,0.09603818
CUST_SN7NZ39P6S,0.033382293
CUST_XS2IUTSOSB,0.049415685
CUST_XYPQTYRRU3,0.09071481
CUST_5BCYS0EC0P,0.02907003
CUST_7M90YW2PGT,0.028698457
CUST_SQ0H1YDWHC,0.025220003
CUST_0QQ1YZCPA2,0.032842506
CUST_DFM07MJ8ST,0.022920165
CUST_4BO5188PIZ,0.031424984
CUST_HT6EDQFVK6,0.029491
CUST_UI8JYIMYVN,0.1381654
CUST_J1CLONFWOS,0.024601553
CUST_6QLAM95EO0,0.019811204
CUST_TC1ZZ0KRTX,0.023714285
CUST_WWMIM16B74,0.18284282
CUST_VD7BMDCNBU,0.6926561
CUST_9YE491RXHT,0.03284063
CUST_X8C5R1O49L,0.03602207
CUST_76U02JNKLM,0.03366776
CUST_EE4TOL4VET,0.10344815
CUST_AN1NUZY65U,0.02401478
CUST_Z9VDMM84S7,0.029246762
CUST_C4Y9ZS2T57,0.12351052
CUST_665505YE1D,0.14785641
CUST_FHRSC43I6H,0.8600769
CUST_2OB9CG0H8C,0.09986305
CUST_YMH8BEZMX8,0.024886575
CUST_1C66Q9IT6P,0.12505475
CUST_MUJSHUNOLS,0.093181565
CUST_458PW3EQ1C,0.036920577
CUST_MZOPLVDZFM,0.019732744
CUST_JYWY5O69S9,0.027654734
CUST_IZO4XSFGQE,0.035963014
CUST_KHJHYXHCEI,0.032997023
CUST_YC17626MQI,0.02810441
CUST_RMS5N1A5RP,0.03373356
CUST_0P5B79E1LF,0.18184035
CUST_GF691XPHK0,0.031939536
CUST_Z2LUWBWDG6,0.130103
CUST_ANQQNSFBEZ,0.094846204
CUST_LQOSSOZFYT,0.757435
CUST_G9CXQTD6XC,0.03960674
CUST_KCESXQ9YUC,0.02260387
CUST_X32MLDPDYA,0.030269055
CUST_Q8RNFF4N4M,0.10556994
CUST_Q7XSPCZ6PG,0.025036495
CUST_MOQGPW8PMU,0.0955202
CUST_2ZRJ23Q9EM,0.119796894
CUST_C5JNOEHLY7,0.02039426
CUST_WEUNFMIX5Z,0.024416955
CUST_UMSO7AEDDC,0.023911474
CUST_N23V3513IM,0.02693071
CUST_0CI7ZG2G6M,0.14088173
CUST_MVOTCY5EQJ,0.8669095
CUST_1D96UHZRMY,0.023851292
CUST_V460POJ9K4,0.12655452
CUST_JIOP4S9TIC,0.03161188
CUST_K7SC51IHAY,0.10244074
CUST_ZGJGSU53UR,0.15867883
CUST_7DAT24RZT7,0.031740695
CUST_7A4KT4DF4C,0.024641626
CUST_UBIFBKMJ8J,0.02417454
CUST_XP0CV4YWXQ,0.06676419
CUST_GCL7BVLKM7,0.14851989
CUST_Q9SD6RY4FG,0.12720735
CUST_WASCR6VSY3,0.13172573
CUST_EYA79GBF5E,0.024470974
CUST_QSSVELTMZ8,0.07909311
CUST_9ALER15FF0,0.08609479
CUST_KQ19M4AFLG,0.070655786
CUST_QU16NNII59,0.7535072
CUST_TY97NVAZZN,0.036353525
CUST_8KQCCYE1QP,0.76270926
CUST_X8SP29HDQE,0.119531296
CUST_3EJHUI33MV,0.033859212
CUST_20YAV7UWDF,0.09056549
CUST_97J7NI605Q,0.11232079
CUST_XZEZM1MZNH,0.8897394
CUST_F3U1GTM0RN,0.10339022
CUST_G82MHU2FZU,0.08282068
CUST_27433U02IR,0.022664815
CUST_YX8GSCIHXJ,0.027734824
CUST_LI8N7EUJN9,0.028003316
CUST_V5KGUGXAYR,0.17765541
CUST_GM9ZTR1FE2,0.03861725
CUST_TJ577SSCKF,0.04024823
CUST_0VICPE03WY,0.19122532
CUST_EJEK7GRQKB,0.080214955
CUST_NKBSS0YC90,0.0215619
CUST_TRZ195RNQB,0.03210261
CUST_4KRWX4I0ZN,0.12195962
CUST_C0EZIYC2AO,0.10878346
CUST_G4ENC98B1K,0.027311925
CUST_K43FVLCZ2F,0.87119293
CUST_HP665QSV70,0.024217354
CUST_CVL2CZHHM7,0.024114331
CUST_CCI0JG3FX9,0.025751645
CUST_0FD4VYAQ7P,0.022020621
CUST_WRWM61T62U,0.023779
CUST_RL2R2X0YJ8,0.102083966
CUST_P646ZH0X06,0.035814058
CUST_ZK82ML3INL,0.04106187
CUST_ZZLCKSS0W4,0.120313436
CUST_C2XMPNB75C,0.03079114
CUST_7C4UL74ZKZ,0.031695377
CUST_O2B3KQ21U0,0.12155613
CUST_HQ7YS52OHP,0.8566601
CUST_NRKAKVPITB,0.12388926
CUST_49ZFVH2R3C,0.02547921
CUST_E41V0FL8BV,0.11183553
CUST_NGIUW7MFJ1,0.033028327
CUST_X5LOO8M907,0.03366894
CUST_JLCVXW0PJ3,0.028506525
CUST_SHAPL6O51B,0.018792799
CUST_XA03MGEPXP,0.022098625
CUST_A1ECJ0F3SA,0.10828022
CUST_DYGRWN5YJ0,0.08227808
CUST_YI8FIOQDND,0.16632798
CUST_JIHLI70TP0,0.08235364
CUST_H3J97PV458,0.030181888
CUST_XMA798EP8L,0.12224021
CUST_S233797YIC,0.025807997
CUST_IU8E7E5G1P,0.021016998
CUST_BI20C3FT12,0.07291675
CUST_EE90IXP23M,0.025838856
CUST_R24IEJT4FF,0.09375185
CUST_ZY7I5UJ1Y5,0.020090437
CUST_AWOG812DHG,0.08338673
CUST_RQXYNLGS1U,0.12951499
CUST_5H088WP8D2,0.07275194
CUST_IRHBAQS898,0.092788845
CUST_D0KFS1RTYK,0.033489276
CUST_I3V3U2Q3GD,0.7970213
CUST_JEJSULP74C,0.09806573
CUST_RWX3WQIYLC,0.026308047
CUST_E9WLWCE5AD,0.12422094
CUST_IGQMMSU8BQ,0.029691083
CUST_5P2CDQQN9G,0.11773188
CUST_5327V5UYW2,0.025722794
CUST_73GQ4YYJPX,0.09093861
CUST_0KUGDCJDRA,0.818808
CUST_G6JY3BUA5I,0.17649992
CUST_5C6DX3UMHB,0.024563584
CUST_MCXYHX2C7M,0.026937328
CUST_RKGDF44GPE,0.022506414
CUST_ONP1ANZLH2,0.07108877
CUST_E4ED1K9VLF,0.040340696
CUST_ZEM11FABIV,0.10569994
CUST_ITY8AA0MLB,0.019421877
CUST_MDDVRAYR49,0.8086423
CUST_UXRQQF5XX4,0.025947263
CUST_BQF7I253WI,0.090389885
CUST_GD6U5DY6XA,0.13949287
CUST_V7ZWC6B16X,0.103439845
CUST_ABI09LKYIV,0.088837065
CUST_AH6V5DXJ30,0.032744832
CUST_JZ0BX193IB,0.022014445
CUST_TZCOTPYRJM,0.025574772
CUST_M81HPK9WSW,0.026320834
CUST_O2SD67G95F,0.027749993
CUST_R1XKRI4RX0,0.83290833
CUST_YSGUQ4J8P1,0.8714173
CUST_1OX2KJ2NB3,0.022579586
CUST_45IGI442ER,0.021478117
CUST_Z7YUPYRK9Q,0.10231706
CUST_7RTPSMD7VC,0.03015688
CUST_KP9ZFQQ4PV,0.8519231
CUST_M1XE7AJV8B,0.66251194
CUST_031AT8PCU8,0.020018894
CUST_BWODQ562LF,0.05542928
CUST_P9ZUBI4HVL,0.02233124
CUST_SV4NCP494P,0.06960266
CUST_TALMESMWJQ,0.021128356
CUST_KEP5SBRI13,0.021727247
CUST_GY1M65LORH,0.032731578
CUST_U5P2A4N7F3,0.07762913
CUST_7XNPUUVASE,0.02591399
CUST_L18BEU2AB6,0.13926604
CUST_T8S3Z1OCIE,0.10053955
CUST_GH002L1B3R,0.022095162
CUST_PEF3AXCKDD,0.03617805
CUST_9Y6M8K8QAO,0.025747864
CUST_5MDJ3HFNOG,0.03890376
CUST_NEZG0S21DV,0.04318249
CUST_BYR9N78Y5B,0.026219934
CUST_2APKRNI6SQ,0.07773744
CUST_YT1153R5QQ,0.13095069
CUST_23VNZ5DJLT,0.02001114
CUST_EV6PJHZFSA,0.031526346
CUST_CU8O4ZC4J3,0.02387368
CUST_2C01YYMF11,0.06905788
CUST_N1CBP8E0W0,0.6904711
CUST_7I7NRVLEN5,0.07112533
CUST_B309WWEC5Y,0.023849966
CUST_KWU0J0Q4G1,0.111084156
CUST_EHNE75WCHL,0.8520666
CUST_Y0W11JW6Q8,0.029876636
CUST_7H0L830452,0.07198685
CUST_3J98M8KT5H,0.7234074
CUST_RB4DX0SCOY,0.119972095
CUST_W027F38R7C,0.022881322
CUST_J72156G5KQ,0.02667298
CUST_NVZYVQMID6,0.08519902
CUST_P31O48APP0,0.02408951
CUST_8RR1EINUOX,0.03140106
CUST_VR4LT38ISK,0.027050903
CUST_P5WHPKZ32Q,0.023798
CUST_NMNEBW69MP,0.11184274
CUST_6NWQSXB749,0.023332132
CUST_H918XCZZ7B,0.022407781
CUST_V5TU64FF9P,0.027797982
CUST_IJ06UU2PGI,0.027681775
CUST_8JQEHP6CS6,0.029092476
CUST_D1WK7PAG2J,0.025226278
CUST_CDDEBS7DL5,0.08600992
CUST_GJO3AST7I9,0.102817796
CUST_V9TOSQVRRM,0.08438819
CUST_92YCRYQ7NL,0.024162328
CUST_JGLNW2WRZ3,0.02541093
CUST_E39SMH4SD8,0.025293248
CUST_GJTMFKVJGT,0.089266196
CUST_R6EHFM0ZA5,0.11127928
CUST_DYJ722D0S6,0.08722871
CUST_97U4XSCDVL,0.071260326
CUST_IFJOPYW0EH,0.028853223
CUST_S1TX61TCFS,0.025748929
CUST_B1M6M46JKN,0.11620718
CUST_MJKU20EBZR,0.0259273
CUST_MD8ZX78VL4,0.036625057
CUST_7YWP3JQ35K,0.025811635
CUST_49QC7BV91L,0.09385351
CUST_W4ONVDJKN4,0.020673268
CUST_P0DFN8POY6,0.1109251
CUST_Y58QJ9TCL8,0.03600399
CUST_H5D1LQTDZO,0.022841003
CUST_ERVPOKRTB1,0.8454718
CUST_7HEI2M36BG,0.06620452
CUST_V18OVLGZGK,0.115021475
CUST_6TJZEJNPXQ,0.09939321
CUST_7L9LJ956Z2,0.117183186
CUST_G3AKS7TAG2,0.025805416
CUST_M9D411WQ91,0.027101899
CUST_RF1SI1J78B,0.028392803
CUST_DT2A9MURZX,0.024039688
CUST_RR9AWXYM3K,0.80708134
CUST_OEZH94B9R3,0.028345196
CUST_0V8JB8G5IT,0.81220204
CUST_LB2NYQG7PM,0.10825861
CUST_3BCKCO73CM,0.113177605
CUST_AA10RLA8I7,0.026203327
CUST_NBDAANBJ88,0.8751449
CUST_9HSM2A32D9,0.6059143
CUST_NN4LUX2GM2,0.02703425
CUST_FWH8T7LTNJ,0.13827313
CUST_5K1V6Q8Q1I,0.029306982
CUST_42KKI4A53X,0.042550236
CUST_DTMFCX0UY6,0.032359917
CUST_B1MFB4R1AX,0.024131956
CUST_JV75M1ZRGC,0.09024478
CUST_A55MAUYQX3,0.02693018
CUST_ETOWF8MJXN,0.023267161
CUST_E2T9MLKIZG,0.07054343
CUST_GYU6I9SVHY,0.017992891
CUST_XX8KLRL8O3,0.082213745
CUST_ZF16BR18CL,0.8374685
CUST_HK0EK8NRAB,0.029589783
CUST_UNEIBOZZFP,0.10641401
CUST_FL3Z9PA1ES,0.0234316
CUST_J5HLXF0BTM,0.027348721
CUST_103SI1CHAJ,0.03067395
CUST_0SWX9ZPR89,0.019195965
CUST_47CJ26BQW6,0.019479709
CUST_97NUM30PQA,0.14104183
CUST_N2TQ9WZ5FC,0.029385135
CUST_L0S7I90VIL,0.87184113
CUST_5MIPC69XVT,0.032953504
CUST_45XTPJ816F,0.031292066
CUST_IN8Z575RMD,0.02331578
CUST_UVUGPTR641,0.023000438
CUST_P6MUFI6LIG,0.21272582
CUST_HGUZQ3O0Q1,0.030599862
CUST_VKLAOP2PXS,0.028090753
CUST_OJJZ6NXD31,0.10243033
CUST_ETXIIPIK4U,0.026934534
CUST_D44FV6BLQB,0.09747529
CUST_1RQ8RY3YH8,0.030726645
CUST_V4HY31QKFT,0.08189503
CUST_OOF6HKCTIF,0.02044101
CUST_9YNOC2PFSM,0.13559644
CUST_3VIYP457BK,0.024608904
CUST_O0U48X8YMJ,0.027478019
CUST_8MRXFBK722,0.12762737
CUST_O3U82J7RSK,0.03713415
CUST_XQNZNWUWD7,0.020528238
CUST_2DBW7N2JNG,0.024908936
CUST_026WE13X14,0.020327155
CUST_7WVIGQD4BT,0.1847549
CUST_TQH1W8BU9M,0.026504897
CUST_6N1EMM44SG,0.019762307
CUST_0J49P0SNR7,0.13507134
CUST_MU521Y9WK7,0.028580226
CUST_QK0VVOC93P,0.023060612
CUST_C8FQ3AQ0WZ,0.08075409
CUST_8XYBSJU8TR,0.10528189
CUST_4NB1BS3URJ,0.064815156
CUST_WULHRET6DZ,0.02134476
CUST_EYSTGRGVCN,0.033918682
CUST_GQI0P9VK4C,0.8512239
CUST_HWFAQZEX5X,0.022836197
CUST_SL2TP79X4S,0.019633915
CUST_62WAH1V4QO,0.066962935
CUST_7OG4950771,0.020285528
CUST_RVZKVHTHEH,0.02637236
CUST_JB1Q7IAY06,0.09682551
CUST_Z7RN36JQRH,0.026181545
CUST_NCZKRFV3KM,0.9034979
CUST_XLB5M051SX,0.0927014
CUST_FM813PH6GG,0.021743024
CUST_1B2CSL1JE0,0.022465969
CUST_L1FCD8O33H,0.15731987
CUST_DSTNW1D430,0.036311995
CUST_SBW543WLPO,0.10991289
CUST_2QBKREF3L8,0.03392351
CUST_4SWEJY9B4X,0.0255294
CUST_2362CLXJ1I,0.13651718
CUST_GOVF5PR0N2,0.023814285
CUST_OASIIZQ30X,0.11854906
CUST_G60SSNK48I,0.14573196
CUST_VT0NWT943G,0.020809589
CUST_4KNG2A9UO8,0.031032037
CUST_A2R474U50C,0.81932235
CUST_YK163E56JB,0.0831632
CUST_LDRZ6J9H2O,0.024667086
CUST_4KIFPWEBFO,0.024131972
CUST_WQO5GM7IG5,0.09807388
CUST_8J6PIPOJYQ,0.13100034
CUST_GNJ1TRHVNT,0.018573917
CUST_W5XQEGFLAB,0.15413213
CUST_PSUWLHYTVD,0.029078579
CUST_ZH6YMBLG0K,0.10552448
CUST_D9W5FPHZEU,0.024373274
CUST_8HQ9790KJH,0.033910513
CUST_CBW07P2AYR,0.03184962
CUST_R308M0H9EM,0.105999544
CUST_Z51SRG9IEZ,0.80774814
CUST_WQ3PUOIOFR,0.09125764
CUST_X22MXW4KC4,0.028704282
CUST_DQMMLK1FVB,0.028480258
CUST_7IKDFQ66NX,0.02426396
CUST_5I6DGODAN9,0.022664245
CUST_15POW6B739,0.02774185
CUST_2I3KDQX2HK,0.025482928
CUST_CWVTR3CLY5,0.18797906
CUST_EMMVQJWT3X,0.12059063
CUST_B0F1Q0LOI7,0.15177985
CUST_TOS5C5CG1W,0.031328447
CUST_8DT5XKTGGQ,0.13670489
CUST_1AWQUQ40KO,0.029736716
CUST_HKIEJQKALV,0.021238366
CUST_LON66NW9K8,0.027150767
CUST_PGHWIDY2PG,0.028156582
CUST_EUPW9GQKJ5,0.09880152
CUST_HALYPCU5T7,0.024365451
CUST_5W8C26XSQN,0.025524305
CUST_VLUQFX7US7,0.1126862
CUST_T4IGP5RSJC,0.09015913
CUST_G7JO18U7HP,0.11869206
CUST_YTDQ70TBY5,0.022827322
CUST_E47SXF4Y8U,0.020343779
CUST_PZ6VLA27ZN,0.027420923
CUST_8IHLS7TNH9,0.040436935
CUST_FZCR15U1KI,0.023133187
CUST_YKP11PTKUQ,0.042232793
CUST_XF20IZVOL6,0.04157816
CUST_K084HH2LPV,0.06767431
CUST_ZSGSU73UW0,0.04091987
CUST_0SSVS06UHA,0.04539429
CUST_X0EXU20BCP,0.021220848
CUST_XFLQJ8VUCX,0.115892425
CUST_QMY0YMOPR7,0.028064627
CUST_DAMBI2E6BV,0.026665265
CUST_QZG2BJYSFT,0.031617533
CUST_XA9LN5IAYR,0.03171959
CUST_VMPP0WBJXH,0.032889582
CUST_L5QNUQ65AN,0.08625464
CUST_ZDZPXJ8YG7,0.10145661
CUST_GZA1HLMOXU,0.12130041
CUST_ZERU86S5PX,0.09621546
CUST_N40CTSDU6A,0.11866015
CUST_4JSRWWKC29,0.82583517
CUST_DS0XT3IKWM,0.86731416
CUST_BVY62SS8I3,0.04733276
CUST_NAJA6E3LZ7,0.032947063
CUST_51AS9A2YWG,0.101209976
CUST_3HX42TPICW,0.13023183
CUST_U04I2L45NA,0.02429876
CUST_6S60RIU9LF,0.09523676
CUST_W2Z3N0J0ZU,0.021136515
CUST_NU1XAAOSNZ,0.17172721
CUST_1GK3DTGLEY,0.12936133
CUST_QHOX7A3WKA,0.09291347
CUST_IF4T2O3DPN,0.027215594
CUST_BMJ90TJQ24,0.11091401
CUST_4FJCMOYIYP,0.024117053
CUST_6GJB4QC498,0.038400613
CUST_SV3GY4D4K5,0.04430712
CUST_5QQ1BH2BZY,0.10083525
CUST_9A21V20ECM,0.115596466
CUST_3ZOU2HXKEQ,0.033016846
CUST_SXAOSQZTYP,0.13857897
CUST_ZQ5WSKDCWV,0.024083935
CUST_YQ3KF44XV4,0.023603493
CUST_VQNB3QOOTP,0.8669797
CUST_NM2SHG8WEE,0.027905006
CUST_ZUGAHVNA9C,0.081255764
CUST_LBCTXJ8M8L,0.1567217
CUST_O9O9RKCRF2,0.029173566
CUST_888WGGUKE6,0.83273107
CUST_UOQM4S2U24,0.16961473
CUST_PVY7W5K9B8,0.051746275
CUST_EQEUD054HR,0.094610244
CUST_XD0M20FRDB,0.020426817
CUST_LHXQOXX3RS,0.10118822
CUST_ML5N64HQPZ,0.08629707
CUST_YSZ9FIQPR1,0.025883647
CUST_HVKQQ2C9EV,0.024204379
CUST_CUBEA9UVKR,0.020538429
CUST_4NCDGV09GW,0.83979803
CUST_UJGPI0IJ3X,0.8009245
CUST_A6NVKEG7GZ,0.062001087
CUST_1CH97UMWUQ,0.029844431
CUST_VXEUSZTCWF,0.030766161
CUST_QFDL3QY5FI,0.21360895
CUST_R8NJTTEQ3W,0.21830079
CUST_ZTKANVBJ9I,0.028969588
CUST_UOOQAWST8O,0.764664
CUST_VPAGZ2YVDL,0.8824237
CUST_YIIBGE7HNI,0.024174433
CUST_EWLHDYJSDC,0.13213544
CUST_8LXKJFAN81,0.026581109
CUST_Z0IVE9Y0K3,0.107466586
CUST_E75O50RXE1,0.029000796
CUST_BWGGD4TF7F,0.12215955
CUST_0MVY699OW8,0.08366315
CUST_B9A886K73A,0.029269556
CUST_H8HA1OP7IQ,0.03311012
CUST_38OXUYHLAC,0.033445057
CUST_8UDYDQXZPM,0.8956004
CUST_BAZ8QVGC2B,0.02724326
CUST_DN18YCU4LE,0.07684828
CUST_DKYGN8A1X2,0.027220542
CUST_74B4LSUTZI,0.039273977
CUST_448RNZ9T1E,0.12949997
CUST_XCNGW5VKXT,0.030237231
CUST_OE1N93POVU,0.85013014
CUST_XT9RI71UD9,0.027709216
CUST_VU43YUBYFH,0.080653794
CUST_8IA25EO7D9,0.11002385
CUST_QI64D7ENT6,0.027540555
CUST_NTL84K82O4,0.1415177
CUST_ASCMVKTNJZ,0.934562
CUST_FAF0Q1SHKY,0.023405513
CUST_V1PDLABZXL,0.029903093
CUST_I4WS3PUTEY,0.020896778
CUST_ZPFTXSLASJ,0.044448897
CUST_37V2ITDW0S,0.12091616
CUST_18QVS0QC9L,0.0382532
CUST_290GV7DNQN,0.09310148
CUST_DJCQD07165,0.029712645
CUST_0WDJ7VNSXN,0.11986956
CUST_GV6XA2LQ9I,0.019611742
CUST_O89JZT8WWO,0.024436137
CUST_6DF2HV2H3U,0.033234935
CUST_8CM6ZO490F,0.026775016
CUST_Z2584X5V4O,0.027379468
CUST_XY9ZFBEY5Z,0.80888
CUST_G5N986IZIB,0.12988676
CUST_YBTYFAFYVR,0.024990512
CUST_DMNOYDIRI7,0.06467898
CUST_DEWNUNT5TU,0.026283322
CUST_1ONNMHTY6U,0.70954984
CUST_EP7LPBFOQ5,0.022383383
CUST_XQUJYPPFX8,0.081818946
CUST_DACRFIB5DD,0.024683576
CUST_L592KP442T,0.03243559
CUST_GNNB72B1MS,0.021328643
CUST_RQ196CG9L0,0.16471626
CUST_UB7UL2FTTG,0.027727205
CUST_0VDBNYXU0D,0.094451025
CUST_BIT0XH47OL,0.10758695
CUST_1R5BHGKCIQ,0.083903156
CUST_QGT3H8VJ7K,0.1428813
CUST_AGJDBYJ16J,0.8286195
CUST_RPKI0923SE,0.11167261
CUST_R3M44EZ0QZ,0.029836206
CUST_Z7LDZD9MSJ,0.10576917
CUST_5ZEXVN29QX,0.08273367
CUST_Y64YFLFB7D,0.026071556
CUST_TZ82VBQQOI,0.12914178
CUST_V6L2HTYDH2,0.10925966
CUST_FLMCXJ989T,0.034142416
CUST_BJYKAW1ANY,0.7705395
CUST_HEZ8MN5KFB,0.019473631
CUST_EJMZEJ7ZPV,0.026386578
CUST_ID1FW3BLTK,0.022772182
CUST_MVNXPM3GYE,0.10563555
CUST_QI0CJR6Z64,0.760546
CUST_JY3UI3VZQ2,0.03126657
CUST_NXFTKUCR86,0.22224191
CUST_J580LSBKDJ,0.028716704
CUST_ZZVNBYP9KP,0.064083666
CUST_A468KF4640,0.1440248
CUST_423S4TFCPN,0.025279827
CUST_YRVMT58X8X,0.07306046
CUST_3SOBQ113J6,0.0861265
CUST_0512HQJ6VV,0.029628217
CUST_CX0784DS36,0.11107741
CUST_O71B20RAXM,0.083104424
CUST_JZ86G6LTD7,0.027839964
CUST_AJN8417VLZ,0.105037026
CUST_01427Q8GCQ,0.034549195
CUST_APGN152IC4,0.023825003
CUST_6CMVPEJ6JI,0.032882378
CUST_2YACSII0X4,0.09649088
CUST_50Z5NQLBTL,0.024001434
CUST_TTC9QYRCMN,0.089014806
CUST_CNABRW917F,0.11566943
CUST_935U5WZ79V,0.02367538
CUST_RTR07L05G9,0.06928443
CUST_GBELR13U0N,0.042373218
CUST_17BV746269,0.09312143
CUST_E2JZ1TQB8R,0.81749475
CUST_V4IZ62BL7Y,0.021049272
CUST_2BBISP3CWT,0.025579028
CUST_HAEICZ89TZ,0.09659164
CUST_T4BR7CGM7F,0.031198991
CUST_8VBXLWCR6S,0.117019795
CUST_0V2UR6Q9XJ,0.11692433
CUST_KKZ67YZR1R,0.022364197
CUST_NW60C4BJA4,0.02900474
CUST_ISBU9992CZ,0.028461127
CUST_WWGB98YF2B,0.7177047
CUST_JI1FO3BYJY,0.09730006
CUST_W1MUYMLOUC,0.78988826
CUST_1NMPRJR3FX,0.021213643
CUST_3NHP17K9OI,0.08830985
CUST_28R4GZ00ME,0.12869023
CUST_GN995GXJH1,0.07091428
CUST_ADCGWTA99Q,0.114099525
CUST_JJ8SYRDJWR,0.023948178
CUST_3SLMJ18CAZ,0.1373607
CUST_3058EJOC9A,0.032427464
CUST_NJEKKZBOHC,0.110634424
CUST_KG7KVV13TP,0.030247718
CUST_KGWMLA2QCB,0.028113915
CUST_AH5YLY0CSK,0.11793725
CUST_MKRW5AZQHT,0.017450087
CUST_RBPS81EZBY,0.08497504
CUST_TWJRHCDBV8,0.030640636
CUST_1GX1OHKOSU,0.0448889
CUST_TF1GSHU8S5,0.01933404
CUST_IZKCILL852,0.077289216
CUST_22TB6ZAVWP,0.13050541
CUST_9ZLYYM908E,0.12452104
CUST_UBDK8WQ7Z3,0.76002884
CUST_AD77Y592FF,0.84138405
CUST_WB5KDI2K0U,0.03142281
CUST_UZLWYE5IRQ,0.026458915
CUST_FAZD3ZZ9J1,0.029225403
CUST_4F2I6BNKVA,0.017812287
CUST_4LVXGK4X7J,0.022234185
CUST_L2RG432B3Y,0.098477066
CUST_63OIOMD99D,0.1047158
CUST_67RPVUY9T6,0.033045113
CUST_SAUBO8S34N,0.027438313
CUST_4NU2P7MZXQ,0.11508397
CUST_OUOD0H7RU2,0.02790193
CUST_0E1598Q6FE,0.13329746
CUST_1EL5FNM1QQ,0.03718635
CUST_537UZBVWWZ,0.025379732
CUST_VUKILRG1RM,0.08493093
CUST_J2P41U40C3,0.13672328
CUST_ULWSZ5W5NO,0.019581657
CUST_W4ASPH165F,0.8258119
CUST_XT7BRZE8AG,0.1053819
CUST_E1WX6R419J,0.030286662
CUST_CB6B8NTZB9,0.096071854
CUST_8LR74GD3N6,0.022905001
CUST_UQBHBI0745,0.027525337
CUST_ORZLODLPIJ,0.09463339
CUST_0YJFJWHQIB,0.024593813
CUST_2LLHZGU5RL,0.089840405
CUST_GWQH8FJTRW,0.09064238
CUST_P369NP571Y,0.027490916
CUST_P1SN1H0J1O,0.030724477
CUST_JCSCMQRQIP,0.035365723
CUST_3R6AWF4KW5,0.022017093
CUST_GO7EMWYNAM,0.034415275
CUST_H8LRKJ8E7F,0.032260764
CUST_U0D120W16H,0.033945296
CUST_1NO6R3TV2A,0.15124436
CUST_IIE586FBSH,0.09559532
CUST_GJUVGICEOH,0.042163655
CUST_8KIMHOCM2Y,0.11510443
CUST_S6LX0VLB5R,0.0649294
CUST_1C594OZ3WT,0.07604207
CUST_FQ6O7I3BLG,0.03301381
CUST_1SZ0Y3IGWA,0.033844464
CUST_D3XS2XHJM0,0.095145285
CUST_BAOTPVV3F6,0.06503392
CUST_DNY2VQTMMW,0.035331026
CUST_XVBLK3ENR3,0.023613164
CUST_METEKFLR70,0.066940695
CUST_RZ4L7C30G2,0.10968391
CUST_13YVTCY3AD,0.018324327
CUST_SEAHJJVD89,0.02493687
CUST_5KQAC3OD51,0.026037507
CUST_GN6LNKTG2L,0.039166484
CUST_PJOTPH4BLB,0.07549525
CUST_9K9I91FA45,0.07373316
CUST_UTOQVF1RAI,0.03510935
CUST_NA4BULTUWJ,0.116497815
CUST_9HXCWLW7PF,0.10772406
CUST_WVGGOWX12B,0.82754844
CUST_1D1FEVHT8A,0.10696881
CUST_OS5IIGP30A,0.08296039
CUST_BFYC47C32M,0.035364315
CUST_PO09HRUAUD,0.7208024
CUST_QVKUOZIQGV,0.89241785
CUST_OMVX1M0XPD,0.040922135
CUST_9W53SUCOFV,0.021502135
CUST_1VAR8151BL,0.08959936
CUST_N014AYSUDX,0.07446195
CUST_2MZN2NLMXD,0.16133936
CUST_ZLN5MRQNUZ,0.12262479
CUST_GOHUS5XA2F,0.8446687
CUST_S8T3LN3WG3,0.019919682
CUST_SS9JHJFJ5K,0.024938503
CUST_KVV5L9WELZ,0.09600217
CUST_2LVGK1Y4U3,0.07228789
CUST_XYLVW2KZFB,0.02958255
CUST_M28EIMMUGJ,0.1773484
CUST_UA3LSFF97C,0.116043776
CUST_MDPZMNG8VH,0.027832918
CUST_6GHZ07ODE3,0.025905715
CUST_JZ31IFZI20,0.12778647
CUST_91Q4K0KKOL,0.87529826
CUST_STVROBCL6C,0.093495235
CUST_PKK48QEVBY,0.8642896
CUST_6D2KQWRT3U,0.032192096
CUST_O421MH6YHP,0.033255324
CUST_2EORZ7GJN8,0.02849294
CUST_19VWQD5P63,0.08629227
CUST_EL3Y21H1C3,0.10888098
CUST_G482FX8B26,0.07095457
CUST_W96QO8EC7E,0.02834591
CUST_BXVAWY1F22,0.023183806
CUST_0H5VVL999Z,0.027321965
CUST_61L8036POS,0.08267107
CUST_UUCPSZUNTO,0.1405357
CUST_P46XEHSZUG,0.08696696
CUST_0L94P9JM88,0.031526398
CUST_4S1UXHUZW1,0.025596296
CUST_2JZN4IPWJ1,0.035642523
CUST_BCSAJO6CWH,0.027605882
CUST_8CJWTER6NB,0.11541818
CUST_F66Y7PZ8F1,0.7692823
CUST_PKVZ5SF2UJ,0.08759958
CUST_9BH3SX657P,0.12709634
CUST_70JG6S3WIL,0.022248227
CUST_RBQ5GRH38E,0.7817595
CUST_0OIJ1MK5AH,0.022138493
CUST_PIC64D9UIW,0.038174573
CUST_ZDVU30OZE4,0.024501994
CUST_83Z3M8UG10,0.028521178
CUST_PVP3ZJXQ66,0.1408666
CUST_ZKR5Q6QWKC,0.04183181
CUST_IG5W2AF6RL,0.09769043
CUST_I0J3SSI6ZN,0.06047735
CUST_CPC49622WS,0.8866949
CUST_IZPUXBGWQ0,0.029028028
CUST_OH4QSX9JJ7,0.12123505
CUST_GYKD69528P,0.026250144
CUST_YC47YQ36ZJ,0.025106987
CUST_KEVCIIW8ZY,0.03949482
CUST_X81LAW38UP,0.02429109
CUST_XH24UXFT4H,0.022395324
CUST_U6HROBW9RP,0.031694178
CUST_DNZSXEWYL9,0.03198685
CUST_4VRJWT79WC,0.0722947
CUST_YJA4DL7794,0.021430394
CUST_0L1PW3RN42,0.02421846
CUST_K9ZDTA12Q1,0.14364251
CUST_RUUO2O3OB3,0.068579465
CUST_JV2CFIZRFP,0.028453534
CUST_R50O1GR3QU,0.026194895
CUST_UAEO3W09U9,0.028284684
CUST_KB413YZBQI,0.032842007
CUST_6MWNEEL0S9,0.8764803
CUST_LS1Y3EOSXR,0.022960613
CUST_5ETUMJ4THM,0.110238254
CUST_L3XWEKH8WD,0.8451482
CUST_XMZ1J7P7JT,0.024099395
CUST_T34D4HWFAY,0.034751642
CUST_6Z8CHSV5JS,0.028941011
CUST_3ATCA355FM,0.03244778
CUST_H69ADY74F9,0.0332489
CUST_8VQ5RA9DWT,0.024641253
CUST_L9IOU0HJW9,0.024094354
CUST_K6C3FQDOZF,0.020081474
CUST_0EBZUWXPCX,0.09484551
CUST_EPKM6E2QDJ,0.18212299
CUST_NVK7HOH8U6,0.02680943
CUST_3O3HLXM8SY,0.02513635
CUST_ANV2YKVZRA,0.1135861
CUST_F9ZA3PRX8Q,0.026521007
CUST_DQXZ0G5UWE,0.023461996
CUST_9OMKSYOL4K,0.079864375
CUST_KJ1VF89EI7,0.02796467
CUST_40VDOU8DIG,0.12205205
CUST_N6DEMMOWDZ,0.022503857
CUST_AIN5GBGQ0N,0.033906862
CUST_L4IE7U44B8,0.02337637
CUST_0G5ECG9BYG,0.07927398
CUST_XN07AKCKQQ,0.0265445
CUST_1WK6NA5YIN,0.86834455
CUST_PWKCME33BX,0.11119977
CUST_CJU5G1R0RR,0.13373476
CUST_SUJHAR633U,0.11829621
CUST_HWYS2DTPRH,0.11037331
CUST_ZS3NAQ7SQ8,0.80314934
CUST_WGB6OYV2LR,0.024748957
CUST_58YJKUKEQ7,0.023135494
CUST_UEQS7YHWSG,0.12803902
CUST_XVLA8Z1QXX,0.8563212
CUST_N56HM7LQ8P,0.029688535
CUST_ZXN2QGZU78,0.024593914
CUST_OR7B5I0520,0.029287528
CUST_J0IVZOCSNF,0.033477858
CUST_08Y52PG4M4,0.10084617
CUST_ZQHK6MN53X,0.028002933
CUST_LY3ORX94DL,0.02805399
CUST_7F1GTJ7ZAU,0.035489406
CUST_A2CXEX32ES,0.10083205
CUST_WPP90YXSAV,0.07949692
CUST_ELYDHQJGAG,0.14872836
CUST_JD6MB2I66J,0.023722585
CUST_OW4XPER2Y0,0.031930745
CUST_RX44H97Y09,0.11244246
CUST_8SDVOAE2HL,0.16220516
CUST_2V5LC6QDLA,0.029347094
CUST_XHUN7AVIEG,0.14552753
CUST_KX6T7IAHD7,0.02246001
CUST_8MPSDCY9H6,0.029631136
CUST_POIPHMSQ62,0.023120126
CUST_PAGOKI1EC7,0.161026
CUST_E2EZ2SHX5J,0.0365975
CUST_U1EFAH4ZKG,0.019035378
CUST_RASE8C6881,0.032510575
CUST_LS855J8U4Z,0.106397726
CUST_75XMC3ZSQH,0.02462547
CUST_WXOOHJLMSO,0.84374547
CUST_7DPUCN0YVL,0.09560728
CUST_S6SW8OAZOK,0.026172524
CUST_1GLDW5EUUM,0.023884062
CUST_D99F6XIXC0,0.7814133
CUST_V3UOVCETTP,0.034756072
CUST_5V7WOQ0727,0.02758268
CUST_KAJM3HUNNH,0.12135782
CUST_M23DFMSZ9X,0.13286906
CUST_QOEV70EGH2,0.11748423
CUST_CVLXB81YKS,0.12610224
CUST_ZDXH3WY2BW,0.023834828
CUST_EX6JE3JUD0,0.10006058
CUST_P1HOW8DAJP,0.8803002
CUST_TFNVOY7ITL,0.03231469
CUST_LSMTO4PXRB,0.03194441
CUST_EC2WU7PXSM,0.8879944
CUST_CRDJQ1ECJM,0.022580832
CUST_BHIJI8SUA8,0.10912068
CUST_XY7NLUWHPG,0.025221344
CUST_KZGD89FU80,0.12311698
CUST_7BVEHC25OG,0.7961632
CUST_QLDJVGVHVG,0.024688616
CUST_Y6XM1ITVL7,0.08673534
CUST_Q9OK5PTOAF,0.8030157
CUST_DEVWX9LHKU,0.02347834
CUST_NUKKE5TWDH,0.020393888
CUST_ITDEW7NIEL,0.024998264
CUST_BC749CM4QA,0.682826
CUST_89PQ74VKVW,0.035669602
CUST_72TFJ3FF5Z,0.028720245
CUST_ZUJ8PB5YDV,0.018390385
CUST_20RV2X8PSG,0.020398537
CUST_XDUZ4ABUMY,0.026310228
CUST_DQ37INHUWA,0.024463927
CUST_DWW4UEY895,0.10060928
CUST_RPQCZNJX4C,0.025352687
CUST_52FU2CMU99,0.1296236
CUST_1DXHF87DKA,0.028397912
CUST_CGR8X9V5OA,0.080153905
CUST_EZTXC4QIBJ,0.017872468
CUST_P62HWSQV8H,0.024643563
CUST_L4RBPCTOJM,0.041638345
CUST_NP3HHBX6ZU,0.03556934
CUST_U0F2GIULDA,0.09569229
CUST_OF4RIZEWB0,0.093850546
CUST_OF7QUGI5I9,0.03228052
CUST_1M18EDQBFM,0.12685454
CUST_MSU6NTMVYX,0.027716853
CUST_RH7SAWTSF3,0.13078597
CUST_CU06ET5LNA,0.026033286
CUST_8CG8NZIC62,0.09603621
CUST_ND289ZLAFJ,0.20240392
CUST_0PXJYTCE7B,0.023758277
CUST_H67WO4AQTZ,0.036364574
CUST_Z1JAZF7XD4,0.033381462
CUST_V2TG3P4WQW,0.023270665
CUST_1KGWJS5CLM,0.10624248
CUST_OLHFYGF18F,0.027801646
CUST_CYUGAI7QEQ,0.13468753
CUST_GAZZD3H1V1,0.13188699
CUST_R12P5NDKXK,0.025932232
CUST_7XEP7SGOZK,0.1051331
CUST_TGRKG254M8,0.025653027
CUST_TA6VAUUWY4,0.087042876
CUST_E5T6MJJ8BV,0.042931978
CUST_0SK6BE0UXI,0.027117053
CUST_5TTUIHHAL3,0.031811707
CUST_65BN02S0UA,0.065546006
CUST_ANL1Z1IW8S,0.02178482
CUST_X0ACFZKPEX,0.09852775
CUST_8XFRX3R9JC,0.036509078
CUST_99L97E22UI,0.026864015
CUST_3AX797P3B9,0.08017598
CUST_VN70CP0QTO,0.11885288
CUST_1FM47K5NBO,0.10205092
CUST_52U98IQZID,0.88386846
CUST_0LUV1YQIRR,0.13277449
CUST_SUVYTT2HFD,0.020052215
CUST_FB7GBUN7HL,0.12712556
CUST_83QVQHQOLU,0.03195342
CUST_OEK3U1TJD5,0.020932667
CUST_ZK4R5XAYKM,0.030599909
CUST_7IH8NIBP02,0.024904849
CUST_MHUY9I2GNZ,0.0395948
CUST_O6HNAOBCDY,0.04287852
CUST_RMK53IDTZD,0.04033932
CUST_PJ1230ADWW,0.030832535
CUST_TF6YH4Z3ZA,0.7940473
CUST_9G3FFC6GIM,0.035267673
CUST_5QINI9A1HG,0.030437952
CUST_LTLU01SP6V,0.085270464
CUST_HIA2VC1WUP,0.056664504
CUST_5EWZLABJ2Z,0.13443527
CUST_317B94JTHX,0.019899458
CUST_9J0EGZYCKZ,0.02312676
CUST_2LKPZOYUE9,0.7499777
CUST_XH2SR2SQ9H,0.030101296
CUST_LEVK8MQ4F0,0.09554636
CUST_E0M4VKWHBJ,0.024411958
CUST_3ILU61TAIM,0.085882165
CUST_LJBOUKPVY0,0.07573784
CUST_L93D98BQCM,0.02316231
CUST_PALDETUDE6,0.022437958
CUST_1YYL5VJGAH,0.020983089
CUST_U819FBLKQX,0.029554795
CUST_RZ617G4OYR,0.02950922
CUST_3V1MZCKSF7,0.10203249
CUST_U7IBWQYGKX,0.09517185
CUST_8HY0AH83AV,0.032369543
CUST_0EDVYI4PB7,0.08694434
CUST_W68VNA012Y,0.15772249
CUST_9595SFJLG1,0.7741781
CUST_TD0SKRYEIN,0.1506365
CUST_HOYG6V71W4,0.021702101
CUST_9KHVAQP60Q,0.11432282
CUST_N5D69XNR8G,0.038618863
CUST_120FKLHMAN,0.020072164
CUST_ASEJGS8DKY,0.10734926
CUST_4N97GS1NYW,0.022333238
CUST_HJXV8ZHAFR,0.7846281
CUST_85FJU9I02T,0.10978264
CUST_T98QTCKQ5P,0.022296412
CUST_AU5G27GVJ1,0.10231811
CUST_EYBAVC95VE,0.13556972
CUST_O55PCU8PFZ,0.08256176
CUST_0SULBL67N9,0.6940774
CUST_8R001XI08D,0.026573654
CUST_2UB6NVKYIY,0.04053945
CUST_8GL8YNVLUH,0.06377964
CUST_JQ2G040Z7V,0.02734805
CUST_V3XUJDYYKM,0.09086059
CUST_29486HY989,0.108639956
CUST_D5AMFCVU8J,0.029520145
CUST_8DZ4N8PJDJ,0.035087418
CUST_4LVUKEWAW4,0.0451363
CUST_A5IK64O7N4,0.04398809
CUST_D7V4F7D3LQ,0.022306731
CUST_TIC4K9TK5Z,0.084388115
CUST_HXPOVX04ZW,0.02871398
CUST_7D7L9FYLST,0.026970498
CUST_AZF34KQ2SW,0.026253205
CUST_T9OEYNCP7Y,0.07164365
CUST_2Q3ZKFON5Z,0.018190812
CUST_PLJFLVFYQ1,0.23767819
CUST_GOI1MQH64Y,0.05780948
CUST_5BC27VFFN2,0.0742018
CUST_ET3BM58SMD,0.02631192
CUST_B1E02ZRJ9R,0.1102221
CUST_DSGIXTH9B1,0.029712958
CUST_MPA2JY64Z8,0.03160968
CUST_UOP2BQNS1Z,0.024466848
CUST_F0IYBJBAZV,0.042790826
CUST_LY1DXXRO01,0.016988136
CUST_XTI3LX8Q43,0.02279743
CUST_YOCWL508NF,0.025457777
CUST_8V8OI7NAEU,0.037614487
CUST_LK8N0LTKVK,0.022861319
CUST_JWO3JV2ESP,0.021784453
CUST_G6Z6XCX6O2,0.8819559
CUST_M05CDK8E4O,0.02697818
CUST_146M2BLZQL,0.078951284
CUST_2Q66BRFK07,0.031851076
CUST_IQ5RED21F1,0.11031768
CUST_BXGOV2TI1C,0.8683436
CUST_NGUJ7WPQ3F,0.14053027
CUST_10QUCAQR5Q,0.025990719
CUST_R2OXLUG2BZ,0.020074513
CUST_UIZ1FK0O9U,0.17392683
CUST_0OUU61MF64,0.032819167
CUST_9TELAO2RBP,0.0381184
CUST_9GXEYY84BV,0.06472175
CUST_ETJVCXLLG2,0.024023494
CUST_3HMLCUZXX4,0.79178095
CUST_SNILLY2IW6,0.03561039
CUST_TL64G3JGEA,0.032717388
CUST_67OZ0GPDPX,0.71913314
CUST_Z8YOI8U553,0.118012875
CUST_PKZJRQLMHL,0.029803427
CUST_R40HPLWCBD,0.8556083
CUST_K4UGX5YDIU,0.025074525
CUST_W8NTBQSHHL,0.024980284
CUST_XQWVU1R877,0.8927967
CUST_WAD04DQ7SI,0.028762659
CUST_UMN0XA9Y0J,0.15248646
CUST_GSPDTYAO0M,0.02789036
CUST_V2N2HDOB57,0.020045675
CUST_9789H9AGRT,0.09961636
CUST_57L8KVT7A2,0.025050249
CUST_YLPZZ7RABI,0.024110528
CUST_HJUEI5AQTO,0.049673308
CUST_V8NP45U9N6,0.01922268
CUST_I9I3FO0MJ1,0.027839707
CUST_130MKTHS6Y,0.02627723
CUST_LS3SBY1Q8W,0.031284038
CUST_KF41X77J9H,0.20077878
CUST_A69D314NEA,0.02311381
CUST_MXZIMH8YG9,0.050283894
CUST_71LVL3OENK,0.018435312
CUST_KL1TCJWJ2Z,0.036439523
CUST_JSDOJS98PA,0.14245299
CUST_DT70BTEZ6C,0.12726584
CUST_5HXNZEUVH9,0.021072714
CUST_KZU6HBB48T,0.11167217
CUST_QXMROX9KFJ,0.18729872
CUST_D06907GBK0,0.7861159
CUST_SY3W4P9042,0.024925359
CUST_5I9YLF5JN1,0.11841356
CUST_MU8UST6IO6,0.104579374
CUST_B9M5MCOGX1,0.08308127
CUST_BJ0W8KC6WG,0.026681475
CUST_GQEJ9BZGFA,0.028509224
CUST_LC7GMQEEQ4,0.020541407
CUST_C4NQWJ4CE9,0.027963405
CUST_MPDA0POBKJ,0.020594066
CUST_9DUGJZ4XT7,0.08752632
CUST_73CLKA02JM,0.02989263
CUST_B2VBGZIDSH,0.067676924
CUST_KKAXGJ6IUS,0.0253693
CUST_BSH1NIOMLC,0.020137725
CUST_LEBIGI3IL2,0.10208099
CUST_QD0U6AMKAU,0.03587465
CUST_785ZXUXR83,0.03296134
CUST_L6C4FHUENQ,0.096548624
CUST_FT318HVLEE,0.023498831
CUST_G7SQ1QA73T,0.088579245
CUST_T5T3X60GGQ,0.021938993
CUST_V5RD1TE3DG,0.073300324
CUST_AAGMVW3QHE,0.102037795
CUST_5EBZ427EW0,0.10224232
CUST_3OGWBRI28S,0.024994127
CUST_FZMYC5GOFR,0.10671497
CUST_BJ68YJJQTM,0.10121474
CUST_M0VW6TQ47R,0.023178346
CUST_XS285OVY2S,0.028854754
CUST_QR4QOA34GV,0.13825898
CUST_9GMMQE5K39,0.021185504
CUST_ZG9E783843,0.028449949
CUST_BMQG6PC1M9,0.02552453
CUST_Q55DRGKMRU,0.026090112
CUST_SDOSKAENH3,0.025656851
CUST_RWISKMJU3S,0.025003528
CUST_5FTWCBT7XH,0.79518455
CUST_J2OTHIH8HJ,0.12861125
CUST_7SLE2NICHA,0.029045654
CUST_BWJI65MOC4,0.11786555
CUST_1Z19EO0CYA,0.077020355
CUST_20H99K6WRS,0.87783676
CUST_0KCHSCCMO7,0.784562
CUST_L94O945BPN,0.094081946
CUST_E4ZF2SIY4P,0.083473235
CUST_I0ZGE0OPQO,0.0727142
CUST_3V3DPPD252,0.09264418
CUST_PMZ1795IHB,0.09899538
CUST_YQ5VXB8O42,0.026513467
CUST_G4TWD7ZTO1,0.02120862
CUST_L6VWX7CDWC,0.10071346
CUST_0GMB6BYDPY,0.036364917
CUST_BZJ5BYVFYE,0.075667694
CUST_QAVLMGAB4Z,0.028631277
CUST_H3P6MC37RR,0.17373829
CUST_8F5FEWO76G,0.10196573
CUST_TYSJY4FKON,0.019239841
CUST_P8ISLPPTYS,0.03166186
CUST_Y7DU34XMIZ,0.07102541
CUST_D52CSCP1WO,0.020924425
CUST_DH094JXXKQ,0.11015096
CUST_LMFK28CC8C,0.103631854
CUST_HQLZJ6RG7O,0.031285122
CUST_THXM7AL2NF,0.055901796
CUST_IVT97Q7JAC,0.14215001
CUST_O3S8BZPQ8H,0.08869431
CUST_7NMWCJ1DB4,0.10303201
CUST_0WUGI9PJP5,0.15393217
CUST_8YO75SHKBK,0.03386857
CUST_45G4OEZ2S2,0.028306156
CUST_S6KZ85B2M5,0.026030373
CUST_FPR1B48LYK,0.030795125
CUST_PPBCZJBBSW,0.113700226
CUST_ZMDEEX6UCU,0.8335361
CUST_NTHDM5PMAA,0.037804008
CUST_V5HKLG8BKR,0.6641287
CUST_CW5S0NFF74,0.030923458
CUST_U8UGAQU9PT,0.026585221
CUST_K49BLN14X5,0.05908768
CUST_7FQWD4TYCQ,0.04137689
CUST_5DHFSLL1K6,0.15130058
CUST_QFRXG3E016,0.023635488
CUST_TXM3ZOA98V,0.12517193
CUST_1J6UTR2PAU,0.06664636
CUST_E1CUOIWN0M,0.024863135
CUST_ACSSYOR27U,0.03167099
CUST_YPE5Y9BUOR,0.03300527
CUST_NZ4N1IHWRQ,0.12591904
CUST_TQOHHQIOPJ,0.034929954
CUST_FAVKD60TGG,0.02824184
CUST_BJ192GYMOU,0.022719275
CUST_OO8OV8XDF3,0.03578823
CUST_4HO2J7TM92,0.0252858
CUST_7NBEPY4EL7,0.0358812
CUST_4ECNB8LPZ4,0.03302569
CUST_6HDZ88VCA3,0.0644438
CUST_FG3DPE570Y,0.023584275
CUST_HU7UPSVYQP,0.018731358
CUST_4VJNWFGOJV,0.16448244
CUST_ME7AZBCNXM,0.024979949
CUST_IZJ86AEW5F,0.033925153
CUST_6NKQ6SB8OP,0.030976553
CUST_CJ824B91U2,0.09672989
CUST_CPJOA16LB1,0.025637716
CUST_YD2M89O3MR,0.023936208
CUST_5U2BRHV368,0.027994126
CUST_GS4OVC6BP7,0.87874794
CUST_0P6T77Y6Q5,0.10703073
CUST_G8JYH3NLOP,0.08418674
CUST_F9I077H1XT,0.8491499
CUST_IKXMQWATHW,0.11223052
CUST_0Q8B0NGCN7,0.02904767
CUST_0UXSRCTXRV,0.10109466
CUST_MC232XK38H,0.10791401
CUST_YENFXHRNTB,0.087405674
CUST_K8WLZEDYIL,0.16352715
CUST_J7A0891WIU,0.034637783
CUST_XX4F1PL4ZC,0.085505754
CUST_6R93MA8FBM,0.13613677
CUST_7NPOA33HIL,0.07072542
CUST_H6GLE8EBFG,0.022090482
CUST_EPCI3JT5LJ,0.16189453
CUST_2YXJ8MFQN1,0.02754283
CUST_4NBRH4LIS9,0.10864723
CUST_Q06TG5XM8P,0.12721856
CUST_IX1SBHL9LP,0.03596538
CUST_G2CTEP7AAQ,0.12992568
CUST_IXB2UK4GNI,0.8394638
CUST_J43TO7KGHP,0.81360346
CUST_H2B1AJBGR6,0.026502922
CUST_GKDYB5L2XC,0.091529354
CUST_K1ZSKI84VE,0.023477968
CUST_NL7KKAJQFI,0.08947857
CUST_BWRZEH8WPH,0.025742274
CUST_NRO5LTDTU8,0.12655339
CUST_9APXF5PQBP,0.033714302
CUST_D1LFWZWH2R,0.10945436
CUST_IK4E3Y9991,0.03359005
CUST_2U7ZPZS0GN,0.030378185
CUST_2RDGUA1V88,0.122543596
CUST_33JZXQO1WO,0.1445322
CUST_69QFWH69Z6,0.6937477
CUST_M8ALYPTD89,0.029560257
CUST_7QZK6BFGSF,0.10166641
CUST_SO5Y03J84A,0.02118932
CUST_BKKFEPVK65,0.024018854
CUST_L1EZZXI77Y,0.022049094
CUST_W1SQZ56OO1,0.025621027
CUST_XGEDISJZ0K,0.025244724
CUST_LSPI59UCDF,0.020947961
CUST_85LK06S080,0.022378886
CUST_YH9L9TGOEM,0.08841484
CUST_YULSBARYZG,0.8522982
CUST_86NSIGLSGO,0.071303755
CUST_45B0AGHN5M,0.11554993
CUST_Y7N7ZWZAS6,0.019163415
CUST_MHMWDS6R04,0.03596671
CUST_JPMY0VY7GM,0.084845304
CUST_IANR9KAMF4,0.02585107
CUST_R5FVGR0Y79,0.030339174
CUST_VN56QJSPK9,0.09857615
CUST_EZI5987FOJ,0.01839626
CUST_U9II4NONPQ,0.025236724
CUST_IVJ6ESZPIX,0.8464564
CUST_3CROV52PJW,0.028850392
CUST_Y5RNMHLXWZ,0.068094805
CUST_CSTHQZ8ASD,0.018608918
CUST_75H9C44T82,0.020404216
CUST_HIQ1287P9F,0.023365226
CUST_VBJY6AQQ4X,0.024595287
CUST_YWT0X39YAL,0.030886393
CUST_BQAPU1BELH,0.023161586
CUST_YDDTFCU0AF,0.027147029
CUST_D1F5744N2Q,0.043212827
CUST_JOQA368NMJ,0.031862024
CUST_PASYVS607A,0.020546228
CUST_LWQATAX99M,0.02473212
CUST_O8S6QK3VIU,0.02354749
CUST_YMKAS4IR0O,0.081539094
CUST_ERM3IN78ML,0.018925654
CUST_MJHWR6M0PI,0.144252
CUST_T9MHK1FSMU,0.14238006
CUST_X7ZDJAU9BU,0.023161346
CUST_1ET174BVPL,0.114367336
CUST_9I4O0FF251,0.09505092
CUST_9FR35I6D2P,0.05869537
CUST_NSF6MVW8ZP,0.10090382
CUST_VBMJVMPMHP,0.16377096
CUST_6AJ70YICJA,0.101150796
CUST_MWXFMTWF8B,0.02427978
CUST_ULJG0ZVN47,0.074530296
CUST_RA4SL2EBUQ,0.026840415
CUST_27VAOI68Q9,0.120928854
CUST_LNI6Q0848U,0.119802155
CUST_FYB774U5RJ,0.024206381
CUST_R0MG1TIUOL,0.02724824
CUST_GKRWVWUWB0,0.033086576
CUST_T2RW13JJGI,0.03697854
CUST_52YFA5J3P2,0.72099364
CUST_C1Q4KT4OPI,0.06641813
CUST_K5TT9JV23C,0.1043007
CUST_8PU0BDYBKJ,0.04115609
CUST_1UU1OAAPE9,0.022806574
CUST_13QH442CO8,0.031367578
CUST_1IZSMC4N04,0.03294574
CUST_WRBZZJ4X5R,0.8848836
CUST_VFHZJ9F70J,0.020614022
CUST_4LWAK1K7L1,0.023204489
CUST_H0E3LLY4N5,0.08781591
CUST_9OYMZ9UER3,0.040113255
CUST_002FUKKQDF,0.11151838
CUST_6B8YNYE7QH,0.03004333
CUST_TUJWYBKNV6,0.027158495
CUST_WF1FZGIIDA,0.034654185
CUST_M5DBAE3DPO,0.027903395
CUST_D2E070LN6B,0.115195446
CUST_YIN5EXYF1F,0.86733013
CUST_1P6KXMEG93,0.023046002
CUST_PLMP994K75,0.028567994
CUST_KBWZMC1EH9,0.025492148
CUST_92CZNAK4ZB,0.7418755
CUST_PG8LFXDUVS,0.09176103
CUST_82XZK4D1DS,0.08855089
CUST_62QZOZNEZZ,0.13904364
CUST_HTAVD7T8JT,0.027043201
CUST_XWYFA9ZM8C,0.020536024
CUST_SKY97GW3ZO,0.15471442
CUST_9PDC1W4DIL,0.023801193
CUST_DFBRHEM54S,0.025239322
CUST_OYE6GCL3RS,0.10183551
CUST_T7UG7ZLOI0,0.8798883
CUST_1PJI2JQ7JN,0.02883616
CUST_UTE0PVFZ1D,0.074505866
CUST_L8QI5LOYPX,0.039346576
CUST_6Z8CHGSOH6,0.02751507
CUST_V7SYHWOQ9O,0.034849614
CUST_NVB5YJ979R,0.6741458
CUST_HPNF9SHG1E,0.09292778
CUST_02KIL7A670,0.02092885
CUST_DVD9H2E8BI,0.034035165
CUST_2X8A6TT4I2,0.021299014
CUST_N4ANTUK51Z,0.12438777
CUST_EDCCM4J619,0.117496036
CUST_ICNKFGXV29,0.026384644
CUST_7XK6Z6A2XB,0.021753859
CUST_3NR5G5D57Y,0.086458236
CUST_1CR6CJ44A5,0.017459337
CUST_387JWHS2BD,0.033159655
CUST_TPDYDEU3CK,0.09611868
CUST_IADQACWTDE,0.029665487
CUST_HJGXZANA5T,0.09762681
CUST_T8TF1Q6LUY,0.04967244
CUST_YAKEFZHMGZ,0.10438096
CUST_L92XWG4S2W,0.029168965
CUST_Y6DRPRWEEX,0.77224934
CUST_TJE8SQUDX2,0.09282158
CUST_F9325XPOJA,0.026789451
CUST_OYO6NTER85,0.01866607
CUST_9CTNIKLN1A,0.027956154
CUST_5R5CBK16X4,0.036330678
CUST_OA3KGVLEUF,0.07868776
CUST_5DRJUXJ721,0.023158971
CUST_VA6P9AZYOA,0.03717703
CUST_N1DJY4LPZF,0.026814166
CUST_6Y0ERYOH03,0.118316986
CUST_3ZM9X680OG,0.03401533
CUST_OTNDHRROCZ,0.028461576
CUST_K0M66JEAAH,0.12866667
CUST_CNG2HQRDCA,0.068561725
CUST_O0LKE65DWL,0.11830417
CUST_7BG7ZHWJYL,0.08142781
CUST_NBPYHMQBG3,0.15911761
CUST_EFZQJOW3W9,0.026008565
CUST_ICD9TLJW31,0.027445987
CUST_6KQ5TG7D3V,0.79048866
CUST_54OIR354FY,0.024204778
CUST_JSKJ7YO8NK,0.13891925
CUST_QUC10GA9E7,0.81658494
CUST_6V5MCICJVK,0.03349729
CUST_KZPHXL862P,0.12431708
CUST_FM964SSAKX,0.026593132
CUST_EISNEDRUQR,0.09529815
CUST_91QLHUEHR8,0.13630344
CUST_CSN7PP8C1H,0.118923195
CUST_K9XIQQN30N,0.028754888
CUST_TJQ83ETFA8,0.08266837
CUST_5159BZRP7J,0.15466182
CUST_E2GPI7FXKV,0.025143566
CUST_0O1HG32A60,0.027748782
CUST_20W3CDMSK8,0.03439755
CUST_BM3QUH0MID,0.10149231
CUST_YR1BHU8H3Z,0.026247542
CUST_HKZ7QJY904,0.05695647
CUST_W3UI5EOTP8,0.06539488
CUST_3NV8AV9FYP,0.029537596
CUST_G7D0JNIPPO,0.8754367
CUST_0K64675EAA,0.18575402
CUST_NI9YEP6TAG,0.0607264
CUST_JWXCFF38BV,0.021803193
CUST_KVUH62JSNW,0.83650696
CUST_0T4IIXRDEV,0.108691156
CUST_SBT3FVYFKV,0.02416697
CUST_JJF4ZTZMUF,0.08868547
CUST_MSZLJICDLD,0.08514022
CUST_R0L9AF9OCI,0.084465995
CUST_UOEHMMI0CO,0.088147305
CUST_QDAHQ9GUCN,0.031700667
CUST_36KJERY6J8,0.87314004
CUST_S2QQ3KNYL8,0.08718929
CUST_Q09Y3O96P3,0.7969165
CUST_QU28E6R241,0.0762992
CUST_RNCIW8AKH7,0.030181477
CUST_ILTWCX5IKF,0.08369346
CUST_MTUZOP7C0A,0.03514774
CUST_IF613F0DAU,0.025056882
CUST_JSCDL5C60K,0.11061199
CUST_8SET08TAVR,0.14690755
CUST_R1B4H1RDM0,0.03583949
CUST_53MHY8Q8J2,0.07925181
CUST_N8UTSNQS7F,0.0831472
CUST_AVHOU0FDKO,0.120303184
CUST_P0MIHQNITR,0.03460203
CUST_NT1N2YCMEY,0.07351555
CUST_COLYWO1AI4,0.0993391
CUST_XDRHJZPBNR,0.09485083
CUST_JFPHH53VEP,0.087488875
CUST_6Z5THPPGIF,0.02686698
CUST_3KRF1EXBT0,0.038797695
CUST_7A3OVEK0IY,0.025303166
CUST_RU4KEPJ2FO,0.025326278
CUST_JJQ7D6OV13,0.019186852
CUST_ZBABRQKE7P,0.02928147
CUST_AS87OE6XCP,0.01823655
CUST_ZEF509RI75,0.12580879
CUST_R8X3U267GV,0.020247884
CUST_I7EU0X8QMS,0.097024746
CUST_6Y7AXM0CG6,0.12040679
CUST_4LINXJY5CM,0.10247775
CUST_SU7BURJP47,0.022627793
CUST_C3QBEBYITH,0.035170056
CUST_994RRT57T6,0.028228737
CUST_1PRLBQUT9P,0.021590907
CUST_9A1KMR8Q9Z,0.76470804
CUST_Z0TCF2VUYY,0.026947385
CUST_JPFTBR4KW9,0.6532187
CUST_OTU0ATZ0IF,0.069024295
CUST_08DLR26P2V,0.15000044
CUST_BD6XDD76YH,0.10911234
CUST_M21M3P438Z,0.103109874
CUST_69I4KRQKOY,0.12838882
CUST_H3OS7WDVBR,0.12462932
CUST_T9XZN5YZT8,0.0255356
CUST_STPZ4B9IRH,0.032924555
CUST_LV36OG0473,0.026713146
CUST_9RUK8IJDBR,0.86233556
CUST_Q9X8UIY4EG,0.0290909
CUST_DWMTWH3JW0,0.02639314
CUST_BQOWCU1RPA,0.07420505
CUST_USOASZHTO0,0.02934756
CUST_HPY4W2PGTM,0.06880818
CUST_U1KOYLVZK0,0.025667904
CUST_5FP9Y63PC7,0.16046369
CUST_I80NKEQC9F,0.14476092
CUST_RTGCYSPPRJ,0.024553282
CUST_OD9IDQ82G9,0.025965637
CUST_GFFVUJWL00,0.020142123
CUST_1MC68D15OS,0.02350697
CUST_JNHHA4JUUR,0.090504
CUST_2D6RCV7EU6,0.11218069
CUST_8BN9SXGU0S,0.02630191
CUST_IIQ62CY8L8,0.7380113
CUST_VLASFZK4IA,0.03501311
CUST_WTFBLQ4FQA,0.028832776
CUST_2KHXYJPIM9,0.115586855
CUST_ICOBZIH88Y,0.06198624
CUST_8WO5HBSOP8,0.11403822
CUST_QH8SOWEGHY,0.087220445
CUST_0D4K3H1FUT,0.023942154
CUST_CG235TRV0X,0.14648628
CUST_KKE3HH7ECI,0.81762016
CUST_J9YUEEOEVQ,0.024098307
CUST_R6WIZJRI6X,0.03880704
CUST_UHZ22802AJ,0.07573531
CUST_DBYK11IAQ8,0.1256592
CUST_K3VK7KOXVW,0.03331353
CUST_S7DPIPNNOC,0.023497315
CUST_ZDAKHT75IL,0.1018173
CUST_N23FRTUCG1,0.11395725
CUST_3VOV4BEUFG,0.033085078
CUST_X5M4UMC9L6,0.034899272
CUST_HFOTKOKSCC,0.035973407
CUST_TQYJM9171G,0.82994497
CUST_X0NC1YXT9U,0.023484841
CUST_2GWL1XH0MY,0.037149712
CUST_6HKU9XLNBJ,0.07987904
CUST_QKQB24NAZG,0.025692275
CUST_FDF8S16MU7,0.10066571
CUST_NT615BPBP5,0.08939702
CUST_GOYYGY34WC,0.07875369
CUST_UVRTWA0MNR,0.022519741
CUST_QLTL1V0U0W,0.1175739
CUST_RNJ2196LBS,0.025302384
CUST_1QEALYI03M,0.07629969
CUST_1CJ6WVB9XE,0.031979665
CUST_0WUUL784QA,0.023056112
CUST_9V96XYAMM8,0.022508357
CUST_9X08XONQU9,0.038044658
CUST_206LTGE2X7,0.89623123
CUST_Y08JA2B1IM,0.1310215
CUST_2XWY17EGC2,0.029203508
CUST_6JJF6HPSGM,0.116468936
CUST_WKHKEWE4LC,0.0989882
CUST_GAL9K6KNJI,0.037051592
CUST_7GGECUU9KT,0.09594321
CUST_PJWNIQ1K5U,0.023450933
CUST_W8O78O2N2H,0.035533596
CUST_X458ZB30AU,0.08934516
CUST_ZOZIO1BEX3,0.09319765
CUST_WEO5EERPZQ,0.03245035
CUST_2PUM6VNKFF,0.11874521
CUST_3W34J0WRF2,0.16540752
CUST_P8T1AE0N1L,0.028827215
CUST_SPLN0IYYRI,0.10658604
CUST_GZWT6I04LE,0.025258226
CUST_80P7VGRM6A,0.11481779
CUST_223HJZJBFZ,0.023604536
CUST_B3Q1OCJXQF,0.10654884
CUST_0EV4IHSQHB,0.031940777
CUST_HY26NRV29Y,0.076718785
CUST_83H48MA43A,0.105270505
CUST_09T0GGX0Y0,0.022303132
CUST_Z2QZ5BLLRZ,0.078288086
CUST_JOZ7ZRT1PQ,0.11316888
CUST_07KS2UQS9W,0.043853454
CUST_03F5GV1ODR,0.03121206
CUST_JJ4O4ETPWE,0.029100988
CUST_Z5NCH1KISR,0.022147724
CUST_IKHEQXPUX8,0.069207154
CUST_8BG4X80FGG,0.026225189
CUST_P6FLKSAQ9Y,0.115764596
CUST_CH5LRVHETJ,0.024453254
CUST_P05O5YBOWB,0.031371742
CUST_AXGKIYOLE9,0.8659439
CUST_V3JH0CPG5X,0.092322156
CUST_4LK3KGUU6L,0.028252434
CUST_DEK46S7CH3,0.04294619
CUST_6W9LJ9P5D5,0.022311687
CUST_CHI5LVCSMK,0.03436698
CUST_QKA0GDSUUA,0.101840176
CUST_A746OL8AM3,0.83447695
CUST_F7NOKJ0BHW,0.035833467
CUST_PT0A6NOMTZ,0.10821813
CUST_J5CB5GJV6F,0.15277068
CUST_E3UAUSM4WL,0.026419964
CUST_O1J6J7JDEO,0.034552306
CUST_UA441E23E0,0.024254426
CUST_2R5QPYO2CD,0.023258535
CUST_1JDBIE1FG2,0.039502434
CUST_QSBHDEIIP6,0.03364815
CUST_SBD9FZBHRW,0.03851543
CUST_YV2XOL2NGK,0.13027184
CUST_7JSMWMTUIQ,0.03997502
CUST_UE9F07LS0P,0.8396467
CUST_35X73OJR1Q,0.025629545
CUST_U3ENGH6FG7,0.09618205
CUST_2TWB2PFUNY,0.028327433
CUST_L024ABFXOV,0.18652667
CUST_PRZQ2N69VW,0.033855528
CUST_WADJ8S8X26,0.035344224
CUST_XZKRAPFR2D,0.026839728
CUST_8HU7Z0F7L4,0.026612537
CUST_I2CCG9HIPH,0.8581291
CUST_VY46FNJDUU,0.02112566
CUST_IBO41G7HBV,0.09051344
CUST_KT2KE9LR4H,0.11123055
CUST_HHTPD3R7T0,0.03753674
CUST_JWDABW4I6X,0.02933386
CUST_YSIRFJFH5Y,0.12625371
CUST_U4600VXOXC,0.100380786
CUST_DGFRXFKNAH,0.028921185
CUST_XRBDRTFNNX,0.13076587
CUST_TR9DD83JJY,0.022685606
CUST_7XLENV3YSW,0.030870695
CUST_56HO8OMNT5,0.024960449
CUST_MQGR4X33IT,0.02347868
CUST_O0BK223HSE,0.12055074
CUST_QF6PTRC4OW,0.10525777
CUST_CKGTEO84XL,0.1131833
CUST_R8E66DRVA7,0.11689414
CUST_KHDCKNJWU1,0.15515183
CUST_H65MS9EIBS,0.08233496
CUST_B5YAGQ781H,0.023511883
CUST_Z1NL7V0GJV,0.02512575
CUST_IFJKOS5P3G,0.021931995
CUST_GVMTVH7GY5,0.022677405
CUST_1TT5QZIPHV,0.09075868
CUST_IVGRQH9LB5,0.03406912
CUST_LL7RTHRD9H,0.029318912
CUST_ZT0LQ9GOUZ,0.11136259
CUST_FJIKMFGIZB,0.8480518
CUST_5DOREF4FI2,0.03288053
CUST_S6XFJV2XBO,0.0968818
CUST_3CQAL19PSW,0.7997942
CUST_40N6TDPPBP,0.12329263
CUST_69WV1H15K1,0.10842238
CUST_GMED93ARR6,0.032944907
CUST_1FT6R0V4ZC,0.16204104
CUST_XAE0JJE99H,0.20999604
CUST_FSB4W71QNE,0.031103762
CUST_743JOY2ZAA,0.85493845
CUST_0YO74PBWZB,0.022089668
CUST_VZD2V1MEU9,0.027634
CUST_T3HGU4OIP5,0.027878996
CUST_PHE7PW43PV,0.025435079
CUST_MGVT0XRVUI,0.17054825
CUST_REMQELWMUU,0.8312129
CUST_E0ZIF14RE7,0.033448488
CUST_PJPYBQ5G5V,0.02341789
CUST_6EF5SLPPML,0.16369934
CUST_J01NWM8H57,0.026509346
CUST_11JCRMNEZ6,0.102022655
CUST_T2FS04GJ6C,0.040025476
CUST_18U8OKK9TB,0.03558045
CUST_2VTWGIH2O5,0.08130441
CUST_9Q4N192UIQ,0.09083383
CUST_90N4OYGWZJ,0.1028639
CUST_L9WCPZB1SC,0.021003813
CUST_JTB191ZIK0,0.7628106
CUST_GQRBKWTEYX,0.033454884
CUST_NA698KOZX8,0.030086037
CUST_9O71T5F659,0.023890253
CUST_I18X1Z16BK,0.8276711
CUST_UVJ9FEEU1Z,0.80395544
CUST_4CU5N2DXS5,0.02304939
CUST_W3ZZ899FMA,0.082735315
CUST_NFYMNTZ2UM,0.02257875
CUST_VRRDB1AUC9,0.031758673
CUST_GXYRG3V4TV,0.039023105
CUST_CF4X9JBQ71,0.13425092
CUST_1NXS77ELL1,0.13472195
CUST_8SHTYIVIQ0,0.026167547
CUST_SG2R410DW0,0.031004826
CUST_LIR6P3IYSR,0.02435237
CUST_7QX00S8TTU,0.14904195
CUST_WBVQRGHMIW,0.025404088
CUST_76L5H99PV5,0.13823037
CUST_QB3NIW1DTL,0.11565139
CUST_7OVYJHY3GB,0.10953924
CUST_KR5N7H82OR,0.84356475
CUST_B64TBG0R1G,0.019554807
CUST_YQNWZM7NLM,0.03039212
CUST_MS7VPSB5P0,0.018260704
CUST_Y8SV2PWYZH,0.12943432
CUST_6LZHAWLIG0,0.02271716
CUST_3PZHHB9X0E,0.020825444
CUST_GV1OF1QU7X,0.14541453
CUST_V71C1KTKS3,0.03021236
CUST_53RDCWRZZZ,0.026097668
CUST_6WLGETBCF4,0.030060062
CUST_CVJLIMG50W,0.10265795
CUST_C1AWDD62ME,0.8700556
CUST_WU95IOR0WZ,0.104983434
CUST_T9462DBARV,0.10830973
CUST_69L0MTFRTU,0.029070556
CUST_R3COSMM9HS,0.03452978
CUST_REER4RVY6X,0.7373502
CUST_SXIWQOM1WQ,0.116770506
CUST_74L5EAUD8Q,0.038278863
CUST_Z78SYNZPXB,0.02703169
CUST_ZVWIFIL7Y5,0.02471162
CUST_2GGCO8ND0U,0.12023079
CUST_9OA1GWTXU3,0.021813197
CUST_9R8K1153VL,0.07363677
CUST_8ZDHR5B1WE,0.022200514
CUST_50O3VAIWJH,0.09134255
CUST_KYPVZ325QU,0.026527364
CUST_EGR06P05JT,0.078514904
CUST_ALHWM009AB,0.16882418
CUST_C838J8IZLK,0.029715704
CUST_3Q5ILISBX6,0.027189618
CUST_VD852AO0PD,0.029064061
CUST_TM675TAYG2,0.8673582
CUST_DJOKE90NGK,0.8302613
CUST_FCL1L44PZW,0.586698
CUST_4S1K0KEB8U,0.024434391
CUST_JQ4P3AUH45,0.8488246
CUST_Z1BL5BQLSN,0.10039365
CUST_UMZMXG0Y7B,0.09605186
CUST_LZ0XZ562QL,0.024749583
CUST_46NLRVG135,0.09742666
CUST_T1WV3AEBDO,0.020162152
CUST_15GF8PAJ8V,0.09250128
CUST_1D1IYDOUVN,0.022434935
CUST_Q2DJYDT2F6,0.104883894
CUST_2QYW0XNQ6I,0.11407433
CUST_0GDKMLP1BG,0.07626516
CUST_E39XNSD2FG,0.033823654
CUST_32DFSNF7J2,0.028238706
CUST_OJD6H7MI2Y,0.114764005
CUST_H6J662H5NQ,0.07697312
CUST_1BGXG26NRC,0.09784993
CUST_TYJCC5C9D5,0.07992151
CUST_C9P4OA2XVU,0.026750473
CUST_9RAM1PU2VS,0.807252
CUST_MO2781JNF7,0.09865088
CUST_PZT9TUTCXM,0.067105465
CUST_PV53WP22I7,0.022627387
CUST_09GEG2YP2T,0.028740989
CUST_I5INGQ054Q,0.028418878
CUST_X7KYI0LP2T,0.09526759
CUST_40L72MG51C,0.020678317
CUST_RJNVF1A2R1,0.03787196
CUST_RYR6ZY5S3T,0.08800031
CUST_8C6BSEH6WD,0.02925167
CUST_0QZ60NNY9H,0.79405147
CUST_UUTC447UVP,0.02245261
CUST_OMGYTFRCTG,0.032726675
CUST_ASR702RKVE,0.032174073
CUST_2VI2CCW2T5,0.114006765
CUST_ADAXBNF3FG,0.027876284
CUST_IN9WFPREA4,0.03773515
CUST_O4YFEH0IZF,0.13249566
CUST_80H3ZYL8CE,0.15193146
CUST_ACNP017H1W,0.10486688
CUST_CW6Y069YLK,0.8310342
CUST_PNFTSG8IYN,0.12170998
CUST_MMMJBHI9ZN,0.03495588
CUST_9SOKVSO8SO,0.026865304
CUST_AHY3AMX4ZA,0.02680313
CUST_NL1GSYHJGK,0.03130764
CUST_WJ1H8V6M49,0.035759978
CUST_6C9YZBBLBD,0.025501644
CUST_KFQ8S2T76J,0.02678433
CUST_VHIBL8GCTM,0.13306905
CUST_GU4PKO7BXR,0.022145461
CUST_NN4VY6SF2O,0.15547934
CUST_CPQ0QDW9ZV,0.028079282
CUST_9IN3B1QXRH,0.022299193
CUST_LD4U8TKZDS,0.025563639
CUST_HHQ97JWG4A,0.023619376
CUST_OLIYMKOZHF,0.022910688
CUST_LJ176AV7TQ,0.03335211
CUST_VO2WRGTM2R,0.023673508
CUST_XEGUHZOXM4,0.02134966
CUST_BGYSJ3HND5,0.02819463
CUST_XVV6G6YFQG,0.092905834
CUST_TZDYYYY5VD,0.08747018
CUST_JFA5LY2PQD,0.025655076
CUST_UVG01GJWWV,0.025601333
CUST_4J24CEBNY5,0.8644975
CUST_YL9L67FIT1,0.09742209
CUST_TR3G7F9WT7,0.039262526
CUST_8ZQMEWXFEU,0.028166102
CUST_1F2RM92NH9,0.020245764
CUST_QXPTZUFKA8,0.21509439
CUST_XFXXW2A3J8,0.02272581
CUST_BQWU6M8U8N,0.01923008
CUST_NOA2I1136B,0.8313564
CUST_M6H75V1935,0.06567887
CUST_T66IBC45GC,0.8699302
CUST_7M7TDDLJZJ,0.022430977
CUST_KWS05DH19Z,0.04238114
CUST_2Y53TASK27,0.04900151
CUST_5T45EMDGL7,0.019560503
CUST_EOSBD06HXV,0.018641803
CUST_8IP0AFOZJE,0.09616401
CUST_5VWRNFAG2V,0.025264315
CUST_D7RYZ04SWD,0.022251312
CUST_6V4NKTGDCI,0.027604956
CUST_NKL33E9X8E,0.041309275
CUST_H5DQZ93B3E,0.028442608
CUST_SS6JJ0EX4U,0.026224744
CUST_RUPYBYVEA8,0.7707569
CUST_CM6HE506JT,0.0274885
CUST_5Q9J2LA58N,0.15122445
CUST_D4A4NSUYPJ,0.020894255
CUST_BPT4QTNI41,0.025806762
CUST_K692R4W29M,0.10708941
CUST_Q4BWMA5H8A,0.03426396
CUST_LXX6Y2XW21,0.041515235
CUST_AYVWD2RVUQ,0.022307564
CUST_MK9RD4CRDQ,0.8541834
CUST_ZGUZNJCHXB,0.02472054
CUST_MTJDFQB6F8,0.024465514
CUST_0Q5K7DAIRE,0.021523576
CUST_76S9HVBIHU,0.022028735
CUST_ODZSONK72T,0.07637431
CUST_Z0XB1OB4FD,0.02481483
CUST_IBNSOP3PCP,0.023147216
CUST_U9HHSRRFFQ,0.023407575
CUST_MJINY3ENFV,0.091734156
CUST_MIEIV9J5FV,0.023949012
CUST_AG57HT0JU7,0.057784434
CUST_CEJS0G93ZV,0.03608104
CUST_AIK3A8IK16,0.03736513
CUST_0HV30RTRQT,0.019024456
CUST_6DNC7SS1LV,0.024747869
CUST_LNTKDHTS03,0.025527988
CUST_0FE134AVFB,0.028287515
CUST_X82B9S7SO2,0.8980107
CUST_49SNX93WXC,0.023042656
CUST_KRFDN2BYDA,0.040841494
CUST_576C49P6D5,0.03152564
CUST_7WFMUNBIJC,0.075971566
CUST_1EVUF6VYXD,0.03660673
CUST_GH81UWEYO5,0.08573243
CUST_5FELWT50G8,0.02774561
CUST_I3DE13KWBM,0.030359533
CUST_2E0D8WRDGT,0.035489473
CUST_978CIC4MY1,0.8689879
CUST_VLJMPO61QT,0.089627065
CUST_1B7X9I8EE8,0.045573298
CUST_ZT9AF4D3PY,0.027277894
CUST_R2AUUIS2GS,0.036168523
CUST_3S533RX8TA,0.028919023
CUST_N0TNNK40F7,0.09744654
CUST_FDZ7V330YM,0.02161438
CUST_G3WNKSVA5B,0.02383646
CUST_5D8ADJC7VM,0.071159065
CUST_904Q1LHEY3,0.1505564
CUST_U0UG0N5CG2,0.021307355
CUST_9K0U8Z0LBL,0.023452593
CUST_Q7P1MA1BU6,0.09467729
CUST_ZCDSWYH60X,0.028288575
CUST_T3T8THD8M4,0.12575021
CUST_N10ZFYZBO3,0.032173004
CUST_SUSLB61JEQ,0.027909467
CUST_6GAEYR4HCY,0.03133655
CUST_JZNTEJR836,0.07014116
CUST_T3KB2TRRR9,0.028111303
CUST_6ZH3MFHGD7,0.024575878
CUST_APZRKZBMVD,0.10826982
CUST_2KM7A7U08F,0.10296793
CUST_NSO3JNK9VA,0.13829128
CUST_6S53VP14QO,0.031588662
CUST_6QGR3O229B,0.8306973
CUST_Z07YGYOT5T,0.027402401
CUST_M1MQZ2D3LJ,0.07191104
CUST_Z4SCA1XWMK,0.024265325
CUST_ERZQSZCNGO,0.09476035
CUST_B0B587Z1GW,0.15039442
CUST_M0XOL52N6P,0.13605247
CUST_0SA3J8JDP0,0.021113008
CUST_D1PJY06RMF,0.6829995
CUST_BT72TTINPI,0.044373468
CUST_VHSMHH8NFP,0.1329334
CUST_SJ4ID6G4ZL,0.023881068
CUST_IVJA5TDUTP,0.10534283
CUST_1K7VE95XE4,0.034578502
CUST_V48VWEG784,0.09336014
CUST_4Q6AV7VIML,0.77327615
CUST_R2S2QVS3B8,0.11078033
CUST_CVQ42DNCAY,0.14181718
CUST_BNPD2ER6GY,0.108254485
CUST_AF82MHRI5M,0.020432323
CUST_64FSUW7WTO,0.0745425
CUST_PU78QOSW8M,0.8294877
CUST_T8JSF8UU6C,0.019728342
CUST_K6Q92802SG,0.12594676
CUST_X8MVEBAZMK,0.8089625
CUST_BD287069WO,0.8692291
CUST_5FEJRKS8BO,0.031167313
CUST_6GYT4YSV1R,0.84687895
CUST_UV5SEOTJ4C,0.024770899
CUST_YW81FC67PB,0.0358052
CUST_NJ4GCTJRBO,0.16072154
CUST_OYNTU70Q43,0.027926764
CUST_TR25TY9FTM,0.0242272
CUST_MMSZO1GEE8,0.06137795
CUST_ADWG3ZWPE6,0.0843932
CUST_KWAGGXKXL1,0.053065814
CUST_0YKEJZGY94,0.030633604
CUST_FSR33ST2IG,0.12060478
CUST_AGBI40XIWU,0.1139764
CUST_ARB5H0ZVWR,0.8393865
CUST_2UI5LN48YE,0.024371844
CUST_LK56BIF4A1,0.13107336
CUST_7XWZUKDSNR,0.13304037
CUST_LWXJ90IRNW,0.020183329
CUST_PD5D6V3ZIG,0.08669255
CUST_8JEXR5MENR,0.11296401
CUST_IUVOS31S8U,0.04360047
CUST_76YICKV65T,0.13512853
CUST_6S1CE8HF2T,0.099082045
CUST_4NKXXPDDS1,0.027113335
CUST_XV5651T8E1,0.030250868
CUST_V39J7GBQL6,0.107598245
CUST_EZN68Z6COO,0.093145974
CUST_3YDHAIMW3V,0.03061965
CUST_E8OSONNIRW,0.13000752
CUST_1Q33VCKF58,0.14515327
CUST_BFEPQT18BZ,0.7419332
CUST_DI2I2AM3V5,0.03421807
CUST_BEWW0OTUSP,0.037118774
CUST_FZQ3ONG0X5,0.02591443
CUST_9K1W64Q6RR,0.025281653
CUST_TL9TSBJKN3,0.042800017
CUST_ITSHSCQDSW,0.031940505
CUST_XELBIIPD9X,0.025146846
CUST_KBUX1P38AG,0.11751579
CUST_PFM74WAIB0,0.03247118
CUST_O1AMEOQZX3,0.851513
CUST_9BN07Y0KYW,0.095307685
CUST_HR0MTHBJ6Y,0.12051371
CUST_4XZNQWM080,0.035373054
CUST_0HEGPTKIK5,0.12738846
CUST_0V7DJ7N8EK,0.023933886
CUST_2CQTX37O8K,0.03051864
CUST_YTXHQU4RX4,0.02830934
CUST_MS7QE6I4G8,0.02932498
CUST_H18EAOZE6H,0.021426925
CUST_3F029OAIOH,0.02761827
CUST_9SHIPRAATC,0.028982764
CUST_8N50HO08NR,0.028210945
CUST_7ON3MQ2OE5,0.027165955
CUST_O24W8MBKTH,0.022725692
CUST_G0FAUQE8WV,0.023802798
CUST_1XW29OYU9C,0.1454798
CUST_VPJ376CLOK,0.030036874
CUST_9OUXVDB66H,0.12507233
CUST_6Q45MB83T2,0.036945753
CUST_S2BF0BRCP9,0.09568543
CUST_XF5FKMAQWP,0.031700514
CUST_FMYIEUZ07E,0.031156681
CUST_ZO8ZO36T2H,0.022703422
CUST_O0C0UXTFZ4,0.032241438
CUST_ME93ZCTXOP,0.09701593
CUST_0RUW85FB3M,0.12871441
CUST_TPXV46XPTS,0.11759676
CUST_YSW1K8V0BE,0.0988087
CUST_ZGHFPJYA3Y,0.034588058
CUST_TLXYZ91HY4,0.784074
CUST_5IEF7NEWG6,0.027530506
CUST_UENH7O5WDA,0.02643823
CUST_HZ8S1QD383,0.023505194
CUST_5010LH1XNN,0.021607228
CUST_CNY6IF06H1,0.02178039
CUST_W64XUOJENU,0.087038435
CUST_KDU5WC3T4J,0.020976884
CUST_28FEWJX1X2,0.038206596
CUST_AV57BBXGRZ,0.03796209
CUST_VG4UMFD8A2,0.10669887
CUST_ZIEWB3XUOE,0.030126344
CUST_OCMR58AJN6,0.023118827
CUST_IZ04BSSHGG,0.030298322
CUST_OPZ3A29OAX,0.15292937
CUST_99G3KWGZEE,0.027916027
CUST_NUWN0TNMXW,0.121531434
CUST_I33S03WCEE,0.7959088
CUST_I02TDVPDTN,0.029480696
CUST_O0IARD2ZSA,0.022992082
CUST_WGRUYPCXGP,0.81807756
CUST_Q0HWEL3D9B,0.027354639
CUST_NKAN57G16J,0.14651075
CUST_6J3BNEPALD,0.036926173
CUST_PW0VQMSQVI,0.08607301
CUST_H9BSMMP41I,0.01955436
CUST_KAS3XR3ICL,0.8827265
CUST_JW91KJW6KP,0.09410119
CUST_I7946RXM61,0.026920378
CUST_E7IAOQSGGW,0.052726574
CUST_WVA6NCO36A,0.071456
CUST_IJBC7CS76A,0.032277197
CUST_I99T082S3I,0.16612124
CUST_58LJVG5ECG,0.87059414
CUST_KMKLMY3Y9I,0.10403003
CUST_IWJNDWBG54,0.0279347
CUST_JDX8QZAXIR,0.024409153
CUST_56PIDFYVBA,0.020476066
CUST_NDZHJ76XP9,0.74486524
CUST_PTVMAO9ZRQ,0.022248082
CUST_80TJ24T7DJ,0.019697784
CUST_81NO0WC2T7,0.026415518
CUST_X4OQ1RAHTV,0.024799932
CUST_I92SAGJRWA,0.02722545
CUST_0CT5T7SYO4,0.10156567
CUST_0BOYKEK60R,0.03324619
CUST_1X9FV5TLXM,0.023861492
CUST_L6G20FGX4D,0.09319068
CUST_4YYWUT7Y6O,0.68088937
CUST_44SUGFO8ID,0.1926272
CUST_PO2AKG96Z5,0.029124588
CUST_PASRHE3J81,0.022474619
CUST_AAGM8N2YDB,0.020444576
CUST_WHQ8X44JQI,0.08238256
CUST_UYKRKUOJMZ,0.72409105
CUST_LINY4M90A5,0.73660254
CUST_TY50A9Q58X,0.068715
CUST_FPHPT7WYYV,0.020465802
CUST_JCDUNSFSF7,0.028825434
CUST_SJO52PU0XP,0.037980877
CUST_D0GGKBFTZN,0.025907563
CUST_F1GFO9QMA1,0.09869899
CUST_91IAW776ES,0.032660875
CUST_WMOXY7I3LW,0.028402051
CUST_W71X3O0ZEE,0.09876922
CUST_ZFT9BEPZ47,0.021526488
CUST_C11CBY094Q,0.10416616
CUST_4LC01C9578,0.02619003
CUST_MPPT1PHBZ5,0.021920511
CUST_PG2IRBB0QH,0.028694099
CUST_9K8LJLMWES,0.108107984
CUST_AUFR3J3UZN,0.036523465
CUST_7X4AGYQNEX,0.019654443
CUST_6IXWW0A8QT,0.07268474
CUST_7K5LLB583A,0.11876549
CUST_V3E8PL5TOQ,0.0906567
CUST_QV8DIF79EV,0.8085089
CUST_ZHSRNW8PQE,0.08363534
CUST_JJMN52RE64,0.105896965
CUST_3HHMXORX8H,0.025727812
CUST_8YRMXHOLRW,0.7149551
CUST_T5MA1L7FP5,0.064094946
CUST_ZL40FW8FLB,0.024328735
CUST_JFLX1FJA5Q,0.075675614
CUST_E720WILI09,0.045680564
CUST_6TB213A1XR,0.03164671
CUST_JWUVLTO0ED,0.021767136
CUST_P548RUBZ90,0.056339614
CUST_KST4146YMX,0.024961853
CUST_O4DV5PTY2C,0.18745723
CUST_VZEKJUKVCM,0.022399139
CUST_NY9S90U5CK,0.13357721
CUST_W7Z4EXJXK7,0.026250144
CUST_OSN465082L,0.027538374
CUST_LZLWZY36B3,0.025927272
CUST_QM6LFWY22W,0.026414737
CUST_YL31B83GTX,0.021598272
CUST_D0L15H7ZC7,0.8842797
CUST_GY8SJVRQWI,0.09860329
CUST_NIRTJJHAHB,0.02608466
CUST_EEPMINPJPT,0.03530371
CUST_G9ING6AIB5,0.021042954
CUST_1QFNVLKGFD,0.039761145
CUST_V9IZN1DTAR,0.025630992
CUST_XHFP94QFPW,0.024907894
CUST_OPHMZ7F2CG,0.02104465
CUST_48CPZRJ910,0.10670104
CUST_V0BNCEIUQ4,0.024375724
CUST_67J65KXPI8,0.10227405
CUST_59DAOQ9FEW,0.7882401
CUST_XX1LNI35HI,0.028163878
CUST_N1E6O2V9R9,0.14070615
CUST_L4P10NX56H,0.02449943
CUST_B5DVZR2OYF,0.026302177
CUST_5MDHZQJA2F,0.027627666
CUST_632ZWZR9KK,0.8661181
CUST_NVI2GZFG3K,0.02323215
CUST_1AE20GFCT3,0.025984034
CUST_SKKSAY6RHM,0.02730535
CUST_DE7NCDQGSI,0.041038312
CUST_I2N1D37W6Z,0.11744303
CUST_0IS680YI3W,0.022356521
CUST_0HCY8M0NOR,0.02397117
CUST_JGBBQ19DDN,0.023116115
CUST_A86CE904VU,0.8263456
CUST_3MNXQS8J8I,0.02038942
CUST_SJMMO4UF7F,0.040781718
CUST_EVB8NH0U70,0.08113173
CUST_4CI9COUYOW,0.03854327
CUST_X0FEFX1C70,0.11540009
CUST_LGRDYOB136,0.030982977
CUST_CUXT1C788H,0.100288436
CUST_AHWXO7NPIM,0.854049
CUST_IV5FM0BT1V,0.030694071
CUST_YQXB8MVA1Y,0.03280079
CUST_DWG9BMCJUP,0.022083953
CUST_GKCN4Q8BZP,0.096013755
CUST_I3BLL6A477,0.023187414
CUST_TG33OKJ8F5,0.028890345
CUST_JT64NB22H5,0.041676052
CUST_ACGS2PCAPE,0.0772474
CUST_8RQUO5GTWO,0.08441391
CUST_NRPUTPOWR1,0.03159336
CUST_KKR0VE07D6,0.030535368
CUST_43M5KM269O,0.024342762
CUST_8BYPAGUO9P,0.15519144
CUST_H40UG8FERB,0.020303732
CUST_8Q2W81VUU9,0.7869619
CUST_S7ONRLT5N1,0.067706555
CUST_DPPDQFS1RX,0.12324227
CUST_GWYJGL83M2,0.024654664
CUST_RFHJCMLW3K,0.19019938
CUST_VERSBNRHH2,0.021975283
CUST_YU7ZBRHKOE,0.030040424
CUST_Z6Q0D9KG2B,0.025284538
CUST_UTR2I10KQ2,0.09269347
CUST_FM9BRKNCW9,0.033196907
CUST_RPZH1W4ILU,0.028903084
CUST_MHXIF5KLZQ,0.03198503
CUST_XA6IN90TLC,0.02268456
CUST_ISX220BSVX,0.030145388
CUST_BX771YWPMS,0.022664947
CUST_XFB2ENZ5ZZ,0.10827428
CUST_FM1GWVMXBH,0.09163236
CUST_OFEWMPNAW3,0.025617782
CUST_R7O55OV3SI,0.10085836
CUST_ZPFD1B3EF8,0.02688295
CUST_Q2VJX9UZ1S,0.021583999
CUST_ETVFCWTHD4,0.02944922
CUST_U9HWJMBP89,0.030145388
CUST_IJYDUJVHPF,0.112078
CUST_89410MQS6A,0.023722943
CUST_CQXIVB2574,0.07727951
CUST_DRNXG0CPDG,0.06386765
CUST_O9J7RMSJSS,0.03361073
CUST_ID3RU9TTS0,0.7452202
CUST_DE9IPB95IY,0.027365217
CUST_764F81RSOI,0.03459382
CUST_TP3TOUUTWB,0.040501658
CUST_45FZUWLFJ8,0.08803304
CUST_R6XFOHD22B,0.032121982
CUST_SUPLL5F8HW,0.14052649
CUST_ZOJ5147Z41,0.13595255
CUST_Q9PMA4YTBX,0.090435885
CUST_SNPQ70BZ2C,0.027548213
CUST_OC1DZFQ3IR,0.041131433
CUST_NTU8YWP8MQ,0.12755638
CUST_U27ZG067Q6,0.037163828
CUST_8POUKPHPCN,0.07277095
CUST_FKP8J8NKGG,0.024003267
CUST_MHWX6Q14E2,0.06805961
CUST_HX8R06SSLP,0.087542735
CUST_T5GSM55JVN,0.0918368
CUST_7PAVWLXHRG,0.8615974
CUST_G0IIT5PEFI,0.11168623
CUST_CLEVATWKBC,0.10109367
CUST_MKUOG4D3TP,0.028888084
CUST_RPW7RBB4I1,0.028979508
CUST_7TJV48Y9LB,0.04948587
CUST_VOF12MJ1Z1,0.027041806
CUST_M53FMEYX53,0.0296669
CUST_YI8D8LAQIY,0.023221426
CUST_9JZ8LV37B0,0.0975421
CUST_1EX5KOA1NB,0.07204741
CUST_MN9VWNAPQJ,0.039029706
CUST_F57R6MSXAM,0.0279391
CUST_FMOHGV9UAJ,0.046165492
CUST_OSQZRYC1SX,0.8330321
CUST_VDWQN84MMY,0.82029057
CUST_5WSO0Q6L7M,0.13832594
CUST_7NS8XWALD6,0.027341777
CUST_Z5LJDS55SC,0.020674262
CUST_WVF78PWHUQ,0.12680319
CUST_LQ8BP4ZJEX,0.03962832
CUST_AC3HX8K78O,0.08353694
CUST_66UYMSOE8E,0.02810174
CUST_N9ICKXQM0E,0.15309577
CUST_JCB5R6BL6R,0.10643434
CUST_SQH4JIMTGD,0.023149453
CUST_DNYYUBF1SG,0.02560198
CUST_H4U981ADPI,0.10602062
CUST_I57M26YEQL,0.85051453
CUST_ZWFJBKZMLH,0.02375884
CUST_Y853ZROLIV,0.032072473
CUST_P000XM8IG7,0.035694223
CUST_A2EBFNZ7P0,0.80289435
CUST_Y8TXDATK7Q,0.03014116
CUST_6S0OUH7ROS,0.034831557
CUST_QZULV1DESL,0.040780324
CUST_JDAQFE6MLC,0.83844554
CUST_JCQKLNMFSS,0.14477675
CUST_KEPNN3LNC4,0.105344884
CUST_QLDS30LNB1,0.036571793
CUST_BRLLHE1QN5,0.04393398
CUST_3TOTAJLIHN,0.028552253
CUST_HIXLIAV5UC,0.14743693
CUST_GEC3U01H2A,0.077389404
CUST_ND73QRO33P,0.027006576
CUST_ZTQQF7DHH3,0.08984621
CUST_IKG1BZPA5E,0.067040876
CUST_ICTAICLPCN,0.20017076
CUST_1XY4TM69NS,0.02307608
CUST_JS34GBM2H5,0.02325383
CUST_9ATAYBFZIL,0.025971249
CUST_NDFB7KLMPV,0.13017303
CUST_PVI8HEFYDG,0.032847974
CUST_Y1SNEIZ9F7,0.020113802
CUST_NNRVK7A2NT,0.06803755
CUST_IKHF3DQR8S,0.11391127
CUST_FPNGLSQ38P,0.8549187
CUST_LPB6CZFS5C,0.037616506
CUST_6WLFA2C9HF,0.08257758
CUST_F3Q9VBAG89,0.021048319
CUST_VQ1OMCWA9E,0.025506191
CUST_C9RV0WZ3XS,0.026089922
CUST_CL0J5E4ZLH,0.05267545
CUST_9PLWPGYXLR,0.07854057
CUST_6WAKUMT0N7,0.1327749
CUST_L34WP0J7G5,0.089467146
CUST_E4MG7NZL3J,0.025397098
CUST_963E07R5Q3,0.02720587
CUST_LH5NX8UYMO,0.14441416
CUST_Y59Q8R4WVP,0.025402455
CUST_I7G5WQGD55,0.032906614
CUST_LQ4PN7YD6W,0.10485044
CUST_SWR6KSMAPR,0.037816145
CUST_ZZ0VH531AL,0.8093743
CUST_AZUEXB3XQ0,0.018955613
CUST_44FGUCYHV1,0.10260896
CUST_N69IEOPZKB,0.022568969
CUST_8EBJ67IE3E,0.021986624
CUST_6SDKZZFW3M,0.020770174
CUST_ZUZBPR46HK,0.029534314
CUST_UX8QA5DM8M,0.15943137
CUST_UXDCML6TC6,0.0230484
CUST_BH6MQV52WM,0.03584079
CUST_XROIP1G7EN,0.07969244
CUST_6YYYB5O2DY,0.09345445
CUST_T26VL45JG5,0.024260307
CUST_ZWSF77DL7U,0.030490294
CUST_WJ2N0L1QAP,0.12232982
CUST_XM7WI88OTY,0.033326108
CUST_7G5OX7UB3Q,0.06666053
CUST_B3CQR0KR50,0.065202
CUST_8X49QXU9VO,0.025032682
CUST_QA57Z19GZ4,0.043116838
CUST_EBRN90H5TA,0.03330678
CUST_K8XHFP5N66,0.11045972
CUST_WDDROQ5NM5,0.839636
CUST_IEVOKHS3ZR,0.030517384
CUST_T5FJ2TO1QW,0.807011
CUST_HZBNRMJ9HD,0.07513027
CUST_E5A5IJOOZ4,0.12731259
CUST_17E5TRY8PG,0.09466695
CUST_RIV3XQULP7,0.027675036
CUST_B0QTHKIG8P,0.11438058
CUST_PKIZOWWKZM,0.14940661
CUST_O7XFPINLKJ,0.08323333
CUST_AEK37ZYQDW,0.022113964
CUST_SUETQBB36R,0.8995544
CUST_5F86QD8XWY,0.112764515
CUST_DG5YYN6OKH,0.09872909
CUST_QAUIP9YLDX,0.033265665
CUST_ZOKNUIHO4C,0.09407309
CUST_4MYOKSRH8F,0.8259138
CUST_QQ7DQLV8MP,0.055318914
CUST_RLZJD6G811,0.0846314
CUST_EEIXHFU5X5,0.0882364
CUST_YWPS918NYK,0.067666166
CUST_6CGFRN277E,0.021284824
CUST_FFM7FJC8SX,0.064576946
CUST_SBI1HF9OFR,0.041209053
CUST_U2JQF0GIF8,0.07855134
CUST_XB1ACNRQ15,0.025750546
CUST_8HEUFII3SH,0.022638964
CUST_9GK8NJTIOC,0.021817537
CUST_W572087LFV,0.034009337
CUST_HSAVRAH6DE,0.025750358
CUST_6A4R511HP1,0.07631251
CUST_7RK4EKZ7HA,0.02197122
CUST_4SVSQ3QCKU,0.02496185
CUST_5RFLF18LES,0.029702127
CUST_DNWSJCPPFG,0.804044
CUST_QID22EXIX9,0.036702637
CUST_46BFWUTCSZ,0.02941356
CUST_J0KV3J5E23,0.8919161
CUST_3SMUPQM817,0.022031043
CUST_72AV3OFPO4,0.13595448
CUST_YO4J4MSTLJ,0.1015798
CUST_NPGW26CT7K,0.026004538
CUST_8YKI0K9TRS,0.09861658
CUST_75FCZIVF1G,0.14617234
CUST_XBLVX0HLNM,0.12329533
CUST_W29A0QZ5G2,0.020585844
CUST_GAAKBQ6PCY,0.027785921
CUST_JMR7DDVEFW,0.025186392
CUST_03ZHT4WX74,0.13869177
CUST_972U8DXOV0,0.08152383
CUST_ST9KAOK7Q2,0.024956308
CUST_CCU01ZGWN6,0.114081
CUST_2LXIBXFP7G,0.02183427
CUST_RK72SJN951,0.018463371
CUST_RR3TH1J6UE,0.15051109
CUST_53FEATGXCY,0.026887476
CUST_78HBE7N7QX,0.08657181
CUST_WJ0GAQYVTT,0.091637336
CUST_JAUDUP7DR3,0.11633492
CUST_88M6M18FA7,0.118640035
CUST_7967TX7M8V,0.023920156
CUST_RFRXLS8X8C,0.09626624
CUST_RY0TNSQ3XG,0.119643554
CUST_Y6U6IJPUO5,0.06327448
CUST_U2NVMPKFOJ,0.13878922
CUST_X92E1T5EEO,0.030583533
CUST_05YQHZMQB7,0.1056955
CUST_7JQCN390IL,0.09396489
CUST_BPWK2XM1VW,0.16374
CUST_668BMXMSB8,0.024214301
CUST_FVHUOWOOM5,0.032853533
CUST_62HE8GIZP1,0.022533694
CUST_E6Y0TH6D84,0.81479186
CUST_LJGJFXAIHB,0.02694109
CUST_JB9ZGCCNR0,0.02710499
CUST_WWYKLKTTTJ,0.02583867
CUST_I8RGCEF78A,0.12687214
CUST_PIYWWN1GYT,0.030999362
CUST_7UFKSJSCM5,0.021714946
CUST_0F9EUIG61W,0.8615808
CUST_FBPLWI77W7,0.06508323
CUST_L175GB6OOC,0.027134594
CUST_25C21RNW8N,0.02923733
CUST_C64FR37W4V,0.06379081
CUST_YH5N8PL8R9,0.039212033
CUST_35JV10OQDC,0.028428163
CUST_D1B06RFXM8,0.020115545
CUST_OLQ2493Y8M,0.14593199
CUST_V5XHQWIG5I,0.037320007
CUST_D7E96ADX9I,0.036009613
CUST_FUOPW2A2LA,0.79450226
CUST_HP8WCBN8X0,0.065075524
CUST_VT0BNIEFCJ,0.019352904
CUST_HDO5AFB7UX,0.029795809
CUST_DVXH3HGPHV,0.15624832
CUST_3DG23H70U8,0.040749766
CUST_DK7G5XOEI1,0.059823062
CUST_J4FKPFTXZ8,0.7545072
CUST_1ZA57GVFF2,0.8458429
CUST_IZSAHHGD5L,0.0213658
CUST_V3BMSQZA20,0.034130886
CUST_6MWZ74OLT5,0.07980696
CUST_ZV7UOP9Y4X,0.036863986
CUST_NIXJ2PGH04,0.07557751
CUST_JV6442LB9R,0.09299582
CUST_NAJR578DE1,0.02038531
CUST_WUOPCMFZKW,0.03224949
CUST_P6SIWPMF23,0.07918652
CUST_YRKJPC3KTY,0.025704427
CUST_CO5QXRMSYV,0.02079368
CUST_N8CXOQFU9C,0.028735869
CUST_237KGQNZUP,0.18140328
CUST_14D6QTRR84,0.036453113
CUST_ERRGY4M3N4,0.09335385
CUST_CFVLAEOZCY,0.8331145
CUST_K5C7Z4OQKX,0.03748021
CUST_2THXW7XE4X,0.02912794
CUST_M0FOK48ESR,0.030428505
CUST_O80C8PRC4X,0.02184037
CUST_FN252NNYBZ,0.025571367
CUST_Z6DPWIRRN9,0.025456198
CUST_DIQ3AEST7E,0.024719298
CUST_UO2TUHDHCE,0.026082473
CUST_BVVOJEX1U0,0.74888057
CUST_RVNFL02FFV,0.02587751
CUST_7KCAB94RRL,0.022933803
CUST_DJNY2YHHVE,0.103875995
CUST_PH2ABNLW4E,0.11371723
CUST_I0NKPZVAGY,0.0774981
CUST_25P0DSHTH8,0.12710287
CUST_VCTVF7XK4U,0.03397611
CUST_UJ1H0MFOG8,0.03888463
CUST_HWTRVTMYF1,0.07417935
CUST_LF1GWZQ5HG,0.02667989
CUST_QZ0HAYIHDJ,0.029066134
CUST_0L2IK27NHH,0.04309331
CUST_YZCE6V57L9,0.029461125
CUST_RC7XFBMPKI,0.026334126
CUST_FOYCCUVSCU,0.033929996
CUST_V2D3DOT41T,0.022071248
CUST_SS3UT5LHJ7,0.12086379
CUST_PCA32IX6E3,0.032503545
CUST_DB6S712QNS,0.023900881
CUST_5XZKV3IMCP,0.02276526
CUST_6GOG50YRQA,0.027792865
CUST_058HA7BIV5,0.115058176
CUST_U36JJEUZNV,0.03438402
CUST_5S0EL6QAJ8,0.087997004
CUST_ENZ56OI2UX,0.093296625
CUST_DNC8WJYUPD,0.09971231
CUST_BFPYDA29R3,0.091216154
CUST_8X5NWK297C,0.09939255
CUST_Z7GG0H4HCT,0.026347818
CUST_970CJOG9EK,0.030120969
CUST_19KCOPAMP8,0.025798786
CUST_6B5H1M14H9,0.09756806
CUST_MHG74LJQMI,0.034064744
CUST_LXVRPEDWV9,0.037628107
CUST_617B4MIRM2,0.080130406
CUST_4897RM7OP8,0.10512646
CUST_4SU7M2LZUD,0.029231288
CUST_AHSXXQTSXH,0.884555
CUST_IZHHUSLX54,0.09999257
CUST_673URN2HL3,0.09907777
CUST_4U9NK95H39,0.10578023
CUST_7HBDKINECW,0.08417173
CUST_G6IKFGM7CC,0.026072111
CUST_2EDOBVGOUI,0.022141594
CUST_2R0RJSMR0N,0.035327807
CUST_80FX0W33UJ,0.04341201
CUST_C6JECSCBER,0.02136485
CUST_CYJ6TH7U3O,0.03620918
CUST_THXY60IDIX,0.035956964
CUST_4NM1AD0JIN,0.09663904
CUST_61DP710BC4,0.07193381
CUST_QJZ6EGQDGG,0.8593998
CUST_BNMECZCWYU,0.02546384
CUST_A6J693C8U0,0.15525031
CUST_KFZYCVZ23Q,0.024377618
CUST_HNV8VKDV4V,0.12967323
CUST_QCPV20EY33,0.025377149
CUST_ZCGS2JQCNR,0.040344212
CUST_MT61YHTOOG,0.15402071
CUST_XLTNLOGDOL,0.023778584
CUST_VFGLYK6PL4,0.022515412
CUST_3F0BJO4DV8,0.028955936
CUST_PVT9A4CASO,0.026197212
CUST_W6YZ4SY94W,0.023329152
CUST_A552PFX8YU,0.11979186
CUST_OVV7TX4JVG,0.10838521
CUST_1YZEWWAEBD,0.16003749
CUST_HHQQ0O9774,0.03385
CUST_0SCT5YFWXS,0.020584898
CUST_QL5KMCTFYK,0.06589773
CUST_TJQC0J7SGU,0.06868551
CUST_N1R2KGWTCN,0.07817594
CUST_2OYPZZ26MF,0.03571916
CUST_WA8ODIRY5C,0.018439678
CUST_T86VXNECZ6,0.0709599
CUST_PSHMLQBORW,0.0276015
CUST_EXPDQ9IAZH,0.027779547
CUST_0N21UFKW4Z,0.10248911
CUST_4KCRD09W8J,0.13551041
CUST_72JB1HELPN,0.019823791
CUST_U3JJY1OKNL,0.03409192
CUST_AQ6ZVWJJ3Y,0.022893343
CUST_WGW33F4LUV,0.10805383
CUST_VRKRD9TM2T,0.029492447
CUST_542MATGO39,0.07510289
CUST_0SP7LYXADH,0.032278046
CUST_3E337R38SC,0.026336052
CUST_ACUILNPLYD,0.035908733
CUST_7RSY67563V,0.03094961
CUST_D1J0592CXB,0.07683004
CUST_PKA57K3C5G,0.03564972
CUST_ZOR98QO6NF,0.122863665
CUST_3RFBVUARR2,0.026699672
CUST_7O1SNNBHTA,0.14147237
CUST_OTS9Q0RYYQ,0.0856419
CUST_ROPXVBGIXE,0.03344652
CUST_L8DXHDUFUY,0.15603165
CUST_K6ZG0X7M6O,0.033912458
CUST_BOSCICXGXX,0.85860354
CUST_DNRKP1NQ37,0.022514462
CUST_T1V0J791FB,0.14464696
CUST_QX7TCLDSXH,0.021288794
CUST_N00O2ZAATY,0.12115628
CUST_SNT3PO0U3J,0.8502071
CUST_B68XPX30WB,0.02357239
CUST_W6RA0RQS4K,0.15446755
CUST_DQH6YVCZHP,0.13346289
CUST_G01W826GQT,0.029172072
CUST_0VT2VEC7TV,0.13674761
CUST_82YKK08ZVR,0.02565351
CUST_HG4UKV7R6I,0.03778155
CUST_G53JONXRNB,0.031255025
CUST_4LPH0OZ7KP,0.096366346
CUST_BMLIPZPWCM,0.024389477
CUST_RB50Z2AI4J,0.028653996
CUST_MJY6ZG6UN8,0.03655645
CUST_XJU1QSOXS0,0.122725196
CUST_D7EQTB9XHU,0.022501078
CUST_LZ0GV6EP5I,0.065767765
CUST_M8428PZ0AE,0.80233866
CUST_BOYTCICVOJ,0.08465526
CUST_ZGFM6ZIDJ1,0.0932953
CUST_UBO2DVY7PZ,0.109838605
CUST_AF5YNGHS8N,0.17098472
CUST_XSJ7DA3ZS4,0.038193256
CUST_HGB3MDGQBE,0.13523747
CUST_9AGX4KAX2M,0.03679293
CUST_4HTYTG6FM6,0.041572858
CUST_OKEZRRHY3H,0.02948387
CUST_H1FGT0XGX2,0.06594116
CUST_UHEMDTM3PH,0.14509022
CUST_FH73TZTRSZ,0.03316213
CUST_PJHB24ZKJN,0.8105826
CUST_NW9E6WKB7W,0.9116529
CUST_JAHJN0QG78,0.020437358
CUST_E8T2FVVC2V,0.035821088
CUST_C8ZM5Z95T6,0.09464417
CUST_RURCM3R3PC,0.1191108
CUST_IGQ0SLQHH7,0.092152864
CUST_WLC1NP0FWQ,0.057988416
CUST_X33HN96S1F,0.032660674
CUST_K01I74HTGF,0.1081616
CUST_EYII07VFYF,0.098636165
CUST_NYJIKUB6NR,0.08893032
CUST_UGJ254UWMA,0.08205452
CUST_UOTRHJGNXH,0.12238894
CUST_WQICTQTXAW,0.10645673
CUST_M9X6XCNXIN,0.03417891
CUST_MQA18KTMYM,0.024151254
CUST_RMR1D9U0XW,0.028533444
CUST_6NYT5H8DTU,0.03735079
CUST_Q43YOHO39H,0.024948731
CUST_65CTIRCZ0D,0.111927934
CUST_BFK3IT54U8,0.029052904
CUST_MJOSOGGN5U,0.032215502
CUST_KM8VKKMU9J,0.03821719
CUST_I0RICDI91Q,0.032226335
CUST_X1SAX2J2JS,0.03361655
CUST_LYOBI1D5V4,0.15201747
CUST_AIZBHA7JPP,0.07608205
CUST_PK5IHHXBRS,0.025491066
CUST_L30S0AWD58,0.018228164
CUST_DIUHWBSBO1,0.026124034
CUST_JIXCDJMBOF,0.023678593
CUST_ABAPCV0OCR,0.035423834
CUST_YGR7L8FU2W,0.85870296
CUST_IMT4TXXHHI,0.027075633
CUST_0QGXQPULW0,0.022009144
CUST_RLIVEPZ7JP,0.036815826
CUST_TRW2WTKVSF,0.093917325
CUST_486AOSON5S,0.09604339
CUST_T6TE4QTE6F,0.03415506
CUST_JD1ZZ7OWVV,0.02751335
CUST_2U177PMGAT,0.0687531
CUST_P58OXSRY36,0.10217896
CUST_D5FYRPWQKJ,0.03650205
CUST_AT0WUPJV1H,0.76210135
CUST_9M0QOXB7BW,0.02726929
CUST_2IKR37JTWV,0.09890898
CUST_2AQ6S2V5Z9,0.091022015
CUST_VMJK7FS4UR,0.025932424
CUST_HAOITD87RO,0.0376417
CUST_ELQ1D9AD7S,0.102579966
CUST_KUR8HZWCQA,0.87790126
CUST_PZHF2BBZNX,0.0286914
CUST_BFS6FLJ2W0,0.028110148
CUST_5M34HBWRI9,0.8999134
CUST_VNIDHBXZ6K,0.027935145
CUST_OV8JYMWV8L,0.043684553
CUST_H0I6KYKJCC,0.033225138
CUST_26WM9JM1WU,0.108644806
CUST_AIB49VEF57,0.021622958
CUST_ZK9O6CS3EW,0.021341626
CUST_I0OMD7L41C,0.024132904
CUST_YKY811EKN5,0.03469123
CUST_9PNV0QLQUW,0.08940544
CUST_SCG63BZ7RM,0.03232017
CUST_N41XRT379J,0.028664464
CUST_OWGW7HKTT7,0.15551999
CUST_6RPJU2CLZC,0.030671813
CUST_RJNJ7B7555,0.14549634
CUST_LOK75BESEM,0.027904583
CUST_9WJNS27NBG,0.06513441
CUST_36EFEBWETY,0.120761186
CUST_OCHY47OI9G,0.023949124
CUST_P0YAXHZHYM,0.025877042
CUST_IGSUJCCRIN,0.06943491
CUST_04EZ5FEYSZ,0.031182414
CUST_8B08GGQNCD,0.8291921
CUST_N51N2OODQR,0.11718967
CUST_PVQJ24C2WM,0.028893288
CUST_JZEZMMIAU3,0.12598854
CUST_X7QJCPSGVE,0.02176964
CUST_YJYY7HN9RE,0.08045727
CUST_MCJRRM51CL,0.019189585
CUST_I2QCVKML63,0.023758534
CUST_O6NANDML2I,0.089004
CUST_5BJ5C5GUHE,0.028401032
CUST_RU71ARRJU5,0.032770388
CUST_T4LLOQHA4R,0.02824184
CUST_BQF7U6TSLS,0.06827243
CUST_WWR17WGM5O,0.024536975
CUST_GWXT3FUI93,0.14198935
CUST_7SPPP18S8Y,0.024485115
CUST_LWI5FDZ3EH,0.04029716
CUST_9AD0QPIH2Q,0.09905498
CUST_UQ4SD0HRWC,0.11545818
CUST_PKOIRAPTSI,0.06340522
CUST_GEIWO38NPA,0.024651587
CUST_2W5367AFU3,0.09777167
CUST_PKK472QSAI,0.02658353
CUST_Y28WN8R4Z1,0.035419967
CUST_K5ZBW9XYD3,0.11263512
CUST_0WSJI3G55O,0.91422606
CUST_HEGL0M9V42,0.02609977
CUST_XSSB6E6MAM,0.0266544
CUST_U87LEFO4WM,0.15689555
CUST_JMISDS0CQI,0.12716797
CUST_MJ6S25BYSV,0.025579479
CUST_C6UULVO43J,0.14937454
CUST_2H6ZKG178C,0.052933384
CUST_3LO2QN19BS,0.03219379
CUST_LTNYRDNTH5,0.09338831
CUST_2WDLCOZFN3,0.04324011
CUST_274BQY2JCU,0.03875723
CUST_AHWZV8PWL0,0.12654588
CUST_UB7TV44HKY,0.033032916
CUST_SDZJ4M7Y6W,0.025659416
CUST_VJ7KEZMUV1,0.031203458
CUST_DUL9QCKQRH,0.07105646
CUST_ABRB4XIDB3,0.071097285
CUST_KTFI0C3JHW,0.093356505
CUST_0317CYQKLW,0.022518415
CUST_JKW1FSPSVI,0.12105246
CUST_GW5PUOBSKE,0.8806254
CUST_HF3DE7YLNJ,0.12773477
CUST_W05AP0B91B,0.026812583
CUST_MO46WDA77K,0.026755676
CUST_O4XYZ9QNC7,0.17418583
CUST_YFE2IY77W5,0.11521443
CUST_C116Q7S5U2,0.033127557
CUST_1FGI1HDJ45,0.032260355
CUST_NPAPMHH1ZQ,0.025203953
CUST_JXHG45L6SN,0.06499531
CUST_BIDK0X5BRU,0.13521412
CUST_Z223IL0XI9,0.02323002
CUST_GSKMJ75EW5,0.16164808
CUST_2WBED0BWHI,0.14893621
CUST_X0K0RCSTJK,0.09157992
CUST_DUQE28Z4M7,0.03257521
CUST_27S7IY002S,0.022159489
CUST_Z1VQ7M14SH,0.049149137
CUST_35LVZSNOK9,0.029075744
CUST_ESP5AIN3HL,0.027721824
CUST_LUSU66ISXP,0.09138893
CUST_SJCTOZ4QH7,0.13415281
CUST_7B0746A1DG,0.116654664
CUST_9FRRP19M1Z,0.023270985
CUST_1LU99FES42,0.059157237
CUST_SA1EU7LTX0,0.031165708
CUST_AXKIS7G64Q,0.024073867
CUST_ZKXW0SW70P,0.023766229
CUST_MQ4KH67VXP,0.024745233
CUST_RV03C4YYRE,0.019879473
CUST_U7NOGQN3WD,0.1217802
CUST_L8ESL63E8I,0.024602918
CUST_4FGICO3U8J,0.10054854
CUST_449GEBQPUM,0.07154192
CUST_FVHUJXV855,0.09032806
CUST_RFTC9PPWMB,0.038573723
CUST_YFLDXIK0V2,0.023576604
CUST_NEAO4Q1ZUP,0.026677728
CUST_VZRI5RBGM0,0.81001604
CUST_4XJBNCFCEQ,0.082761355
CUST_SHEEP93PVP,0.86075807
CUST_LFAHSDE7LR,0.026193887
CUST_F6R5Z4YYN1,0.098014444
CUST_WDNN47RGO8,0.027452175
CUST_CELBULWNNL,0.021529472
CUST_YTNX1ELV5B,0.018175974
CUST_S22K37GKR8,0.028547365
CUST_A7HFICZVYV,0.102600776
CUST_MUWSHVW8VN,0.0959959
CUST_V0O1LZPH1J,0.030974075
CUST_POEO0XI74L,0.025473623
CUST_78H6ABKTPS,0.16331154
CUST_WFLK9CX5CE,0.023210881
CUST_EY3W9UAA9H,0.02727685
CUST_LXZL1K69B1,0.02939901
CUST_A1K5HEOOR3,0.037277974
CUST_ZICILPPDAH,0.026136272
CUST_PK7VYSVPTV,0.8197459
CUST_EM8TV7KSST,0.027680498
CUST_RMSBJRMQ9F,0.1206579
CUST_0BPJ1ZNL6Z,0.08497162
CUST_30V3IRD7HW,0.059953805
CUST_RHUGXBDN37,0.031753365
CUST_5FTDQQALBW,0.12731223
CUST_XYRF3K07GV,0.1442295
CUST_HIRQM2D6L4,0.12018415
CUST_43WP0MUZYI,0.023746002
CUST_JFLMS7K1BK,0.022593671
CUST_XDREDQ8PF7,0.14378299
CUST_YAJL3JVARP,0.11642299
CUST_ALV2SGK73G,0.16173118
CUST_GRO45GDSPP,0.090590075
CUST_CTKTWDH1MX,0.03375992
CUST_3C3MG1D8NX,0.034889106
CUST_0O612M04M9,0.07985782
CUST_7OJP40DUB4,0.026010051
CUST_Z1KWMUXHXB,0.109606564
CUST_YDMURIO1EL,0.034187723
CUST_CD4QYYZ8FI,0.028195066
CUST_OTDWV4W2W1,0.031719305
CUST_Z6XO74GVS3,0.025023295
CUST_ZNHVICHFBO,0.024349278
CUST_67BAILE6FT,0.027445136
CUST_EFKK2VJ1NA,0.026831951
CUST_0UP1LGRC5C,0.1937112
CUST_F92UULEUSQ,0.019920623
CUST_SUUWYQS549,0.15646277
CUST_NO0UZ3SUE0,0.08717572
CUST_ROXCHQ2VMQ,0.022382183
CUST_XGWA8SVLBK,0.041100662
CUST_8R6FDVPFJX,0.02247803
CUST_C9RY942D02,0.023493242
CUST_X3GIOUBIK9,0.025268983
CUST_E7ART8PMED,0.093136325
CUST_NUC5LY05LE,0.8286595
CUST_BDF4L3D498,0.034909207
CUST_4SOZJ6BV11,0.11194798
CUST_ZUHPJS6M9K,0.029372524
CUST_IFWUG4CZTO,0.033124372
CUST_WN47PNJ4TM,0.03609241
CUST_LIF5KLPG3L,0.024969382
CUST_EU6U7D6WL5,0.73408735
CUST_OTNFLCNFOM,0.80755013
CUST_38Q6RU2XGI,0.03061294
CUST_DIHEB4RIXI,0.02348637
CUST_E132YMJFDC,0.11438021
CUST_SAO27YF4FJ,0.021428976
CUST_XRB5DLFYWW,0.12889057
CUST_3DGXHVECO5,0.14227211
CUST_IZUUTEWPFR,0.024558851
CUST_DJBF6DFE96,0.028006308
CUST_R22H65U9SU,0.031359136
CUST_I6CMLLF0V5,0.105667725
CUST_1IH6JWM0OT,0.037068218
CUST_HP3NR73RY7,0.9008919
CUST_2P39MJAPDM,0.03359764
CUST_CJ3MAKSGEG,0.11415127
CUST_AH0B3KHB11,0.021114964
CUST_7QQBN8E3BO,0.02254505
CUST_ZTFMTDHLB6,0.03714773
CUST_O86N13BDTQ,0.85472196
CUST_TJYDHPTV6M,0.13409795
CUST_MSPJ3OQWDI,0.02402398
CUST_Q2QGEH3B09,0.03365022
CUST_4PAQO209UW,0.028454574
CUST_KYH2FW9GV2,0.023439469
CUST_24EGCWZPYO,0.025014581
CUST_TV21VGYLQV,0.06528239
CUST_EAMVLQZNLX,0.026466634
CUST_U5N8VQ8GTG,0.023272216
CUST_4BDX1117EU,0.028479598
CUST_WGBZWDKVL3,0.0646997
CUST_1BLMOFUUC7,0.023865981
CUST_JJ9B3U75AV,0.8390052
CUST_R4ZQ8CMLJI,0.06770446
CUST_4UBGH0MOBC,0.026196403
CUST_L5M7VK298Q,0.14212775
CUST_75E34ZYVHL,0.037672717
CUST_SC1NZGM6NC,0.023757601
CUST_4N4RQ7K2XS,0.031642646
CUST_XEL1A7VJY3,0.04026632
CUST_L644IL1SBH,0.027189657
CUST_QD1Q6NKGVY,0.034244955
CUST_J631RFVTWY,0.033270475
CUST_W7LT1S6IZ5,0.03973714
CUST_N9PLZ06R1S,0.02558843
CUST_QAT7DVTSSR,0.031064048
CUST_W0F4WSNIVN,0.07412733
CUST_0PASC33418,0.022780843
CUST_HJFKU5M8EJ,0.026745126
CUST_5X1DPCMRGN,0.10283763
CUST_O97SSB5KG2,0.08752997
CUST_4U2RHCB3NI,0.027077937
CUST_PR3599NF2Z,0.7481235
CUST_92OVOZY9EC,0.03386063
CUST_JQ99QKSPTP,0.8722756
CUST_84UQFY31EB,0.79619724
CUST_N7JTQSLNEJ,0.024525689
CUST_WAQRA4QUH9,0.13676555
CUST_8137NU7FZZ,0.02147966
CUST_IT7JUJDF70,0.110720634
CUST_PSZC8ZAS2R,0.110405594
CUST_H2JBFOGEMG,0.028860714
CUST_5MZ8AB18H4,0.024468856
CUST_ULUU373OLF,0.8484247
CUST_Z1N2P3KH3A,0.029822156
CUST_YDDPI0Y27S,0.15906958
CUST_0K7MM2GEVI,0.10414079
CUST_V0JFXB7YJS,0.1526785
CUST_FP36LK3PEX,0.087915756
CUST_84ZIPNG1UA,0.031823643
CUST_BFXK2SLEPP,0.033658557
CUST_YAC9PMKEZD,0.16402936
CUST_U0VZ2MC8BW,0.021751646
CUST_BVUALCG0OL,0.02020164
CUST_X8VSW94ZCZ,0.031323716
CUST_8FTEAPIGYG,0.13165465
CUST_9KRZVEBV1D,0.7928777
CUST_TMUWVYR61U,0.020966448
CUST_2JGCJ445X2,0.022995945
CUST_HIPQ3IKTP9,0.027574554
CUST_M7ELPR4134,0.03631164
CUST_27WVFD89UO,0.029843844
CUST_XMUY7YNBAE,0.028324086
CUST_F9RQWKS1PX,0.025531542
CUST_ZTEWVMFMZ1,0.032476995
CUST_ZTFDWR7AMU,0.026311228
CUST_GKHGETRJ89,0.029603153
CUST_S0WCC0WCSQ,0.10917784
CUST_NIQOM15PNQ,0.030658733
CUST_EMXS6J89RY,0.09176471
CUST_HOQFV3ZA3X,0.07811071
CUST_ZEVV78BYTG,0.026141351
CUST_INSCMBLNPK,0.84552056
CUST_DAULO1IFDX,0.021618292
CUST_83PPQBKV38,0.1761412
CUST_AWUIJ7FKXQ,0.1574582
CUST_KN3YS85Z75,0.031456254
CUST_FUVC2XXKZU,0.02791912
CUST_H7V9DCDZNA,0.09210644
CUST_NVKEGV3MF3,0.02543645
CUST_FT3F6ROGTQ,0.11554599
CUST_LQ9V86SEYY,0.032405846
CUST_9OS27ACMTM,0.020133693
CUST_U5EW02WOM6,0.02566847
CUST_942WL0D6M2,0.025035836
CUST_SWY7QD19WV,0.025005199
CUST_0ZCOVE9RTT,0.02525372
CUST_7BJ4DSSGQZ,0.026327174
CUST_XK76KUUOJ1,0.10694035
CUST_7A3SCQG3JU,0.08716005
CUST_SY0YTEASI9,0.025668548
CUST_Q9RH054PW5,0.07758397
CUST_IN28OLN859,0.062203243
CUST_6ZCNHEONH8,0.06864678
CUST_5W51IQ20U7,0.034555245
CUST_M74T51TEJP,0.021795267
CUST_UE9NCA7EE4,0.13013631
CUST_YT7RGWBPJ8,0.807815
CUST_IHMN3UYQN5,0.09863451
CUST_V4UH83BBD6,0.038124636
CUST_MY07EAO8CB,0.10078705
CUST_71IPM8YZ6B,0.0587246
CUST_S9D973NZXC,0.028167924
CUST_NGPP12JUWJ,0.79682404
CUST_11AZFASXYH,0.03218631
CUST_LZUU0ZIBZB,0.07704221
CUST_1WVV9MYJ4O,0.026137162
CUST_T1W6521GXD,0.10758199
CUST_EUK84FG21P,0.028379623
CUST_RA52FHE30C,0.047727775
CUST_L3FZQ3HXV4,0.028166369
CUST_ATMJ1BWR2V,0.03279248
CUST_IS5DG3KJER,0.13214794
CUST_1AK3XPDVKU,0.058254663
CUST_A2GV5EMUXX,0.039589506
CUST_H0F778TDI8,0.02167947
CUST_HMNZ2CSR55,0.064354084
CUST_ST2LGXA1FM,0.11923788
CUST_KNTKJVMUPV,0.02583717
CUST_2CIUHZGL9E,0.052807998
CUST_Q44WO7F7UT,0.020707726
CUST_PXS8RUUG6M,0.03535974
CUST_KH78QOBI2D,0.021857664
CUST_CCBAAN6TPL,0.029887881
CUST_4A23BS30XC,0.03310799
CUST_K55NT3WM6H,0.06084866
CUST_ZQD2WN5WXE,0.1504438
CUST_XMTA0JM0V8,0.107631214
CUST_RFOHTKU6KS,0.1277583
CUST_509YH9BOWX,0.8336228
CUST_9K4STW88GT,0.022437837
CUST_CW5M5RSV5E,0.020656578
CUST_E28SLITBG7,0.026692541
CUST_GTYASYC1OX,0.72863203
CUST_7YK0Q17P63,0.08809391
CUST_SLL5XXSZOF,0.84940654
CUST_0WZ2UNU6FT,0.023914373
CUST_QAQ43DSPRM,0.033364993
CUST_FFRZ6PEEQX,0.032241587
CUST_IUXWS2DX6W,0.0928297
CUST_LYKRKFOYHZ,0.07822388
CUST_WPRJD7HRSN,0.09525634
CUST_ADLOQ8VZKW,0.11166575
CUST_F3OJ0GMV3F,0.027264593
CUST_J5C0EP6275,0.024799136
CUST_4LAV789NR9,0.11292039
CUST_2B7ZWYSK0D,0.0927269
CUST_L7IUNJ461J,0.028607244
CUST_1ZTRDBSH64,0.10274568
CUST_H77WHR0L84,0.104975455
CUST_D4NTVKZEMY,0.85804766
CUST_68MRIO8YMX,0.020105975
CUST_VKGYOAMQ5E,0.027307142
CUST_9XYOIE87H1,0.022609398
CUST_O6ORBRQX17,0.11706696
CUST_EWZFYYDU05,0.054044873
CUST_10B4BBJ6OJ,0.023954324
CUST_6KNTSKNPCF,0.087150835
CUST_CQLG8NNEJ5,0.0936658
CUST_ZVZNKD3UCR,0.019220658
CUST_L0FB6HZHH1,0.0890956
CUST_GCGQ89XNB3,0.030289805
CUST_PL3ZCZ2UZD,0.1241951
CUST_SV4I7Y3JNM,0.025449404
CUST_UAZY7LR28X,0.037690476
CUST_QQEXVCE1F4,0.17197229
CUST_W0W1QRLK1E,0.16314623
CUST_6S46OO1FPC,0.027193403
CUST_1Q2GC1NSFH,0.7964503
CUST_E2JVE5V4OK,0.089659296
CUST_1NVVSVPA9Z,0.09971591
CUST_GQP3JUOSYP,0.06090075
CUST_8QSC2YO7DT,0.028786108
CUST_7INLGJIZZH,0.025994191
CUST_CY02SD54U5,0.095263146
CUST_ISL5ONG4SI,0.028961977
CUST_NHAYJ91DGY,0.029853538
CUST_5850NXAKIN,0.10922226
CUST_JHQ9R38MON,0.026939346
CUST_9UTTFRZXJQ,0.12254172
CUST_SO1VQ2U6Z7,0.03552208
CUST_HH6PKXCVZZ,0.10364792
CUST_59FWOXKXO5,0.02118889
CUST_UNE3MSEXEU,0.024677878
CUST_DSLFOFMGCT,0.13175221
CUST_CVOQ4093RQ,0.8358599
CUST_Y0LMYR1G4A,0.114657715
CUST_MD7DVOO99E,0.021685807
CUST_TT6GXC3QQI,0.026189102
CUST_6L80SR5HIH,0.10323361
CUST_K4MFA06MU4,0.12716712
CUST_2UI7RA48QG,0.026242876
CUST_HFGKUYTQ9E,0.09018361
CUST_GP7JUINU7T,0.1487805
CUST_TO69GY57Y5,0.027150314
CUST_0GWTLQ98J8,0.08990135
CUST_FH4S3WGDXQ,0.017709428
CUST_3SGYMHYGSP,0.07434478
CUST_9S157IZM7F,0.88098824
CUST_BMASAMVVPW,0.02319659
CUST_JFJNE5UDJR,0.0930268
CUST_AMF0IPGH1E,0.041291434
CUST_89GFVBQXV1,0.07348399
CUST_OHUND3AU4G,0.03488948
CUST_2F5P7R07K9,0.11708123
CUST_Q50BF8BAS4,0.031388402
CUST_X22NRZSA95,0.12457489
CUST_W9N39B5E7I,0.018591162
CUST_F1GHYI25JV,0.8160134
CUST_S6WQ2R4MPV,0.027852202
CUST_69CZPPD71K,0.0313293
CUST_YAYCNREWUS,0.025633236
CUST_RDGKCBNU5Q,0.027618451
CUST_J09EJL3QS2,0.025405474
CUST_IPOTCYIFDJ,0.07318274
CUST_YEIJ5RZ40M,0.8922997
CUST_LYGVOX6RPG,0.024256814
CUST_3SM8BY3EJX,0.87021095
CUST_RSJP4HKQN9,0.023935892
CUST_PV92F6H8R0,0.116449624
CUST_JG1DVCXMM7,0.024057735
CUST_6QX76D6UTT,0.035305593
CUST_OYWE3VWB0C,0.040025964
CUST_I01Q63WCVZ,0.024766134
CUST_OY0T5FUUEF,0.021841358
CUST_01N0WZ2GQF,0.10571036
CUST_JNT5OXFR8Y,0.02504528
CUST_G3IBQSTZH6,0.10957439
CUST_HM6FF5MLUB,0.0232834
CUST_L0TXWYGAHA,0.09607233
CUST_85B2FW2W15,0.029502457
CUST_SEX7UTNIAG,0.029382639
CUST_MVBTMX85QQ,0.030570572
CUST_JWUD3GIJHW,0.11661586
CUST_OELURSWN3Q,0.13249283
CUST_GTD5YGJXSA,0.09295047
CUST_GDGRUKYW8Y,0.028907841
CUST_N57VQ8H6YR,0.1109728
CUST_18BNKKVEC7,0.115969546
CUST_K64RZA9GSC,0.10431923
CUST_C3J2E6UJSA,0.03230513
CUST_5NIQLSHS9U,0.026092086
CUST_T3OI1J1NNX,0.028128795
CUST_67S5YCR6V3,0.11446346
CUST_1XTCNLXHWR,0.026346404
CUST_OE4M18B940,0.03168035
CUST_FE71I5IYOA,0.1127263
CUST_JMR6QLL9TG,0.15686652
CUST_1NCOTGQZX3,0.122665405
CUST_TPHJO096VC,0.07901679
CUST_RY34T9E80S,0.018682856
CUST_900M55ZENM,0.01995121
CUST_UCCX0Q9WU3,0.033914924
CUST_P8W520QOKT,0.029847477
CUST_U4Q7JDNEY1,0.029930875
CUST_596I8T7491,0.08299239
CUST_5ED4VXZCN0,0.0212121
CUST_6BEPW8CPX1,0.7949809
CUST_50SXJ6UX1O,0.7687995
CUST_VNL7G7Z4QA,0.8079239
CUST_3KPZDQ5RYS,0.10255652
CUST_CG0ABKQTPV,0.023593038
CUST_HEYB65EVG2,0.0269256
CUST_PCD1VMOQFS,0.026162172
CUST_HZRGL74B24,0.023900028
CUST_CW2QUX2GY7,0.809009
CUST_YV35I5DN3Q,0.7383364
CUST_84L6JDQZA3,0.13488851
CUST_647JCE2UT7,0.10042603
CUST_UZ7LNHESWC,0.13253343
CUST_9VI72GT3AX,0.03412901
CUST_XXX4MLAYAX,0.033516455
CUST_6FYPK4V8ZA,0.06535928
CUST_KNRGXF98A0,0.01712545
CUST_2Y05FHFCPO,0.025636893
CUST_W1AY5M0AZO,0.15085636
CUST_P1M71U6HN5,0.023731528
CUST_XDMONPLU22,0.03351995
CUST_68XL3HBYWQ,0.027889544
CUST_VARMRJ6IWW,0.022687921
CUST_8L1VW7EP5D,0.025202578
CUST_JSX6UCEQAP,0.041352298
CUST_ABGQNK0SXO,0.14292137
CUST_SH5X0W2O47,0.02974353
CUST_U5NHANHDE2,0.038001776
CUST_W65VP1CPEA,0.08227686
CUST_QQ7W355D0Z,0.026662957
CUST_DSTO8YEFA8,0.09760535
CUST_2V1ROGNOP8,0.02809318
CUST_AACTTE2V4V,0.1431952
CUST_9KIH91GWOE,0.08570015
CUST_3FDUC1GDXW,0.10238974
CUST_VCNXTJBU1V,0.020818764
CUST_JFRRP1B1YZ,0.021940792
CUST_HDDRR1N1EX,0.020043096
CUST_MWB6EVLVN5,0.03303751
CUST_I9PDQBH64X,0.06661483
CUST_6P7E8NOEMU,0.093058996
CUST_5B4SMVK27W,0.035040114
CUST_HVG9D3G3PI,0.02278501
CUST_R30OS4AQ1X,0.08730089
CUST_ML9IQOO6WX,0.042426497
CUST_N4K2FEPEV9,0.10282048
CUST_JFC78K7LY9,0.07903956
CUST_M47O4HZ6XL,0.021098511
CUST_H4DSYIYDTX,0.022339867
CUST_V16WE23V7F,0.15828899
CUST_NRYVZXHOMV,0.036585547
CUST_N0S6YI08PE,0.028550563
CUST_YQ4M96QC98,0.028001597
CUST_4QH093HJQM,0.02754525
CUST_6MAC5O0QQI,0.02726744
CUST_1BXAK6YKKA,0.026589448
CUST_MIMPEIH1JB,0.70431733
CUST_TKRL65F2NJ,0.8836982
CUST_KPT393V8A8,0.08421391
CUST_APVQ8R14H0,0.03540473
CUST_BJWEEGI7Q4,0.032628126
CUST_H1D0LYJDK2,0.080092505
CUST_1JR0IBTR9A,0.030662484
CUST_EHDHJNIJ2B,0.026777085
CUST_OWOY0QIVV1,0.7947977
CUST_OPWD32KOV9,0.09008252
CUST_QTQXF3B01Z,0.10444291
CUST_35R27MAI3M,0.025170445
CUST_KN0OGHR9RW,0.12641118
CUST_6FJC48WVG1,0.034009166
CUST_S99CRIZY7I,0.027832912
CUST_S2XN76XMGP,0.026572898
CUST_1M6B5AGG69,0.09420638
CUST_F6YV0PVRVU,0.025193341
CUST_OQ9EDTTBOR,0.029552696
CUST_GGILOFYEYI,0.021657666
CUST_3WYHY0TGDK,0.8254454
CUST_F8LD1N72GI,0.025878565
CUST_PEURJM6SJV,0.0254579
CUST_ZMGC95NGTL,0.020574922
CUST_PBFEMV89S7,0.032474674
CUST_35CW5W2Y5D,0.08590229
CUST_OZ3491AZ82,0.10440594
CUST_BOLXBQAMER,0.12457389
CUST_GQYFOSLN9U,0.020039264
CUST_B9QRJBDRLX,0.8028773
CUST_RYIZY98LSV,0.104827166
CUST_GUFC64LQUQ,0.14292239
CUST_RKGY1TBOYS,0.07789484
CUST_CKDMT2FMX5,0.8489468
CUST_IOQGIIETL4,0.020578716
CUST_IP2R6OVJ96,0.04483654
CUST_AMJ8ISVBLW,0.022782981
CUST_FM0G8O1YF3,0.11032251
CUST_GWXJQIEW0E,0.020523489
CUST_QPFYDG4E11,0.021601824
CUST_NPFSMI0KGY,0.11279853
CUST_S9GVISWEC5,0.08639178
CUST_LEKAX1ZCGR,0.040822323
CUST_01YD3F8PL6,0.027112134
CUST_FDN72AL05S,0.02998871
CUST_AIOC4PV4UJ,0.031545673
CUST_BFOIB4REG1,0.682681
CUST_00AKS6B24Q,0.12129806
CUST_LUWH4M1LBO,0.026614117
CUST_9IB0U10FZT,0.059269737
CUST_KYOB6CX17H,0.11868405
CUST_KUJNXRHGTP,0.031761423
CUST_Z3KPCO5PB5,0.027376566
CUST_UC3LJM2CWF,0.020223388
CUST_4R9KDH8MBT,0.08414833
CUST_ZGTF9F7ZSK,0.07060418
CUST_K14U4DAZMO,0.029098475
CUST_2S1UH044AS,0.08759157
CUST_0IKYJYVOG1,0.025045848
CUST_YOB4SDXKX4,0.032381635
CUST_ODOFSB24TC,0.12173794
CUST_M8OWWFXGI5,0.034243725
CUST_DG9IOXVPH4,0.035253596
CUST_8QHNF4W1VY,0.020126808
CUST_3ND3KMA43L,0.025884205
CUST_Y96V8OYWN9,0.032837357
CUST_2RDWWEK0Q9,0.11240083
CUST_1CYQFMMLO9,0.094501585
CUST_HP0XOJD71M,0.03354637
CUST_H6XHHZH4LU,0.025750838
CUST_85QDV0MBKV,0.077613324
CUST_6O9F4ZWUKP,0.8399715
CUST_81G22KTM21,0.024840007
CUST_JP5Q7RR38U,0.020288864
CUST_58K7253BV9,0.021210015
CUST_BWOUJ5U3J5,0.7984348
CUST_99K94RLUYE,0.73747677
CUST_C6SAW21H0M,0.03054531
CUST_CU30RR4TJK,0.7159888
CUST_UCS18TIW1I,0.14551872
CUST_C0OZN44LN2,0.025519976
CUST_G6FXUA465F,0.024808286
CUST_7M4J67QH6J,0.030138671
CUST_7H26BIKIMK,0.035359096
CUST_DMM6KZWHBV,0.026246244
CUST_HV8LZVJLXW,0.025332667
CUST_U9CW1MI595,0.025000965
CUST_E9VGA23HSV,0.03289126
CUST_CKBUSLX98V,0.035911348
CUST_RW4FJTFFLP,0.8845999
CUST_TDL7EPUU85,0.12532704
CUST_YN65TVKTJR,0.027351715
CUST_VMLF6CN1ZM,0.09205468
CUST_QO1ELTR4N8,0.024725609
CUST_BHFP865VSR,0.80508035
CUST_YUQG4162D7,0.11390253
CUST_VAFHXPWEFG,0.058596432
CUST_VO2FK5606D,0.0464747
CUST_QKG5W6Y1RN,0.05712801
CUST_AJ4ODYLAGN,0.106191516
CUST_A4QRRF4SAR,0.03917718
CUST_3S92RYA59H,0.026309324
CUST_GNKXL6KGLU,0.10003672
CUST_OI7YQTS128,0.08777669
CUST_HKMSAC6DCM,0.03393746
CUST_Y61CIIRICD,0.09852091
CUST_BXOU3E6BJT,0.07577214
CUST_5ENVEXBANI,0.02019896
CUST_G25E4SV0IC,0.03129188
CUST_BO2JQRON7W,0.14774418
CUST_PO1F9H9CBD,0.018075872
CUST_ZB1DHYCF1U,0.103618324
CUST_XCGVG9ZJLO,0.02589966
CUST_AQUWB79LOM,0.058165062
CUST_VKGJCT9XE7,0.024828402
CUST_4964OEEB1Y,0.025889471
CUST_V8UI49TLUE,0.15014048
CUST_P3TMYBTSA3,0.13905391
CUST_42A62D524L,0.08188291
CUST_32JF3M4MSM,0.77098703
CUST_02WTQCQ4JR,0.032504927
CUST_OIG5GECA60,0.026864208
CUST_RBVK9HAB69,0.11890107
CUST_E91UP6EITT,0.027807055
CUST_UGIGUSTC9O,0.030062817
CUST_EIFIP5U3RR,0.03469896
CUST_IFG9RYKYBO,0.16906175
CUST_15EK0IG50M,0.14357868
CUST_SBJ87C8S28,0.034470867
CUST_1HCTZUPY1Q,0.10202194
CUST_T9SGU3C299,0.02577363
CUST_H083M731V7,0.022454385
CUST_DG30X6XVUD,0.6869916
CUST_3YRHUBKMKK,0.028363278
CUST_EHR9BVQQE9,0.023084966
CUST_TLQNG9M79J,0.026430894
CUST_T0CJ6V01I0,0.035229057
CUST_XO6GAQW7XZ,0.123759896
CUST_IVOJ3F0HUQ,0.09042591
CUST_IMGST9PJAW,0.0684284
CUST_E69HNSJGWR,0.024355432
CUST_9U4IG0F82X,0.13082819
CUST_5PKOMRCVSX,0.024168832
CUST_KKC7RX6AIX,0.07044387
CUST_XUZ5ZTG3AQ,0.025132583
CUST_S6AJUF8LU4,0.02544674
CUST_MD7183XMLA,0.036954325
CUST_4BSEMO3D73,0.025504863
CUST_NFQBQHRFJK,0.0690971
CUST_YXR7QV3IXZ,0.7630743
CUST_ZYKS0R38M1,0.104686074
CUST_G73WLZ4JI3,0.028546544
CUST_RECOZ3XQZE,0.15321179
CUST_E019TINRM9,0.025953457
CUST_6P9XT9ZCMY,0.02633131
CUST_8JEE7DDE08,0.024265155
CUST_ZWBGEW3XGU,0.023050914
CUST_LOROPICIJ9,0.021004882
CUST_A8SROQ2ZC4,0.09088541
CUST_ER7PI4IOFQ,0.16118947
CUST_NVFGR1URFW,0.11252822
CUST_07FHK2DRKG,0.026755812
CUST_WV4ZU6035E,0.13415484
CUST_Q5558PR07V,0.11567367
CUST_M6VQCYY8WQ,0.028464891
CUST_IXKKRGEV2T,0.024547247
CUST_QFTUUET52R,0.07446264
CUST_N5PHDORPZF,0.07115112
CUST_QSIJO9KK4N,0.020480925
CUST_YKPRYR2S6X,0.06914078
CUST_QBMZSDJWIT,0.13792746
CUST_Q6DYPB8JGH,0.033651955
CUST_1OI2Y0L8U5,0.042625595
CUST_YH6XKQQ7OF,0.019923061
CUST_LQPRKVMY2U,0.0354974
CUST_6DZWBS4SRH,0.03282865
CUST_T6T91GB61G,0.022851026
CUST_ZFTA2AGO0K,0.020797959
CUST_Z7B20ZQB1T,0.18159395
CUST_BAEFLNRE1N,0.025566354
CUST_MCEJZTXV12,0.02838929
CUST_TMZYA5CIS4,0.08756191
CUST_66UU6OWEZG,0.02413223
CUST_KDO7XWD8ZR,0.103032514
CUST_V40G5XBUV6,0.022137493
CUST_GRVMP8PFYB,0.08926376
CUST_ILC4WDZZX1,0.034873553
CUST_Y9SXAGL41C,0.027444141
CUST_AHF19LQMOU,0.04677256
CUST_1D38C2MHM0,0.03169046
CUST_LZZJTLXW0H,0.12942652
CUST_MWPB6PS5NE,0.021897504
CUST_W7ZXK9WCKG,0.021401785
CUST_U8OPJWL282,0.037221603
CUST_0TFXTYM3XI,0.036096316
CUST_R10GH0D22J,0.0743311
CUST_QS2XEJ8SR5,0.13877454
CUST_Q29VVFPIWK,0.056166526
CUST_H0SS1LCYXW,0.028283963
CUST_THEG7CGTH2,0.026072519
CUST_SEEBM5B6V3,0.020892119
CUST_V6GKAC7PFL,0.09488881
CUST_UDRQ286F7J,0.8245837
CUST_K14DL928W4,0.08078428
CUST_ZD18UV1806,0.13011515
CUST_BR8UQJT3XO,0.14078864
CUST_JN5A7LCXW7,0.82891566
CUST_WUTN0BQTET,0.047418196
CUST_6LC1DDJ7BT,0.7704056
CUST_HIPY58Y944,0.037664264
CUST_Y7XEXGG0SA,0.042524777
CUST_GY5PJ1A6SP,0.037745528
CUST_BTV948POQQ,0.103627205
CUST_VRGM7MNWF4,0.06781853
CUST_OOWF7IO97G,0.06910425
CUST_EL0S0VIPAC,0.045177966
CUST_KYLEPZDP31,0.110045336
CUST_XDP3QN152F,0.02619174
CUST_NZ5HX1UGOX,0.10774663
CUST_WMDVAQVMU5,0.80141777
CUST_SBFW3S7ZRI,0.06726093
CUST_3BBG19DIWA,0.022771053
CUST_VE9P46S69C,0.102696545
CUST_RS17BS2E8X,0.021901743
CUST_LN368AA59L,0.023426527
CUST_6MCOVPRZFM,0.22112134
CUST_XO5LPQNHHO,0.78177524
CUST_96H5GDMCPU,0.027667249
CUST_EVU4USC7N4,0.09566716
CUST_3N48976EEB,0.908595
CUST_QCZXDLB4NP,0.1132996
CUST_LYM81K699G,0.028244462
CUST_OKSB6OC8CM,0.6895939
CUST_6UR6RN1VTF,0.024004607
CUST_F7SHKHCFZ9,0.15592147
CUST_AJ45ZOEEXR,0.028463025
CUST_7C9Z61X3N4,0.024488058
CUST_5ZETAJR5YB,0.029179892
CUST_60KMF5ISBM,0.07066686
CUST_YYIJLR32QL,0.02397382
CUST_NCSKLMYIWR,0.04319884
CUST_YVA6L755AX,0.09975526
CUST_SUCU6BD8F7,0.035499
CUST_3LJ1R3AANQ,0.024766421
CUST_ZJIX1XM8TJ,0.77818394
CUST_64E2UM04C5,0.05434158
CUST_X2E9E6L7B2,0.16887832
CUST_CS6O7EM2FX,0.023873096
CUST_NHISJ3WPRB,0.08010342
CUST_49DXZSAVSY,0.109581135
CUST_QUAV27YQTA,0.029392153
CUST_WPPR1639K0,0.11378169
CUST_WN6UM7KEB7,0.01868877
CUST_LVQMFHCF9A,0.092408694
CUST_YIFPEMEIMA,0.030119218
CUST_CUSRJ5M0XM,0.018761756
CUST_P7PSKGF8V5,0.03408492
CUST_JX4I4Q88H6,0.108160295
CUST_9TRKNVGV99,0.10761775
CUST_IU4JDY4TZK,0.13190399
CUST_WD3RL518M5,0.023669811
CUST_XLKIJC51JO,0.026650133
CUST_IC9183PSW8,0.11171586
CUST_POWTDR3S9I,0.036703322
CUST_H8N904DE0V,0.023644533
CUST_M4IFP54HP5,0.07668378
CUST_IEHBHUCZBW,0.0867945
CUST_FGWN7MIYIN,0.03576704
CUST_RG5KQBNJYM,0.028990977
CUST_M10TB6K23Y,0.114929564
CUST_QLAJNBS9UN,0.10009621
CUST_NN2M91LXLQ,0.030654129
CUST_3P8B0ZW0KH,0.02292709
CUST_WUJ2O36H81,0.8488793
CUST_TJ6LE0CNN1,0.04834037
CUST_Y3THA53CGV,0.03304703
CUST_SKYUC1ION4,0.033226877
CUST_WEWRVOBNJO,0.09148393
CUST_163TGIRYLB,0.096028216
CUST_HDH1XOABUM,0.024580816
CUST_ZJPC6CBX18,0.057220504
CUST_S4AOFCODKR,0.0776641
CUST_2HYOTMWXE0,0.028650982
CUST_1W98A4O5GQ,0.019480282
CUST_VB3QXKQHSN,0.033675008
CUST_4K419BZX8C,0.03338547
CUST_TOQQSODKX2,0.07760349
CUST_NQU12Y7A73,0.098574966
CUST_0EWXQA3TBW,0.09409916
CUST_QMD87SW1MY,0.10376071
CUST_047A0TQ22N,0.10493071
CUST_CD0XA9BW7U,0.029911967
CUST_5BOSEUJMNI,0.034286905
CUST_R3UY48OSY7,0.7974659
CUST_7BMT97BBBN,0.02987428
CUST_BWCPGV7QWR,0.12362857
CUST_T1D3UXIODY,0.1659473
CUST_Z3PEF2TN9U,0.03304273
CUST_9EEJ7TQ4YO,0.031030953
CUST_H8Y70SH6H4,0.030560551
CUST_H1SYQKL95K,0.08062652
CUST_3WZTTWNI3T,0.06587677
CUST_0OV2DNPTAK,0.11285782
CUST_BQUCJ98225,0.15094076
CUST_EL66PHSA2W,0.03254189
CUST_5JHCYL1KCE,0.023185253
CUST_BRU7C3TQQN,0.031729758
CUST_6TP1JNKMPO,0.027361566
CUST_7XT8A5YQSP,0.03608255
CUST_EUICXFXM4Q,0.10971181
CUST_BACLMBA4LT,0.027665978
CUST_RYJJJAK9C3,0.021873763
CUST_D1OP3A0M9L,0.101280384
CUST_Y7ZZHXTDNU,0.029482914
CUST_ISM2LG17WF,0.02105616
CUST_RR2ZIYM59X,0.033693787
CUST_I2UYNV80M4,0.8592672
CUST_CXEGJNAUTN,0.03918149
CUST_H1YTNICNAK,0.08931119
CUST_Y80PYODXV9,0.024892865
CUST_YG0Z7OAGOC,0.16196986
CUST_DXUZZQJF5F,0.027737286
CUST_YUPR7LK19N,0.060604274
CUST_BPUEU619C1,0.13560814
CUST_WCJQN0YA9Z,0.82877886
CUST_M6L1BHC7UT,0.10245324
CUST_PGLXAFVD0E,0.058330238
CUST_D2FEYM6HCO,0.02404043
CUST_4G0K6DSQ1V,0.027842486
CUST_TIP3367A7N,0.026516913
CUST_9NCI7XHR08,0.02603215
CUST_CREM6VXGL0,0.026395002
CUST_C21RNGV7XY,0.04024029
CUST_U2PNHMNIT6,0.029771123
CUST_AKOS0SLA3W,0.033103555
CUST_3ZQ6WIBP51,0.028891956
CUST_HS5F8IUKLR,0.027461845
CUST_YQLM4SOFY6,0.077522345
CUST_XADG79WMR1,0.11773802
CUST_2PMR0OH4FN,0.02632387
CUST_W0RUQSJ10A,0.025668012
CUST_JZ5SRQW1QE,0.023531958
CUST_QJ587DI4N0,0.18323337
CUST_L47DX8AYQD,0.03180164
CUST_TV72KV00IS,0.028838035
CUST_LZYPFZ0WF7,0.036167543
CUST_REMW58NGBR,0.16427949
CUST_PAISJCHTUV,0.11483955
CUST_AKQSFS098K,0.07639668
CUST_8SZ8MU0FGW,0.025946444
CUST_IG6POMN0XV,0.02852052
CUST_NW1ENYANK3,0.02609102
CUST_MZO8BIU56B,0.023367118
CUST_ILSJTZH8XO,0.03243888
CUST_G1XF85NXNE,0.0813967
CUST_H9J42XV6Z4,0.023798808
CUST_X1H2UTX92B,0.025763415
CUST_GIJOGBFKYF,0.0327817
CUST_OPNNF1BHIU,0.04731254
CUST_03Y2G7GSEV,0.07975362
CUST_HD413CE5W1,0.02571277
CUST_6VYLU8G67Y,0.074076116
CUST_XMMXGJQDTN,0.025754342
CUST_WXHL7NV7HU,0.15321149
CUST_JMFG9HKMIJ,0.09037031
CUST_KSNH3LHL5N,0.7657568
CUST_H4LO40CYA4,0.021379994
CUST_U1W00DMOJ9,0.07215403
CUST_2P43HB1DDY,0.024107404
CUST_XNNCQXNI4R,0.022742258
CUST_K8P311QJ0S,0.028545892
CUST_XXEO7JZXLI,0.036121536
CUST_JGUSKQC3DL,0.12528458
CUST_I89WN2XUPX,0.07628569
CUST_5EEJIF7QUM,0.02368881
CUST_GIUWHPF0PT,0.151375
CUST_JAZLND7D8S,0.0978207
CUST_QZAPT1CSG0,0.025500637
CUST_NMSBB615TW,0.022630751
CUST_K2Q41T78RU,0.023806432
CUST_KR08426R2B,0.105349846
CUST_ZKVPCQTNTQ,0.59263885
CUST_83C6FY2XFW,0.85398924
CUST_ZSWQQ571ZV,0.03360203
CUST_F0FRU7GNM8,0.763638
CUST_CRNWYGE6MY,0.020375587
CUST_1M8HUVR5MB,0.02958932
CUST_9L76YM2002,0.029422062
CUST_YYGEOUHOE5,0.1043048
CUST_URII0IQW3R,0.7218297
CUST_GVHE4Q8KLY,0.0951116
CUST_MULEE87QTS,0.112135604
CUST_80ANV2AZMF,0.04085745
CUST_YG99GYCBPE,0.6940726
CUST_3LL3VIPKW4,0.09946223
CUST_2RHI876LQ5,0.85647523
CUST_0625B32Y6W,0.019416384
CUST_V0RHH2FLOU,0.086517885
CUST_4SPD68KSTK,0.054658193
CUST_D4V7G2GIW3,0.029358601
CUST_YWKI7WFKG2,0.15264824
CUST_72R6ZO06JQ,0.020962581
CUST_Q4BSOTDNLK,0.11721088
CUST_NA6WVLV948,0.03807814
CUST_CU4DTG1V67,0.027534809
CUST_2B9FC9T30D,0.05085512
CUST_8LZ8YNTARG,0.17723513
CUST_LWS0QQRW8Q,0.064922154
CUST_YXUYGEITSQ,0.18178438
CUST_LKHY9TW3RQ,0.021280225
CUST_ZJ4M9PVP64,0.022003422
CUST_J79YCMU4RN,0.03568994
CUST_MWZILG60BO,0.095539495
CUST_KVHN5ZURLV,0.026623508
CUST_K6K5I45V27,0.07313898
CUST_CCYJPQSIMY,0.06791168
CUST_K6GV7VT3UB,0.02529152
CUST_NPD15HTSRP,0.14620192
CUST_IQ1T66305R,0.03733063
CUST_UX9CMG09L7,0.0351576
CUST_V0YWHO1VVG,0.07274898
CUST_D62BCJ2Y75,0.088386424
CUST_WC3WTYCH6H,0.028138068
CUST_2IT8FHSIGH,0.032207023
CUST_O4X0RUIYD7,0.031176057
CUST_XS8FH4S2NT,0.030338157
CUST_02ZOSJGRU8,0.028871449
CUST_PGNAA0ND97,0.024535496
CUST_R5KR66KVNZ,0.019637972
CUST_HPM8HGLV83,0.15017077
CUST_IK3GZ5FS85,0.14701778
CUST_PKOJ55YEJU,0.079760015
CUST_KEQ3KTZHV2,0.023216607
CUST_BYW0AOZ0KZ,0.118056305
CUST_N3L1TIUSH6,0.02425076
CUST_V82MHKICAL,0.092118405
CUST_0ON3VGOOPZ,0.08611056
CUST_482QMNRUFO,0.027071852
CUST_6EOJ7W9JAD,0.036569685
CUST_9PYFGB5IEQ,0.100673094
CUST_R0FK1ZHUE2,0.032904472
CUST_SESYNZJMIQ,0.029887881
CUST_W770N7GH5G,0.026258904
CUST_8Y9K7JDU8C,0.026893063
CUST_JLOHCQV0Y7,0.09293827
CUST_DSXJ7FIBCB,0.7556872
CUST_WZQ4GB8TLI,0.10133494
CUST_B8C309I9IY,0.9053562
CUST_SZ23944IMO,0.022730676
CUST_4CIRJIJQA0,0.03207468
CUST_A7ZF7D0G6P,0.030425753
CUST_1F40KB5QH0,0.028054513
CUST_6PSVGSHL3J,0.1142717
CUST_B86EP1D3IU,0.11814138
CUST_W8YI7BZLYX,0.14176103
CUST_X40X9E1PZY,0.77273136
CUST_A0WS7KPRTX,0.02419525
CUST_FVU9OA57SC,0.028735166
CUST_YYEBS2X200,0.020324163
CUST_MLR54LEMRQ,0.027896933
CUST_GFCP9ARLMR,0.15415846
CUST_QKX21GJ23P,0.12692684
CUST_KRU360F3JZ,0.09560657
CUST_2XTZA57T5X,0.029899526
CUST_L75IWY9JQD,0.024211705
CUST_CDKBJCJS1G,0.026993716
CUST_B926R0BKUV,0.12939563
CUST_B4VIF9UH5V,0.8634891
CUST_GTN4G0VQC2,0.024999186
CUST_P4POXLLPF0,0.032212656
CUST_HBPO36T1C9,0.027694186
CUST_MZNUCGX9XB,0.15968798
CUST_OKXYDERWYU,0.0275067
CUST_VGPILH45TQ,0.02064969
CUST_VI7HY2AZV9,0.026157014
CUST_XMSKSH11TK,0.025188938
CUST_6QYT815Q67,0.031180043
CUST_OGXGWZVHS3,0.033711318
CUST_C5D87R8RBG,0.097463585
CUST_TDYQOTOYQG,0.16370685
CUST_IO9QY79ZIP,0.033548355
CUST_N39RULVH24,0.15586044
CUST_KB0SK4Q62F,0.12624234
CUST_TGJJ30KMMQ,0.01845098
CUST_Y69SZOKWQJ,0.7782333
CUST_Z4VCH6Y1QL,0.103855975
CUST_R1M13U24CY,0.024936428
CUST_B1KM4IIS57,0.12465499
CUST_XTJSN00K8K,0.027368916
CUST_7APHQS30DG,0.019626679
CUST_4485F3AO5V,0.17850502
CUST_3QS161PJP7,0.027499963
CUST_1M04S9UP0W,0.028337048
CUST_PDBLVN14G1,0.029982097
CUST_2JWL9TR0P7,0.023898162
CUST_M0RCR9HDZZ,0.09379578
CUST_NXZFH9EBCF,0.029104216
CUST_7ROUNNBEC3,0.084165186
CUST_FSLFO46ZYB,0.9092809
CUST_ERGU6HWY6X,0.026815142
CUST_3UNREMMESA,0.07526767
CUST_3OJMZ40GGH,0.0683785
CUST_WXHASUHOGX,0.034741227
CUST_ABCV7ISVEJ,0.08502301
CUST_54WB43T6AM,0.02659125
CUST_QYXV9YP7PJ,0.03533625
CUST_BV6PCCW5KC,0.031854555
CUST_UEVXGP4PL8,0.036952093
CUST_JXSHAWQUAN,0.8143835
CUST_95W29TEXOL,0.026019912
CUST_LBFRYBQVHF,0.028215913
CUST_S6E1I376PX,0.031053593
CUST_KERDJESEP9,0.10016844
CUST_5B1IUW7ROC,0.026279042
CUST_GTJQ06JJNF,0.029103622
CUST_VKRSD4Z3A9,0.021750048
CUST_4VYHAZMWCY,0.03822911
CUST_8MR3IWEEE8,0.03432352
CUST_RP04N0B385,0.11452647
CUST_BGKRIU2GNC,0.022318522
CUST_U2R9RFRYEH,0.8163827
CUST_U6KCZ0JGHO,0.10841026
CUST_F196FDZ9SA,0.8042288
CUST_JO7N9CL9GG,0.08610413
CUST_T080A0T4AK,0.15388496
CUST_RTB7P9ROHY,0.20623226
CUST_VGQSXMNMKS,0.024635037
CUST_USJYZCKU1H,0.038062416
CUST_7BIT40QCH9,0.023534501
CUST_H254EBDEUI,0.82542586
CUST_T8PN84ZMYX,0.04344428
CUST_XZKA3LFXQA,0.028741319
CUST_BT1S3XZJ13,0.02478866
CUST_L93T8RBTC4,0.07531104
CUST_RRYD40SGBB,0.037074428
CUST_1X70CU731K,0.097836226
CUST_0N487IOP0B,0.029455248
CUST_80N0FDXS1P,0.6751598
CUST_SBHWN26IZX,0.02420112
CUST_WV7SFREACJ,0.027535332
CUST_N1570SH9GA,0.086074
CUST_QOQV4X7QH5,0.092494495
CUST_RUT1AIKRT0,0.02648987
CUST_MOF3YXQ0TD,0.026272062
CUST_02RZBFTHVI,0.0904864
CUST_OWD4DL2I2Q,0.117104895
CUST_BCOI0CUUEO,0.0863533
CUST_6AZW9ZPX1P,0.8383814
CUST_51FBKGE55W,0.02520414
CUST_ICCX1D1VNR,0.08102248
CUST_D0XUIZKDL8,0.11523807
CUST_DLP5R0LFOV,0.027409773
CUST_Y18UIRDCIH,0.10793814
CUST_5CHHMSA9NJ,0.15982936
CUST_ODQM6DYF7B,0.027898576
CUST_VUMAE3H737,0.026266648
CUST_HR16B0ZVNL,0.024101324
CUST_G777UKSGFD,0.09146664
CUST_ISREU7FI0K,0.094158135
CUST_ZSAWICPM4G,0.021501234
CUST_6RZU6JG95G,0.112598024
CUST_R8Y16LBLC0,0.026242388
CUST_1COHTJ1EYY,0.026093334
CUST_V7UTGC53D8,0.026488723
CUST_PDRRGTRZVL,0.8598095
CUST_RWTFN6B709,0.17670056
CUST_98ELXFTIF8,0.07174002
CUST_LTRR1XLVWF,0.022957072
CUST_XHKZQ1F1J4,0.09640572
CUST_PWBTFDH9VW,0.052725665
CUST_C3Q1CSSDY8,0.027826583
CUST_E74NVF9GAG,0.02473033
CUST_X36UQ3G89M,0.022012202
CUST_HOY440OL4A,0.033467185
CUST_0EKG37GI73,0.02861646
CUST_K87OZPNJCW,0.0733763
CUST_TI45AIGEVD,0.02225055
CUST_GDKU1YXV3Q,0.028640449
CUST_V1Z6JQ7Z04,0.028821748
CUST_QM4CE4QQU9,0.041447315
CUST_BEDI4G0JVR,0.08675373
CUST_T92QGHLZRA,0.0266793
CUST_NNOSAIGBID,0.023800395
CUST_IE3LDI3W0Q,0.107888825
CUST_X65MBQVD1Y,0.0346891
CUST_N5Z4ZP2L9B,0.6461427
CUST_MTCUNB10YT,0.023109773
CUST_I9WFEUALMV,0.15116864
CUST_NVKNEXY5V5,0.08937602
CUST_6OJHIQKDJT,0.15790372
CUST_DKZ806JPV2,0.031279676
CUST_VRF4Q0DK24,0.02539553
CUST_DB7XW55VE7,0.036641043
CUST_QP9LFF8PSG,0.15131487
CUST_VMGHNY2EH3,0.22527629
CUST_XAKN7JAYIW,0.03575523
CUST_GA6DLBJSEW,0.08808965
CUST_YYMPP3K203,0.031145062
CUST_LVLQTL79S4,0.026838042
CUST_AF78X03BRH,0.039059963
CUST_TKPT71KHZN,0.09521281
CUST_699LC0E7W2,0.033875186
CUST_GUWLLSFZ9P,0.018769566
CUST_DVC1HCSYQ2,0.74035597
CUST_AX7I8RS8SS,0.061622754
CUST_2OAG6Q1P5D,0.023761528
CUST_TOAM94TXY9,0.020452293
CUST_1SJ2Z4X384,0.023004135
CUST_KKCABJB0V3,0.105910555
CUST_O5OLYJJ6WK,0.08970486
CUST_GAOSRKYI1L,0.09109704
CUST_W61EU533MB,0.08811281
CUST_9SDR4M9NZH,0.032529026
CUST_CTBGKHZRLQ,0.029132685
CUST_PACPKBIWXT,0.03021672
CUST_IUFXQUELUR,0.029111067
CUST_FIDZHR6IIC,0.64487416
CUST_U6A7H9J233,0.03224946
CUST_3IWFBR2MWC,0.022968017
CUST_UEYF8XPNDH,0.10559548
CUST_ALL1RJV83O,0.028550228
CUST_9QS6LQ66R4,0.022699423
CUST_H510HBJDPI,0.027307922
CUST_6XPGQWMTO8,0.8617738
CUST_QAZ2XAA2PG,0.16928332
CUST_D3IHKESTOU,0.12647103
CUST_M5L6OTTXPL,0.023362314
CUST_AN9MGL3CNG,0.0312765
CUST_UJ9D8XGUWD,0.017515685
CUST_XUFKIRUCKV,0.7052148
CUST_5WXG0SRXJ2,0.024169838
CUST_S9VX9O3ZLV,0.020743618
CUST_9QEDRRJOY8,0.0773517
CUST_1N423JGV0Q,0.059886336
CUST_37QS9TRR0H,0.67910826
CUST_CJSP7KQ2J1,0.08189748
CUST_D6HEHZEOVQ,0.027696524
CUST_9C9WO846BA,0.08455995
CUST_FALXN0IM79,0.10710962
CUST_MQMWDNIOMF,0.10837333
CUST_T9QSM8H3U1,0.10778739
CUST_C3MILPLXT0,0.07202526
CUST_65NEZQ7E05,0.054851606
CUST_TSRCOZ8UWU,0.024288246
CUST_6QZZGDJXYD,0.095203266
CUST_0S1JZL5BWC,0.12947047
CUST_4KO99AGOBV,0.07979952
CUST_GMI0MPMZLK,0.033208355
CUST_VBC440SDV0,0.026904956
CUST_5TJU24TO4C,0.09581592
CUST_63SJIVOVP6,0.044058125
CUST_UH74ZZF6HB,0.022021165
CUST_1JF0XVSLUP,0.024897566
CUST_C9VMB5TI7V,0.68929875
CUST_ZT2BNA7CNR,0.044050146
CUST_M1JCCGVZ91,0.019958586
CUST_3J6UHDS6Q0,0.02504409
CUST_MTFYTB4OCB,0.05118935
CUST_EV5VXRUEQO,0.069063924
CUST_32KA1XMCS2,0.8745678
CUST_XLFDPAL5UI,0.12660722
CUST_4S2G4PH93F,0.833588
CUST_89H7QAUCPF,0.029916292
CUST_ZM9TEIYKW5,0.7843463
CUST_0RVGK76YA0,0.094782814
CUST_4PITJYAY70,0.021450063
CUST_Z2SJHNKBHS,0.09400817
CUST_M45GP1FPZA,0.02594146
CUST_2GIA6CVY0A,0.10078828
CUST_1OTRKIU8JC,0.027142769
CUST_T7Y3U4O69J,0.028301261
CUST_XYA3A3VPU7,0.034096137
CUST_NHV6D2ZCZU,0.10165154
CUST_60OF7DJAB0,0.020788133
CUST_N9XBB3KE99,0.10584044
CUST_CFIXPGXY2F,0.026103005
CUST_MFMGGIAIKW,0.0393439
CUST_UCNRXJZAM6,0.027886733
CUST_ZSOLOI6VM2,0.0930764
CUST_OBL4NXIYQI,0.7485601
CUST_TW84B30H33,0.06758199
CUST_FA0IZVZ8FX,0.11022027
CUST_GVQ2TA45UK,0.024787784
CUST_KDFCBAYWC0,0.02492195
CUST_431XK68BOJ,0.022479985
CUST_BAVA0IQF7X,0.025560208
CUST_B7FQLWG8NH,0.029946283
CUST_N9TU3YLL0E,0.10616157
CUST_AUF1GQ2QKE,0.12490717
CUST_J6ZPBG8J9A,0.03787213
CUST_HNH36LWSFB,0.031932585
CUST_463HEFMDOY,0.024995679
CUST_BWSCDVM8Y6,0.024412049
CUST_MM6BC2QBZL,0.02156006
CUST_TUD2E3EF7N,0.03676555
CUST_Z2NPUHWZ20,0.121803656
CUST_QUT9F62GE5,0.08337818
CUST_I46LVDAGXU,0.1596981
CUST_KHM2HCRJPO,0.82260793
CUST_NKBJW7B87S,0.02733944
CUST_IKDZ0DYE3U,0.11494475
CUST_MZC2DRNTX3,0.05869319
CUST_3E6AEHVSY4,0.85973895
CUST_CMCCSBSOLG,0.02170531
CUST_B47FVIIYXZ,0.023562152
CUST_WJO27CM3LS,0.0838477
CUST_6FV1MJIO7F,0.024674902
CUST_DO4EXPGOES,0.028985882
CUST_YB45NP2PXW,0.020390807
CUST_1WJWKRNPTR,0.021665014
CUST_WAPUQPB346,0.026042065
CUST_4Y27VY3YJR,0.03573991
CUST_KESU2F3ND2,0.02162496
CUST_ZYXZSPVZ1T,0.03453271
CUST_JT1AOGANCC,0.02639314
CUST_VEMJQ8KN1O,0.01941944
CUST_ZOAJGS9P7J,0.032724585
CUST_WMJHOZBQ39,0.09086214
CUST_2V5HY3AWDG,0.043829046
CUST_8BXEP45NMD,0.1621873
CUST_UOLHEPB9K8,0.025574256
CUST_IV7IDLL7WY,0.09666894
CUST_7DQ3WTKDOU,0.025284844
CUST_53M5D97ZOI,0.107331924
CUST_2YIZKDXBJ1,0.12652443
CUST_R416QP9GP6,0.019550757
CUST_83FZD4OZXC,0.038857087
CUST_DG5NWSC62V,0.09567824
CUST_BCWCIJQ72K,0.03297924
CUST_MU9I9GFCJK,0.06914409
CUST_H3VVTXHV5B,0.05147126
CUST_V488GWBID7,0.7873088
CUST_YZF6FEXTEE,0.025835868
CUST_DCWPDU7YRY,0.021707477
CUST_23WHZR65DQ,0.02190136
CUST_Q8S9HGHRXY,0.02630687
CUST_G2KNDS0765,0.039420087
CUST_L3221FBHBO,0.16707243
CUST_R50DC7YI8J,0.048116848
CUST_769HF5CFQB,0.021288684
CUST_8Y3A01X6UR,0.028699668
CUST_EYU7JJ7BY1,0.023586098
CUST_9JCNXNMQ23,0.124510296
CUST_Z7UYIGS5K9,0.03270074
CUST_7FPUK4E391,0.12104611
CUST_6LTWUJH96W,0.103369944
CUST_A5JUY79LIM,0.87788445
CUST_FY4NK236NH,0.09102316
CUST_UWKO61OMQL,0.02169206
CUST_DDZNW30WLC,0.018403556
CUST_LFZM7EHS2U,0.018050509
CUST_Q3PTTZQU7B,0.1142421
CUST_IJR7KD1U6N,0.023936339
CUST_E9B7TXH3KP,0.028511154
CUST_XVN9VP0O5Y,0.12151574
CUST_J21EY51X6R,0.029058775
CUST_WP2I82ST9F,0.80382127
CUST_ROF4NG52GL,0.04677633
CUST_ECD9CF3GOS,0.13321161
CUST_K2ES317MFS,0.10945142
CUST_X0R9LNAPLD,0.028001057
CUST_7TGATF89H1,0.038171384
CUST_D7Q67X9U3U,0.8705716
CUST_ZNN0WENE37,0.09052538
CUST_8EA9MWTWCR,0.10433857
CUST_7D05FRFM4V,0.032596804
CUST_EO1NYNMQSR,0.87076783
CUST_JI190XTR5R,0.8093648
CUST_Z25ZB1ZLRV,0.07550635
CUST_29G8QWSVGD,0.15083309
CUST_KZ9HTH6G72,0.109360255
CUST_9R6FRLAIDN,0.112619326
CUST_UYA8W2FKTO,0.123219974
CUST_HZEHD9MY6O,0.034022406
CUST_VOCODZRVZQ,0.024347553
CUST_AMCJZVFUTB,0.107522964
CUST_IHKM1EJEFI,0.10135574
CUST_PJRCEUJAGN,0.036032844
CUST_ABD7R82QF9,0.12588426
CUST_N6RKHSIKDC,0.0348568
CUST_XCD0VT4NQ2,0.08727137
CUST_WH24BDIYM1,0.09885155
CUST_PRPFCATYZ5,0.15479983
CUST_3KK3CCZJCB,0.1130032
CUST_OURRBE9HEZ,0.033193633
CUST_87Q2BBEZD8,0.03359816
CUST_ZL5IRUZTTN,0.028384352
CUST_LN0LY20VRY,0.021056037
CUST_ZGYF2TE9VM,0.031926043
CUST_SK8IS1UBWD,0.046537213
CUST_1RHY81H4QK,0.028683834
CUST_UXK255M4F5,0.027923442
CUST_DIQWQR8LLD,0.05201901
CUST_7DHX3790GE,0.018725324
CUST_49JJKYOJ9F,0.10677301
CUST_W9HI1LEC2F,0.089659855
CUST_HOURYELFRB,0.023445252
CUST_KKHGD7Q6UC,0.11633152
CUST_2R07FPZVTX,0.023368279
CUST_10D0YB8SYK,0.028295936
CUST_8UEK87HIOL,0.88459915
CUST_YI12CMBN5B,0.6479672
CUST_4GA0YS3HCR,0.03432504
CUST_IP7ND1E9SF,0.020027675
CUST_305FJ8GU4S,0.027549827
CUST_WSZJ7IWYKA,0.026466664
CUST_3WU7FRRNT6,0.8689615
CUST_I0Y2GDUCKD,0.02367206
CUST_484EW77ULH,0.13727614
CUST_YAHGIBF9BU,0.021735098
CUST_7L46TB1K0F,0.033690613
CUST_RA95Q0XTUW,0.03909843
CUST_YW0OP8DO7C,0.03101263
CUST_8609GVKI7C,0.02321018
CUST_97LNE6HMNR,0.027483555
CUST_45DS77LSDP,0.17393702
CUST_Z2FIEJA8UX,0.027317414
CUST_A6RKFKWYGU,0.123110734
CUST_HGYQWG9Z2W,0.021796254
CUST_H46XITCKNK,0.037083
CUST_O2FOWXU6RK,0.08875785
CUST_EFZAELX3QP,0.037663203
CUST_1I3QBJ9BA4,0.085796624
CUST_ZB1FEU5G0R,0.11105218
CUST_9VJLLYWMBW,0.096639924
CUST_MX1HLJI2YV,0.8350232
CUST_V0F0TNQZMH,0.0806286
CUST_69IX7OCMJU,0.034042172
CUST_90B53CJ2EC,0.07815206
CUST_DQPISITEUF,0.15820625
CUST_N83P7347IM,0.0652157
CUST_N5JGGEKKNN,0.028198417
CUST_362BCJ2TXH,0.046237227
CUST_GP0GDLJI9Y,0.80766594
CUST_4BVWP1X51E,0.8961804
CUST_V0TWYTU75Z,0.12736411
CUST_CLW6HUXDWM,0.087702595
CUST_D70MY8IXAS,0.032440297
CUST_4Z4D0ULQID,0.03567747
CUST_B5OJRS7SZM,0.1116525
CUST_YEJZJQNF96,0.02924118
CUST_1QQCZHXR0U,0.09349545
CUST_ZRKQQPN0C6,0.16568461
CUST_KDY20S64WA,0.019059617
CUST_KDD2562WC6,0.101749174
CUST_NME47HAE9P,0.07035724
CUST_TWCG5V2QUA,0.030800395
CUST_XZYP89MS36,0.8611773
CUST_OWDUZDFERF,0.028710622
CUST_ZN25Z4598G,0.8219058
CUST_06U55JY8SO,0.035864156
CUST_A81UGH227H,0.022185422
CUST_057SHOWILP,0.026714645
CUST_H28DKI1564,0.022348007
CUST_HKER3D8QAF,0.0247446
CUST_6MG678RSOI,0.01838701
CUST_XDBTLVLL8K,0.026441079
CUST_F2JJ0FP2YA,0.043770153
CUST_2K4GLZQ48J,0.14707704
CUST_S5GTG9PE0U,0.069034114
CUST_EU3YDUCSA7,0.11565455
CUST_W20DQ1KFAZ,0.19304211
CUST_LHG7MSIYQ7,0.025088068
CUST_MJ5OOSKHOC,0.024304125
CUST_3GD3BI9T5F,0.09499146
CUST_V3129BBART,0.03136773
CUST_CNDNC86Z0B,0.024050541
CUST_IH0WIPATWO,0.02606603
CUST_7MCVKKW93A,0.022549665
CUST_IFUI5LLE1P,0.16164169
CUST_VZLBGOK1GW,0.077229016
CUST_2ZCSSX7LNL,0.08245093
CUST_GJ36S6U2DW,0.037560288
CUST_QV6PJM86EP,0.12063421
CUST_OB8PK7YOXM,0.08940579
CUST_3K99LX7UUO,0.028152596
CUST_JK90Y43JWX,0.03521695
CUST_1VLMJY3J1R,0.13343154
CUST_VQQBPH2SBS,0.100408
CUST_1DF2L4L4H8,0.023386568
CUST_LADFGNFUDW,0.022361517
CUST_OXXZAP4T6F,0.023855112
CUST_6K51G3E83G,0.08260206
CUST_B1B0O82D4Z,0.12878263
CUST_4W01MAMV78,0.0297933
CUST_1L00OK15BL,0.12010428
CUST_TGRM90JFV8,0.023966106
CUST_7MBJLXKL31,0.1362204
CUST_Q5EUBQVA1H,0.02902864
CUST_WTROV86E6L,0.17538242
CUST_6X41GNGW6F,0.05949462
CUST_V2F5B20YED,0.1006504
CUST_XFA720URRQ,0.032727193
CUST_OK0U236TPF,0.09071228
CUST_7W6CLTMFZ6,0.03227774
CUST_WPZ4UHEJPB,0.09205253
CUST_DZU7X6AE68,0.107739866
CUST_HNI6IWSC5Z,0.17998464
CUST_1VZIFNFJKC,0.90113443
CUST_L81CT6R227,0.06584682
CUST_D3JSMZF2EV,0.037256077
CUST_FQY8QQC50I,0.02562268
CUST_UP3N4NM2CH,0.09077862
CUST_FWSCZ02ALW,0.025096485
CUST_1T1M8WU29B,0.767977
CUST_ZFB8HFBFJP,0.11376378
CUST_KXF6R3VYYY,0.117387
CUST_OQFX1B5CEU,0.15064523
CUST_F90DK164RQ,0.116365366
CUST_EK9GQF43NZ,0.12835933
CUST_AZS7RXRLH8,0.108244754
CUST_03635B4P1C,0.83207077
CUST_6HISRP23DP,0.025325356
CUST_9HR938BTCH,0.028519873
CUST_ZSN38ELDWJ,0.11751579
CUST_DTRNR5VM5F,0.7887651
CUST_UYLP6937AT,0.12839343
CUST_FXR573UGP3,0.08495016
CUST_LT3HQPF790,0.09830052
CUST_4WPLB39XT6,0.027194947
CUST_DK0KEOXTZS,0.0248704
CUST_IIW9ISOM9M,0.02909731
CUST_M802XQIVLW,0.03999937
CUST_E42JKOUTY8,0.026690602
CUST_GUUXP6I8NF,0.14500383
CUST_PLBQQEOBBW,0.029443564
CUST_HAIUWUAEP2,0.09219466
CUST_ACBM382EBQ,0.087313995
CUST_YTST86AMV4,0.15535499
CUST_5N81BZGU08,0.02967693
CUST_FKQS6U33HV,0.025233129
CUST_KDPKP9TB4T,0.104884766
CUST_2GIFA73VLH,0.11984875
CUST_D3ZGTD1NMJ,0.12977612
CUST_J48BUCZWA5,0.019648274
CUST_DFVLO6WZXB,0.02591496
CUST_S10MZOQR9U,0.025391087
CUST_74OCP33JQ4,0.092543714
CUST_FZGFGA1BMF,0.034238335
CUST_UB6NB7SL49,0.097318016
CUST_HS3Z7VXUQW,0.023098366
CUST_1PQE5H7Z3M,0.12366517
CUST_3J1U3DN01G,0.08728487
CUST_YK7B6TTTWP,0.102073744
CUST_0TY40YRB68,0.14746565
CUST_3HEC860JBW,0.022277704
CUST_0FQLY3TWB0,0.029341789
CUST_8SLLMUITLB,0.09515524
CUST_LW891TSJV7,0.82593924
CUST_SRK89U8I3B,0.020273643
CUST_3TRGLPECG7,0.1293183
CUST_RI19JF9PEA,0.0788804
CUST_MAEPEV66VE,0.025211975
CUST_Q2661EN601,0.024942301
CUST_AHMCS9CSGC,0.029028289
CUST_LQ2U62DSRS,0.15464778
CUST_VAU9FUGSSE,0.031168703
CUST_VQ73PZZJ66,0.021491319
CUST_2B8ZU0ZSKO,0.12167529
CUST_FQGNP4T3PW,0.038070805
CUST_D6SROTNT5G,0.06988636
CUST_EUFK5TZKZC,0.89080817
CUST_C014JSJD63,0.12254653
CUST_E2EH4KCBE9,0.036496792
CUST_JOQ6UP0BWY,0.028369961
CUST_QZB09JTSHS,0.023758674
CUST_9G3E1L2525,0.11945183
CUST_DYN9IXKX0Z,0.034051668
CUST_93KEO4WPHG,0.021751449
CUST_1O3S4WUUC8,0.020466777
CUST_2NFDWLB9ZZ,0.13618356
CUST_HAT1MYGQ4C,0.023016995
CUST_5GF15ZNBLZ,0.020439673
CUST_PXNY27W2YC,0.023534846
CUST_893B89INLY,0.021512005
CUST_AX62TIH0VN,0.16272056
CUST_A3BAVHYTPX,0.022191066
CUST_VI4OR9J6QI,0.115901224
CUST_GALLYS3SCS,0.02121183
CUST_4VU5KSWZ05,0.025581945
CUST_BRWC35KMCG,0.12326124
CUST_7FFDAV9ZZG,0.032726087
CUST_KH1GKZM9D1,0.019646494
CUST_Y09BXTA4X0,0.021745035
CUST_XP8S4OV1QH,0.0836321
CUST_1LLDB9AK8P,0.11999219
CUST_B8KRNKLYUX,0.069335796
CUST_H01SFVL3JD,0.10307791
CUST_1JLPRDDWP4,0.03480878
CUST_380R7XI9V3,0.031643327
CUST_2I8IJCFPW7,0.097375706
CUST_RMOZYD1MQN,0.027719853
CUST_IK0TELMGSS,0.0852226
CUST_GXDCKP06MI,0.022404365
CUST_U8ISVG8USG,0.07358398
CUST_Y78QMQD72O,0.019657016
CUST_WKURX0ZZ9B,0.10366703
CUST_91JBTSYVPA,0.12690711
CUST_XC2OXOFNR0,0.04437118
CUST_3B46EMQA2V,0.025346922
CUST_K1GKK6RF35,0.03672042
CUST_9HGQA3MQ0Z,0.77889144
CUST_L8CJKY2AT0,0.124454476
CUST_AAKJ69YN5R,0.16016103
CUST_8WZK5RHZ0X,0.7431458
CUST_0LJTLYLOFJ,0.022369662
CUST_PMVIWOBG7B,0.033836894
CUST_4T795WFKP0,0.0956639
CUST_3B68VVLE8A,0.022382017
CUST_OXA62HR6LI,0.11728118
CUST_KP5CWS1ZGY,0.8567326
CUST_50KB8XP3WS,0.12250421
CUST_WIL94WK2HC,0.10446015
CUST_NE8LTIXX15,0.025207596
CUST_PWLGZO2V5R,0.08630776
CUST_Y5S6MO28CV,0.089273565
CUST_4AZ5K5JQGY,0.8447685
CUST_HT0PGGO471,0.06961863
CUST_9M7E17GXHG,0.77366054
CUST_768VUKB1RJ,0.026280938
CUST_UB3MS91PBM,0.13781254
CUST_OKEIGB2QQW,0.021713028
CUST_ACCNHXNR9H,0.15272439
CUST_5VZ16KAMO7,0.11213594
CUST_KQ9Y6L3XAM,0.7468646
CUST_SRCYB9O261,0.12227198
CUST_IOFY7ORWMU,0.030243024
CUST_YDYSX46YXD,0.03293296
CUST_683T9GWM4A,0.069360234
CUST_UZKY8BZCBG,0.17575274
CUST_83IZQI4AJK,0.083501875
CUST_W16C0HFT0R,0.090668045
CUST_SK01BHUIRW,0.08671824
CUST_OU8GM3IYR6,0.110248126
CUST_4UHYO5BIZC,0.031920694
CUST_JYAQ01J69E,0.019248193
CUST_XSWO793G2S,0.71951735
CUST_TYIZ26C3KM,0.079771094
CUST_9R20CXRPQC,0.034171622
CUST_ND4RH4B3OL,0.0913609
CUST_ZI9PHZBG27,0.033154912
CUST_ST4BW799H1,0.12953077
CUST_3656RK9EDJ,0.16561216
CUST_GT2DQVB7YV,0.02830987
CUST_7D7CHVJ7H9,0.08875045
CUST_CAB1ZKZB6V,0.07675808
CUST_PPHBATZCQN,0.02637438
CUST_QB7OPV1ZVR,0.1118624
CUST_AK79IUD2BL,0.061696533
CUST_ZJWU7K4C6V,0.108387455
CUST_3B43VOO7X6,0.16806103
CUST_VNWRXD7E4J,0.024795271
CUST_SJMXHCUJMD,0.10119975
CUST_Z0NQ1G8VGC,0.107160285
CUST_GDWMROI88D,0.036666907
CUST_AIGRTG9UL7,0.0695479
CUST_8I27FQ2TAD,0.06806855
CUST_YTU8JYQMFU,0.13229792
CUST_1RA2ITYOG4,0.025539046
CUST_AH7M36VI4Q,0.060224
CUST_TIBITUC4MT,0.033271205
CUST_OB85XQL80K,0.11540962
CUST_A5YP9WOBHW,0.077144325
CUST_XJSCJQXXPI,0.032418836
CUST_257Z45U79H,0.152238
CUST_AI5FQ8OT0F,0.10160163
CUST_VR11NXORQA,0.12698641
CUST_LP4M6M2S9O,0.11665076
CUST_GYIETE29B5,0.70938915
CUST_PJ97BMGQ2N,0.14024192
CUST_3WL5GGXXKU,0.17854217
CUST_7VBZI53JQQ,0.07921114
CUST_HRTBEBVG9W,0.08941165
CUST_IBDCXSXRJ3,0.019019153
CUST_CP9BE9CRGI,0.032905824
CUST_QOE8LCO863,0.08934308
CUST_FTGSMPEQNR,0.045850135
CUST_LR3X7HCQEW,0.11255276
CUST_VX6TLAMUQP,0.03128773
CUST_WZPC85L75Y,0.7921899
CUST_VAAXEJ2TTR,0.8095658
CUST_BVV4JG3RGW,0.14452831
CUST_MMX4J5DNQ9,0.031942837
CUST_LJP3RI1ZQ6,0.10895051
CUST_LGEH35ZGJV,0.025564678
CUST_X7TX9HUU61,0.032156266
CUST_CBQ9AW75B9,0.10415945
CUST_VSZWD87NQ2,0.090395615
CUST_DK7PBCZ3QR,0.13728869
CUST_5Y2PQ82BX8,0.026858026
CUST_WVSAH642FX,0.024358878
CUST_CNKPOWKXLA,0.07689843
CUST_FREVED8BMQ,0.15185025
CUST_QDRWYUQ90Q,0.01858481
CUST_F8ZIC78WJI,0.74256575
CUST_1CX9OPV92G,0.025883064
CUST_6EJFQUCEEK,0.09587908
CUST_L3YUQLJETB,0.12836343
CUST_89P40RVRHE,0.09253868
CUST_R2D0DL491Y,0.820873
CUST_Q1HN34CK9Q,0.022179527
CUST_5XCCZWHL3K,0.033439375
CUST_X1OCS6NX7M,0.030716658
CUST_59HYLIRG5B,0.104946025
CUST_0VZBOCINCQ,0.094944604
CUST_0AIYV8NIR8,0.13975821
CUST_UU98T2HUYW,0.03496785
CUST_TN7YFGNWWR,0.07710057
CUST_UTOHFBJ6VA,0.027832441
CUST_M0PJ1VXQDB,0.031528194
CUST_TZGBK4Q294,0.121368974
CUST_NUTC7N16BP,0.0416451
CUST_2Z2UNHMESW,0.8595278
CUST_ZEZOWA4IX9,0.02867599
CUST_F83L89LCLZ,0.09472616
CUST_FSZ0BF43DI,0.018926155
CUST_HI8J9KW0O0,0.040675398
CUST_98MNFQOYIJ,0.14753634
CUST_AENSGC5UFH,0.14357811
CUST_2NVDBJJPA4,0.029208178
CUST_R5APH3T1H3,0.8272008
CUST_K98R7A2UEX,0.06771149
CUST_K7FL8BFCWL,0.025206149
CUST_NBNSS8VOXK,0.020530611
CUST_JSEN577BIW,0.033111546
CUST_TVL1ZDK5V5,0.084625654
CUST_T7RWQ8C0XF,0.031204829
CUST_7HRVPVMR8Q,0.025235455
CUST_UZD2MX7UEP,0.019513454
CUST_076MWQPQ04,0.07931951
CUST_MIW1TRA439,0.037574045
CUST_SCG68O1DKG,0.8721858
CUST_C3Y7A35BXZ,0.77894795
CUST_EX1AGG1M2P,0.11729894
CUST_L30NTX2NJW,0.10660196
CUST_CPY7HI4W6B,0.103122644
CUST_V1FVG0GVG0,0.028251354
CUST_1YNWW8N5S6,0.02053638
CUST_W48QDF5LYA,0.19206938
CUST_L77A8XFWQH,0.02423437
CUST_DUFOT536OK,0.02546906
CUST_SG2MBDXC6X,0.03161279
CUST_IXHIL8YN02,0.01774682
CUST_7VZMEC1H4C,0.11579146
CUST_Q7ERJLOQYC,0.027923856
CUST_U4F34035KP,0.025406893
CUST_RDWUQ1S5IP,0.7636618
CUST_JE3DNL4Z4W,0.12830374
CUST_0HIJY18PIT,0.071137324
CUST_BFDIZ2FLPV,0.023488084
CUST_CG8MH3577T,0.14220755
CUST_T7CX72K1FO,0.07328121
CUST_VPJ35W85AN,0.019840857
CUST_V1UW6C7LHA,0.029305542
CUST_HD6FJ7AZEH,0.07567837
CUST_KAXUCKHJES,0.021360435
CUST_V4LPJQN62I,0.09196801
CUST_FZB1VMN0PZ,0.09572833
CUST_FTE1GEHAMJ,0.029393163
CUST_1A8WFM7GJA,0.022894122
CUST_WAAN0H3UZN,0.032992724
CUST_7A0Z3YYRX8,0.13294801
CUST_QI2OLIGW5Q,0.13360195
CUST_7EXX5OYV5Y,0.08981101
CUST_RSE9R9IL4O,0.03263005
CUST_J29DT6HFRT,0.030539658
CUST_BJOCRTQ1EH,0.025126975
CUST_LRLCE7R271,0.02970435
CUST_4JSRXHCJ1N,0.8562842
CUST_FF021VBR1G,0.08241136
CUST_SIPYH5BX96,0.0301926
CUST_KOLOY1722H,0.120030455
CUST_KYJ9JXDAYQ,0.062261008
CUST_V9L7PGYCU7,0.026281958
CUST_RD7HPM1972,0.06797613
CUST_2GFKV9S2ZH,0.09837365
CUST_UMW3TUXPFU,0.02140492
CUST_GTS3KPJYRV,0.831342
CUST_K1HIPLOKP3,0.02172832
CUST_CPU3QV1V4K,0.035272337
CUST_FEX8GXXTX8,0.07593634
CUST_WRR80KQ5KW,0.021878093
CUST_O61033AXYN,0.032308213
CUST_QRZ2FW4O6J,0.8698626
CUST_LCHPF06SAA,0.14449587
CUST_NVO67UX3W3,0.028948441
CUST_68G16HJWFH,0.021189662
CUST_LY76TGW37N,0.022197582
CUST_E4OP9PD3AN,0.093612075
CUST_SUTZ0CUY5V,0.074141614
CUST_KCBL2MDMPP,0.030337216
CUST_1SNMOJG3QM,0.02528495
CUST_9UVHW34AFQ,0.025333518
CUST_QA87Q5PGC9,0.028072992
CUST_HDVA4XVPPI,0.17546555
CUST_N0MHNY8897,0.10295293
CUST_MZQWQ803H3,0.10173797
CUST_27MZW3FJIJ,0.08910568
CUST_I3O9TZ2Z35,0.024742858
CUST_UEQE2J4FUN,0.79757833
CUST_6G3G6OB8O3,0.13022992
CUST_SZQWEJ7JA2,0.0332851
CUST_N49NUAH2ZX,0.20998254
CUST_MRHY1SODY2,0.10107881
CUST_LJV2N1N5EA,0.020500258
CUST_PKCHVNGWQY,0.03221765
CUST_L2PI06V9HZ,0.029206946
CUST_Z5U5FDGGLP,0.09087863
CUST_JJO8K0BY33,0.021204071
CUST_HZ7QHI49QX,0.038445033
CUST_0B473UNANF,0.019585676
CUST_GNVCZU7OQQ,0.10445354
CUST_S1NRQXWROL,0.030863408
CUST_Q00HL5X5ZD,0.08530876
CUST_IKJST5TY2O,0.020182028
CUST_NRZ8K9RZ51,0.8546604
CUST_EZ7MZ6Q6NF,0.15538391
CUST_JEJKM0JVDP,0.030410467
CUST_7FY7HBG5DS,0.023212055
CUST_20OMIWBUEV,0.12299749
CUST_377H4KRB39,0.020761985
CUST_E064EF23NE,0.023405388
CUST_AJ4RVM3258,0.02596074
CUST_29C86TPGWS,0.08601651
CUST_98Y9W56XL4,0.142883
CUST_OCQXXPX9HC,0.023216855
CUST_PXVJHHJASQ,0.03866959
CUST_80U39AYXBA,0.021400347
CUST_YWT9S41RYD,0.026573088
CUST_MTRGG3LQBK,0.823685
CUST_G3JERKZT2N,0.029276384
CUST_ZF0S62BP47,0.026294015
CUST_OV31D0RHL0,0.12843663
CUST_HJJ20NBTBB,0.085414894
CUST_5PURNUAPQ0,0.86643654
CUST_V96XV04YJP,0.03184291
CUST_SS46F2W9N9,0.02670425
CUST_AINCG4M6KQ,0.028444676
CUST_T2QKT7DNFM,0.09634678
CUST_KXLKM6BT6U,0.027113127
CUST_AI3E1SJRG5,0.11212575
CUST_E466498KGB,0.02265587
CUST_A0XGSEP6HI,0.03858281
CUST_5Q1TDXVPCD,0.79855454
CUST_PNX073GWJI,0.85578656
CUST_OC4K4AM1IW,0.025897691
CUST_D41FXN4H1G,0.026472999
CUST_S3WYK8QRHK,0.020828396
CUST_MB4RBWJ65Z,0.13359177
CUST_ZUXUOQNLZ9,0.03829564
CUST_EP1HLHQ50C,0.03668225
CUST_5RY9S3MZ1K,0.053895485
CUST_O6JH3B8LAD,0.09551315
CUST_ZCZBBIZY18,0.021891065
CUST_N2AWPZUG7U,0.035123702
CUST_GMX12QE23Z,0.13706225
CUST_XRYTWPIRPD,0.10737666
CUST_55WHP3331M,0.022394184
CUST_3G4PH17DN7,0.026344862
CUST_UEE5MV8K6P,0.0319766
CUST_FGSIS1T0A1,0.025265679
CUST_CKJTF3OVDB,0.08955945
CUST_J81O719X9U,0.02369772
CUST_APHWNGO02O,0.023318332
CUST_K61WOMUU82,0.019616947
CUST_YAFRN8LGJZ,0.028190173
CUST_WR28BI64TR,0.018623523
CUST_VFDB5PAGE0,0.02547367
CUST_QU2BUW76TN,0.86224765
CUST_U8JGKHU6Y0,0.03526899
CUST_D5SW6NA038,0.0386416
CUST_U4L9L0HH0U,0.026176032
CUST_SVCC2JKI30,0.10897188
CUST_2IJNT3VT0M,0.033800583
CUST_E00S6Z7KZQ,0.095410235
CUST_L40NJ7KE42,0.024260934
CUST_G4LIDD9MU5,0.024939287
CUST_GX36SMWE2A,0.02398933
CUST_NKLE26BG6D,0.79124516
CUST_ML22NW4CY4,0.10899259
CUST_LZ9K15SX6S,0.025175817
CUST_LJ35Y6NOR3,0.0272831
CUST_F1Q9AE52BC,0.12067473
CUST_2742FBR09R,0.018472701
CUST_QJTLRYB7UW,0.07292704
CUST_07MYSLMOMK,0.026699057
CUST_NHYOW092EH,0.03337864
CUST_0CC71UGOPJ,0.020578327
CUST_BQLQBRGR2C,0.03778203
CUST_WZJTH33MX3,0.0331114
CUST_YEKUA2U8VQ,0.025971787
CUST_A2X2K17JIC,0.13153823
CUST_J8OQ5EEJSS,0.14068106
CUST_H80V3KBOVI,0.08115887
CUST_FJNK9G4NYW,0.026358772
CUST_3FQIGZDKA1,0.025282683
CUST_NUDBCPN3SP,0.030892465
CUST_37HCZX8MQX,0.023141598
CUST_ZBJO9723Q4,0.018965447
CUST_MH1V4WG5NM,0.024452245
CUST_UD2MKPH1VL,0.09234655
CUST_JCUF68UU2N,0.05010206
CUST_OCJ6MK8SL6,0.06736941
CUST_3AFJ8W5MZ0,0.024740575
CUST_0OQHXLDG0R,0.084537156
CUST_MN09MQSUC9,0.108947106
CUST_46VTKYID29,0.12557118
CUST_H8Z6AEI6VZ,0.09758939
CUST_5FBCGYHVG3,0.11745116
CUST_RYXC7WHZYO,0.020401582
CUST_XLZ26ODFW7,0.08135179
CUST_7FEUDFL65T,0.035021644
CUST_O0JLWZDNEZ,0.11641805
CUST_4BUPU4VN6M,0.0325993
CUST_XHMDXJU5ZZ,0.12517351
CUST_HH71XBBUKU,0.12373749
CUST_WJXUGUY30F,0.028751407
CUST_SZT2FUFVIW,0.03601084
CUST_XAOI6BPQQO,0.10240657
CUST_CKYUJ736RY,0.16673414
CUST_Q0LRP2V5UT,0.08037571
CUST_EM7Q91MSKW,0.023322681
CUST_HJIZVEDG1V,0.037003085
CUST_4UCZWDC6VR,0.1199764
CUST_2F1T56OS78,0.022117544
CUST_9PL9JDN6QD,0.08330891
CUST_OE257HU996,0.1275338
CUST_J696ZWZ3GU,0.059132777
CUST_G79MCUS6QX,0.1635889
CUST_9JOQXDEOAB,0.01977981
CUST_HSTU9DMKRB,0.022820648
CUST_G4MZL5CN8H,0.021437455
CUST_Q0QPBGI5ZL,0.021807715
CUST_RTCK58IRXK,0.08304811
CUST_2LK18J6L7R,0.122056976
CUST_FB21W36VZ3,0.022470823
CUST_YWW0GHW65H,0.12149308
CUST_2WE779RDON,0.03842675
CUST_VOTC0GJN4M,0.13766734
CUST_7KIERZ5J82,0.030312603
CUST_GL3MNNXO4C,0.021722732
CUST_GJHTNR32NX,0.14955075
CUST_FHLXPSGBAQ,0.10878115
CUST_T15XJCHB9V,0.033818427
CUST_0XPT0DQ6XJ,0.021195814
CUST_EG078A1J60,0.09809578
CUST_5KWBGG2CIQ,0.027081583
CUST_XV7O68EYQS,0.15179724
CUST_U7M489AF5N,0.030705474
CUST_SUELDFZTRZ,0.055798665
CUST_XHQF9EBKKY,0.12661102
CUST_HIRO2TXP7G,0.11372484
CUST_35MYEXH8CR,0.031107217
CUST_FZUSTJ27D4,0.025334507
CUST_1YVJAS04KJ,0.032292712
CUST_0HBJEKM1CH,0.10432943
CUST_X0ZBEWYDV1,0.03586328
CUST_JJXKN8AJ1Y,0.080964416
CUST_5KCPTI3VN6,0.8293084
CUST_LEC0J301H9,0.12790199
CUST_TZY02XNXIT,0.020776857
CUST_0K3055C6QC,0.027342089
CUST_Y33YSX45FY,0.031913564
CUST_I0RW3J7IT3,0.03391883
CUST_OGMAGN59TK,0.116830505
CUST_9LSH21SXG4,0.0422047
CUST_3S0NF23ILB,0.09324781
CUST_FIBMCLKC5E,0.08575235
CUST_OZGPSUEKMT,0.15069608
CUST_HN38J6AS1X,0.021051738
CUST_URG8BCY3YD,0.024850203
CUST_3X6BTWHMOR,0.0922238
CUST_C3HD9HRLEO,0.029620148
CUST_UC5J7DMUWM,0.03750771
CUST_2X75G0221J,0.022075843
CUST_V2J69Z8XTP,0.036683407
CUST_6XUS0Y55J8,0.029357914
CUST_1FDAGKM4F0,0.031288154
CUST_D38WSJUASY,0.023765637
CUST_ZVJU4U23DE,0.024936324
CUST_4PL6YYSLJF,0.033739287
CUST_9CIRBK70B0,0.028039914
CUST_N7UCVAOH77,0.028489955
CUST_5IKG4XMRL2,0.8876922
CUST_WWGCFCUGK4,0.11815093
CUST_1TSKP80YYS,0.08324876
CUST_78WW5UNKY2,0.025816444
CUST_G2PH0G0O50,0.025917133
CUST_K942DJRO2O,0.022971317
CUST_4ER26BBSFM,0.03340023
CUST_QTIUJ3UNYN,0.043794997
CUST_2HVDVVHUB5,0.030002648
CUST_AQBVLTFS9A,0.034994517
CUST_3EPV9NZ1EA,0.029468654
CUST_U3GUS3HR6L,0.028970266
CUST_TRZTU7N0RB,0.041883357
CUST_HMV83F44JA,0.026788756
CUST_ZBVIBYI5MK,0.08659123
CUST_S7F06HBNUN,0.11625689
CUST_NVANBQG37X,0.031351782
CUST_M3MX09HRNW,0.031395406
CUST_1RHB27OW62,0.10292302
CUST_7L83FVQK5F,0.17815538
CUST_WTAOUMSHB4,0.029649466
CUST_NT1CN8F6MD,0.06691178
CUST_TWTWR8GXPY,0.027205968
CUST_90H59CB22Z,0.02551035
CUST_9FQE6YI2KQ,0.07910824
CUST_JFMT39TG8B,0.14156452
CUST_5FM5V4A2W6,0.027129315
CUST_RR8ONAC6SE,0.10695549
CUST_FEMJDS4N1C,0.76124066
CUST_J0U5JEGFJK,0.12134378
CUST_XIIWYIZT14,0.037565872
CUST_7F1AME8YBK,0.05589391
CUST_VZT2CCW9PT,0.089424364
CUST_6WDO6PYQVE,0.027154263
CUST_IZ7ECM6EIX,0.800622
CUST_XU54MMEEGF,0.10412795
CUST_EYAGPOW1YS,0.022842169
CUST_OASESPUY2I,0.1218959
CUST_K5QYAP4SKZ,0.06943827
CUST_UU3KKC563B,0.078259155
CUST_DAQMA8QD7Q,0.028004892
CUST_N6HSQ7A6D9,0.10210189
CUST_2HFFOV70G9,0.027864454
CUST_9Z070B68SE,0.023982693
CUST_MZ9X3JMW7N,0.028496841
CUST_DFAZCD1ZYU,0.022211613
CUST_5YNE450UTT,0.14048855
CUST_DMTO8VB8A8,0.02110942
CUST_WJGAEYN044,0.09280921
CUST_9RFSYJMMQM,0.026557095
CUST_3K4PSQMUES,0.030609902
CUST_MQKXXMRCRW,0.028593022
CUST_9AEIN8P0MK,0.8374379
CUST_2389G9SFMV,0.027353156
CUST_N5Q46U3D0G,0.02304233
CUST_FSOW9A72LB,0.021407388
CUST_I523NAVGS8,0.091296084
CUST_IQ4V7T2SGG,0.12348867
CUST_45MTCDPATY,0.026181476
CUST_ZQQQSL8THB,0.8084266
CUST_5KH0RJQEEZ,0.050541587
CUST_2YIRTLISN4,0.84342813
CUST_1KSTA1Q0L6,0.06008705
CUST_T630S4PMKM,0.07410588
CUST_3CJK951SUY,0.122359686
CUST_KDWFUT13U4,0.07723688
CUST_97OW44Z0VR,0.06612044
CUST_88B8YSQ9NP,0.12951323
CUST_W68AFRFHFA,0.024906302
CUST_9QEQ5LNFQK,0.1044104
CUST_CRWWWAX2GZ,0.021196235
CUST_46CCR1LX5E,0.12142048
CUST_GJZYMXI9QW,0.02490586
CUST_G2XO8ERLKL,0.025829209
CUST_7O2LQCAIV9,0.13007873
CUST_827H79PNEB,0.8371952
CUST_RECNLRFP66,0.0337808
CUST_PA7SI6IBCB,0.032380514
CUST_EKOVCLV7AB,0.0242982
CUST_D2LDHL0FP5,0.026171982
CUST_UXDRGKWFC6,0.92191786
CUST_S6OLLXEZML,0.11013121
CUST_7K2J4TQ1E5,0.035610095
CUST_OS5B18HZKF,0.79479045
CUST_DXOXTUWQLN,0.08559277
CUST_REBITKUYAS,0.065092556
CUST_0BPG6EWGUB,0.031676073
CUST_O3LOVTLCHN,0.022642735
CUST_LN1GH84JLI,0.022885025
CUST_R8M5PSS3PT,0.12747009
CUST_MXQ37GLV1N,0.1131274
CUST_NQGCR93SHD,0.022991018
CUST_JS0D56UE4X,0.024736645
CUST_1LEFFDVOMF,0.024975142
CUST_PI69XEW93F,0.14212865
CUST_QJDZUZAP26,0.02451682
CUST_1O37ANYHSY,0.0957313
CUST_WIU05T14GY,0.030011294
CUST_CJ077GA0TT,0.033724494
CUST_2GJCO4OS8H,0.10587288
CUST_E3BPIGVL41,0.10719274
CUST_GSCB6NAMN5,0.025701186
CUST_T9YQTGX3EF,0.18408875
CUST_A5IA3TTN5H,0.037004255
CUST_9UHKRYOS7H,0.09193132
CUST_PTRKFYG1MC,0.02818781
CUST_5D9E3MHRKK,0.028798154
CUST_LJWR04HCVS,0.024588145
CUST_SAGJCP4OWJ,0.02601936
CUST_SHG9I3XSA5,0.028902655
CUST_TBVJROT2AX,0.026451165
CUST_UDYI5SJVQ8,0.019671232
CUST_BJHB46TGPX,0.11623403
CUST_A4B3OO7OCQ,0.0337527
CUST_DSSLLOI3KJ,0.07845856
CUST_HBNLTFEOK4,0.020628039
CUST_PK397GBGI7,0.027280323
CUST_U25JY80EGW,0.025954861
CUST_9DB11CX7OT,0.025705263
CUST_JOLAC7BQFT,0.028060362
CUST_9B61IYF85H,0.09970014
CUST_4ELI0Q2AP7,0.11766319
CUST_KHQV7YP526,0.0199417
CUST_TVZIO6GOL1,0.023261135
CUST_CUJWZDI9JL,0.025585007
CUST_Z0IJHP1TP7,0.03347884
CUST_WHZ3YRM6ON,0.15653369
CUST_LDQG6G3BLP,0.026122252
CUST_U8Q9KPOUT1,0.12399645
CUST_0AQWEQGX6L,0.038744323
CUST_7JXYPHQD57,0.08636852
CUST_18FUTCAZ7E,0.13353385
CUST_BW5EG5R3GO,0.04224637
CUST_RPBIZT7YF4,0.035135526
CUST_3CN1YU0TNA,0.024010567
CUST_LP20M390P7,0.03954596
CUST_0HRWUOIW95,0.07686963
CUST_B35CO5HEVU,0.046995692
CUST_ULTOZR265N,0.8238965
CUST_T6ESREQC6C,0.027728258
CUST_LOHD2EBZW2,0.08224878
CUST_D7SP6XJDJL,0.0278464
CUST_LZXO5UQJK4,0.11875503
CUST_XRLK2BIGSP,0.6983829
CUST_JNJASQ959D,0.023147775
CUST_H5JGUGEVPX,0.13170269
CUST_M9JGF194YA,0.020934949
CUST_EEQCSIWVZD,0.035513695
CUST_O4KSZ0RJJB,0.02261943
CUST_EE8OIU3QVR,0.024857339
CUST_EHY2LO2F1S,0.025413362
CUST_IULHP9X56U,0.09121251
CUST_LEVJ5UDT0E,0.034957256
CUST_8IB1TDMXKJ,0.030086372
CUST_PF4KGNQLU2,0.1663599
CUST_Y2EHRAGXGR,0.022925569
CUST_TZEAJ9R2NH,0.018869877
CUST_MK92HS9XFZ,0.02613939
CUST_DB493BG7ZX,0.023117714
CUST_33B4VAQIUB,0.14087348
CUST_W0C4807IZY,0.02205726
CUST_M0P9U3Q1MD,0.023354145
CUST_B7U59DJ54R,0.0885214
CUST_REEXES0WU6,0.023367537
CUST_S7MMR5KYLL,0.024123956
CUST_XJ3WJ1OZ8E,0.027944632
CUST_0R7T536H1Y,0.13456471
CUST_RAH22KPUL0,0.086821474
CUST_1F9RHBS3L4,0.027501997
CUST_VAWTGGNETB,0.07795789
CUST_7SHPQ0NI7U,0.07719001
CUST_19EXP9Y7BZ,0.035052434
CUST_9MPB312FMG,0.07667496
CUST_XAST848ARD,0.087022826
CUST_FHEFOD21VK,0.08196714
CUST_Y79NO90DX9,0.036302406
CUST_YIFBDN9ESO,0.029342271
CUST_88NAUMFTFB,0.03532012
CUST_DJLCU4WB0G,0.17300099
CUST_TTLSBMKCLB,0.14483926
CUST_R29JZBETAB,0.025894728
CUST_YZRXDHOUAI,0.77619696
CUST_0I86SH8WEI,0.021234203
CUST_R8956VSTBK,0.18797803
CUST_RGWP0H3LRQ,0.102244906
CUST_QKBHJV9FOT,0.038195394
CUST_3LJ89Q2SZY,0.025942748
CUST_GD1NVJGD8Y,0.10427918
CUST_E49EM4O44K,0.07069392
CUST_YZSJ3YYLJG,0.08647501
CUST_055R8K9TJ4,0.10439957
CUST_9FXDU2M7QM,0.025185287
CUST_5B9BNCHUCH,0.02374811
CUST_OO1JHX2J68,0.03297685
CUST_W57JQ9FPAL,0.12703644
CUST_CAYOK3WTEZ,0.84647065
CUST_5KV5MIXN3M,0.02381295
CUST_M0I1EGFLS2,0.035221588
CUST_INCPFVSTO2,0.025045604
CUST_HK5WW8MZT8,0.08871638
CUST_CMHSJXKO13,0.9239156
CUST_MS3MJZFZ96,0.025668167
CUST_HGHH87F0UY,0.10636835
CUST_H1R2E8ZDY3,0.03494915
CUST_JP2IQ4R6IE,0.102574125
CUST_FKQG8UZSVY,0.080621995
CUST_Z7DTEKLG7E,0.03980563
CUST_WN9Z89QAKR,0.03600084
CUST_60MW2REOKK,0.07843595
CUST_MZ7OEHW21E,0.07340681
CUST_1SG9WIKOAS,0.025175104
CUST_VYLQWDOHK3,0.09906675
CUST_0NDWN828UX,0.026312945
CUST_ODS5UUMNK8,0.026846237
CUST_567F0YED4N,0.14716749
CUST_PXRFCO7LAR,0.83444965
CUST_NU0ASNCVNS,0.11937409
CUST_3ITR4P5GY7,0.10937341
CUST_OQI0PLD003,0.104602486
CUST_38YL1YA5FJ,0.082048774
CUST_5BKNEK43J3,0.05043681
CUST_26DJIJ4OZ0,0.034203064
CUST_RRZCPZK3VO,0.09211932
CUST_DRMS1KJTXM,0.02805598
CUST_8BQ52VVK1D,0.12768754
CUST_DJ4E5RRFJQ,0.0291501
CUST_WX6ASDF9QZ,0.029966757
CUST_U4L2B92349,0.046693884
CUST_880UZF70B7,0.10628324
CUST_SBUFEZPYDT,0.030298294
CUST_WCIXGYZBBQ,0.031494383
CUST_2ZGI1DN8X4,0.8043488
CUST_YDO4BS4W1A,0.02269888
CUST_2VL3WT3R2R,0.04593575
CUST_OLZPMRP139,0.027319077
CUST_JKNF02OAXF,0.88610965
CUST_4EXOGQYOXK,0.09941577
CUST_J03EWNP3BD,0.13345557
CUST_YT1C4WCT8M,0.020926652
CUST_P4QURP0RK2,0.025238378
CUST_FZDXPC7YSP,0.09334088
CUST_1WPBN5WRL8,0.10644534
CUST_QQXNF3894C,0.104947865
CUST_KMJNM1I0T6,0.031711053
CUST_EC9E00AGL4,0.020524153
CUST_DPTEHWSI0M,0.09548547
CUST_XET7J7S66M,0.15150498
CUST_VTDAVCOAQH,0.09782695
CUST_E5XB2GEEEQ,0.118038006
CUST_SQI3QX255T,0.11822646
CUST_X4X4I1LJYV,0.15438624
CUST_0TPXPZXM8J,0.03440051
CUST_TWPEJZMOQ7,0.023293134
CUST_7S01YBJ8XH,0.02159389
CUST_X3FGODHB76,0.10327828
CUST_YZ1WBW0DSV,0.74226946
CUST_HNH4ZJHRS4,0.024824517
CUST_9ZQRX5VRRF,0.12067361
CUST_N5Z0R5FQUK,0.07292886
CUST_MOI430KCFK,0.030599548
CUST_MLMSNWEEDF,0.03065564
CUST_MV39R4V833,0.10327649
CUST_DS59VRGB2I,0.03412324
CUST_KXLYEKREXE,0.02049259
CUST_JLPWMJXOOY,0.043166414
CUST_DYKV34YRVH,0.036694452
CUST_2GJD9UQ148,0.03246471
CUST_GLU0K894F2,0.12604988
CUST_GCFEK5VAD6,0.031398427
CUST_LVL9FD6H50,0.028921632
CUST_X7T3QE4Z7N,0.020184258
CUST_3FPZQXCXE6,0.022757655
CUST_7VHA3CE3U1,0.09010556
CUST_N79X1SB447,0.021014659
CUST_S3ZATH8BB0,0.103999004
CUST_GEN6R5MFUG,0.02542683
CUST_RKWPVNAHFY,0.09315099
CUST_MBYIS5GSG3,0.148243
CUST_AQBBR8F1RI,0.01814091
CUST_Z502DXKJ4W,0.031028364
CUST_RY2E3UU0TV,0.019382844
CUST_KSTQLQZ4R0,0.027709804
CUST_OI71QKVZ70,0.091919824
CUST_WLE3KI2BOJ,0.03209867
CUST_3UL1F20XNI,0.07692038
CUST_L5E0QBFHJH,0.043279108
CUST_J97BXO2TJU,0.025828686
CUST_1P6MGJQETK,0.023370728
CUST_JWZ83PIHA3,0.037439633
CUST_GHEAUXMRWR,0.024565676
CUST_PUVYOGQNNM,0.063917376
CUST_5PG0ZOD5IQ,0.038468186
CUST_PKS5PGD4YY,0.022529546
CUST_7KR42KJZ5E,0.10170557
CUST_0ZKML230ML,0.090697885
CUST_9H4U9RPWG6,0.03152835
CUST_JF0T3J7YUI,0.106789365
CUST_27CGJ4J1N9,0.025165765
CUST_F0L26JY8I4,0.09741606
CUST_XJCUDCWK1K,0.109439336
CUST_111H05GT9Y,0.022030521
CUST_QJ175WUMYP,0.7766621
CUST_T80VBNZ18D,0.08444146
CUST_YWWAI9A639,0.023956696
CUST_LVXRAAPQF2,0.024524365
CUST_60Q4RINBL2,0.09036231
CUST_VHYYM9ARBP,0.13008247
CUST_ZIOZ4QLNYQ,0.10636029
CUST_R90FC9ZLT0,0.11946256
CUST_G317VU49Y7,0.8661422
CUST_DD9GY91C3A,0.13354087
CUST_AU9CWNVHBD,0.044689655
CUST_ZZXV8A503T,0.029389309
CUST_GMMZ8LUK8V,0.8632621
CUST_IVLEPGS7DV,0.04138995
CUST_DZYANZI9GV,0.0420016
CUST_AID8BQMQQP,0.040324934
CUST_2RF0N56PED,0.034606237
CUST_AE3OJAQQLM,0.021332735
CUST_0ULR5PMK6Z,0.026109196
CUST_Z7NZ4LGGQZ,0.033767503
CUST_NR8IIVKGXH,0.017646752
CUST_21QXYJNTG6,0.038672514
CUST_BTXGM4S98P,0.024655158
CUST_1R5ZYHH54C,0.020415772
CUST_34ISLTL8ZC,0.1333227
CUST_K2I5MBW8H1,0.110443
CUST_SWXT8SRQ5B,0.030872367
CUST_8548KRWXSQ,0.10551803
CUST_D3BCVZ8YFI,0.02422449
CUST_FSKEDMHL4C,0.027354069
CUST_HXFXXXL7QT,0.023834407
CUST_4Z0GASPRVD,0.028599242
CUST_UYFX70O8I1,0.10480412
CUST_IFPO796Y45,0.0945964
CUST_3OR1KID8RW,0.023886295
CUST_1UGTU3FBY5,0.13396014
CUST_8VU1XMJRH3,0.023667132
CUST_TIL390NSJH,0.090103924
CUST_H8Z3VLF661,0.026205612
CUST_M96W1K26E4,0.13049716
CUST_XQLROR62JT,0.14156194
CUST_VQUUNLYATW,0.025845883
CUST_TAIN4SKALN,0.098011546
CUST_035ATO1C1X,0.08168274
CUST_OU0RXORQAU,0.020686382
CUST_AX1ES2GLVV,0.10276384
CUST_IHCTAOSU94,0.024418678
CUST_Z8188BIKND,0.02819776
CUST_M0REJ7RPZW,0.100288995
CUST_OZFN4RUMNN,0.11796223
CUST_FU84AEEW0A,0.09086742
CUST_QIIRH86YY6,0.022878353
CUST_14EYEN6QA8,0.018611416
CUST_KFELQ8XF7A,0.103108354
CUST_OA33KWRH0R,0.020912524
CUST_EFPAOLAGYB,0.024863211
CUST_54XL0ZBTB2,0.11198571
CUST_HZTYCRF9VJ,0.030383693
CUST_PWJJQ6AWFT,0.027616221
CUST_VFGJ6EAF7M,0.021956157
CUST_SFFORE0G4M,0.14175166
CUST_OVQM644UGK,0.02193779
CUST_WN00AYNNYH,0.7824502
CUST_QEDLD64UOZ,0.8453655
CUST_9ONRCI4MN8,0.17535487
CUST_VMDSK2AHMI,0.024396775
CUST_Q4ZRMN1UGO,0.019016298
CUST_MDL455TGHX,0.022096641
CUST_J8SO7U42U7,0.083692506
CUST_SI5XWT8CAE,0.09759161
CUST_XVZ2A3LL8H,0.022601454
CUST_MCGUKBMIHX,0.028198287
CUST_853Z2MCKXY,0.021635167
CUST_HREON4U2YL,0.025347535
CUST_HHQYVJ9D8P,0.08940725
CUST_Z6U2MPWKQJ,0.13586792
CUST_RFFX8ZFNZ3,0.022116428
CUST_HDK8KWG6LH,0.03415816
CUST_8PTE2NN3AW,0.028305482
CUST_PZ9AUUAAYP,0.7325789
CUST_7VBZ6TPKF3,0.13660061
CUST_5LQIOGJY72,0.026489625
CUST_0XG2IJ43GC,0.021614853
CUST_IM9ZVS7883,0.029198911
CUST_TQEYM28095,0.083400354
CUST_XWAHL5VJNR,0.098585665
CUST_K6CMUPF04A,0.107514024
CUST_NQIHXMIQZV,0.090829045
CUST_WIWUPQ65AG,0.10795757
CUST_EQNPPOPTUS,0.024136644
CUST_MT5N1R8H1U,0.026926437
CUST_IJF62P0OHH,0.07519669
CUST_GKMFFAYMN5,0.02460958
CUST_F7COO3Q0Y1,0.033526093
CUST_J2TISRDOE4,0.12604553
CUST_Z9ZEPCEQLC,0.0888332
CUST_4U4PN1HGUA,0.03319442
CUST_MN9GSFK6S3,0.1128405
CUST_ENM990CZIX,0.028039908
CUST_32UB9ON9MG,0.022036292
CUST_S04CP2IPFE,0.041632008
CUST_0BCBCO2G6B,0.029801669
CUST_JOBH5ZB7LZ,0.116851546
CUST_0U25SVMHLY,0.100541726
CUST_K5UB9799UM,0.025261175
CUST_7RUO4Z3N8E,0.0781394
CUST_IAQ36SCGYL,0.83053154
CUST_LRL8CSI7Q1,0.08719953
CUST_XQE1UC1YF8,0.024007948
CUST_WS2BIZAEU9,0.054383032
CUST_AOJ7YUNGXI,0.02578579
CUST_NOCOTBVCIG,0.13421369
CUST_0ZUHEL46YD,0.03144033
CUST_XS463S20DN,0.11787806
CUST_DM04V302MP,0.02353305
CUST_JXTUQZFT3Z,0.023820609
CUST_QDO49ZWANY,0.024317091
CUST_JNHXPIVLGL,0.13716368
CUST_3ITA0S8O9Z,0.025356641
CUST_IPUQYPYUTF,0.045197647
CUST_TJXE5L5UGV,0.14064805
CUST_AUC9W6NL7H,0.109848134
CUST_TRS71ELS75,0.02064116
CUST_2K1L1BCME5,0.11138602
CUST_UUO0HWZ8Q1,0.11905394
CUST_8GH0A33PHF,0.13449468
CUST_61WEQUG2ZZ,0.026434205
CUST_U9N7A3LBQO,0.03701913
CUST_ZWYRV1IEL7,0.033918682
CUST_5DFMIMUXVX,0.03114456
CUST_5A0F4MTQO6,0.038134553
CUST_8JR11LIJST,0.71367764
CUST_CQY39R3VIZ,0.09777196
CUST_9VQC8SYUAD,0.121414736
CUST_2MZTV47ZK9,0.025958769
CUST_F5K3PDEIWE,0.11339031
CUST_59J18G4DQD,0.120575316
CUST_G4P56VXMP0,0.1092022
CUST_J82GHMX1J2,0.0294032
CUST_TWFABQ2JQN,0.0876044
CUST_69KUZ2Z24F,0.14962171
CUST_93C8N4IHZV,0.099041514
CUST_BVK6QXR2WG,0.6959104
CUST_QN0VLQM5ZY,0.020881101
CUST_FQBEFV35M7,0.040326647
CUST_94AM2XG2Q0,0.11458607
CUST_BOP2AHXOX0,0.09020574
CUST_44YF69TEAL,0.105812974
CUST_1OG4F5IJS9,0.14226602
CUST_TP2Z086RP2,0.019254545
CUST_UHLNO1VKYF,0.093479775
CUST_AXOM4QZR47,0.8425042
CUST_H48J5RLE0R,0.09232742
CUST_ZCS5W167HK,0.032089196
CUST_CLXH4O899E,0.028179163
CUST_YZ1GNYZMN9,0.14740513
CUST_6KX4P8283J,0.83887655
CUST_NI8EOHZ77Y,0.11163957
CUST_S3STWKSUXV,0.84582275
CUST_OGEI5HV7H4,0.027661296
CUST_69C8D8L9BW,0.14791186
CUST_RMX3S3AV85,0.12997635
CUST_D2ZRXNCG4F,0.09510001
CUST_QUHQAYJL5A,0.03292207
CUST_4O928TJWA4,0.66819894
CUST_TP8BHKOP6S,0.020988321
CUST_VRRHZSVFO2,0.027253194
CUST_2M0DIY0T24,0.14411847
CUST_IFEGTED9JA,0.17685848
CUST_NXY6ZWTD4D,0.030219492
CUST_S5CDG4CWA4,0.081612505
CUST_WZ10RB7VV9,0.025928885
CUST_96TY4GC42J,0.028988177
CUST_QDMZKG4T0Z,0.04774088
CUST_WK6HUK0Y0G,0.13160315
CUST_EVVYI6CUEU,0.018854637
CUST_ZATW74BAVE,0.12941135
CUST_YGWD8HRC7B,0.036827024
CUST_CAOOKBU0SH,0.023501184
CUST_6LEEQEPNAT,0.031877607
CUST_6QS2TN6HRS,0.028288681
CUST_WBM0XJZOIM,0.09646406
CUST_WJIP5VFKVM,0.124205396
CUST_2CDSFR7IDR,0.1416623
CUST_FQL9ILOHQY,0.10881641
CUST_8J75WL7M14,0.022837583
CUST_CT7UMQ8CLS,0.08403151
CUST_0R0JNZJVCB,0.024340194
CUST_KJ4EOULOQK,0.05981522
CUST_SDVJG3DELZ,0.03173267
CUST_A37530SWJK,0.032276884
CUST_GQESURFMZ6,0.02545421
CUST_Q26T93STFD,0.026240304
CUST_MIOBYVKCA6,0.033067517
CUST_IB3MR2VTTD,0.07867669
CUST_HAOE9UITOV,0.79134333
CUST_ML8AT70EFN,0.027783616
CUST_KBOL8XHLAV,0.08893473
CUST_5Q2BTLTU93,0.09854751
CUST_TDL3DGLHBA,0.031957757
CUST_O3MDDK86XG,0.12141797
CUST_CCHRGCHXJX,0.03808001
CUST_HJ3GUXNS7U,0.07443088
CUST_L2SAV6X9V9,0.024110781
CUST_N4YR68IXGD,0.11367014
CUST_2JB56DX8PC,0.13915129
CUST_3T7R8DFKKE,0.017035717
CUST_5UNTCN2KSS,0.17847574
CUST_XQON1QH6E1,0.021082224
CUST_EFZRT783H5,0.1134463
CUST_DW2KD0XSHI,0.033957783
CUST_VZRNVD6EYI,0.030091338
CUST_48DQYDIMPT,0.0818724
CUST_MVZFWJU9YT,0.024704581
CUST_57KPSGZQK9,0.0247356
CUST_MY65LN4N20,0.11985197
CUST_6YKI95F8PC,0.093156
CUST_MNME21N5GI,0.023252226
CUST_C1M4733WQZ,0.038321484
CUST_IA4IBWJE9P,0.110912524
CUST_5QKDNI7H8S,0.022998778
CUST_8Z6SSZE9SQ,0.034763344
CUST_SJVBXR3Z5X,0.09001354
CUST_R03KD429MH,0.024108356
CUST_VWFOL7T3W9,0.0812824
CUST_XHVHN9C40Y,0.027141524
CUST_04SHMRHW41,0.1719376
CUST_H95VZECRL9,0.13007347
CUST_HHNR4ITBA6,0.02349923
CUST_VYP8C9IN60,0.024112418
CUST_5PM0R8IRT3,0.023212768
CUST_OUW2FXE1WJ,0.7958967
CUST_E23DSMYTR9,0.037438225
CUST_5R47TZHV8O,0.14782074
CUST_LO54O7Q40W,0.07239369
CUST_QHWQ9U1T5L,0.043592922
CUST_ZVYN4LPZSN,0.8687117
CUST_61ETXM3P71,0.12596004
CUST_BRG29QD0RW,0.025187908
CUST_JB38AXHYHT,0.02186007
CUST_IS6E1LNAVZ,0.025924489
CUST_362Z7FZS9C,0.027069297
CUST_0NQQXJUAD9,0.03735167
CUST_QV87QV5IN7,0.026646743
CUST_UT36KY6MAF,0.8735825
CUST_4PRYIYBNQV,0.029879719
CUST_725OIZP16L,0.022066725
CUST_NRV9WOW87D,0.08226069
CUST_QCVWFQNCHP,0.10686229
CUST_5VF3HZH0IS,0.02063577
CUST_6QMTUG3LNH,0.03467063
CUST_R5FNGRXYEE,0.07936277
CUST_SXQVV4BA4D,0.90967363
CUST_RQEUM35ZEU,0.13115934
CUST_D9A1UAPI7T,0.078451596
CUST_WN6S56835C,0.074205734
CUST_QXEO4D0H0Q,0.8103098
CUST_MMJIWQM4XK,0.039562598
CUST_Z6ZNRSQYX1,0.124231264
CUST_TRMJRTKPGU,0.15282029
CUST_XJ25GF9ZRI,0.021391146
CUST_XPWKO6JYUT,0.09616464
CUST_U1ECPDEF5U,0.07473152
CUST_TZNUXT5YF9,0.03175634
CUST_PQM1BH5Q1L,0.079753615
CUST_TZPGPL7K1B,0.028321093
CUST_HPPBFFFTTL,0.09689767
CUST_UG453NKBTW,0.102544785
CUST_UIFP7IYFH4,0.03538643
CUST_UIA5DL2QJI,0.029507093
CUST_BBL0SGKTZU,0.088159606
CUST_ZYDH7Q9X4X,0.039776195
CUST_4LHGEFBSCG,0.16760668
CUST_ERNLQZQENE,0.028108194
CUST_8RC0VDVG85,0.108747095
CUST_3T4GCWT3IP,0.02181833
CUST_CQX5WD4LLJ,0.15055186
CUST_JAN0XI77F2,0.02728375
CUST_YWGEISEXYG,0.020171737
CUST_5N6M7DS9LU,0.028734587
CUST_XOQFKFH42A,0.122773685
CUST_FZITHHLFQ3,0.08398208
CUST_A9H3XYYKKA,0.087051265
CUST_CZRBID2C3F,0.13929644
CUST_G3KQ1O5RSO,0.75086755
CUST_EBNUBM1DRY,0.81621593
CUST_VYQX40PUY3,0.1245053
CUST_FEP0OFZCQL,0.10580955
CUST_P3CHCF2OI2,0.034289494
CUST_2VNNXF1L6R,0.90809584
CUST_OIIVVUVUQO,0.031808414
CUST_XE82KG4EIL,0.032839213
CUST_AN2ZIVJSRU,0.08266718
CUST_MWDKLR8NE3,0.03437069
CUST_VARS4EDSXW,0.081442945
CUST_IWCIXN234D,0.02481112
CUST_73EFU2E196,0.02775043
CUST_Q2TE6POS6S,0.073616035
CUST_ULPLC8N8TU,0.039942544
CUST_0GK8XSS3D8,0.055670142
CUST_2YRVTTESGS,0.11801887
CUST_EED6DIBJO4,0.07031166
CUST_3GIA6FRDN0,0.066933684
CUST_ZF6KKR4VMI,0.022925572
CUST_3QXFCE203G,0.030312063
CUST_XQRAL8BVQR,0.033605475
CUST_XUASKLOJVA,0.75938076
CUST_V5SJUGY92E,0.03497605
CUST_CA04QN9W0P,0.072689384
CUST_ZYJG3YLYBX,0.021563122
CUST_ITQNR2VT0X,0.084443465
CUST_SBW77S9OMD,0.11319416
CUST_9KM52AFG3Z,0.12339639
CUST_DMY6GLQ3PL,0.023851965
CUST_CAB8Q2WABN,0.77196944
CUST_YPRBHOJB8E,0.048295103
CUST_H9Y3QRSE97,0.10881354
CUST_O375C35G5T,0.13760825
CUST_NKNY0UUONR,0.10512146
CUST_HCFEQIAHP9,0.029986868
CUST_LCSDTISQD8,0.026008947
CUST_VAL2H9PKD3,0.023743398
CUST_T0T4R82UYS,0.036336806
CUST_6PR6WJGDF7,0.020804262
CUST_9SXXO4G6RR,0.039202586
CUST_YCGQUXWNEL,0.022196602
CUST_KLIXKA9YP7,0.025117733
CUST_C416A3ZF1T,0.022957023
CUST_0RNSL2HWCS,0.13024065
CUST_6LOCLYKQ7C,0.09852616
CUST_WHFU9W23FE,0.028593512
CUST_8VD5WHCTY7,0.033086702
CUST_7V4CGZYMK9,0.85537267
CUST_RMKCWP0347,0.10075677
CUST_I477DZLKRG,0.028970942
CUST_BE4IZ1PKON,0.027985897
CUST_IQDICI92FT,0.085003145
CUST_ZQV9QIZXBR,0.0335211
CUST_WT33XRTNXO,0.030258078
CUST_WTS4MV2LVT,0.021154838
CUST_7IFK8BBE84,0.035019748
CUST_2QBT9IIN7Q,0.03595541
CUST_1F53TK6G4Y,0.026404813
CUST_3EADZ5N9O8,0.028968118
CUST_KYBKFHBFV0,0.12360746
CUST_4GO1V2ILR5,0.8537654
CUST_A3IYN5PB49,0.02432572
CUST_9Y1EGRQPBO,0.024601048
CUST_FPEF9E0AHP,0.81148136
CUST_ZDPDRW4Y7P,0.018790904
CUST_7P9FP2GETN,0.11614756
CUST_QI8GG2OHWZ,0.17485382
CUST_U1S8WBR3YQ,0.021626912
CUST_8OLNEQMFKU,0.018993018
CUST_0T4C4BLSJA,0.13946848
CUST_2YRTYXA6KR,0.8141684
CUST_IDY25YHGJO,0.021612655
CUST_8AFGEP8TTF,0.022623185
CUST_GKEHQ70NFA,0.023100458
CUST_Z66CRH918Q,0.7594578
CUST_BQOSOH4443,0.05227851
CUST_8CFBKUJYGI,0.029328149
CUST_N1I7NPUZ4F,0.020948455
CUST_SSXQPUKGZF,0.7033778
CUST_PFSSNRYQJG,0.17345299
CUST_2V79244UGV,0.031285245
CUST_ZXORZ3CPVA,0.027474614
CUST_IOE3Q8M005,0.12325403
CUST_23N1A4QV4D,0.059860833
CUST_F0QWH0ZX9R,0.03857293
CUST_I7WXZNXZIT,0.031758673
CUST_73DPUTD01C,0.10587105
CUST_TVPZ6MHSZ7,0.17860436
CUST_R99ODT14G8,0.17941302
CUST_AN3K1ZPT40,0.08381607
CUST_OQV356GYSL,0.15692556
CUST_OVF38HV77X,0.027103223
CUST_B8HHT769V9,0.08865213
CUST_AUNU4MTFTU,0.021512827
CUST_903DWGXBWF,0.08720703
CUST_8RVLOPR2GS,0.025166098
CUST_DVM6WKLJV0,0.12682536
CUST_8VTQVVQY25,0.023771793
CUST_4Y4OC4GU98,0.020385792
CUST_NSGEJ5T0Q1,0.7871237
CUST_TWQS6G61HL,0.021573463
CUST_UABAP4N00C,0.027628306
CUST_G0R1BLUGV3,0.80509764
CUST_5L61QWA9Y7,0.04041481
CUST_V6W1TTVVH8,0.023416597
CUST_ECUYYP5ZYA,0.03112258
CUST_T00GLL6B8Q,0.12571684
CUST_Y6IS3U65DS,0.07169678
CUST_52A3FBD66O,0.036745407
CUST_P7748HTP39,0.1282101
CUST_MT4I6O0HLE,0.021884374
CUST_NYU3KHI3U7,0.07084645
CUST_5G9ZNFTXFI,0.08391742
CUST_DPJGWST6AK,0.10115181
CUST_JRJ66NSMTM,0.83453757
CUST_8DRTNK91YE,0.028410599
CUST_6BW67Y74LD,0.05037918
CUST_0A6GOFN61B,0.107132636
CUST_0WQMR9Q2HI,0.021663578
CUST_WIROSR4GHC,0.022813046
CUST_IQS83M1LHK,0.0897904
CUST_P2QFZGW5J4,0.022529751
CUST_N5MZ6S1N5L,0.85842335
CUST_H1D5BXA2K2,0.034053676
CUST_WYBC1XVIDA,0.034566797
CUST_6H43ARIQDD,0.032570478
CUST_AH717ZIO9B,0.17961161
CUST_YN2G5DSYCJ,0.073589325
CUST_UCPFGC3YIR,0.082786985
CUST_PVH1KP3F7F,0.026507512
CUST_RYKXCX1QB0,0.029666098
CUST_OXPK6QGI7Z,0.074119195
CUST_PQHEO6KZI1,0.13118298
CUST_WG0P5D9LLY,0.02572807
CUST_K1DFG266RN,0.025735255
CUST_VOJ5NRJDVW,0.028325347
CUST_LFJXPY0LY3,0.02400106
CUST_33PWM7DSKI,0.024574779
CUST_HNNUZ3LR2X,0.091727935
CUST_Z504NA7OIC,0.024500085
CUST_GWXKG0HYK2,0.14297585
CUST_S9ECAJI4DZ,0.026678942
CUST_887FIVLK20,0.11200722
CUST_C9IKSPAPDO,0.0359667
CUST_G15TO2YKDM,0.028144816
CUST_UBTQIQLMPI,0.032001812
CUST_7TW9B4QR5T,0.79822606
CUST_0S58K1QW7N,0.099784166
CUST_UVXEAGD42C,0.027406875
CUST_WPVHQKKH6U,0.024758942
CUST_7AR5WCEGW4,0.027477883
CUST_AA3YMZYTI6,0.0843861
CUST_CCRLE9X1S8,0.081249945
CUST_SCR5MA53KR,0.03123803
CUST_D22L5JL8VN,0.08696604
CUST_9OZD1JX855,0.026092086
CUST_2UYT2AXS75,0.02318723
CUST_BAT35M5EXU,0.020423248
CUST_5JOAPJFZ8S,0.12407339
CUST_UHR30QS15T,0.85098916
CUST_YDVEKQLBVP,0.025407104
CUST_WZUENUJKND,0.022497363
CUST_MKLCXFFGGX,0.02697593
CUST_3IZX8LQI7X,0.019299664
CUST_MLUK8X76F9,0.080447726
CUST_G8XZCVPP6R,0.026667245
CUST_78M9XSQNK3,0.032685608
CUST_RV6VLI7SNB,0.036776956
CUST_9NKFXFHPHV,0.08249013
CUST_RV44Z6B3X7,0.020115033
CUST_02FUT9VDXN,0.12622713
CUST_3EMY965F4M,0.02428704
CUST_04I62FU66M,0.020284439
CUST_NL3EPW4KBK,0.121621944
CUST_FW80GO246H,0.026224475
CUST_YKR7EKF1WD,0.023822468
CUST_CU8NYT4TS6,0.02577405
CUST_0TLUYDYKW2,0.022810692
CUST_093KMSCDNL,0.22510509
CUST_FFFPJ7LEH9,0.17448147
CUST_HCG8XW8NVW,0.026614457
CUST_PD1SNF8TTC,0.029755613
CUST_UNVTQVBWS9,0.026855195
CUST_56W8ZR22Q5,0.08738376
CUST_JMM1BKHK41,0.10387379
CUST_90QNWUNQV2,0.024858207
CUST_KNBWLGRZ4U,0.118676856
CUST_CDD0RQU8P3,0.1465568
CUST_W7VGQ20ILY,0.028109577
CUST_MOB708DB8G,0.026259556
CUST_P9GBVCURU1,0.029975792
CUST_G05Q63NYEO,0.07567516
CUST_W9UFGRWPQW,0.036587253
CUST_1FXXB881JD,0.08371043
CUST_KKNJOP6F4U,0.025444547
CUST_2BIVXJ3317,0.13128592
CUST_2C5F12CLBI,0.1353202
CUST_CH21DMU4U1,0.028368864
CUST_JRWIUWCA5F,0.033900734
CUST_0DOXTRN4H5,0.027050264
CUST_NXFX1XCWV6,0.024509864
CUST_KJ35X77SAR,0.89349383
CUST_5EDFCQMXS2,0.02256187
CUST_8P1DS70YNS,0.13710034
CUST_CEBND1SP7T,0.8123491
CUST_TUQY95A1YX,0.024133723
CUST_MU2GA6DB13,0.029166846
CUST_IRPWED3PCO,0.101799324
CUST_UFMM3GTLGJ,0.019766103
CUST_ADEUQT0D72,0.022487022
CUST_DAW065QJ0M,0.113728456
CUST_TVGW0X10O0,0.75331557
CUST_D31CRIK0A6,0.031810027
CUST_15F9FQZ7T7,0.09331717
CUST_DXII5YIP25,0.060367
CUST_3I56MDAI9B,0.023701496
CUST_NMK84AG8T9,0.044565372
CUST_3AOMYAJLX9,0.119731836
CUST_P7GTMUCGVG,0.024320599
CUST_71XP2SRIYR,0.11003585
CUST_VBANXOZH22,0.027005004
CUST_GSG2IY0YMM,0.13571174
CUST_SVB6X75F4Z,0.024400163
CUST_H5HQMY0Y7X,0.7702746
CUST_P67G3LPCVD,0.029855203
CUST_UVCNXQZDTB,0.12622273
CUST_XQVWOEERR1,0.10587288
CUST_KM9P3SVIVD,0.031200606
CUST_99FZLZH0G5,0.107510276
CUST_B2Q8HO6Q1J,0.1668495
CUST_NWNV8UKJA8,0.032486606
CUST_3W6BDQQDDD,0.09276153
CUST_4IGTD4LULG,0.0594841
CUST_OLCDHJRLHR,0.06784523
CUST_HP3ZEAY62T,0.044671487
CUST_RDAMUY1GIE,0.028193466
CUST_B4WPXXCH05,0.087561265
CUST_MDGI2MDF6H,0.023183217
CUST_3XSPZB1LL3,0.79218906
CUST_GYBLX6Z2EY,0.80736417
CUST_5LUIQ1GO1D,0.064306654
CUST_54H48JNS2L,0.8621155
CUST_SC5VNC1318,0.10084686
CUST_YOQ29YBVKB,0.8287318
CUST_ZQ0KH38HJW,0.036833644
CUST_USSAZW4RE4,0.020744106
CUST_CSN9IU2PIU,0.030158713
CUST_QK72PNHG7U,0.124867894
CUST_7KU3HYLZ5J,0.08785865
CUST_2W3F1P6N6Y,0.1104516
CUST_92LNNHJV2W,0.10688551
CUST_PGYLPGC3S6,0.023427783
CUST_8PCMLPTXEI,0.036271658
CUST_J3A6KT1JM9,0.04378706
CUST_INFYT63P03,0.029060079
CUST_XXSB1DMQ9J,0.09754539
CUST_T88WVBDSD5,0.10764471
CUST_PJ64IVSOQ9,0.10046368
CUST_64KJCBTOXD,0.744993
CUST_34MFY5QGU5,0.029732872
CUST_CNTM957Y35,0.104076214
CUST_WQGC38YSDX,0.8390152
CUST_GWLDE5E1KT,0.07998621
CUST_7XGE81N4GQ,0.08194383
CUST_1S1A5OLK50,0.04557975
CUST_Q12VDGNG4V,0.019777615
CUST_2IOISEDADQ,0.036268644
CUST_W8UNF82O71,0.03349947
CUST_9ZVS60KQQ9,0.09975969
CUST_JELP25HIM0,0.038515482
CUST_MH9EZN8A78,0.048105482
CUST_LHBLYKWGPB,0.026433636
CUST_QBAT5L9I2J,0.027141316
CUST_RJ557DKETI,0.03605391
CUST_9RNKT0FRRO,0.029654616
CUST_I1IZWYALBM,0.8797906
CUST_FOETLZ35CH,0.07771111
CUST_72O8RPEJMT,0.12763023
CUST_CTRB8LM33W,0.02759986
CUST_BOYNUUN5GR,0.11204555
CUST_Q79FWRD8UJ,0.0282923
CUST_A44PGMK5OR,0.1823651
CUST_ZRZ7NSKESB,0.0244723
CUST_1MUO0AZZ7V,0.13018826
CUST_G2XZUIDG4O,0.05752494
CUST_RZXTUWZAU1,0.025250597
CUST_YATC582V50,0.10459831
CUST_1HQKFFBA28,0.6277242
CUST_BWFBFVECH8,0.06280567
CUST_QJPOVOTHRC,0.021738572
CUST_7XEO4Z6RQV,0.16360126
CUST_QWCLOGNOMU,0.037780024
CUST_BA7JWV5LM5,0.028989194
CUST_VUHD798FQF,0.693961
CUST_IRCY8E9HSK,0.037794
CUST_ZWDF10ZXH0,0.035393186
CUST_BZTASQN9XV,0.8563751
CUST_6PQAYHF10P,0.044476487
CUST_X7VUVOCI9R,0.7846106
CUST_XLHPHB1Q8W,0.029590065
CUST_PZRKPVARCC,0.8390935
CUST_N1QM8FMPXG,0.022306453
CUST_MGJYMBSMKE,0.04381431
CUST_22FLZBYKQ0,0.13493524
CUST_DHZO9MNJTB,0.13442875
CUST_YC1Z66USME,0.051314324
CUST_NSFIXP7FCK,0.08242364
CUST_RTJQR8C91W,0.036530435
CUST_HPRPMX9FQW,0.11064472
CUST_211LA7H7CO,0.11096195
CUST_BWEN04L898,0.040683422
CUST_X3VLIJF8ND,0.1924658
CUST_EOUESZNEQL,0.13578966
CUST_1NHDPMUJ7T,0.035104875
CUST_3EJI0PAEU7,0.026758395
CUST_9PZ9E6WPLY,0.10211225
CUST_U9MU4OAHD5,0.034420934
CUST_AFG2AROUPK,0.13527061
CUST_MFJEDROYNQ,0.07199749
CUST_N4K9Z27VKS,0.102540724
CUST_HMIY9904RY,0.12209852
CUST_01EIRBISLH,0.026170475
CUST_A9974UYW39,0.032545425
CUST_UWD2SXZ1HW,0.026420237
CUST_UNFZQ228ZL,0.032493908
CUST_LGQQNFM8F6,0.10221799
CUST_QKTQ03H8ZV,0.032144472
CUST_91RBYDW8GY,0.77546656
CUST_0BTQG2ZE9Q,0.8275444
CUST_JZ0SJRIK2S,0.03018235
CUST_BCBZH2CI5X,0.028089266
CUST_BMZNXJBBT5,0.024266906
CUST_SASPA3U7WY,0.028339779
CUST_FNANNQDJGF,0.08429164
CUST_XBS302E07B,0.16746512
CUST_8B8955IEAR,0.12255206
CUST_MSDMMQ33RB,0.07915974
CUST_JBTCN2SS0Z,0.7143057
CUST_SEMXTLJ0SY,0.025681349
CUST_21B4TTM3PK,0.031758673
CUST_51H50CWTWO,0.11395497
CUST_S5NQLU215F,0.020813074
CUST_LKEQQWA7KS,0.09625218
CUST_XJ5R082FWD,0.092779145
CUST_QQDU2R7BJW,0.10628215
CUST_S80N42YJHB,0.027512332
CUST_DST6DD8B6O,0.13376936
CUST_9I56GIVVGY,0.036566116
CUST_TCN0AM3LZH,0.026891109
CUST_VHH2Y12PZ2,0.026215771
CUST_Q7BLFF8RXA,0.12080049
CUST_99J0FSWIPS,0.10559429
CUST_U8M99I24GL,0.10202375
CUST_C4USE4B7T6,0.027341321
CUST_5CW88344HF,0.11818949
CUST_DAUK8FK0KX,0.022901176
CUST_OI15N7257D,0.023932667
CUST_JO5QV8IJQ5,0.035535973
CUST_ORHVODB266,0.024380209
CUST_2EP3EM2856,0.031375393
CUST_VBVZHP5CZU,0.11907899
CUST_1SUXLXC3TX,0.044624705
CUST_IDX4RUUGFV,0.15039442
CUST_B839UMXTDZ,0.027275775
CUST_XXC237S9YS,0.12669365
CUST_NDXA2HE7S7,0.07521525
CUST_OPPAM0NE48,0.03378594
CUST_MC7U1JVFQ8,0.034639392
CUST_1FWJEZEVM9,0.024184622
CUST_86PGPOMNHC,0.8047861
CUST_TLQ5FGJRMM,0.1346402
CUST_38IZUHATK0,0.027268622
CUST_U56UUXLZBO,0.10070393
CUST_DCFKBWI2FX,0.123814024
CUST_G21R84R3TD,0.092477866
CUST_MH19ZIUGUJ,0.8525392
CUST_9IXY2SRUGA,0.033556636
CUST_QMXDMT25IH,0.018003348
CUST_YGEUYBVMME,0.032954607
CUST_IHNHE9YT1X,0.0314345
CUST_TIRELD1NHE,0.12845698
CUST_0BLP7VGZ8D,0.033437975
CUST_ZB5R40UQZJ,0.05224338
CUST_8KZGWCJKSY,0.022519095
CUST_YKZNC2WYKJ,0.0972656
CUST_3AU6YZVYVH,0.10513099
CUST_92W1BG27N0,0.02350034
CUST_JYDPDM1UV1,0.12941168
CUST_4JIKMZ73OV,0.036155675
CUST_MJ8ST9QWZT,0.64364964
CUST_XDQB5P5BUM,0.7605022
CUST_J4UPDO93RR,0.7958742
CUST_YOQ9FBVGCJ,0.031443503
CUST_1BMV1OZRA9,0.16583285
CUST_ZA80P5CSCN,0.01915717
CUST_OSPPEKECXW,0.03150841
CUST_GWPWVVGKAS,0.08178969
CUST_NZXXOGUGHJ,0.037214454
CUST_7GGC6L3AYE,0.032979142
CUST_M6VR6A8A7M,0.031763125
CUST_FP83O3VBC6,0.027119933
CUST_RSLCIG02GL,0.028758349
CUST_YCA2M3C9BM,0.14352256
CUST_CA5TLMTPJB,0.019794904
CUST_JMUYU55XI0,0.029983614
CUST_03P3SDRLRP,0.03435548
CUST_W24X3J586C,0.0955054
CUST_4RGRZVZCWM,0.03261584
CUST_SUCH5XZK5R,0.11237593
CUST_W0D20A0NDS,0.028539928
CUST_WT8RSKQ32H,0.83919907
CUST_5YY81FE88F,0.0751682
CUST_4FO8KIJEIG,0.026917623
CUST_ZZ5KK8ALR0,0.027085766
CUST_J93O1N9K6W,0.88979346
CUST_FC1KMQNVN4,0.03523943
CUST_KW689K413Y,0.024308896
CUST_3RFQFVJG28,0.027975652
CUST_IQZIMSQBPI,0.112761654
CUST_R7SOBATE0G,0.120240554
CUST_ORRFEYJXIH,0.039579436
CUST_0NR0YS6PQN,0.035127558
CUST_M07MWCYKP0,0.019269245
CUST_LX5ULJITFI,0.032350853
CUST_119FWERMAU,0.026749058
CUST_UQTV35HZFS,0.09565765
CUST_RMKQYUA0ZE,0.033875328
CUST_KUWFJD8D22,0.027639274
CUST_B4JVSJL0OK,0.027068391
CUST_TF9OXADAG8,0.020836104
CUST_VXJH1JALN8,0.01960672
CUST_U2AMHQTD3N,0.035343226
CUST_OPHLKLZQAV,0.11826673
CUST_7PW2U2UU4H,0.029213373
CUST_VTG0GWC0EF,0.69540673
CUST_4O2KC1CLZH,0.14724784
CUST_NLAKHMKWSK,0.065007076
CUST_OCXTEQNLXH,0.024685103
CUST_RYWDZT85XD,0.027430234
CUST_FRODH88OKH,0.10673771
CUST_LA1B1I1Y5E,0.1301612
CUST_TV25DTMF00,0.033189286
CUST_EUSIT349A0,0.028364817
CUST_MYLWVUC7TO,0.023182213
CUST_8VKFV8SB04,0.03201578
CUST_7WTJ6VK11M,0.02635408
CUST_7ANIKJ9UHZ,0.027844403
CUST_669CZTPM7E,0.06104292
CUST_WX090OKDOA,0.032093544
CUST_OQ1J0JB3KW,0.11615549
CUST_D36DU2872T,0.072879374
CUST_LIQJMJ31WH,0.026385274
CUST_TP1LMLWIA8,0.113623515
CUST_D33IBNZ3KN,0.029716458
CUST_EINR4SEHZN,0.032978542
CUST_YMLAVKU7ZD,0.12206138
CUST_DPOMUW7NJK,0.06886789
CUST_8IEDLFZ09E,0.03078535
CUST_SNFA383MKJ,0.82649904
CUST_TPFPOSXKR7,0.12508975
CUST_ZDQFUHZY38,0.07478372
CUST_VGXZRZKHBS,0.021525498
CUST_SBYFA5OX1J,0.026353378
CUST_8HOJLNYXB5,0.023679173
CUST_HVF1ZAFNNZ,0.026126297
CUST_EYPP9JAG7N,0.091829605
CUST_8GD306QBYV,0.034583963
CUST_PDY4PTH6EI,0.031914108
CUST_17L34WYLFX,0.022960778
CUST_1SN1E8J1QW,0.023172071
CUST_J4Q8MITM4S,0.026757563
CUST_G0YJZBJWSK,0.028830046
CUST_LTY315PDGJ,0.09071018
CUST_E3PL3SCAMH,0.19210994
CUST_9D7B2QXQ1W,0.85208535
CUST_N7UZNSBE26,0.051252164
CUST_LYLT12P9CX,0.110585734
CUST_6WK3J9VQ98,0.092440054
CUST_SMQRXBN4Q3,0.028379494
CUST_9EH0O8PWO3,0.097557224
CUST_2WRC590RUV,0.027065521
CUST_HZ985YVJ7X,0.79943717
CUST_XBYW9GR0ZV,0.08626742
CUST_XUXD68HJZW,0.02094094
CUST_69GZHGR8QZ,0.02269442
CUST_VAJL4DHBQ9,0.09365491
CUST_PDSTENVWEV,0.027682563
CUST_QTHXKUZZ2G,0.8171825
CUST_CWMGCZM190,0.030173661
CUST_XP0CEJ4KX8,0.025605354
CUST_3KVF4S3AZ9,0.11389796
CUST_23OXGGXEUC,0.025117757
CUST_COYPBK7DS0,0.12510252
CUST_3LDXJOFOJP,0.65232813
CUST_NDJ2BN8NZL,0.129713
CUST_68SKN800SZ,0.024363117
CUST_89KFVT3X2L,0.07417113
CUST_R70KGFDQPK,0.12429564
CUST_WANE4485ET,0.025744576
CUST_82ZGK4BA07,0.03233987
CUST_C8Z7460KJA,0.020644644
CUST_4T08XFILVG,0.07916996
CUST_MXGZMU8K5V,0.06153339
CUST_YNZ2FC0WGU,0.019745471
CUST_XZ15WH19JE,0.029683834
CUST_5TWFS1RETP,0.032380223
CUST_8KGGQ9IFYI,0.021497633
CUST_SHVSB7GRIG,0.12615213
CUST_02UKNEE1VZ,0.029771628
CUST_7AQ4S3W6LX,0.1945142
CUST_Q37GCJ6E93,0.020407172
CUST_5P7CT1M10K,0.062547594
CUST_V7703FX1CE,0.7653534
CUST_JRUX49J8NI,0.85729057
CUST_UV8TXFSCFY,0.02994349
CUST_KOTTBN8DWB,0.02619969
CUST_15NCT94BV7,0.021243302
CUST_J2QHPJW9C1,0.037320018
CUST_ASFBRRU7OB,0.030387588
CUST_O6WMT2F8HF,0.033012804
CUST_TRBDHNSWCS,0.031369995
CUST_4CW7ETUOA8,0.028665531
CUST_GV0R4PQYTZ,0.11962196
CUST_TOIRSB62ZC,0.03735787
CUST_R52IF90H4C,0.025616486
CUST_GSIE10YP58,0.023425667
CUST_U4CKB9HRW3,0.029448468
CUST_U3OWX6MYWG,0.8784994
CUST_EW4OD9E8G9,0.02936493
CUST_9SNHP2E7MM,0.024627974
CUST_T6XYC58RWH,0.022679977
CUST_EP4WZYWUIK,0.1635735
CUST_S8RTDBT8E0,0.09960197
CUST_AMNRAX0FU3,0.024700057
CUST_WX4BDYUNQC,0.02313296
CUST_A6Y59JCF8Q,0.02896396
CUST_3BZFAXD04Z,0.03088946
CUST_CGAM5JBQNC,0.02771644
CUST_RT1WGCMIO9,0.02879806
CUST_9QCMXABN4F,0.022165643
CUST_H5V9XSLEKY,0.0733921
CUST_KIFQ9031W5,0.024790902
CUST_O7GLCUVUGQ,0.70931154
CUST_IEFX6XD2VI,0.03151918
CUST_PFMPE73DE4,0.025705228
CUST_B04VZPOLTC,0.018387545
CUST_U6NE2Q6Y3M,0.036081072
CUST_Y3QNW24V0K,0.063116014
CUST_5MGS60EQC4,0.030959697
CUST_CB2D23Y0RM,0.12302533
CUST_I93JVS2X2O,0.02614582
CUST_CVF4ZM5R78,0.08390162
CUST_WMQTYA3TIM,0.026630571
CUST_P5NA1R5J3D,0.09624397
CUST_8N5W8GECIW,0.04812388
CUST_82U83YX0KE,0.15855007
CUST_LQYEJ4SCS5,0.113151066
CUST_UKFV4MG1M9,0.09548032
CUST_LEGPS76XBR,0.7260193
CUST_PKMX462TBJ,0.11462724
CUST_D23H52VNJC,0.080214284
CUST_FV28XIYWK9,0.02231755
CUST_RJB35PJNYF,0.02497726
CUST_P46TLREBLL,0.030984025
CUST_W659X1AX8R,0.037760556
CUST_IIXOAG5ASG,0.11983307
CUST_ARYZ6Y5XOZ,0.025698278
CUST_BM97W000VP,0.031115938
CUST_AGR5OQ7L91,0.09343148
CUST_N2TQNMSAAN,0.039412785
CUST_DUZMD5CV9W,0.02349179
CUST_MKAJ4PD8QP,0.021569507
CUST_N7VZ9LZBK4,0.04206108
CUST_CWMKMMZX67,0.08318105
CUST_LRPRJGUZTP,0.114515744
CUST_8WNS0NHC50,0.060584944
CUST_LE7A5XD873,0.03737498
CUST_2CJLPRI2ZB,0.08993028
CUST_568DQ797IR,0.026197767
CUST_NMP3SHCZF1,0.1860377
CUST_RWLKJFMFAC,0.04605252
CUST_YNP9QZM04N,0.12716234
CUST_3M720ICNS9,0.029193169
CUST_USAO1E6JRA,0.07004177
CUST_00WRNFSS1K,0.022560876
CUST_VXJN63H0KS,0.023437744
CUST_1JUVEAZKQ5,0.07598725
CUST_VLWK42BYZP,0.026913442
CUST_222VUUL5EJ,0.16498631
CUST_D0LLGI9QOF,0.09340581
CUST_UCMX8U66K3,0.069892384
CUST_54UU3QGFMQ,0.023100877
CUST_LECR9K9ND6,0.032279514
CUST_23ETUU3WEB,0.021855274
CUST_2P42PUMDPF,0.02527
CUST_VYL5BW9RLN,0.14087473
CUST_2OLF1SZAVN,0.047979336
CUST_2AYGJZATFA,0.021471802
CUST_A2WOY8539L,0.030818028
CUST_A741MYMBLY,0.08529836
CUST_2TWD6179QZ,0.02187366
CUST_9JSTO2XN7O,0.028101495
CUST_UES1GXIQVD,0.023219218
CUST_BZOI8VLR6B,0.022269832
CUST_NHQL7PXK5Q,0.5257396
CUST_UMJQKYTIMA,0.08288487
CUST_ILCINLULH8,0.13042346
CUST_R258L1YZL3,0.03312248
CUST_WH5TG7EY7R,0.09325347
CUST_VTOUZPK7YZ,0.026302215
CUST_0R1F0JUW8L,0.13639775
CUST_5R5AULN4AM,0.11111603
CUST_W7Q66YVB9Z,0.16845208
CUST_ZFPWPJWPG6,0.08054192
CUST_M5P5Z8FNNI,0.83101225
CUST_NYMCH6MYKC,0.077240214
CUST_XUR8KQDYBP,0.11876549
CUST_LOWPSHXYO0,0.0757705
CUST_14L9GNVNLT,0.027474603
CUST_9AG1PLAG4I,0.11246344
CUST_C71M3M8QQI,0.030352369
CUST_Y59QU8GHTC,0.025656655
CUST_FX6PPSVLVY,0.16528887
CUST_L9E5O5SKKW,0.08939811
CUST_GG1FVCCB1R,0.026022207
CUST_0GRKUZNVR4,0.0304974
CUST_YALBC3ALA4,0.085319735
CUST_XIPZ82IQ2O,0.07452625
CUST_BFG0BODYY7,0.021351214
CUST_C32DKW85V0,0.027494803
CUST_QLTJ9GVRA6,0.030916573
CUST_S22K6FSO8G,0.028302321
CUST_R9QTL19I39,0.03168495
CUST_TV4F8UBDUH,0.027043985
CUST_4SS8TZMBV1,0.10688318
CUST_JDN9W579CE,0.022995654
CUST_2B82PS1EGF,0.023991454
CUST_8HVPAH3AUH,0.030334888
CUST_F1ZBFQK6HP,0.024360023
CUST_G9VRZBZJQJ,0.035495695
CUST_KT7F0C0EEM,0.021056946
CUST_3YS7946SCG,0.08395098
CUST_8N38Y3SHY0,0.023819163
CUST_XKMUKVZ0HU,0.09262144
CUST_VSIQI807RG,0.03941359
CUST_T3MZP0IN1V,0.07204802
CUST_8OP18QKA63,0.028493619
CUST_LE9I81S08M,0.03185431
CUST_SNPH2JA96F,0.86373097
CUST_FJZBAD38UM,0.022062795
CUST_Y0LMGXFF5A,0.08541371
CUST_CZ1BMVOHDN,0.03497943
CUST_SVSSKQTZ5P,0.024836559
CUST_BQOQ29IY8M,0.08087926
CUST_KFVRIL9YF2,0.043846805
CUST_4U6VHA50KU,0.10132537
CUST_B4DKA71IKX,0.04184236
CUST_M1J3UR4INE,0.043393116
CUST_A6LQVUUB8L,0.024170851
CUST_3FBRA2H8B7,0.8766214
CUST_DZ8B7GEEY1,0.11732839
CUST_Q5BFUE2TD4,0.12764075
CUST_P5XGJRCN5D,0.028288215
CUST_1TENG6JO5Y,0.8173124
CUST_HJ2GLOXYEH,0.12704371
CUST_6SA7LSVX86,0.03523242
CUST_3ORDIO7LUM,0.12966259
CUST_L1X34XZEX2,0.15369253
CUST_IKAW6L93US,0.034186166
CUST_4E1X5T008D,0.041447874
CUST_5ZNP67FJ73,0.837229
CUST_36FYPW3LSF,0.02799486
CUST_JKYN2P5UXD,0.027574055
CUST_S2BVZY94LM,0.07557983
CUST_GDCOYMLCER,0.069542766
CUST_3X549HYMWU,0.093693
CUST_L57YFPMG75,0.024000233
CUST_1QMU9NWV9N,0.019771283
CUST_X4A6IMFQL0,0.029767448
CUST_L8FR3VT2ZT,0.83706546
CUST_1KS1B62O3B,0.024911402
CUST_NE9OZ9JT0N,0.7289128
CUST_2G64RDCA38,0.022269173
CUST_FUEXP7TJ5Z,0.15197925
CUST_1HWBOEVR6R,0.035568565
CUST_O7PHQXOGCR,0.025772223
CUST_WVB6P776GG,0.037930507
CUST_C4SC6VO5OW,0.7974679
CUST_XBBL11AHYU,0.86669594
CUST_RLYM7HW6ZD,0.031335007
CUST_2IA4DP063I,0.027057996
CUST_E1J1Z7YL6F,0.16837923
CUST_ARN7XRA8YO,0.11769695
CUST_NUE90KRIHF,0.020458095
CUST_BOV48UZ346,0.18023384
CUST_F9Z1P2912E,0.10575929
CUST_2C1KRSK618,0.08248905
CUST_NG0RDJJ34F,0.08615687
CUST_GOEO8CDMAR,0.10554834
CUST_ZWMMW96Y6P,0.023988817
CUST_QM7FM1LI2Q,0.1041062
CUST_SHG10OM7OS,0.03377721
CUST_7IK9P8GQFS,0.12749736
CUST_QX8M6OZNO5,0.15522905
CUST_F4YLMJUBI1,0.11254918
CUST_INVC7GZ6KS,0.10245392
CUST_KYRJ1Y0UFO,0.025434576
CUST_FV4MVX36DQ,0.024594653
CUST_YRJ4BKWKRB,0.12874925
CUST_P1ZUX37SMB,0.09421456
CUST_E1SHW0TDBP,0.029910889
CUST_CEMU1TN62F,0.0256278
CUST_ZB3N8IZLET,0.86023164
CUST_IS2055NMW2,0.10569257
CUST_7ITI00NM8H,0.036154423
CUST_96I70RVPRW,0.108887665
CUST_3KKD5URRU2,0.027472442
CUST_G3F53R9EUN,0.030754777
CUST_9N0141XMVM,0.018227614
CUST_DDJO9EI4EK,0.022368858
CUST_1DJW1W352Z,0.036763772
CUST_1KG7BJHNMU,0.034386054
CUST_LYLYTU4S1I,0.1296419
CUST_GHQBM33ZMZ,0.07956885
CUST_1OYLNUXCWY,0.061673533
CUST_2RVE5AM28V,0.74242574
CUST_1S41PF67TS,0.07079107
CUST_JJWMJRB9OB,0.0927406
CUST_SHGP4RTPO8,0.027745722
CUST_CQHSP6X60F,0.08621126
CUST_EMZRBVJ93T,0.8276963
CUST_1WKV3F5EG3,0.03326411
CUST_AE656GRLAA,0.08203133
CUST_6LCJP2PIAH,0.7872813
CUST_AKIKZGUG9A,0.024339028
CUST_3RDO0ETJQD,0.8924562
CUST_GZJ1MDV818,0.02095517
CUST_5IV28IFK03,0.04233586
CUST_QTF0S3AW0L,0.026982022
CUST_AIPXBBSK43,0.027603002
CUST_42565ABXGN,0.034223482
CUST_19M1KOGVVA,0.021589022
CUST_QO8WFTGLZW,0.123715065
CUST_Q8ISW2ZOBO,0.030838773
CUST_ZB6Y1ECOIE,0.06379822
CUST_5T1TEM199T,0.11247242
CUST_E257Z623Z3,0.020336794
CUST_YFUXKTT4VZ,0.018472262
CUST_MO08A6QH2U,0.022475118
CUST_WFO1L6A347,0.029531779
CUST_4JAC9QP4KT,0.8622864
CUST_Q0OGQV3730,0.08229232
CUST_MP9VNTJC6J,0.055678003
CUST_2EO5P07G34,0.031237172
CUST_1NPQPCCNU9,0.027061498
CUST_1ONNUHF557,0.028089164
CUST_BR39LHBLI5,0.10060384
CUST_93JH5W3FQQ,0.025916006
CUST_UJPC1XGKSR,0.02799586
CUST_4DPYP28Q9B,0.068381496
CUST_IUA19JYMIS,0.022448832
CUST_YPGCDUJHLP,0.10580007
CUST_0MCKKFEQ7F,0.03531819
CUST_URQMQI9ECM,0.031322
CUST_RVBC6IFXAM,0.036921155
CUST_UCCEM72TMH,0.061486557
CUST_DUUP7KHP1I,0.112105586
CUST_H5UYTHUS99,0.0956345
CUST_0DUVCKLPDE,0.08110885
CUST_X8KYPVFED5,0.025819544
CUST_GDH00AUT4Q,0.8299502
CUST_9OQ80U1P0C,0.121431805
CUST_DKIMYH0BDJ,0.028122786
CUST_SCJRW4C5LT,0.8490361
CUST_UUVDAV1Q3D,0.102665044
CUST_YHHX2WTXHX,0.023488017
CUST_81F25OG032,0.020367192
CUST_RLAQ0447P2,0.023083866
CUST_QLOV1SJ9HO,0.0231783
CUST_DGJDHMAGKV,0.8166188
CUST_D7X0GBQ53K,0.12845305
CUST_IZBSMS2TJ2,0.046179973
CUST_F8EV43WPKH,0.03446732
CUST_7NWKNRSBCX,0.030012136
CUST_WYVUQC07JP,0.02800719
CUST_XX7VAGZHOO,0.10808337
CUST_F4PNLJELYW,0.0710808
CUST_LHRS8YJXQQ,0.06480762
CUST_Z5GOHP8TJC,0.15178218
CUST_24AOWNISGB,0.023974985
CUST_9JVTQXCC7D,0.027889647
CUST_X7AHLB8VVT,0.023060778
CUST_MVP16YN5AX,0.03408156
CUST_CCULDXDDIC,0.12660965
CUST_YWFE0QSI9O,0.11072277
CUST_QRLTORYB7Y,0.024000345
CUST_377AOTNSFE,0.025869163
CUST_8XFL4R79RX,0.03076101
CUST_74A68YI1IF,0.11747612
CUST_EQKR8K6K6U,0.030110655
CUST_8HGBDJVL39,0.034289446
CUST_9YRNFWSKS1,0.10304684
CUST_Y5ZCA4F0NF,0.8315296
CUST_5RMF0KKPA0,0.85383147
CUST_OK5RQ8TW1T,0.80297774
CUST_Z8EY2SBSKP,0.096883506
CUST_JCZGT53JPE,0.018639142
CUST_P1AT4OHBH1,0.09809361
CUST_DJMJA2F7E2,0.09358675
CUST_L1KROYVSYV,0.8391873
CUST_UPHO6XRPIK,0.03237219
CUST_UWQY0B9MFF,0.023183886
CUST_D5ZTG1J9AZ,0.031795204
CUST_DLGW8GBPHS,0.054663554
CUST_BS24S3PLAJ,0.03621091
CUST_O5C15FU5B7,0.03704175
CUST_I1HVDQOG8J,0.10932192
CUST_GMEVPTEA3P,0.04699563
CUST_N494A20MCT,0.025910374
CUST_GL69XSKKVD,0.02140637
CUST_AXODOKZDEQ,0.8404485
CUST_0G8X0GYZ4A,0.031987946
CUST_4RLOQVA7VB,0.025512474
CUST_ZYYX16SKM7,0.027299847
CUST_XERRG9T7ZK,0.105751984
CUST_5QR5LX7HUF,0.021763435
CUST_XN2DNGMBKZ,0.024955865
CUST_N9FY6T1HLA,0.02631649
CUST_S683SCOQ44,0.11339441
CUST_AOMKP6BHA2,0.12561052
CUST_YCCWOJP97F,0.034457207
CUST_V9HC40ZIM2,0.036658064
CUST_GXE8A8FF6B,0.0950515
CUST_EUKS0O1QFC,0.038730808
CUST_1VA3PA475G,0.068627104
CUST_O8RBY7UT0S,0.08313054
CUST_7PYV4SM213,0.07509724
CUST_FZ9ONI7268,0.8481796
CUST_LL24PWKKTD,0.02249623
CUST_T8CET5PVCM,0.021458343
CUST_201JMVYDK8,0.029512871
CUST_K0IKAQDSHZ,0.1327465
CUST_FSX2PA7GZ3,0.02318293
CUST_VE13EXSK85,0.11940878
CUST_ZAAIA3VZ1P,0.02518064
CUST_6BP7I9JH35,0.085461624
CUST_9GJKPK9UXK,0.072631985
CUST_Q9MX3WPZVV,0.09827397
CUST_37INNO2ILC,0.025521668
CUST_SBR1YIYA4U,0.020389834
CUST_N6Y7LR50Z3,0.036444757
CUST_TM83WAIQAT,0.02524468
CUST_TX57NZB8T4,0.85144275
CUST_X0DRRUBWFO,0.79313236
CUST_K3TH9UNYVP,0.14420925
CUST_4S6DVHI4WT,0.85809445
CUST_JE9XVC39L1,0.02934081
CUST_N4D4M0AHRR,0.030473044
CUST_T1J4WMXZKN,0.09675661
CUST_OD6DH0R4L9,0.02394845
CUST_EUIASUWA6W,0.07025224
CUST_PSU2PE9DL4,0.02181655
CUST_8AG0GEMF1J,0.017763484
CUST_O0IAQLPTAO,0.037142377
CUST_DL2DYCZ5EJ,0.025776617
CUST_X4KVAEBAQO,0.09591521
CUST_SBA5J31YK6,0.15628491
CUST_JEZBQ0FI38,0.029450534
CUST_MG20UBN8SF,0.030867822
CUST_MW5IVFVFC7,0.028465565
CUST_6F7Z3MIIK0,0.04498934
CUST_YVBL70CXRV,0.098968096
CUST_NVJL294UHL,0.15225029
CUST_LTSM8NM95M,0.043452922
CUST_Y6Q9I6F248,0.035947464
CUST_O71D2R3QT0,0.09654644
CUST_N8Z8QZB7PE,0.037494533
CUST_CDFQY8M96R,0.027576752
CUST_65397XPA8G,0.14095466
CUST_MMSARN7GHR,0.036186796
CUST_H2FT6CTK3E,0.10355441
CUST_5D9GEYT451,0.10005219
CUST_OE02ZKKTFQ,0.14959666
CUST_V8OQOR85HJ,0.8058699
CUST_FGE4RMBRG1,0.082343385
CUST_4EVVV3BKA5,0.031978447
CUST_SPZK1Z7J2C,0.087228365
CUST_MK61SCFGF0,0.029124256
CUST_SNV1I1J6XK,0.026452264
CUST_RPCFQ78A07,0.081024915
CUST_4POHDZMX4G,0.028859658
CUST_CDJBSA3IFH,0.020339722
CUST_JVGJ4Y7AK6,0.13621396
CUST_HWBJ6PD6N5,0.11118267
CUST_3SMAOMZ7UP,0.1334822
CUST_BK6SZK2Y7Z,0.022216683
CUST_C63J9IW19V,0.09592148
CUST_78AOFN6Z0L,0.115038164
CUST_NYPDZ22UFU,0.026976628
CUST_MFK89C3MMS,0.026115695
CUST_CBJE97P1R9,0.029289283
CUST_J5DWRSW3YD,0.06719165
CUST_OJNYV82UW3,0.09301994
CUST_9RX1XWMX59,0.13744058
CUST_UDC9P3T1HA,0.03779465
CUST_HA7Y66H0D2,0.090076305
CUST_6F8MJOLJQ9,0.032930408
CUST_0ULLKJVEQN,0.0323014
CUST_OVG1UNSO7I,0.018471967
CUST_QGPL8J6VZS,0.08968131
CUST_ZOQ6SD33PG,0.033309177
CUST_G8ZCMZICS8,0.025231786
CUST_W73WT1N8C8,0.10084904
CUST_IZL99ISYQU,0.08684265
CUST_JGZL4Y2Z7I,0.11748017
CUST_NRNA1WS9RL,0.027176542
CUST_Y8IBZGXA4H,0.028596671
CUST_YYAJAAIYF6,0.03242571
CUST_87L56R8XOV,0.0784446
CUST_BX1RPHOIXW,0.023727372
CUST_PQ0NRT12YV,0.02934056
CUST_NT7PCLR864,0.69817567
CUST_F30FOQIJIM,0.026539847
CUST_JJHO65CHLX,0.032592308
CUST_41EHVMVPEY,0.1155614
CUST_IVS1UX40DW,0.10051478
CUST_PJYVTHKXKJ,0.01856481
CUST_SGE5SGDFN2,0.030715346
CUST_PKS7WG35BV,0.019042311
CUST_3EYWGENZEC,0.03259058
CUST_HGU8O0N2YP,0.073160164
CUST_CTYG5ZLB9T,0.15332453
CUST_W4HA0IYBXV,0.12069506
CUST_GLW8JB3YHU,0.021529451
CUST_VU4EQFX32C,0.15430766
CUST_OMUP2HBV8Z,0.031278793
CUST_ZIWEUE5NRL,0.1590047
CUST_AD3SXNKJOW,0.065951556
CUST_CA1Q3U1KGY,0.0321553
CUST_GF4ZGDNKWN,0.106599964
CUST_F6WPGW6DV9,0.07483842
CUST_O2SNEK0V0P,0.027760575
CUST_J27A9GFWA0,0.10668975
CUST_JBZK8PT46N,0.09961755
CUST_1SFAQG3Y5C,0.026558759
CUST_NN5T265FCQ,0.037689094
CUST_48GMTKXFTP,0.60458696
CUST_DI26NGLFC8,0.033521228
CUST_61XQAGJ55V,0.910823
CUST_L2Q6I34F3A,0.03521376
CUST_4Z22ZYQJE4,0.101855926
CUST_M9IVZVLIQ5,0.11023354
CUST_C590GLJCCO,0.056072816
CUST_WAISVQD7J9,0.033859894
CUST_XNDQS2NZY9,0.021210589
CUST_RTRE79EX7Y,0.09366388
CUST_YSOKY9T1YJ,0.036149573
CUST_JUG28DD864,0.025605591
CUST_RIK6DZ1L0V,0.02456375
CUST_2APQSOQXKN,0.026172757
CUST_Z9X8PYSSP3,0.022345737
CUST_NGXRCF69Z1,0.089746214
CUST_RQ9N1D7EBC,0.033087328
CUST_EPWTXXH7TE,0.026604477
CUST_E8QF8ENXKQ,0.10018648
CUST_OTAB60A3WN,0.03328444
CUST_8E7MA45MRH,0.091986954
CUST_AKTR8RQ2YR,0.029539919
CUST_PL8YB6HBRM,0.11658798
CUST_RZHRXJ43CB,0.02904767
CUST_0AZNUCZC8U,0.021265963
CUST_F0OS46J4AP,0.031036636
CUST_8TNIO6JOCR,0.030813819
CUST_3XD89QU1EV,0.8233667
CUST_AUXLK5Q4WD,0.77455235
CUST_3XPAKVPG6G,0.8977396
CUST_B5D2X003T6,0.11898586
CUST_JKMAM0HJU2,0.025956053
CUST_YLOMBVRZZ6,0.023008717
CUST_L14TLGHXCE,0.11275791
CUST_XCQLO3RJYR,0.02449891
CUST_N5YPPEOFIF,0.83399594
CUST_Y597BUJWJZ,0.03142816
CUST_334JBCR7AK,0.032263316
CUST_921CCCMMN4,0.1476305
CUST_9H977L09MR,0.03279861
CUST_D6TP15MUMI,0.08962557
CUST_GDJRD3E7FB,0.02552293
CUST_Q0W4L2260L,0.022453375
CUST_XGYAPKDZ68,0.114340894
CUST_UUXESNWPCX,0.02901175
CUST_ACW2X7QPGQ,0.02701105
CUST_OU0L52NRLP,0.035414524
CUST_ZCZHR99DBW,0.1633287
CUST_PPYKONOEFE,0.03011591
CUST_YSM56QW5WJ,0.08733522
CUST_RKU3XVIHK8,0.020134041
CUST_A7H8V3VSYE,0.03927433
CUST_TR8BRDGZNG,0.08696157
CUST_O9LIBTQLIT,0.029409101
CUST_14QP2LDBOD,0.08297626
CUST_OBYU4932O6,0.044196423
CUST_G2AJ9F15TD,0.019501356
CUST_D3YEE5TAPG,0.025737563
CUST_C78BGS9U38,0.22321433
CUST_T046O4EIY5,0.027075537
CUST_EKJ0B72ZPM,0.04248702
CUST_B4654FG86Q,0.023962332
CUST_80B55E0KQY,0.09161099
CUST_PPSJJF6S9F,0.15524426
CUST_LI93OZWXGH,0.10808201
CUST_ZHMAWSWP3P,0.8260022
CUST_XTPF805EMG,0.09686786
CUST_US5PTA0GXC,0.10719555
CUST_GMSFEO725V,0.02501864
CUST_6HW5R8W6FG,0.118892595
CUST_YLY7X3TEJD,0.03284057
CUST_2X91LSSOGD,0.027757604
CUST_2JU0BT8SWD,0.82167304
CUST_2M9Q0UVMTQ,0.023119975
CUST_3166NFQ5QP,0.12954958
CUST_Y65H7S21NP,0.07429269
CUST_SX6FRX3SST,0.029352276
CUST_9OJPJCWA2R,0.1458216
CUST_8ECIGG25FE,0.036360286
CUST_A147A6TQRH,0.025569106
CUST_S1GVMKPYZH,0.2031314
CUST_A4IW4R6NXR,0.019472534
CUST_NDP6YYDZJ6,0.028442899
CUST_W7WAG8D1S4,0.09374324
CUST_K3BE5E2BSZ,0.022065274
CUST_ILS4X4OKFS,0.024540797
CUST_I21AJDRNU5,0.043646634
CUST_W3R71LJ7HQ,0.16580825
CUST_NM3T648JGE,0.021896882
CUST_UJBZ6VH0UV,0.11349333
CUST_L7WKZPKS32,0.02624449
CUST_TO3MDMWH5X,0.022737795
CUST_3VL9DABJMZ,0.023729851
CUST_CBKX2IA20K,0.029275145
CUST_KFBV11IUY0,0.025168592
CUST_42930QOYHG,0.07171357
CUST_TRX80MT6IU,0.019776108
CUST_T2R8RKANOM,0.08683573
CUST_D0Z7AYW3B9,0.12049252
CUST_BCX7Z170ZN,0.029127076
CUST_BXOA2DRUV4,0.029656194
CUST_9PX7UUQ2TG,0.09164238
CUST_823OXMDLIX,0.06619011
CUST_1Q6ICGQYXS,0.0916302
CUST_6EBKXG2NYS,0.067400664
CUST_2E9H8J7ETH,0.08125183
CUST_OMMRQ2MPLR,0.06740008
CUST_TMD8R2RB22,0.035435397
CUST_Z0Y6EK1YA7,0.027628094
CUST_EULLIJD2KA,0.8828888
CUST_5OWW6X1TZO,0.03233365
CUST_4AF82WHPS2,0.021660507
CUST_7BTA71FELC,0.0279036
CUST_NF9ZQBQUN6,0.095384724
CUST_I7NLBFM3Z6,0.024603352
CUST_AG46IKYIJB,0.023117423
CUST_N1KP9RJOOA,0.021457607
CUST_WQBUWDQAVP,0.08298267
CUST_O4JX6BJ3G4,0.030179935
CUST_CY90SM6MS1,0.08907933
CUST_A70HS3COX1,0.030952439
CUST_HKZRWTEXM9,0.028894259
CUST_VNZKM7727O,0.02042812
CUST_SH1XTI2DRI,0.7475146
CUST_RCS63MKYV9,0.035161182
CUST_P3DR2UGNUP,0.03878603
CUST_NGRD9SWWEE,0.033009518
CUST_1GDH9QOM1N,0.024531337
CUST_D9MSCTPKW7,0.07495363
CUST_VDTAMESVDL,0.7589884
CUST_I5HWLAOWFX,0.02514377
CUST_G0KHOEXMWO,0.0787329
CUST_A4XJBW9DUA,0.08219867
CUST_INT3FNVOPV,0.13682115
CUST_PJ4UB8LGMG,0.78856665
CUST_7GQHM57FEJ,0.024926795
CUST_MMK6IBZ7V8,0.13192424
CUST_GZEAK10SKN,0.027774176
CUST_WFJY5HVEUM,0.02392305
CUST_Y9OITEM2WT,0.1315116
CUST_SNDO12CZ4R,0.09882282
CUST_2ROQELYE9D,0.71318537
CUST_V31WKX7742,0.07860266
CUST_O54J1MKN7W,0.018383998
CUST_WQWUUHWMN7,0.026630804
CUST_FJ1I4YPPIS,0.078923374
CUST_LF0TVYY2UT,0.032873403
CUST_W0OTDYE0UZ,0.0370312
CUST_KTPRGQN7SV,0.032672178
CUST_MWDU3BDAW6,0.024245203
CUST_A0W9KHD3HL,0.026863117
CUST_B0WZKJYBL2,0.10269865
CUST_JKCI95QEVQ,0.11356295
CUST_F85B4U0V09,0.023262583
CUST_POQP9H0JHZ,0.114131376
CUST_PT76ER976R,0.023943758
CUST_FT9X735SOH,0.028530344
CUST_QXZF42BIIH,0.030317599
CUST_14V6GQ24LZ,0.024808304
CUST_31DS41PHZ1,0.08925685
CUST_6G4LDWBT1J,0.034049068
CUST_EAODF1GGFZ,0.02481349
CUST_MFXC38IXJQ,0.028674083
CUST_54FNW9LO7J,0.14048478
CUST_UVMTFFB3DB,0.08620966
CUST_37N9K0I32F,0.028463146
CUST_8IF3Y9R59G,0.14177777
CUST_UMKMYEUS94,0.02721493
CUST_RKRF97ECDZ,0.07313389
CUST_BV1LXRTJ2S,0.12064259
CUST_OJKYUFKVML,0.05877972
CUST_UZBM9K93L9,0.023586925
CUST_R5TT2TJ5MO,0.026613666
CUST_8RNI956RZU,0.02525727
CUST_6TG9WOM0TF,0.11932787
CUST_K1RN24FZRY,0.14862841
CUST_JRMLO35XYO,0.025101233
CUST_TBX45KOD94,0.019312944
CUST_6NUD0ZSF6P,0.15163168
CUST_5RM17V19HG,0.036263693
CUST_WF4MIF688C,0.118273094
CUST_MCWVX6XGF9,0.121886805
CUST_T1AUH2ZI20,0.019767273
CUST_390ZG3LWJ1,0.023270871
CUST_ZA8QQGNS53,0.12605822
CUST_8WNGI0XO1O,0.022820946
CUST_6OM3DD7WFJ,0.022625383
CUST_PC67L8CNKU,0.059531502
CUST_H3WK06OW59,0.026050612
CUST_AR3YG0P845,0.033645194
CUST_NCEP50TY4K,0.15118013
CUST_Z89O52TGBC,0.023775086
CUST_3D7MAIS37L,0.11919169
CUST_YRJUPD3HMJ,0.066094324
CUST_F05W3G3N7Z,0.0876918
CUST_BKM72J4ZGT,0.029237362
CUST_3YDEMVWSE0,0.14112687
CUST_K59GZTJJEF,0.025526121
CUST_4475LJ2E5W,0.022414451
CUST_9JOILZUZXC,0.029891469
CUST_KOU195NNPD,0.024529928
CUST_5W1YBPJ9TB,0.0364138
CUST_NEERMFY22V,0.027145363
CUST_OBS7WICXQY,0.08830273
CUST_5Z32KAIOD5,0.024052927
CUST_D3M0O7OYXB,0.030121045
CUST_OXHKDU173E,0.11301234
CUST_PU1XMN5ROU,0.09172685
CUST_0MVOBBV2CR,0.14156887
CUST_V0EDEW6979,0.087697506
CUST_2WYACOCG67,0.044252697
CUST_EUHNEQ49MW,0.03036312
CUST_S57HFDWO20,0.09766484
CUST_HIK0WVW8ZK,0.09299963
CUST_KF9Y5SXVZA,0.022530429
CUST_V1ZLH81VK8,0.09017242
CUST_2MOGKYGG69,0.027483713
CUST_0H6RWNGMC6,0.04163742
CUST_UEOM8JY92W,0.030342406
CUST_7V0W1YE7VC,0.024420965
CUST_0LSRAVICVY,0.029793693
CUST_U6SX27B5RQ,0.021812603
CUST_44B8G40LQO,0.023996687
CUST_SYCJ0EVQKP,0.12643382
CUST_42T49WBKOO,0.8499518
CUST_8ORUUZ2J5D,0.018828787
CUST_JKVOGIR882,0.026748039
CUST_OGYN427FL1,0.036780734
CUST_JPHGHDQTZ2,0.03139661
CUST_TVCMHIUS75,0.08030276
CUST_7YYYUNNYKR,0.13752308
CUST_0M41JKVQ9K,0.14925145
CUST_Y6SPS3H765,0.11546572
CUST_N2TI663OOD,0.021213941
CUST_4TXQSKJEJC,0.06326677
CUST_MTMVK4SUM5,0.84051096
CUST_JE9NNK2PYS,0.022518702
CUST_6OGTRLSRQR,0.11943628
CUST_U44A6QQ1S9,0.031244658
CUST_M6G119F7C9,0.020054404
CUST_ZIWZNW8Q4T,0.03408241
CUST_41F1AYJSZJ,0.024584908
CUST_BO1F2PT30C,0.104884274
CUST_HVFAF3OQ2P,0.08666117
CUST_B81Y0JEHFU,0.08023241
CUST_3BVTF77VYI,0.07752649
CUST_9JCGPZ8K9N,0.84600514
CUST_REFWOGQY9U,0.13208485
CUST_Q3JRTIF96U,0.74306506
CUST_5XR0U800VP,0.065866366
CUST_V9QIUS6YWU,0.12788111
CUST_XI9BB7WDPI,0.13359967
CUST_UI7I784IK1,0.03550539
CUST_YQR8A429HJ,0.03012987
CUST_B39U8GR710,0.026240475
CUST_63T458HQRC,0.027882086
CUST_RA5TJM3M68,0.14067353
CUST_6AES34T4S9,0.07273757
CUST_FJ931VPDPD,0.09503921
CUST_HR4TL85Z9T,0.10151616
CUST_XD446OHWAS,0.08008634
CUST_W349A5W5MI,0.02317152
CUST_P20RLGZXYX,0.09328874
CUST_I9K6RLH3II,0.09209681
CUST_UFEBHGT4O6,0.0204603
CUST_Q8UUL2HH9R,0.03633374
CUST_AFP2DE2RM9,0.028812587
CUST_UT2ZEYP7OF,0.8098538
CUST_41ERR30LJJ,0.11472736
CUST_BSXE2JVPU6,0.026822882
CUST_A90VYCU8XT,0.037702378
CUST_U92VW2UT9J,0.13343227
CUST_T3HKLD0INX,0.10152255
CUST_S3AB3XM9HE,0.11807118
CUST_V9I8JU3RUR,0.09080066
CUST_Y6CP6ADRR5,0.03971164
CUST_WM5JSHUDEM,0.01998229
CUST_5MFD81O1NE,0.70615137
CUST_S6YQNYYDOG,0.0664571
CUST_H4S5F0GCM7,0.03157738
CUST_IAOQ7XLQ9R,0.084416136
CUST_MUWRW8AZKX,0.08733858
CUST_MAN7COFWC8,0.09537739
CUST_CDH0GYKC00,0.026116572
CUST_5MZX0OG1RQ,0.09029327
CUST_D36CXCXMG7,0.026253369
CUST_BGQSBQK4HK,0.06305131
CUST_D75R4XHW0O,0.040710483
CUST_RVX5VND23Q,0.751534
CUST_9IWFOARV4J,0.0843154
CUST_B863UCCFUI,0.022605577
CUST_1GZT007VCR,0.08985232
CUST_UYXQYD52SI,0.026073322
CUST_GG6Y1QNO21,0.037943594
CUST_A0EY5UG5K8,0.110349126
CUST_LO6Y1VBDXA,0.027635891
CUST_LPB57B96HG,0.020411499
CUST_PPEVWS9FIR,0.09504426
CUST_GGGJAII073,0.11116782
CUST_6MVNWRYR8H,0.07007948
CUST_4MGFZ0FQFB,0.113591716
CUST_4SKL3WP5W4,0.08192307
CUST_473D1NY2X7,0.03097626
CUST_W1DDGBIN0U,0.0802935
CUST_GGN55BDASN,0.13734883
CUST_NPWYK9YVM8,0.027739208
CUST_98PF3IT1U1,0.06869422
CUST_RTV1266IXH,0.10869834
CUST_OCKDAY6GBA,0.08829712
CUST_0SYNXF23ZY,0.029801214
CUST_ILZQMUW8ND,0.0784074
CUST_F97RJQHUEX,0.09457469
CUST_G55MENERJO,0.038459923
CUST_8ZHP5A1F7E,0.022710744
CUST_4E8OT4ICWE,0.02796257
CUST_T79OU571N8,0.02520892
CUST_SDT8R9LRZ4,0.027750095
CUST_S3DEPXN1HD,0.028652802
CUST_YZ1Q1B8BCQ,0.053060543
CUST_Z14N01A501,0.02200116
CUST_K00N4U5XA8,0.09290109
CUST_ZP5ZF5T0RK,0.03435797
CUST_IGHET8E0PO,0.13318092
CUST_PVULG7KE9U,0.134986
CUST_I6D17LX1C3,0.022451837
CUST_KMWP9I2CCB,0.036397833
CUST_6EXUQ3DQQ4,0.022588478
CUST_OF3UMSDD1E,0.12620564
CUST_482JVU2U0X,0.03355884
CUST_RAJUAXAAU5,0.090699
CUST_6SF2PX8ZFU,0.8262504
CUST_AU6CENDEP2,0.033471048
CUST_PDYUYP3EBG,0.029460622
CUST_EAZWR2A65E,0.026986971
CUST_GT9MGBQG87,0.06293887
CUST_GTB716HEWC,0.085016
CUST_QPWXUO1ZLI,0.85095406
CUST_WNZKPMWIWI,0.02799283
CUST_QLFHIW5XE7,0.8715123
CUST_S8KWP3IA6K,0.10291201
CUST_JMQETM4Q9K,0.028387977
CUST_QSL4CN8FZT,0.11620417
CUST_PHYS7JOMNS,0.030250972
CUST_KS9U4PKRV3,0.030664213
CUST_0NSZ27OCZB,0.1068206
CUST_QPTMHRZXJF,0.024310939
CUST_JPENOWZQB5,0.02576613
CUST_YUHLNQGY4K,0.08987401
CUST_UA1O1PCIQ1,0.07445117
CUST_RTN7ECUL1Q,0.80158603
CUST_2E05Y96N82,0.090324044
CUST_NAWQIWA6OD,0.024290683
CUST_4JJ6A1XDJZ,0.04062412
CUST_XT7IRYYZ1F,0.058664095
CUST_3200LN90E5,0.018050792
CUST_Y259CYFAUP,0.084942214
CUST_9KXEPU4SIY,0.1433133
CUST_IE0MW731XW,0.8134924
CUST_S7BERV2086,0.16557662
CUST_0AMQBER8V6,0.023188887
CUST_SXJS5ZFXNA,0.03173837
CUST_2FH6K7FX6G,0.039452296
CUST_NFLVTN43B5,0.08190449
CUST_W3BVZ3I3KI,0.019064846
CUST_QYLXVID8TU,0.024761274
CUST_7UQTL3ITCC,0.13123561
CUST_TQVJOF3P3K,0.023061235
CUST_I287EJFDIJ,0.029763924
CUST_ZI7OO6DQ2H,0.02905699
CUST_N0FD47V2XD,0.02943413
CUST_A3GYY8WXI2,0.025004484
CUST_EN4MTLIW2B,0.08339932
CUST_79X0GLNFV5,0.025266001
CUST_HD91KBIVDS,0.033572074
CUST_BSJY5T8M7J,0.7582182
CUST_H9IZAL4WZA,0.09385193
CUST_P8BZHWTD2A,0.022452563
CUST_MADAT32HLS,0.049263895
CUST_A7BW3UEZJQ,0.10424324
CUST_USWMDL1VGW,0.10823515
CUST_HO0MFW8WC2,0.031298477
CUST_9JDAU1PPFZ,0.023611065
CUST_BGL8AU02XJ,0.04461252
CUST_51KKQRCI4F,0.022220133
CUST_SNT4L2LGUE,0.025653401
CUST_0304LE7T2O,0.10756018
CUST_1Y8SGSER15,0.026591646
CUST_SYCXF44S1Q,0.02115997
CUST_0BBKTD83CH,0.13689037
CUST_N36C60FOZG,0.05260871
CUST_7IQBKFQ813,0.14764307
CUST_CC82G1DS3C,0.07107638
CUST_H9W1ART4XA,0.03676298
CUST_AD8VMC8GBN,0.12098275
CUST_5EQK0GG796,0.023099601
CUST_T6QLAFVEI2,0.12769742
CUST_44QZY6AEWT,0.034963273
CUST_KEIMMBSDK9,0.089974314
CUST_XJKDRC6QY2,0.036445625
CUST_4XXCRBAH8V,0.096874245
CUST_7TWTTLJLKR,0.028173085
CUST_5PELYI6NJF,0.023819175
CUST_OKGL2KPJ8N,0.027275614
CUST_VYU7UPWXGQ,0.030933868
CUST_VU3WXUAINK,0.030986853
CUST_83EGAVQDAT,0.023269236
CUST_E7DO1U47D2,0.02049158
CUST_AGRNFDPYNG,0.027988184
CUST_JSS3U7PAX4,0.03438822
CUST_4CY4N2D07W,0.7117131
CUST_3UYPU1MCE4,0.06867929
CUST_NR1YPDBQ2N,0.024722615
CUST_IPA9GS0L8S,0.1345182
CUST_LWCFOCXRJU,0.04386875
CUST_8FMP33AQ7E,0.79683584
CUST_FCYJL9QU8A,0.1078385
CUST_GH6LUQ274E,0.02822903
CUST_QNTNDELNPY,0.028384168
CUST_Z1PEF3BAE2,0.8519841
CUST_H1WFP552TC,0.046437927
CUST_W8XKN1O191,0.028137928
CUST_SH9DU4WSNA,0.1535604
CUST_021Q6XS02Z,0.08250293
CUST_BH5NMJQ85T,0.03704047
CUST_FYC7ZWYLYA,0.033618454
CUST_RC6N9LM1T2,0.020011295
CUST_BPZ4IAY1WJ,0.15843204
CUST_LJ0EBDZCEB,0.028704474
CUST_WAC4LUHPBF,0.028400097
CUST_EQ2XANGFDE,0.04168575
CUST_9Z9QS6VDNK,0.02460415
CUST_B4HGU9AKAK,0.08564557
CUST_LWSEPUFVIH,0.020732583
CUST_6TSP989UKC,0.02006462
CUST_XB1A58R0XD,0.10088379
CUST_SIU4H8Y9X4,0.03529346
CUST_J1EL628VWL,0.020734984
CUST_H4B5DOIA8X,0.02403552
CUST_VIQE3HC26N,0.026064426
CUST_2X9R1N6NTW,0.14326513
CUST_4EGN8DN3KD,0.037768796
CUST_JSTX4SI24F,0.09618472
CUST_CBEVRI2T4N,0.08910842
CUST_Q3TATPC7CD,0.08259326
CUST_VURVA37DVT,0.101795785
CUST_G9HH3H17SY,0.02553414
CUST_X5HYI72B08,0.029456168
CUST_YZH862BRTE,0.12180863
CUST_KR95F6N888,0.10206622
CUST_69W8W50B2B,0.025942015
CUST_V69UOOAG11,0.09294131
CUST_LHGCWOM2I0,0.026043106
CUST_FG77EH638C,0.07328618
CUST_9C7SRNWUW3,0.028703256
CUST_IPMIQ7694L,0.105195
CUST_2RKCDO9MUT,0.10114377
CUST_6WO7FLY1M6,0.03203621
CUST_QSFII9U23N,0.019801183
CUST_92V11N4UHA,0.03813149
CUST_82AVJX5FT6,0.026008053
CUST_VEW18LH8YG,0.0908418
CUST_UT2NWXHM32,0.027077598
CUST_2P53G32YDN,0.10413754
CUST_K017RNAKX9,0.025042063
CUST_K70PAYDY3W,0.0243355
CUST_QPS8DBFCXG,0.019592572
CUST_9BJ7L1ENC0,0.029066034
CUST_VZ0ICG9OAN,0.023905108
CUST_WF1Q0JB639,0.027359888
CUST_G3QHRDG8GB,0.021408508
CUST_E7ZEZJ5MF5,0.022421265
CUST_X4AUMGZ7N2,0.029215751
CUST_FZZGLLNV5V,0.020423116
CUST_R71ZYBEG6S,0.022037668
CUST_9EQL8Z6VQZ,0.1028157
CUST_D4VZQ11E1F,0.023774097
CUST_C407S13NZA,0.030389046
CUST_J2KWEPESG9,0.024803339
CUST_9TB6UCR7T9,0.09129331
CUST_M5X23MHBHI,0.025054961
CUST_QTBFGD2N2O,0.037770137
CUST_IMV1ORHYBX,0.031753074
CUST_1EPSRL3RA4,0.024936818
CUST_TADDAPFTXF,0.03351832
CUST_MNN3PMF38N,0.060562856
CUST_10IYH3NQ8P,0.11345104
CUST_GQ14HBGMR1,0.0817887
CUST_0EVDGT2FT9,0.10611373
CUST_4DOTJ1Y0M0,0.11296817
CUST_5DO8YMLHQJ,0.039701764
CUST_8ZCN5SCKCV,0.12503338
CUST_EDTGTQ0NUG,0.85576296
CUST_6K1HXNGDH2,0.028463082
CUST_7TN68X2SWI,0.033770464
CUST_0VPD5HKH0K,0.10080683
CUST_NYYJ9B7UHJ,0.023446368
CUST_Y0YMGKAWUN,0.021848522
CUST_XF3TXPOAWP,0.10114059
CUST_JAYPI7YCQH,0.028326401
CUST_EBU7T9RGK4,0.025400028
CUST_8LMQYPORU4,0.17688526
CUST_LCKPSXYNUT,0.11203723
CUST_P8XT4EZCEQ,0.1269567
CUST_BBK0QU8MQL,0.029047064
CUST_CZUUCFD6S6,0.05332023
CUST_LW90IEF3Y9,0.07429434
CUST_THT52RI1B8,0.030199865
CUST_Q5C3990V8N,0.12427389
CUST_7AHRUZIPT9,0.091860436
CUST_72S95Y1SJR,0.12187979
CUST_6SREXXQITN,0.112726375
CUST_PBJ6IZ2QWV,0.09050863
CUST_UTSAQF5JZO,0.033753753
CUST_V9TMKQCKBL,0.1457018
CUST_D5A4MHVZ27,0.036857482
CUST_ZPZ490SVHE,0.12075318
CUST_WRF7IN003T,0.03524855
CUST_RKJAM6U5S5,0.03749713
CUST_AIDKXG12TJ,0.022524906
CUST_7CE5SZZX00,0.02174946
CUST_9IZSOY7512,0.08730689
CUST_G3MOMZ60LN,0.03250869
CUST_GNRYASYJS1,0.06872065
CUST_45D0QUVIGV,0.06598242
CUST_G3SWXQDLSJ,0.11111121
CUST_MFP1GB5I95,0.08544729
CUST_Y2IABM2VUA,0.023036195
CUST_SST3ZKBL5G,0.031545747
CUST_FYKWMXQ2DG,0.12740238
CUST_20X3HWSKJE,0.03463976
CUST_6I5BBLORVJ,0.031677507
CUST_T30RF2BIMN,0.018394487
CUST_Q3ADJRWSU3,0.02130981
CUST_EYCSTGFJQ8,0.1097377
CUST_3B74E992OT,0.0954913
CUST_SSP41J0O79,0.13341145
CUST_9W321PXU26,0.024707334
CUST_9CIHGRHSE6,0.020364333
CUST_VN8XBU2TFU,0.119561784
CUST_SJN2ZDWOYH,0.020362707
CUST_BBVAKKFHYT,0.85232455
CUST_EVH3D7GKTX,0.02331952
CUST_2RJ2U9OQ0L,0.02470997
CUST_38IG8J41H7,0.031599026
CUST_96HLU0SMWZ,0.037463192
CUST_QF0L74D7BR,0.0321413
CUST_8U99T72J53,0.13368323
CUST_3S02TRTYGU,0.073789746
CUST_CTEQ1OIX2L,0.023979936
CUST_MIK9HPH7XX,0.021756513
CUST_3W5MDL76LO,0.08259236
CUST_KI1TYGVYTT,0.7668767
CUST_3ZGK8RRIME,0.023167165
CUST_WB2QPQDY38,0.10510686
CUST_QFV4BNZ3AL,0.15913789
CUST_OPI7RZ5KT1,0.102979936
CUST_D6M59YW88P,0.020039096
CUST_OJR6INPVO5,0.025343003
CUST_Y3EU3FZ5IR,0.023995686
CUST_6W25YHTHJ4,0.024326103
CUST_7F7085FTM9,0.021106465
CUST_FOW7H7SWUW,0.034025054
CUST_MSUU563R0J,0.028762
CUST_403LYX1NM5,0.028197806
CUST_63BORSPBL2,0.12649134
CUST_HJTGTCFS3V,0.1226743
CUST_QZR2V6TQHH,0.0217628
CUST_OHRXK5SPVA,0.026220812
CUST_QEDJCJI3ER,0.025651518
CUST_XV2RLOPBFI,0.12960641
CUST_FHU7ICDE4Y,0.12957492
CUST_CHTKT7OR27,0.027744183
CUST_HBQYX30V32,0.08328526
CUST_1256BSRICG,0.022691168
CUST_KUTG2UOM5P,0.027880859
CUST_JLSLDN7D0W,0.17595907
CUST_G3LFSDYG3N,0.025483904
CUST_0VNFNFL7B6,0.12253436
CUST_2H7UHS35KP,0.02594408
CUST_DF975B5PWB,0.037146598
CUST_WJP37G22JS,0.024286175
CUST_B7EG84Y3H6,0.09027295
CUST_UD84RXOPDS,0.02280185
CUST_6YSUW7P1KX,0.03486125
CUST_JP1YL1PYK8,0.097549856
CUST_3U9MIES1P7,0.082075156
CUST_ZT9FG52GBF,0.10221882
CUST_SU4RO0YGUW,0.02028385
CUST_KRENAJY7LE,0.025511902
CUST_9745W2W8WL,0.034786254
CUST_1I0AOPH2SN,0.026148016
CUST_AZDFPG93M0,0.8857511
CUST_U17XF7DTAE,0.08197936
CUST_Z98A13QCCD,0.020996882
CUST_504VPVIDWY,0.06180154
CUST_E08WJF1NG2,0.026027055
CUST_KMFVS347XH,0.70435077
CUST_D3TQW807KJ,0.02585268
CUST_5LOH1LZUXI,0.054309968
CUST_3K8Q9S57WU,0.1480526
CUST_OV19QIV5LL,0.034278385
CUST_7K4NFHI0GJ,0.11536247
CUST_GACQ579OQM,0.023999514
CUST_PAZ08O7RVN,0.06617611
CUST_YLGNA9F9AO,0.040327027
CUST_2WZH6IIWFN,0.09179257
CUST_UZRX4VPH33,0.10723939
CUST_8DN6I75SPQ,0.022659972
CUST_J7FB6C4J3O,0.025325386
CUST_2S4AWNB4PQ,0.07113156
CUST_VKE912DTQI,0.9155901
CUST_2C9WUSPMSK,0.028964384
CUST_1UVT7RZZ58,0.020944372
CUST_9K0V9TUXEO,0.08261437
CUST_OQ6RTT029E,0.043640878
CUST_VDWWFD0EXA,0.0321305
CUST_0G3YY3TGO3,0.030595206
CUST_AP1MMZUH92,0.8239587
CUST_8Y2KCG94YK,0.021231087
CUST_1L7SYN3YIA,0.10321203
CUST_GAPOI5I2VQ,0.025455156
CUST_GRX10PCO5O,0.029300688
CUST_VX7RAPOYA8,0.020079425
CUST_SYHHQGJPNS,0.036049943
CUST_3SRDN0H23I,0.023668438
CUST_0P7TYCSDSW,0.08357927
CUST_O57R4Z0X1E,0.030096928
CUST_ISWJ1CW8O6,0.027660513
CUST_Z6K0R6DH2F,0.16029118
CUST_U6YOM7Z1NL,0.040228527
CUST_IWOTVNW4EW,0.11095386
CUST_7V86330B72,0.121894896
CUST_E9MJ8BCKQ1,0.020713355
CUST_FP0IEMVDV9,0.02302199
CUST_FX1BHFRNZW,0.080610916
CUST_XC3EFJ88U3,0.08715993
CUST_O4TDJ30L75,0.024851346
CUST_LS6SX4DWF4,0.10958369
CUST_6ADBGXF7WQ,0.07955741
CUST_ZT67TGYPRW,0.01977842
CUST_E0YV8B8WBC,0.101723805
CUST_6BI9800VTJ,0.09776721
CUST_PU3RLOS88N,0.07572651
CUST_ASLSY0H9AN,0.025044935
CUST_L7HTJV977G,0.08443886
CUST_0V70XHKPQ4,0.098683424
CUST_4AK898S5KY,0.059554618
CUST_NNJ5N9F833,0.030089231
CUST_03H076P92Y,0.023534453
CUST_M7IX4ESO2G,0.058393132
CUST_V604GDE17F,0.13502872
CUST_TN8LMPI44Y,0.032296967
CUST_NXHAPCPK0M,0.02753036
CUST_QSJ6XLWPUG,0.1483764
CUST_V4OCY7LOKH,0.033181027
CUST_Y7S7VB1ES6,0.019695172
CUST_0OKR5TEK2D,0.07644116
CUST_S7X7R49CKH,0.029056642
CUST_VFYBX5VKAF,0.069771275
CUST_AHFJ6ZIG22,0.025456749
CUST_LWQLO63QRT,0.037531007
CUST_218UZGU7UI,0.021558044
CUST_0D23058B2D,0.03162325
CUST_PU7PE0RAL4,0.08600038
CUST_QWQVO628NF,0.031104367
CUST_T6ZUHZ7SOB,0.021087823
CUST_HDWBW71HM6,0.09609521
CUST_3FK7GRHAYE,0.13300529
CUST_I0MW3M3PG4,0.025280232
CUST_FIM8YRVXTO,0.022965465
CUST_MUQTNHFNO4,0.027334023
CUST_O92W9OXHCD,0.060408894
CUST_UEQARLDV2C,0.11231159
CUST_MGB5YXEL5R,0.03190256
CUST_CPPPC8LITV,0.024138313
CUST_FH3I8375AC,0.03146535
CUST_PD4L35KLV8,0.07251115
CUST_DB22R88QWE,0.020378694
CUST_0WGZ6QO79V,0.03393997
CUST_5RNRXH702E,0.022996984
CUST_P68KQ0GZ13,0.07258188
CUST_2R1G0Q41O6,0.03497551
CUST_0BBUQZDVDJ,0.12845124
CUST_YC3IZC0VS3,0.019538289
CUST_TNNAKMA4ES,0.02715919
CUST_WGA5Y4RO3B,0.026132157
CUST_JHIFJ6H3TT,0.07147179
CUST_59NJT51JKF,0.07164351
CUST_JGI18GNXUU,0.1362367
CUST_0TC5GN3N0E,0.108147904
CUST_Y3AZOT5D5G,0.024477176
CUST_NK74UM6WP5,0.024563722
CUST_QXWN0YH9XC,0.0584381
CUST_6ZNT1QOSTU,0.030613853
CUST_SJI2SOQVL7,0.031891875
CUST_JRQ03FXNTD,0.023451451
CUST_4UR2GQYK97,0.08661109
CUST_W5K35S9PP4,0.8206856
CUST_P8WRWC4LZO,0.022490354
CUST_53SRX6H54X,0.03262045
CUST_O4YQYXAFQD,0.07646287
CUST_5OAYD7N8C3,0.035393488
CUST_HU9ZVLOUS6,0.02851955
CUST_4MBIM48MRP,0.031501643
CUST_UB1ZVWKUVR,0.07812781
CUST_OTGF9IUB8A,0.02082677
CUST_HJX24PQIIY,0.023620477
CUST_AVZDWWLF3P,0.14546101
CUST_8U7NAKNNZ7,0.022263417
CUST_FKI2N7L339,0.035374567
CUST_TD6PUGWH3H,0.098088376
CUST_CH0M6KZER2,0.121430255
CUST_SHHBNRY9IM,0.022076786
CUST_QDUVI3ZMBE,0.8363203
CUST_XYZYJNE9JD,0.109347835
CUST_ABNYIUDV4U,0.07413288
CUST_9Z2N9Q6ESH,0.025232371
CUST_Z3QSOH2H76,0.13013321
CUST_8EK2373HIR,0.14173648
CUST_L7PBJQJ9QX,0.13022636
CUST_EV7PWKAS4F,0.09697276
CUST_727MABZRTP,0.031455927
CUST_GKW24WXK9M,0.12458493
CUST_O5616DZT4W,0.085859984
CUST_X2L1BNKZAX,0.027390681
CUST_Q00M6JTGP9,0.078821816
CUST_JO0F5NBJ19,0.03525142
CUST_ZOZJZT0IZ8,0.025974471
CUST_W1OVB4XI52,0.024554413
CUST_9Q1OUERCK4,0.8535195
CUST_0AQE2O9R6Y,0.09518499
CUST_UMM97R07JP,0.10074733
CUST_SS9XIT7U2N,0.1241437
CUST_3TYYMU9ZHY,0.026125792
CUST_WEAWBA08MN,0.026353193
CUST_FJHA2208HS,0.024916869
CUST_VK25KH8VW0,0.08944571
CUST_472KQ9AREK,0.13787457
CUST_7Q8O0RJHX0,0.021839097
CUST_6YCGB7MJ1H,0.8592017
CUST_PN0QU48MDG,0.80562794
CUST_C3FX24OPJO,0.09935744
CUST_D3CA0VGBB6,0.06900807
CUST_NJJXO83SH8,0.0200471
CUST_HVRRHVCG2F,0.027019441
CUST_XEA73KZFIK,0.02702436
CUST_CKTVR957LO,0.84218585
CUST_UT5F6CUR0A,0.028031902
CUST_H8W00296A9,0.0526321
CUST_6RKRVPK1BJ,0.028350292
CUST_Q7CNOS2L4O,0.082845464
CUST_VW0E5PKZ1D,0.07333168
CUST_SWFMXAIW43,0.11846493
CUST_TNP08BT7RB,0.030885477
CUST_GBNP3ZX6HL,0.03442558
CUST_PE89EAKPNL,0.17785469
CUST_XTR5QD7ZD7,0.026670821
CUST_5AREJ286RM,0.029358009
CUST_EQD6C43AFU,0.020701312
CUST_3T63V45Z6Y,0.08568571
CUST_MUEKMWZC65,0.10977385
CUST_X5YGWOICIO,0.028922705
CUST_AKGPMA7X98,0.02304466
CUST_YOLIZ3EONA,0.02539503
CUST_7PAQG196FN,0.7258571
CUST_5QG3TI6QK4,0.13349503
CUST_50VOBIOA8S,0.8437645
CUST_EK8MHIVNKQ,0.031139221
CUST_UPJ1HXPVV7,0.032153156
CUST_8MFUH6CRIB,0.026524065
CUST_C6Y18CBSJ4,0.04123821
CUST_X7FU7VZR1S,0.104110315
CUST_LZDL6YJRDW,0.023565564
CUST_6YWRPSCRQ9,0.10512479
CUST_M783VOQRRG,0.7717707
CUST_B4MC4HVN9F,0.032803822
CUST_U2YHSF9JA3,0.07339727
CUST_UPJELOHM9L,0.034465477
CUST_J9UZXTXXSC,0.088991754
CUST_U8UCFGNASW,0.11784177
CUST_XTU21V4KQ0,0.025111964
CUST_1NBXPDKB2O,0.018470803
CUST_BBVMTOUTVN,0.0331911
CUST_E6Z61WA8PT,0.08796142
CUST_EJ0LQSBWZF,0.12264431
CUST_H5X1XMO2DE,0.13103805
CUST_M16W54AUJI,0.03175718
CUST_G7M0VFIIV4,0.037380505
CUST_FXML3M3PGV,0.026676547
CUST_X90HE2A6HM,0.026117688
CUST_EQKXVUCWD3,0.029016914
CUST_3UIOG2MLMZ,0.8025972
CUST_6KTL0Y61YJ,0.88695353
CUST_GL1IHKE7G7,0.02887251
CUST_ELE7O7KLX9,0.12445449
CUST_CBV36QBAWY,0.75818616
CUST_M4GRLDO940,0.029391494
CUST_4ELYNN0X22,0.032929808
CUST_IT0F9FQT6O,0.08770362
CUST_7FIATJ7BPP,0.0880419
CUST_Y2MBY08IE1,0.07416579
CUST_FIBXUTRRKN,0.020510059
CUST_8BVFDE1JDB,0.021015635
CUST_XDDX2WA3WV,0.035142504
CUST_NPM2NGS06U,0.13017508
CUST_NFZ2FNAAKC,0.14437377
CUST_8NY1ZD0I3B,0.028221484
CUST_UOWNTSC9B7,0.023684543
CUST_SR5EC61B33,0.12596719
CUST_V6ABTH58ZB,0.031939197
CUST_W9LLQT1LJN,0.072107084
CUST_HGUNIMVUOX,0.80258626
CUST_LQ9K4FQU8S,0.029196052
CUST_8L297LFIGC,0.17264408
CUST_4XWI1G95AS,0.12175916
CUST_COSUZ01715,0.030479591
CUST_9PCGZ1IJ8O,0.024114482
CUST_QK2BJWNAIL,0.019656423
CUST_C0N78I5LYV,0.8316594
CUST_BYKZ87DK5L,0.023027295
CUST_X7QYOGMTWZ,0.027290827
CUST_G8MN9ASXCC,0.8621912
CUST_O7WCZK712D,0.03491384
CUST_RD3GXA8R07,0.025225148
CUST_U1C81YXTQ5,0.028270008
CUST_BFSC0JRS1F,0.034056295
CUST_WSD2PBWLAL,0.09838068
CUST_3N2TX0SAS4,0.12135361
CUST_WHQQMKL3VB,0.03202967
CUST_MH2XTLL5HK,0.026867473
CUST_ECCJUN03A6,0.09250653
CUST_H052OC9VW4,0.025887843
CUST_81EAXYNDNV,0.029677046
CUST_DNJOL315J2,0.03593097
CUST_OBQSHH91OH,0.13199314
CUST_D5IRJX9XXG,0.81341064
CUST_NOHHSADPTY,0.11053945
CUST_PQTOM045BT,0.03695098
CUST_7E8RGK1AKQ,0.8912164
CUST_99Z5G4768D,0.024279809
CUST_OYFP7URXGB,0.024275402
CUST_MV5OKP62IW,0.046263065
CUST_1N8VF4L7NH,0.07150838
CUST_KDCVL8HYI3,0.041120615
CUST_4MF7KKES0F,0.025831606
CUST_2Q998Z4JGD,0.14024553
CUST_P68OU0LNCI,0.027238239
CUST_E83149TNCX,0.030387845
CUST_XSDQAFF5OP,0.026167024
CUST_SPNAZAHVI2,0.10517508
CUST_OCL25S2OGD,0.024860384
CUST_H8L33TCE2D,0.21182194
CUST_L038W69L3U,0.03361789
CUST_1QTX5R7151,0.11260239
CUST_EMMHCQR79N,0.041822065
CUST_CZ030QPSAP,0.02502053
CUST_L77AQSQ9U2,0.79242826
CUST_5OHQ49LTAR,0.1344547
CUST_63ECIESACH,0.07791383
CUST_MT49Y53EAQ,0.026672995
CUST_Y59OTDZYJ0,0.09951699
CUST_B5UDW34QPO,0.046882242
CUST_RUZ898OD60,0.14538331
CUST_VIPK0ASOGB,0.022727277
CUST_9WNFV536I5,0.039417073
CUST_1RAGAXZJDY,0.04035927
CUST_9W93GGF80C,0.023247348
CUST_HNJ4OY7RXS,0.019355886
CUST_76FAQHJYTL,0.025686532
CUST_MN2CUZPN99,0.023466373
CUST_99NQ7NC6SP,0.03429879
CUST_5L0ERO52AK,0.022836741
CUST_B5WYQEW5OD,0.13707305
CUST_U3S8TA8JWZ,0.08983526
CUST_H2OPMJETBW,0.15416919
CUST_KWX2XOVLDO,0.8592526
CUST_G9SSEZUGU9,0.08986634
CUST_NPU4STTGA9,0.02201157
CUST_ESYR042LK9,0.01985212
CUST_FDQB6ZQQJJ,0.91770184
CUST_MWQOQS2F22,0.066469245
CUST_Z7M79K81R0,0.08919229
CUST_5MWJNS3KSU,0.025711259
CUST_5K20VZ5HF1,0.8224268
CUST_A8EH644WUY,0.07651641
CUST_DF9GVQTAT8,0.026458515
CUST_LGCH94ICBR,0.01992329
CUST_1VLX0JSACK,0.039467216
CUST_89KZPM6QRB,0.029767618
CUST_N3VFBKW6Y8,0.08719092
CUST_TCAKMTEDLP,0.07487151
CUST_23AAVUY46Y,0.09079241
CUST_VSKDBX3U4R,0.0271198
CUST_RURBPF9PB7,0.09398685
CUST_UGTUNDB42G,0.019096756
CUST_ZTBW7C0PT7,0.8195975
CUST_I0GSKIOQ0L,0.026037693
CUST_5OP9CAPRM2,0.02521471
CUST_GAO21A3GS0,0.024308143
CUST_N1B033S3EN,0.021323316
CUST_1B3GRJ7MS8,0.021418773
CUST_HG26JEE8XK,0.033472452
CUST_DFS9Q85FZ6,0.025403071
CUST_VFYZSG5MBM,0.12468546
CUST_134PL2V8H3,0.03446878
CUST_PEY9LU9ZIQ,0.7092716
CUST_U9FB1K81EL,0.023717146
CUST_Z2G4IJNHPT,0.11823192
CUST_KFZ3X597H1,0.80421734
CUST_EW0ZFT4KQU,0.028761195
CUST_ATSO6T91R1,0.12439772
CUST_TEUP6Z73IP,0.024682365
CUST_XOFG8BHNV1,0.023165327
CUST_9YKH2O7UTD,0.11705099
CUST_L35BGA9NT3,0.06386044
CUST_JJPML53EP1,0.024021743
CUST_IZKOVXHNNS,0.021327473
CUST_AGVM0JUQDC,0.077890895
CUST_UV8Y94SVTM,0.12798153
CUST_4N0K1ERRGJ,0.07049961
CUST_CW6N25ZW7I,0.023672566
CUST_646DS4PYEX,0.038295228
CUST_GPUENZ2K92,0.8334305
CUST_XZMSNUJF83,0.13618612
CUST_GDERI6P3V8,0.87106496
CUST_UKP1PDJRQM,0.031144751
CUST_7NRNK1SBTA,0.12405424
CUST_UVRCWLMP89,0.03238643
CUST_GNW2YK5242,0.03260097
CUST_O62DXKPTAV,0.0924987
CUST_ZGY0OPYNA3,0.12074549
CUST_6IGSKJYQZV,0.025290627
CUST_XIDUZNG7WG,0.023947442
CUST_UUPJ1ESLBE,0.14645612
CUST_JH63BD21HI,0.025420431
CUST_WLWYDB45BC,0.029139612
CUST_Z9R0SVRG8Y,0.02632041
CUST_YT9HC3AR3A,0.023365036
CUST_5EQ8RI2G1A,0.025159309
CUST_QUSA85738I,0.026453124
CUST_9REHXV9HYQ,0.8204468
CUST_YCYMJCX98E,0.032178637
CUST_D4VF322J25,0.024284406
CUST_YRLFUD92IG,0.033803932
CUST_7XQFOL3LA9,0.11871735
CUST_07SVHXGPW2,0.037245747
CUST_1DSUWBJ0X0,0.051946327
CUST_JTSJ5H5JSU,0.023377769
CUST_NO389LKJ9A,0.09962336
CUST_WPCTRRRTJ9,0.09791877
CUST_3JHKCCHV1L,0.088160865
CUST_Q7F2YO0GLC,0.13490547
CUST_6EGA9X6H6S,0.86946464
CUST_ZD4JGN1RGK,0.10683795
CUST_P78M6QSJFU,0.020422671
CUST_G4OBH9P7WS,0.03929353
CUST_61EG1CF22V,0.021094797
CUST_8BMGX6ZQ7I,0.10717006
CUST_O4O3XJFYSN,0.028869718
CUST_L7VWHJT63J,0.089877136
CUST_RPITW2N2LY,0.80437213
CUST_4OWDRWF4D8,0.107534066
CUST_P9Z5V120Q5,0.17628075
CUST_VQUTI57DXO,0.037559494
CUST_3LRU85O2A9,0.027162591
CUST_9CVXXE607R,0.1713968
CUST_TJGX4M54SR,0.09495938
CUST_6P0X6DS3H5,0.09595281
CUST_TLUH45T91K,0.11426101
CUST_J3Q5146G1S,0.03188511
CUST_8DLW8MOKJB,0.10144068
CUST_02SAGH2LXG,0.10735965
CUST_TBIBW4YZQI,0.14286257
CUST_UDRR8MW90G,0.028915405
CUST_K3DDC9BPSB,0.02555162
CUST_4UDMO6URAH,0.06702369
CUST_IWPBZZ923Q,0.03884148
CUST_UYMU9HZB9A,0.09216003
CUST_CIVBNN1F50,0.02435931
CUST_1HK2NNV414,0.02265462
CUST_BUHMBT9WOP,0.024775593
CUST_K9OY2XTVBV,0.033952847
CUST_3CAIH1PM3N,0.12502806
CUST_3GOFTC92HU,0.768114
CUST_LQCB5JB06E,0.06934325
CUST_7LVCGUFHYJ,0.6757197
CUST_NNCN4LRWKL,0.068381496
CUST_QFFSG0BPF8,0.021851135
CUST_T76T1R8P6V,0.022601618
CUST_KYPPVM2NXQ,0.024284456
CUST_CEU0BMJVWZ,0.117476046
CUST_ZVWHFXVIQA,0.026509123
CUST_J4A34KOR4T,0.021526093
CUST_1OURC32LKN,0.029122336
CUST_VZAS5DTCHL,0.020989178
CUST_KKK1N8TOXW,0.034653127
CUST_2FR7G3I056,0.028970929
CUST_BF1ND2QWU3,0.020239683
CUST_6XK5KF0ZED,0.17266855
CUST_9UWKMZP5EE,0.101542085
CUST_0KGU5BHO1T,0.10524214
CUST_7ZA1MJSQF2,0.07161534
CUST_Z79DREPPOW,0.032448065
CUST_RK08A0HIZH,0.02618966
CUST_X0NT08FAWC,0.03206619
CUST_TELCSD418G,0.10257265
CUST_GLNL4TPI4H,0.110433534
CUST_EKE5GX65RT,0.025226709
CUST_J5NGYNCDKB,0.07429618
CUST_3MXAVUQ0HK,0.8011525
CUST_XL773JE2YU,0.020912496
CUST_0WQAXFJV63,0.031951297
CUST_AP8X7AQDSK,0.103697054
CUST_O1VY2H0TV0,0.14371352
CUST_7QXP9UAZMJ,0.08115583
CUST_S0X2IWET2K,0.023284597
CUST_VLZ5N8RCRU,0.032799482
CUST_1U18GLSNMM,0.031257726
CUST_GRUVJKLQTD,0.13518596
CUST_DH24HQVPOD,0.025878042
CUST_ZBPB7X5GD4,0.021127688
CUST_ZBFDMQ8RIK,0.051940326
CUST_06J93D5VU5,0.7886689
CUST_R4AX3DABV8,0.08423367
CUST_3QFJRJ4W63,0.072092876
CUST_C75WE203JE,0.028468372
CUST_I0OG3L1AUJ,0.124389365
CUST_N5Z14R2QZW,0.11324762
CUST_H8I0M1TQPA,0.89757574
CUST_KEJN90I61X,0.07946017
CUST_N1ZRTMCRZG,0.09299609
CUST_06M1OPMT2C,0.024993852
CUST_FVZ5T8WTTG,0.02642017
CUST_P8W4VTVWTZ,0.024077334
CUST_4RKBAQ8C1D,0.11171969
CUST_NLJ0T8KM6F,0.021376751
CUST_1911RS0BEO,0.03204239
CUST_AO7YSTUIN9,0.07518114
CUST_V3NLVOXUG1,0.11102688
CUST_135DAYOPAD,0.03687579
CUST_URRG83SEEU,0.024962533
CUST_OWMEV699TJ,0.84100425
CUST_7NUJEC2GNH,0.062293854
CUST_R42D5GQR6G,0.035889555
CUST_PI887I8E3A,0.019101303
CUST_4K39W3OPPC,0.033938736
CUST_6SDVHLSOJA,0.036276
CUST_0CD4SAP9DR,0.025719538
CUST_RTBA4RD6JN,0.02731746
CUST_Q7T1OYDDGO,0.07506755
CUST_IOIO4IA6QG,0.06826447
CUST_U24JTMMYWQ,0.054767385
CUST_D3WMBJ1KDW,0.028850125
CUST_X2JN92FKAP,0.11682289
CUST_YR42RK67Y0,0.07433712
CUST_MFVX902UJC,0.0300834
CUST_2OTM9ISWAB,0.025632296
CUST_4BZA9X4DS4,0.10848958
CUST_O0TM4HLBVH,0.6056279
CUST_5P9AGH0AUR,0.8602576
CUST_JE3DQUJ73I,0.03699385
CUST_2O40HOQBE8,0.038997598
CUST_YEK6S85OPZ,0.021045813
CUST_LMDKG2B3W5,0.024438774
CUST_IAUKWFBBBI,0.09882732
CUST_23CS2V79Z9,0.13290828
CUST_M3UDAAIHWH,0.026282836
CUST_1BHRRE1MAB,0.025135824
CUST_O61HIGPABY,0.036780287
CUST_KF0169XIWK,0.035604846
CUST_C92CW7MH5G,0.021074578
CUST_MG0TXNM0XZ,0.022349762
CUST_KY1AFCF0OU,0.028400352
CUST_4BMJH9EVS2,0.11609735
CUST_QVLBYWCPGV,0.021222824
CUST_HPUZDQNVE3,0.031420067
CUST_F4FOF7BX52,0.028057331
CUST_7Y5WDM234P,0.12261474
CUST_364HQHD6C1,0.03829479
CUST_G3UIEG019Y,0.120202124
CUST_SNZLYO43RZ,0.03713791
CUST_J3GAUUQ5WQ,0.08506913
CUST_1SP1JVYB3H,0.055270225
CUST_M3IUWPB0XE,0.037549794
CUST_O3G2A61AN5,0.03638857
CUST_BL4O6OFLK3,0.037765555
CUST_05HFEV3G9I,0.13745964
CUST_Q6XLO176PO,0.7338579
CUST_8COFA8YSZ3,0.029667532
CUST_4JBYBECOHJ,0.10800027
CUST_Y9FXZUXZMP,0.024882833
CUST_1B0JGWMQ8X,0.030394536
CUST_3FVJUCILT3,0.81425714
CUST_57RKEW1YIC,0.02961882
CUST_K9O8VQTVGF,0.027250431
CUST_WHWPBLYDMB,0.029666014
CUST_AQPE0J1WPE,0.13693525
CUST_EFLCU9V9BR,0.1354704
CUST_9STBBTYOPH,0.10357721
CUST_CDGO9T8L8D,0.040351488
CUST_RMTACQ5JSQ,0.028985051
CUST_ZBC6D4E9VN,0.07439837
CUST_3W1CAVG6KP,0.03956368
CUST_ZKTO93RVB1,0.02273083
CUST_1N5V9OEUBJ,0.019331517
CUST_V6LNBSO10P,0.02905576
CUST_24CTHTSQ75,0.1028372
CUST_HJL5KDMCZS,0.11532333
CUST_OXH486XTRV,0.10685347
CUST_OHD1F9LISG,0.028839279
CUST_YR064KELRA,0.031681478
CUST_JL2B52V5CG,0.033547815
CUST_STXAVGT1DI,0.74232274
CUST_ZIZ8U6MEWP,0.1000572
CUST_788Z95GIIC,0.13637954
CUST_QP11Z7736P,0.1612912
CUST_07OCH7J7IA,0.023955494
CUST_1TUEROGJ8B,0.056574844
CUST_VMFM76OCRT,0.86311895
CUST_OQ0E85PPYJ,0.031445257
CUST_DTKWDDFC4A,0.020380799
CUST_9BO9ZH0TU8,0.074825495
CUST_IPP5GZADJD,0.027859418
CUST_XNTJWBU82I,0.8271514
CUST_NSKVHZ4Z9W,0.03102467
CUST_LSR5Z6OSJ0,0.036221538
CUST_CA3VDDGULY,0.033688553
CUST_OM0LSKL9L7,0.7984623
CUST_37NK7HKPIN,0.19464345
CUST_JIG374AX0M,0.10486644
CUST_XQA8YFCXEE,0.023113573
CUST_0EOR4NR5OY,0.5694917
CUST_EEGSUALAUV,0.10486082
CUST_1NVPD4SE22,0.022331562
CUST_7OW84G076Q,0.024987306
CUST_AZH5440ZCC,0.027648674
CUST_3OI212VRUZ,0.09888899
CUST_S0O08RU8LH,0.11371601
CUST_G7M5YJXQQM,0.027969109
CUST_W3JCWJTBHK,0.02587505
CUST_KAOO2GLLSN,0.022041107
CUST_CVS3U6W9US,0.033481315
CUST_52F26C5B60,0.02858
CUST_W2QOT8HID9,0.104315594
CUST_F2QDDOLDK1,0.022467032
CUST_VHZXBMQQ8Y,0.0865383
CUST_02E5AQOYE2,0.093764104
CUST_22ZTIS0FYP,0.026110439
CUST_SFS6YQKAUE,0.16439153
CUST_JMQUTV3FD3,0.031062366
CUST_8HFM41QXD7,0.032021914
CUST_LNAG119CSG,0.020538185
CUST_6Q1KTNSXXX,0.15566726
CUST_QWDZ1TS21B,0.028795827
CUST_MJBES9ZQYC,0.16643368
CUST_9AQY320PTQ,0.036477473
CUST_UXRRTHOBST,0.02166469
CUST_HB6FD8XNII,0.05072118
CUST_J0I4GU3CC9,0.084439576
CUST_WNELYGQFUH,0.11289553
CUST_XC295MQM0Q,0.031984337
CUST_79HIWXUJZN,0.019287065
CUST_3D5KZ8Z1KA,0.028581422
CUST_877YD25PAX,0.026613934
CUST_AMZCEYKGK3,0.14044015
CUST_14Q56T4GV7,0.022029974
CUST_LVRDU6DGL8,0.022250466
CUST_GYT0EZVQQK,0.031406138
CUST_3OJ54IRDF5,0.027460923
CUST_M6ORMIYHB7,0.13951823
CUST_UAJ9261UGO,0.04466174
CUST_DDHS2XL7TR,0.06467505
CUST_RZY6IX6LDH,0.030420313
CUST_QMTJZ0PUTN,0.025002357
CUST_ZBES9DTN2C,0.7842738
CUST_NIJ87T6IR4,0.024739226
CUST_DRGEPCASQ4,0.06894396
CUST_MYY44XFU1S,0.10698048
CUST_E8UJFMP3UT,0.070961334
CUST_FJ8IM888BE,0.02483148
CUST_GVTRS7UJCJ,0.021418083
CUST_WKLJURV7IE,0.10569954
CUST_JN6YXGT98W,0.022467146
CUST_7OQZYZCJVQ,0.8375809
CUST_TK07VAVPWF,0.89654094
CUST_23Q52DEGHH,0.09279008
CUST_7TMSV9ESG2,0.037286915
CUST_I2JLLI82NX,0.08498395
CUST_02LDIYKR8E,0.034261636
CUST_36B8TTFAQ3,0.09533906
CUST_Z1RG9WYVMH,0.10926418
CUST_13N740A9OX,0.031639475
CUST_8U88VSTOK1,0.13820398
CUST_WSDUQ5VW80,0.025257623
CUST_OQYHNXQANH,0.04579648
CUST_Z2OPDKAJ0H,0.13674669
CUST_GWWL9AY9QD,0.027860492
CUST_2LCRNAOMOY,0.02708814
CUST_D7EL919CES,0.080180325
CUST_8FNI1BO2UX,0.032667212
CUST_SX0DY5BKPF,0.023002379
CUST_U8CPLDDRAJ,0.077029645
CUST_X69MISTJO9,0.08020437
CUST_U2M3G82HS7,0.09042592
CUST_4XFT9A4HMQ,0.10118533
CUST_ZEY6PLH8J1,0.029776983
CUST_WSFTCAGZFK,0.022750758
CUST_WZSKL6JO3B,0.1675166
CUST_99O6VQZCI0,0.02963392
CUST_IU4W7U5BEB,0.06377073
CUST_MHD7V6WWWK,0.037554808
CUST_D0ZI3MLNEO,0.12209963
CUST_HJSWQKKOOD,0.035107564
CUST_Y3K4SHXPHD,0.026668191
CUST_RRYYXNJF4B,0.041881848
CUST_HHA5PLP3KW,0.09940759
CUST_0IXALMVXKD,0.13465813
CUST_UDCAR15YLC,0.026903288
CUST_37QKZ3JQDK,0.06489118
CUST_CRI9C5OLK3,0.12285315
CUST_HX9EQUR9OH,0.030306358
CUST_XPF5AEZO3U,0.03197838
CUST_I4RZ29J8UT,0.023642272
CUST_8M1KMON3N4,0.08906063
CUST_6EC6MRIEY0,0.12933591
CUST_80VV518QX5,0.023811942
CUST_CNXM9N8GHQ,0.7837632
CUST_EC41CULMV0,0.03555741
CUST_T93NVJ3DW4,0.02513621
CUST_TFU3LSBMUZ,0.73446596
CUST_7H53EAI9OO,0.024958907
CUST_HUU2LIL01A,0.8695565
CUST_JTF8NN1MMR,0.08888599
CUST_KIVBZVQHNJ,0.13729711
CUST_87UDIJ348O,0.023389908
CUST_9X3IA0TUH0,0.029683966
CUST_5LTBXUCPCO,0.14812247
CUST_3YL21ZPR21,0.026998388
CUST_K71HZJYQKW,0.14177339
CUST_K4210V99T5,0.024267854
CUST_6JU3WVCH9Z,0.14535522
CUST_3ZLDIE5CUK,0.05451812
CUST_7QVGJTV6CD,0.045775034
CUST_M0I8ZRMZ1F,0.024240566
CUST_N5IJ0Z4ZS1,0.02878121
CUST_BTCFQBIGUJ,0.09881105
CUST_62UDIWNB1W,0.028951319
CUST_JDQ90THJAG,0.035238206
CUST_ZDNIUOHVM2,0.12743685
CUST_DJGJQP2KLS,0.13219619
CUST_QOR5PK27MZ,0.8323367
CUST_VROVHHMFVQ,0.12399129
CUST_VDYQOW1N2Z,0.03719151
CUST_H0P1R7CASN,0.025979338
CUST_JESBRSSYG4,0.07749277
CUST_7AUU2XROJD,0.025797227
CUST_MBH11ZBJ64,0.021508884
CUST_UUOR0L5GIN,0.14078373
CUST_NVE24JPHJ9,0.051436868
CUST_WIS8MJV7L2,0.1201249
CUST_7BNQ81AO5J,0.023262413
CUST_YHHDRNEP9D,0.8740553
CUST_BJM2XPCOPI,0.047686193
CUST_FUGTNJIKB4,0.13170882
CUST_1PVRMXWRBX,0.04239714
CUST_Z15CVQR4FZ,0.022668708
CUST_BCT2MNL7PS,0.031817246
CUST_SE69HTNETA,0.13018548
CUST_4KN0HBVMZF,0.028577913
CUST_WQMKTUWVKO,0.09571533
CUST_7V1QU0TCR6,0.024424732
CUST_EYGMTGAAMC,0.11974493
CUST_O2UJLW9WTG,0.028533053
CUST_I9JP8LUJRN,0.8587359
CUST_FE32PY5BVM,0.034445863
CUST_G1K4MYXB7O,0.14626364
CUST_AZZTX1JVWU,0.0767246
CUST_44766XUBHI,0.020040356
CUST_YTCE1KXRCP,0.09603793
CUST_245WSPMMU6,0.10740666
CUST_JDEXLKZ7J6,0.067864865
CUST_H5N1MJ3W2T,0.02703963
CUST_PBHZ4PSX1U,0.027517349
CUST_ZAPW18QRZI,0.023404751
CUST_WET83GKB8H,0.027504949
CUST_3JWQPG5O8D,0.037773874
CUST_NS8HL8LTH9,0.14508854
CUST_U9NZS9EGG0,0.086167
CUST_TUZ1426E0R,0.75673306
CUST_9IGWFIZ66J,0.1374488
CUST_ORQK2RSQKW,0.13465637
CUST_SMW0OKAKA7,0.1476586
CUST_OB15J7T9S4,0.0275205
CUST_QHHR58FMGB,0.09317984
CUST_X67IVJ1WG8,0.15118685
CUST_O513GT3IXT,0.8535611
CUST_ULAKZVPTGU,0.08815673
CUST_4NW84LMW3D,0.03587202
CUST_S1ZMACCO78,0.08163519
CUST_1A00A6K25Q,0.030741498
CUST_EAWI536PU9,0.13259386
CUST_6TBWSMH7EA,0.09564264
CUST_TDQJBGSTQP,0.8061959
CUST_EE5JWA94U5,0.10638392
CUST_9FT7CZM0AD,0.81346923
CUST_X3I0VRGU33,0.19148996
CUST_585FGEX4MQ,0.8312409
CUST_1BO75UNNXA,0.0220245
CUST_BTNKEKD0GJ,0.095950454
CUST_IRLLRKOLQF,0.09283262
CUST_JC0Y5LDVHB,0.02987857
CUST_VUCZEKILD8,0.7677086
CUST_CG9ME12HOM,0.11326919
CUST_OQOJVGE2YW,0.86754125
CUST_HHWXVK3YCN,0.11142499
CUST_SV8BVB471Z,0.02827777
CUST_LMIC51YD9F,0.03122593
CUST_4TFQRUTJWA,0.066995576
CUST_4V5WTBMEJG,0.027792435
CUST_0YVUEX1PM9,0.17220488
CUST_O4R9HEKEE9,0.87173826
CUST_N3TCIQYUPP,0.10487499
CUST_CC902XX8QI,0.7283017
CUST_YJ5KHM9XZW,0.8061218
CUST_TAVUJ0MRAS,0.062452562
CUST_IHP91OC82N,0.034889564
CUST_UAM931JNTG,0.023827797
CUST_FMIF3R10QO,0.086288296
CUST_9PH2MS3W4O,0.11091852
CUST_ZPUH63CS63,0.029035302
CUST_OTQYJ4KVE9,0.10506868
CUST_2K0N2J3CDX,0.024683435
CUST_1HJSS00273,0.027760813
CUST_26CY4SHUI9,0.039528333
CUST_ILOQXOK353,0.045408964
CUST_BB29QVAOZI,0.10012439
CUST_CK4SF7I7LI,0.018794058
CUST_8953S3NYUF,0.6931027
CUST_VSU1RJJ9XO,0.09983575
CUST_LY9ZFMNRWM,0.028619515
CUST_HSES3IVYS2,0.12924506
CUST_KP98SWTUJ4,0.026592761
CUST_2ZCHBQN4WE,0.030174835
CUST_RRR0G1F20R,0.028509287
CUST_4G52NL903L,0.03017602
CUST_AQR6CS7NEG,0.09996651
CUST_RQ4RCWSXVV,0.029599804
CUST_PP997ROT49,0.10626605
CUST_GSDE9IBBGO,0.030368106
CUST_L26JR7BWGW,0.017412722
CUST_KSORKHC3VR,0.16144608
CUST_YGPEOQ3FX1,0.13671063
CUST_WY2DTAHFZV,0.08383155
CUST_C0J2O9WBBK,0.13709491
CUST_653OX8ZJ89,0.13784395
CUST_FLTXYYVHWA,0.7086086
CUST_IZFVDLQR96,0.030478323
CUST_T4VX8ZPWYP,0.035082616
CUST_IAO23MJ3ER,0.14096707
CUST_D54B7VQRQS,0.022429356
CUST_H0FPIDLKQQ,0.07492981
CUST_0R5A0H3BOA,0.029017728
CUST_5VIYJJSTOA,0.1304922
CUST_4PDYSS2H2E,0.024037763
CUST_REXA64SGJU,0.90706325
CUST_SJIHMD9I5V,0.74219114
CUST_36UOMJUBBK,0.10368994
CUST_ZN892VDYPA,0.08294947
CUST_SH3E6FBNRY,0.07546823
CUST_P9SB2ORK9K,0.06541355
CUST_TU7W70P4XX,0.021937938
CUST_RGQMUXLP92,0.09684434
CUST_G31EDHSOAI,0.025387123
CUST_G6RX8QZG9N,0.12291277
CUST_QN9AXX8M1K,0.88926584
CUST_6H7TVTMYJY,0.02942172
CUST_UC9LITDL2O,0.8553361
CUST_ZAG1B88X4F,0.032505773
CUST_47ZU3SFMHE,0.025231557
CUST_EYCGIU70BH,0.07486497
CUST_9OJ6MCYXHV,0.09574175
CUST_ITO7X8N3K3,0.13089928
CUST_YA6HVE0T1T,0.071211
CUST_20QWWMZ5HX,0.022250276
CUST_RP0Z9SY9M5,0.11515517
CUST_O4BNJ0X2VI,0.029294789
CUST_6UYTT3ABDR,0.03550842
CUST_93S4OHDIG5,0.022026058
CUST_PD51AH01QT,0.028494108
CUST_WZB8EQSQQY,0.029010126
CUST_OYASOZBPHS,0.026172105
CUST_T6J9A60WX5,0.047991633
CUST_F6B3KF1OWQ,0.029147692
CUST_SS5JMOWCNO,0.13841954
CUST_BB5HDEC6ZB,0.1740678
CUST_WIUXV3WJKN,0.086165406
CUST_E9ENAF1R9A,0.032379817
CUST_U9S0QZWV87,0.027440451
CUST_ACDW1J694L,0.03408156
CUST_RWSH3U68M9,0.09424749
CUST_UB2P1FUFOX,0.0257816
CUST_AF5XBWXZV1,0.02366158
CUST_35M3TTH1HM,0.0683943
CUST_EQWVSTWKKF,0.8186323
CUST_3BDA83B4DK,0.08433758
CUST_CFO4J4P6NC,0.8237516
CUST_XZTJF0IAKP,0.1405357
CUST_TT0NHZ0DLY,0.08837965
CUST_NVC1RXAENH,0.025506938
CUST_RQ1YU6M3MR,0.030182412
CUST_DAW6FLDQBO,0.12611352
CUST_ZO350LMZ7J,0.084397085
CUST_241J4UGMMG,0.07055593
CUST_T9DYEDUMXD,0.021081135
CUST_NKPH8V1L2Z,0.031929106
CUST_Q5Z1RDSZCH,0.081584066
CUST_XLDKPJ4Q39,0.08369117
CUST_VTQTZRHZMK,0.03532663
CUST_BCIRKQYVXW,0.08239205
CUST_9Y55MFNYCO,0.027334914
CUST_X9ZJLVA5G7,0.025488198
CUST_VD0ZJIA0OU,0.095824674
CUST_Y5YCYG87X9,0.14704295
CUST_UVTGCB8QBO,0.023797834
CUST_2TB8YC3UKR,0.09289512
CUST_B8A5UOR9IQ,0.083394505
CUST_77J3D1TPWX,0.02238151
CUST_M64EQW4VDJ,0.09745803
CUST_FWGQ6N2KGN,0.13368225
CUST_6LPDLBTE93,0.09599529
CUST_2KNDFCCTEU,0.027189706
CUST_Y0JDJBOPSS,0.023374591
CUST_E6BXMAGHJ0,0.08593007
CUST_92PS6KCDS0,0.024140906
CUST_677WSBS4N1,0.019494984
CUST_01JL0XJ92A,0.018648343
CUST_V6QJSMJ8KO,0.13586515
CUST_VE7AZTSJNV,0.09130857
CUST_7TAXRL5Z7X,0.031517453
CUST_4VK0XH8LW2,0.026163617
CUST_QQ0FP0UHK5,0.025616823
CUST_MY592VLV5I,0.03186943
CUST_QQUAOO2S6M,0.029089566
CUST_YKHIUTCB9U,0.041827645
CUST_QRVL53N9SS,0.029587807
CUST_KNF1AXRT4G,0.034548987
CUST_GSFUI6JN8G,0.15424742
CUST_39W7OFBERH,0.02540727
CUST_UGUBUHBO9N,0.06269532
CUST_1OWKE4TAV7,0.020927865
CUST_G70WH7DVG5,0.022779979
CUST_UKYYNI2Z57,0.08895903
CUST_HH2H48Y2P9,0.028974928
CUST_170XQ2C5F7,0.86257416
CUST_44UA30BVG9,0.13238916
CUST_T3DQAU9KMP,0.13678113
CUST_2NAQUX4CW2,0.024472954
CUST_4KY5NNW9TW,0.027779913
CUST_IJVQAI0XLS,0.023486149
CUST_DM633ZZNGJ,0.13993904
CUST_EOTBUK8XUT,0.103324786
CUST_0VXITNQ75H,0.02602169
CUST_VG4JMCV2RU,0.028099298
CUST_HDYN2XJ3CG,0.8436525
CUST_14KC0EHNFD,0.09727628
CUST_HOMXG0RGD2,0.11137165
CUST_H4UYGCMNZ6,0.030683799
CUST_IKZEU4ZU0W,0.03385676
CUST_OBX6PGHHAI,0.7858345
CUST_SIGNB3T7K6,0.032546166
CUST_3MRC0RA7F2,0.026743641
CUST_SLI5BRMLCZ,0.03128278
CUST_93ISCNSNA8,0.025217663
CUST_QU2MK4KM02,0.024224753
CUST_590QD172ST,0.028521178
CUST_7TUJFE00ZC,0.08206145
CUST_HWY0FBV91O,0.1113025
CUST_4HJS4BKBZ4,0.14908667
CUST_KHHI2JCRZQ,0.15000944
CUST_SF35Z5R4SV,0.02681429
CUST_DOAV0IASGE,0.12835953
CUST_5A87U07GJ9,0.061645202
CUST_UJQJAMY7IH,0.13208912
CUST_NWK94OZOLQ,0.027129553
CUST_MH01UPYCZ9,0.038807627
CUST_DQDO3KYL0M,0.02727509
CUST_ZZK0951S0L,0.040526785
CUST_BQ7BPM2L8D,0.0309858
CUST_4M88AVRK3H,0.03209944
CUST_OD822CQBEJ,0.024752807
CUST_XPQVNGZWRQ,0.032477975
CUST_UU052QBRFY,0.029445428
CUST_V5SA6A1C9R,0.025752619
CUST_2SOYURXPQ7,0.032130886
CUST_8Y4AOXGAF3,0.08792707
CUST_Y5N5E9FDK6,0.10923303
CUST_Z2LGO08LEL,0.86804086
CUST_SWJF5ZLS70,0.12565771
CUST_EWQMTQ4V3X,0.024220662
CUST_HNLHC7IAZ4,0.033343572
CUST_9AXTP9F93U,0.024519905
CUST_TU6HK09TRP,0.79128
CUST_EZPLOYGGN2,0.09852161
CUST_NCA2NCN7RY,0.028204978
CUST_WYA90HR41Z,0.029340947
CUST_LP9UIT7Y8P,0.022639442
CUST_6XUPUQZBWY,0.024048338
CUST_1H1R14BXVO,0.087008335
CUST_BH1T0532AW,0.025982784
CUST_UCPLD9CFA6,0.02303315
CUST_R0AXFWX7GV,0.14854516
CUST_7QH7DMM8GP,0.07648761
CUST_ESAGXLWZP9,0.028680367
CUST_PF0OW48HOO,0.11259317
CUST_72NP1CDKT1,0.023200827
CUST_W0PPZ2NBBG,0.18712111
CUST_PFJ5EIQLC3,0.026269123
CUST_D442YPRVIV,0.07937204
CUST_DQ78HJBNVM,0.106244475
CUST_W95SIVKGP8,0.07674765
CUST_X46GCZIMFS,0.11108842
CUST_E099G0INR3,0.06795816
CUST_C0YKKYAW60,0.025433382
CUST_PLN7EPBICS,0.15240456
CUST_LPQ2HO0T4X,0.10581985
CUST_Y5CGPQ4BV3,0.023190102
CUST_4H39MYVTOL,0.11549064
CUST_NF6KM79D0H,0.13649812
CUST_WLPDGV0RSL,0.06920797
CUST_NAZ99H3I89,0.09235546
CUST_2WAMH5SQKN,0.103645936
CUST_WE7LVLMIBB,0.04014936
CUST_EVNNMZNOAK,0.031080965
CUST_TWS9QLCMLX,0.031198787
CUST_IZ6AOZFAO1,0.07094122
CUST_Y0CDV0NH75,0.028818706
CUST_PZOPJNJ7KL,0.03793759
CUST_TKH1FWBFZH,0.06815618
CUST_I9M443Z40J,0.036203265
CUST_405US10UV3,0.07580443
CUST_5DT203U2E2,0.09008039
CUST_4SJ6YX25DM,0.019137217
CUST_FLT7DIY7FO,0.7710353
CUST_U1B7Y0MMQ6,0.030332197
CUST_LR6RR1RZ01,0.027305463
CUST_CXJIY15H53,0.031463303
CUST_JEC9QHI0UI,0.02713735
CUST_9QEHJ1VPAZ,0.12339431
CUST_MFRL0VTKOL,0.10028133
CUST_74IE0GGFW2,0.039395593
CUST_XP9F0II0KW,0.025821608
CUST_C7C4SHWHOM,0.03236544
CUST_T4FI4S2AV7,0.02168174
CUST_6SQ4N43TEX,0.02408077
CUST_467I9XWA0P,0.02086757
CUST_OQ320YL6H8,0.021529792
CUST_LEFRXB3RZK,0.025981868
CUST_0PNAMXZZGL,0.087711714
CUST_MMBED86PP2,0.10454436
CUST_XJ0GHQ3HPI,0.06865152
CUST_1L5CH9WDXT,0.15196046
CUST_6K70AFRC5G,0.03167191
CUST_UEX1GDTX2E,0.11371937
CUST_MPH9CT85SX,0.03021365
CUST_YSU6K588RX,0.10133898
CUST_T330NRRCX8,0.032753214
CUST_70UB98AA0J,0.10708455
CUST_LEJBH49JUS,0.025507625
CUST_DMIW2PZ8BC,0.030967489
CUST_AVW9RPDHRP,0.035407417
CUST_39MI683LVV,0.10322234
CUST_IVA24Y79YY,0.021076167
CUST_RT8R6LMYAV,0.02904036
CUST_G61XD6V320,0.06355936
CUST_Z0N6QUN8SC,0.026503814
CUST_SX2ECS83K0,0.66138387
CUST_6LMFTA0XVQ,0.023620272
CUST_K06613F4H2,0.030781103
CUST_299O5MW5BD,0.024563238
CUST_KXPJ9TKYRS,0.08733423
CUST_I5KPINUCSN,0.025824234
CUST_7Y3HB3E4CY,0.096179776
CUST_PEXXJWQR6O,0.02675159
CUST_56FXMDB8WT,0.07414636
CUST_ZZY0AHO5J6,0.14249504
CUST_4WY14WLV6U,0.06636156
CUST_HNUXIUKM49,0.85937107
CUST_X7ZVHCNTKS,0.09833148
CUST_QHI71OXMQF,0.041766964
CUST_7PY88Z398Z,0.017802447
CUST_ENY2JRZJRA,0.10597471
CUST_W980GGTQ5Z,0.034126107
CUST_X4TFBZ75R1,0.076096416
CUST_48DG9LC4WB,0.02645397
CUST_WRHX4KKU0U,0.02540476
CUST_B1C1QL4VBM,0.12124159
CUST_SE70INLOBN,0.06896204
CUST_GSJHU5IABP,0.024567066
CUST_F9X8TG1YIG,0.09358689
CUST_VI5STD4C3T,0.12432701
CUST_6FXN3UNF29,0.020791842
CUST_SXVBXEBIV1,0.0259389
CUST_05LK67WUTR,0.02838449
CUST_W4TKCXUAJ1,0.023579469
CUST_372FJ6GTFM,0.074905336
CUST_V6YRO9S7VP,0.026247261
CUST_ZGBDOMIAG5,0.14418995
CUST_L741LWCV4W,0.023063533
CUST_CQX35KLDQP,0.025288165
CUST_1DYMQAN4PA,0.09441555
CUST_PDFI53PQK5,0.020315344
CUST_5I88RK32P8,0.10456869
CUST_JVBOKXZXN2,0.13565056
CUST_RY2H0RP4RP,0.09819325
CUST_HYKLC7IC3J,0.026973724
CUST_MCHJQLEY69,0.8467834
CUST_9N42P6DD83,0.056778878
CUST_SJHZDIQ26D,0.023713559
CUST_PQL6QK057J,0.026164219
CUST_QQN4NJ7G94,0.036230236
CUST_1J1O248BAN,0.0217153
CUST_W0KG8AR69P,0.035983894
CUST_EAON4FSFBM,0.12378617
CUST_VRTVN331FN,0.09100123
CUST_LR9CCQA0DK,0.027257133
CUST_T364KR6QKC,0.023351824
CUST_79YTW2VO60,0.036692634
CUST_WUF1M49XUW,0.027587572
CUST_PJ08Q0T8X4,0.036302242
CUST_U0UJSUGQSA,0.082610786
CUST_K2CO9JIWQR,0.13016222
CUST_O0KMKMZEWN,0.025842285
CUST_RDH6OZY57H,0.022649372
CUST_M48LRTZJFH,0.03423883
CUST_IH0OP1TI9Y,0.030424107
CUST_LIDN2PG479,0.022165148
CUST_Q6169KSXEE,0.094329014
CUST_58B7JEF4WE,0.06684101
CUST_T7633TQDS9,0.15722838
CUST_C36W5FISVO,0.031619787
CUST_AZQY59NSMM,0.08139991
CUST_HA6XPAE8C5,0.76889074
CUST_P8G4XA1BPN,0.7967438
CUST_RN0COZWPUW,0.025796916
CUST_7D8B7597CA,0.023837049
CUST_RIPFJ5Y7VA,0.11061366
CUST_OP9GBPBXZH,0.03567238
CUST_27VJBD2SJV,0.027712239
CUST_HB9T9WIKBI,0.022187896
CUST_3HPAVZWZ2E,0.03361407
CUST_6OWUBU2NOQ,0.11739706
CUST_2HNYUI54IP,0.09458811
CUST_UURGFNHB43,0.024967281
CUST_ZO22JVKC28,0.031413645
CUST_G9FBI1QSRZ,0.024183005
CUST_F8C3OBTT2Z,0.018657466
CUST_KA4HUSEL7N,0.029414302
CUST_6P1EU0322A,0.09234657
CUST_QF3CMPG0X1,0.13026418
CUST_RAD890T18M,0.11313499
CUST_VGYN2GQ0XE,0.028372433
CUST_W4YCOZ4U3M,0.03839887
CUST_LO2OM2PQB7,0.018162467
CUST_8Z2FJ0418M,0.87396044
CUST_1O9L01PZXJ,0.03275246
CUST_SI7MW2EB2X,0.10471424
CUST_4U1GHE4RM9,0.022543518
CUST_HCG4XM47ZY,0.023778668
CUST_T6EBL3K68V,0.019040832
CUST_JIJGUILWUV,0.02301715
CUST_BWCFVW0SLS,0.019856302
CUST_H2XTWTM70V,0.0994168
CUST_3BPOUS23AG,0.13305101
CUST_S890NPP337,0.18863568
CUST_5S4QZZF34E,0.8421795
CUST_A5JC9351PH,0.02644338
CUST_4VJBW1Y6HT,0.027085533
CUST_MY6I0LTD7I,0.7741076
CUST_6H8IBAI5IC,0.033106137
CUST_Y688WBMB5S,0.035938606
CUST_4K5MK94HNA,0.89104
CUST_FJINWWYM1L,0.024162387
CUST_9DW65GCCBT,0.03765585
CUST_MWYTOZRQBE,0.7307991
CUST_YYHAR9NRLC,0.034147754
CUST_U50REMCBYB,0.12902275
CUST_UPP01P4CTC,0.022295669
CUST_0GFZMB7MQV,0.113654144
CUST_V4FP2J7JJI,0.12649576
CUST_FXK3S824XQ,0.031405695
CUST_A6DPM70RV8,0.12002583
CUST_9BAREDFRES,0.022008272
CUST_NNU6F6AIM0,0.03662964
CUST_JY2Q4KO7SG,0.10701321
CUST_Z62YRGBZSM,0.020149605
CUST_3451RJGHAD,0.04785486
CUST_JN0DY37ZW9,0.06874978
CUST_5Z9SCGA8KD,0.03570989
CUST_75Z8J2NO40,0.024506975
CUST_8THKJC6AEY,0.030118084
CUST_05NC7P3IIQ,0.1176736
CUST_T86JU3SM4D,0.029471422
CUST_7MTBNPPM70,0.058788873
CUST_9R2S76N2RW,0.021765206
CUST_EKRCBQ7P40,0.02536752
CUST_OO71H9BHSY,0.8528081
CUST_KZ1E3RVA1Z,0.028767934
CUST_2EN416OXSZ,0.17302412
CUST_BKB1EPJCWC,0.13913994
CUST_5X63ULBHPZ,0.10041804
CUST_NTD3OTT1N2,0.020336395
CUST_T9GFLAFIYD,0.023335338
CUST_IT9519RIEE,0.087019004
CUST_ECWMUHUMKX,0.11552573
CUST_KFY5AMOHUN,0.027630854
CUST_8Q0CB2FRDJ,0.09042531
CUST_B5SL12HJUZ,0.024224693
CUST_R8H3U35Y16,0.02904905
CUST_AV7Q40F4NO,0.02204566
CUST_MZ2JZHSAEQ,0.025223296
CUST_DUK8VIAS53,0.11813378
CUST_QHAOOQY1F4,0.041571226
CUST_EL3K8TDP89,0.7209669
CUST_6A4UY9Y6DQ,0.027019441
CUST_26WYZNNTOR,0.09215247
CUST_GN4Y9RNURC,0.031963326
CUST_HVEJ49AM4W,0.037127033
CUST_NIXP4CG0IS,0.110041454
CUST_LZ2UQ4LBBZ,0.023003247
CUST_ZFFPGKI4DV,0.03773273
CUST_L27W7B89XC,0.105230115
CUST_QL0XFQKZED,0.08775682
CUST_5TR6CCOTVP,0.11180745
CUST_L2W1LY7X79,0.08780994
CUST_CGVNFV0NJT,0.032224573
CUST_3D325F4SWV,0.032558385
CUST_W9PLSSGDTE,0.024109652
CUST_HY0XVDMNY2,0.03375001
CUST_X5L5SLGVKN,0.78247267
CUST_M2I1627DMV,0.03526965
CUST_XMW9K8ZWK7,0.028669203
CUST_FUNQXPC4IM,0.081445366
CUST_Y2WL0HDXOQ,0.022532325
CUST_JWICB2Z3TV,0.029206475
CUST_VR2VHI9LQO,0.024245631
CUST_MKS5AUNH0S,0.033908285
CUST_9OST4MOS8U,0.10561606
CUST_ON2ZC7WB45,0.024483738
CUST_JFJ40VY1BY,0.026862325
CUST_D59NGZMQ5X,0.0334932
CUST_0FJQAE0GLL,0.036345065
CUST_M7PEXRO3RP,0.023607729
CUST_B5S183WR7F,0.086097226
CUST_EPIJBRRFD0,0.8086881
CUST_UYXTJDLTUL,0.025866007
CUST_QBI8Q33SYT,0.11238577
CUST_XLAPKZNL1M,0.10116512
CUST_34BWPG28MC,0.0917603
CUST_8PW9ZJELPM,0.115928315
CUST_LH3AM68T7V,0.11157039
CUST_LWMJ7LF4SU,0.033576652
CUST_FRHZXQI90G,0.07466373
CUST_H9NEVJMXP7,0.08083417
CUST_JDDPKRQIYL,0.905001
CUST_2DQU7AANTA,0.08023494
CUST_2VI45K4FS8,0.021849284
CUST_CA30BO0SBB,0.040207062
CUST_WYYI6VWUC6,0.06400525
CUST_TANJNEO63E,0.09550889
CUST_XCM9ZHEGS9,0.09499259
CUST_3O8V3HWZME,0.07953496
CUST_H05JQO9PJC,0.08323991
CUST_2S2XZN07YQ,0.07709025
CUST_0TYSONH5QV,0.027609173
CUST_5L3V0377S9,0.026670733
CUST_3RII2XRNU9,0.033270128
CUST_RC9M20647H,0.12640564
CUST_WG9VFTFA80,0.029239872
CUST_X7QQYGUOUU,0.030636692
CUST_UE50GYVDS9,0.07090824
CUST_XW9GN01PWD,0.12186699
CUST_G7A4BEUZSE,0.03556145
CUST_T7IZ5BRPMO,0.09942055
CUST_37GXGCAT0R,0.057739113
CUST_KIAVVKHYVZ,0.7420039
CUST_N9W1Q07O65,0.029148204
CUST_6WVGSLE5Z9,0.025874883
CUST_L6L88ZK5HK,0.034848634
CUST_OTGJ3CKFEI,0.079446204
CUST_1ZXDGXZ5Z2,0.0244927
CUST_ZAMRBJ862Q,0.018524751
CUST_QR9IFJC6LN,0.028067723
CUST_Y2SIVRJFB9,0.024972232
CUST_K6BX75JAEQ,0.03911568
CUST_ATIEL91F9F,0.15251763
CUST_66LZIDOUB4,0.16802955
CUST_VXHRVCQHKX,0.08637029
CUST_2NY38AIY8S,0.08314977
CUST_8STHI8YLJM,0.030952679
CUST_F1DC0AZY36,0.056659024
CUST_1FBSAYOJOI,0.12596506
CUST_TBUP3ONSO9,0.13375232
CUST_Y79MID2IYG,0.025772087
CUST_H5JQT4JCW3,0.03459996
CUST_2FESBBGYR7,0.097999506
CUST_81NDROYDXD,0.025931401
CUST_9W8DQSLHM0,0.038146183
CUST_L8BG3FRMIR,0.023327932
CUST_1L70B157UB,0.024475344
CUST_4DR3B3DDX3,0.028239423
CUST_BXRV8XQX7Q,0.09531724
CUST_1IQ5IUPULX,0.022864353
CUST_G4CS9YYI36,0.07867281
CUST_13FHZUXZEN,0.077159055
CUST_X2SS3BXLIV,0.03738788
CUST_0EYVNNZZ0Z,0.73089105
CUST_M1FKPSACZB,0.026856847
CUST_RDVWGW6KGE,0.08412785
CUST_3KPWSLADGI,0.157692
CUST_DSWLVVLGHC,0.11473412
CUST_7N6I8AYX4D,0.07228261
CUST_EH40JMMGP8,0.86162484
CUST_VXU0EDIJ39,0.73938686
CUST_FRTKPCL0GB,0.022110881
CUST_Q7B6K1S37Y,0.093792126
CUST_5EYQ8EK6RA,0.02488277
CUST_HTSBP4FPP4,0.037084278
CUST_4WRQ12T70K,0.13731322
CUST_JLKM9QCYSR,0.06308843
CUST_9REXIR6466,0.097882494
CUST_WRT5GV11R5,0.025468972
CUST_U9J0JQU12F,0.15290226
CUST_AAKZVN9YKX,0.07407992
CUST_7SILMQ869P,0.023391752
CUST_H0L28KQMRG,0.10286399
CUST_5QX4LPDVDS,0.07262831
CUST_DD8G320SNP,0.07127177
CUST_L2MFS3MWCB,0.03347141
CUST_X22ZG6JC76,0.17954366
CUST_JBTY9RR5PN,0.024329217
CUST_SANGB49H7G,0.08965325
CUST_RJ36WHQBLJ,0.7921026
CUST_9EAJOXJXJR,0.035447527
CUST_HWXNAD60RA,0.033552885
CUST_PZXY8L8OHU,0.02316885
CUST_HAJOA2LLWI,0.025824595
CUST_NX8E6TF0KM,0.12226998
CUST_GVFLHE1LX2,0.02645609
CUST_SUI0IFMM4G,0.09009386
CUST_MJ3YMSTJE0,0.13759498
CUST_00VM2CL0E4,0.09880132
CUST_3HDTSA6RE4,0.032130167
CUST_0KMEQOW8RP,0.10580167
CUST_YZGX92LSP1,0.034247283
CUST_YCJBZ6IPTK,0.8491834
CUST_SKS3JN67BG,0.030456504
CUST_94WKS65TSM,0.12545235
CUST_GEQ3K8ZZVJ,0.021999631
CUST_9M108KS897,0.022261275
CUST_0AEXBRW7T7,0.029845783
CUST_N3QDJP0AAT,0.03225583
CUST_2KZDO9BKOC,0.10500901
CUST_13OSOLDFD2,0.09293736
CUST_S2BICL2ZWZ,0.036583632
CUST_PSAH29A54I,0.06371865
CUST_1RQPT01FLQ,0.022853656
CUST_O3EFF9NCRL,0.022605794
CUST_BHQ8ST5KHV,0.030033076
CUST_SOFQLHQKCS,0.08829411
CUST_X9ILGMJJ58,0.7434875
CUST_J6CNP6NSKC,0.02589107
CUST_4A2KMS2FMK,0.07879929
CUST_TEHR6XTI4Y,0.035030134
CUST_DFFA5GHCQ3,0.8301671
CUST_UPFZQQBKBG,0.03266512
CUST_6NR9KQ10C1,0.11091318
CUST_VJQMOK0V1Y,0.02407156
CUST_ICHI1WLESD,0.034915335
CUST_D3PEPIVB2N,0.1081766
CUST_WXXQ2D0IBR,0.19479115
CUST_VN27OX54Y5,0.07103873
CUST_G46GPVOVLA,0.68693113
CUST_TS5KNM2P1C,0.022281729
CUST_98D498QND0,0.090337895
CUST_96QFNXBC2B,0.022599678
CUST_ZFT62P3P90,0.033724323
CUST_7SNRP3BZ5I,0.021472396
CUST_BDOGUX26XC,0.033566713
CUST_37Z6V269SM,0.867024
CUST_TPXP0R7VLI,0.12212708
CUST_NJGH85LRRI,0.8441339
CUST_TE1H9CPP9T,0.17996147
CUST_M4OHSP5WI4,0.025501212
CUST_WSCLW5GJBQ,0.10269612
CUST_D7M0DUISZF,0.025616068
CUST_U9DXBXNOJ7,0.033396587
CUST_4C6KNPU46N,0.02327737
CUST_V8B7TTIOQ2,0.906497
CUST_S70OS9PDCU,0.026900401
CUST_AEBIF34BBB,0.01847707
CUST_LU24VGU25A,0.09275304
CUST_M5DS4ANAEE,0.76852024
CUST_J9PYSGEK9K,0.03014343
CUST_LB8Y9RUXZ8,0.027747393
CUST_FSZXIY6RC0,0.026689524
CUST_4RSWRVENC3,0.10320806
CUST_9CHUCBNB20,0.08223476
CUST_GA8EMUF2KC,0.030106295
CUST_MY28G49YJE,0.09732394
CUST_46Z8Q01SLG,0.022887696
CUST_P28CO0M16K,0.81772816
CUST_B9RJCB7TKO,0.0887651
CUST_H7M9WDCLL9,0.2020459
CUST_1B6NSRFHGZ,0.80923176
CUST_S9HGNBUXBQ,0.124173835
CUST_VI0VZF9ZTQ,0.091021955
CUST_189D0FDULL,0.1105027
CUST_2A0NFZMVJU,0.021786299
CUST_CC4FGP3MZ1,0.05640347
CUST_08XALKFVDF,0.7663604
CUST_10A83MNYUD,0.03862116
CUST_XLTBINLTY4,0.09385529
CUST_ZINBMVP5U4,0.12820196
CUST_Y4MTKM8J9H,0.12212961
CUST_UP4WEKTVZ5,0.024893971
CUST_C69LCKT46N,0.038819972
CUST_2MPPGUGMYA,0.15576407
CUST_J9STN2WRQJ,0.12701906
CUST_FR1SEISX9X,0.019320736
CUST_0K3RHD7M7X,0.06269153
CUST_MCBVHQH1XD,0.17111292
CUST_AWAK7P5GER,0.027897928
CUST_Z2JEJ9G68Y,0.039544575
CUST_0MRE5BB10X,0.033825625
CUST_3YHVOOQW3Q,0.13309439
CUST_DL7PZ98TCJ,0.023007013
CUST_AT5NY1CTTV,0.025072107
CUST_BKEKT1CTRC,0.026848411
CUST_W653D4EFLV,0.023720087
CUST_MC2ZB87ZXC,0.12359182
CUST_353K9MGP1Z,0.040119067
CUST_TW0ZFDJU28,0.13696891
CUST_QBA7S4XTO0,0.12626068
CUST_VNMA3ASJRY,0.120857656
CUST_X7HHUVGTLV,0.104076795
CUST_MYUH9NYLJX,0.021738293
CUST_12HXPTHT8G,0.019271769
CUST_JS4DVDR6ZQ,0.1074919
CUST_4LHTJIVVN7,0.02235778
CUST_EHZ32QPI08,0.022973508
CUST_L3LLH3DB5W,0.02801977
CUST_NINGOPXD9R,0.034248132
CUST_A6R1B23CM1,0.02331673
CUST_44MEARYT51,0.029025415
CUST_EI8BS5OVPK,0.026628235
CUST_U03O6Y8IHF,0.06812561
CUST_JQ0838DBU6,0.02913081
CUST_5OWOWGYGDD,0.029662926
CUST_6MP42YYKUS,0.037650008
CUST_59UCS5J08I,0.19947292
CUST_WYTN72GOBD,0.021897454
CUST_5TFGSCYZIK,0.09591348
CUST_030AD4LI3L,0.035900693
CUST_HDWKABOF2U,0.026118957
CUST_CRP4S5ZDD3,0.06943425
CUST_O4LNUXNW24,0.029714271
CUST_G12TV05PO4,0.8630613
CUST_M0KUEHH5LB,0.14274785
CUST_7LRWAY4U3W,0.8968884
CUST_13QGXD2IGC,0.8037277
CUST_PJAAPZ3QXX,0.024732303
CUST_5F5BQMJV7T,0.03261368
CUST_WVRJK7OBD7,0.16518004
CUST_HAS7M7VFOU,0.032470528
CUST_A6PAE93KTM,0.026662126
CUST_HSMID9QTG4,0.02313414
CUST_IJISU9YM1Z,0.06322363
CUST_H3R35SU84L,0.83571476
CUST_MGNIKTQRGY,0.029176218
CUST_MP9U1QDMIP,0.07636203
CUST_C07V5SKRVF,0.021513812
CUST_I2SLFDGMTI,0.0224319
CUST_FJXK8MJXV5,0.023416488
CUST_LN75V9DEDT,0.09175786
CUST_NQC2QL8A7C,0.025001483
CUST_51CA5055MZ,0.87583965
CUST_H1J2BVK1IQ,0.12318797
CUST_ROFNR0WJGU,0.10611806
CUST_WAKACM5169,0.03188032
CUST_DN403SMILP,0.034442686
CUST_EZYPHJGIA9,0.027536925
CUST_7COUE2PB9C,0.10856446
CUST_ECRQT0K5H8,0.10567579
CUST_WUCPU7HQV5,0.7699271
CUST_IH37NLIK71,0.08257293
CUST_4JP2RRN98X,0.025194712
CUST_ESVLPQ9C33,0.020375397
CUST_XPEBICSTM0,0.084019594
CUST_UTX1S2NAIF,0.12122186
CUST_Q1BAS4PIPT,0.101552434
CUST_KH3P7BSXVS,0.034036767
CUST_4RM4GE86FC,0.08437938
CUST_4ABS7T7HDI,0.023465427
CUST_EUUVJ64U6T,0.081352785
CUST_RLNVWIDA2C,0.11379242
CUST_KKI0UWZGFG,0.15077679
CUST_7QYADMIR8K,0.07886734
CUST_0YJN9X3MR7,0.025662728
CUST_HOOTW0NP7M,0.12722935
CUST_3A1HLIQO99,0.092093766
CUST_97AH428PHC,0.0280481
CUST_EWD6NCQNKW,0.69304395
CUST_UKIRO135XB,0.06526536
CUST_VJJ62X0VCM,0.022286046
CUST_BF3UY1V4WY,0.024839371
CUST_053FZ7VJ8Y,0.84756476
CUST_4XRWC7SGSZ,0.022200603
CUST_2YU7YS5IBF,0.07182063
CUST_QUFGWK36TH,0.7926729
CUST_8TPTUCW4W8,0.10452117
CUST_UVOJ56T3XE,0.02894491
CUST_YJY2UX79LF,0.026599497
CUST_ZEWC0DGBST,0.8763414
CUST_VPOX30SF6L,0.037458573
CUST_45R8HV3BNG,0.021091029
CUST_KNJ674Y665,0.08792392
CUST_1OU6T550VV,0.024963794
CUST_84KSZ77MRX,0.06254432
CUST_IP1BB3HWLN,0.028663931
CUST_ZSNVUU6TB7,0.12661125
CUST_BYQYBOYWNV,0.026036242
CUST_89U9UMOFH0,0.02486764
CUST_WE2QM7SWSY,0.02270718
CUST_6M8GXVWLII,0.103097245
CUST_W6AI71COAT,0.104684025
CUST_81JT6ZWOQV,0.018413015
CUST_HOP2MCDHYD,0.77377367
CUST_I2NPAG73ZH,0.11191333
CUST_L9OSCLFF36,0.030697312
CUST_1DRG6WWD1Q,0.10554554
CUST_XK63RQWSSA,0.03598352
CUST_PRHJQ51EOS,0.02069518
CUST_GW4Q9T46J9,0.03643963
CUST_WWNR8Z5HPP,0.084511094
CUST_GFUTRVM5IN,0.045804605
CUST_MWCP4ZYHLU,0.13514857
CUST_2YKOIUDO99,0.6865602
CUST_LQMRHPGSFB,0.091556676
CUST_LDB09JLPE4,0.02034652
CUST_VNCLIRYS20,0.20166823
CUST_OASMU02OW7,0.020389492
CUST_7P6ML9ZDUD,0.09888198
CUST_U46EXVR5U3,0.89801466
CUST_I9NIZ9VUPO,0.033903163
CUST_10WTZV9XIW,0.031891525
CUST_FHHHQGQLOH,0.16500717
CUST_62LU0RZ3CH,0.023546519
CUST_2E4XTK1N0R,0.09029457
CUST_B81SDJH2AZ,0.022957923
CUST_YHWABO31MH,0.043045502
CUST_RC8SNNBS5Q,0.12028358
CUST_V31S3M6D17,0.026475795
CUST_2XDFQDLSCY,0.02676344
CUST_6HJV71R27N,0.095369905
CUST_GOBL55Q7FW,0.7530624
CUST_JCO3WJ23GT,0.02873981
CUST_ZWY93IRP0V,0.028410645
CUST_QIZR38M7G5,0.129409
CUST_60OTCC6V5I,0.07519604
CUST_NT29AUWQXV,0.019773932
CUST_E30F5SZD8I,0.030939791
CUST_1AHGZ2J2BX,0.045643833
CUST_XWGRZDJ5BL,0.12511998
CUST_PNOHXIHDDR,0.028979152
CUST_Z4Y4HY8GHM,0.020942993
CUST_JCOS31PWQT,0.14353219
CUST_J2E9WMN7VN,0.02774113
CUST_2EHDUGW7U6,0.03483762
CUST_605EUYCZLH,0.021009184
CUST_BHHRPC9QVF,0.0750732
CUST_TP4FEK8KVD,0.037500408
CUST_2YGQCK2UAK,0.028568398
CUST_3TFV2ZDUHF,0.03120583
CUST_R8FUHHR9QF,0.06657762
CUST_6VPMHMJJ33,0.02807236
CUST_LISYK1IEHZ,0.03177461
CUST_VCL5TZQ1CU,0.02716794
CUST_7AT1QDVKYO,0.7577242
CUST_U103LH6T8D,0.09265993
CUST_N1L19607Z1,0.7783413
CUST_7MWK7ARS0F,0.023484709
CUST_7J2VYR404S,0.032110754
CUST_ZFN4ZOMULM,0.032435503
CUST_05VDK5ZNI4,0.03396185
CUST_6SAKEHUV8H,0.02761499
CUST_EGMJW1J9BD,0.027580455
CUST_7NL3R5BISG,0.13104808
CUST_GH1OX77G9N,0.10166056
CUST_VDMH69G94A,0.03592821
CUST_VFNVKJ06LM,0.089409426
CUST_IH5QA1QEZB,0.09836446
CUST_C63EW27JGU,0.021667646
CUST_WMJSHSIRBM,0.91326076
CUST_UUKZZN74WF,0.026958304
CUST_BPBE9RH50Q,0.116443105
CUST_SJCY8VRHLA,0.023627814
CUST_80HP4NXP6Q,0.026144791
CUST_BXABC8TVU2,0.08178678
CUST_474N2N95U8,0.11375857
CUST_TODBY4OZCB,0.12079734
CUST_AUTSJHXP4R,0.030190064
CUST_51GH97KSUE,0.024927555
CUST_4U5JRM3SZ0,0.023331692
CUST_Y69TEZJ2N9,0.097331755
CUST_NDOIFZFKAD,0.02936808
CUST_V8SLPTNUTR,0.12638181
CUST_7DLITWZI2A,0.123872854
CUST_4VTT4LHZ7Q,0.055955257
CUST_Y5XL969K5T,0.02753585
CUST_XY26DKWQCX,0.020104595
CUST_18KTML7RYI,0.104103535
CUST_VS6HJULXCR,0.025230788
CUST_OV8VITQUP4,0.022503823
CUST_5HT305CU1V,0.02303808
CUST_KOPNJYP4CM,0.027225025
CUST_WW0ZQBO8CN,0.030554911
CUST_IAKG1X3L13,0.115932174
CUST_87T5YJ3HT7,0.030250074
CUST_0AGLMHFUTE,0.099052556
CUST_J7ZGOZ81U9,0.032727193
CUST_N7RGD340W3,0.10162305
CUST_FTYOFBGZIU,0.023937115
CUST_WFETXG9M1E,0.82363176
CUST_MKTLPNPLM2,0.07208144
CUST_L5XM04LJ54,0.11773797
CUST_7S45BWHJ5N,0.023288345
CUST_TN5AXMX7IF,0.09427934
CUST_70FFRN7K7A,0.12259782
CUST_8WGNU5GOHL,0.8012172
CUST_G1N408IIZC,0.111248635
CUST_CHPR2AVVYG,0.025191871
CUST_MC742M9YZ8,0.03519116
CUST_5GJYFO8WH5,0.108459294
CUST_HFOC617OX9,0.026826506
CUST_1WR2E05KF6,0.027099948
CUST_D0UTCVP0YZ,0.026717875
CUST_CBYT9MTP6B,0.03415816
CUST_39ZG5VCC6O,0.12469807
CUST_L72CGNIOL2,0.8297755
CUST_6VJ4G3V686,0.067358926
CUST_YQOHDKLQAF,0.14699869
CUST_9AAD9A4OH1,0.14664574
CUST_Y9HMUR6UC9,0.10123346
CUST_PM2TXRQRBG,0.10716705
CUST_S4JQ4UEYYP,0.031061154
CUST_JOJOGN5FF4,0.13414635
CUST_L59WXJLJ9S,0.038372282
CUST_8WG0NLUSS1,0.03506112
CUST_UM8PI1DB20,0.029340034
CUST_XGAZX49EW9,0.09329265
CUST_3M17QZO2NK,0.033567052
CUST_WOM06O1K20,0.12633649
CUST_ERVD03OZ7X,0.030734306
CUST_INHX4KTEPF,0.09767053
CUST_D16HK9YRIN,0.032134015
CUST_68UA1NCWPU,0.02470773
CUST_SL47C0M9BD,0.02374198
CUST_GFDS9IZ5TZ,0.80069536
CUST_UBRW08ZYLY,0.03302569
CUST_FI6ZUEPCJU,0.849121
CUST_BPN6HX6OMP,0.03245344
CUST_FZ9OKUKYO1,0.022138003
CUST_M7F3RRXJ61,0.14701657
CUST_KS1JDCJOGA,0.09226818
CUST_GGO54W5GMA,0.11848748
CUST_B7JL95INIM,0.031061493
CUST_CNZQQV3DAT,0.032942414
CUST_6YBVOLO6M5,0.026473073
CUST_TWNC2OCWJC,0.019718284
CUST_MELPP525IW,0.11197189
CUST_UE9JNM1FS0,0.026157727
CUST_L8X9ZXX0ZY,0.099544965
CUST_E3DBX02U24,0.09199079
CUST_20WY3HQFWF,0.026230618
CUST_U1NH48F7BS,0.07038206
CUST_6I9KN2076L,0.03467723
CUST_TOHQ5ZUHBJ,0.13101164
CUST_F25M1QU6V6,0.026168885
CUST_8IUIBQCO9B,0.026661731
CUST_CRE6015P5Z,0.07767265
CUST_QGMFC7L8XA,0.09055887
CUST_V5CUTVWAR0,0.03256379
CUST_BYA297YXKY,0.03347944
CUST_QD02A34SIQ,0.038272973
CUST_PZIA31WVRG,0.023902288
CUST_CAZ5XXQJS7,0.03958026
CUST_0GYCDRAUI4,0.096960045
CUST_QEPCIKZHUI,0.025731841
CUST_2VI4RWG3MD,0.8556456
CUST_9ZY1CGAQ67,0.028892653
CUST_W77RMRQMHY,0.04552737
CUST_C2DBDNMTVO,0.14886853
CUST_8VI8YDG7E5,0.063998945
CUST_CPORXWAHPT,0.1230977
CUST_AXK8HJXKJP,0.112516195
CUST_53FY20WOR3,0.84095037
CUST_HDAV367H7G,0.03294644
CUST_MXR096OUP3,0.10676884
CUST_WLLDGSDS66,0.11940224
CUST_2IFYHE4RTN,0.025835328
CUST_WJVD2Z0NME,0.023441296
CUST_OKOAZ9YJKQ,0.027659386
CUST_1PGTHZ8W5S,0.13085996
CUST_0WE4I17ZSG,0.07818391
CUST_H4GA5QRJST,0.019968363
CUST_UXE52OE2N4,0.023399008
CUST_4FMZ8KPB9W,0.026914533
CUST_ZCI518YLMR,0.07619436
CUST_71KQH5YZTL,0.022151472
CUST_ROENFHKT8U,0.023019064
CUST_YD5T2RHYT0,0.07387922
CUST_65J5ZU5IP1,0.059002094
CUST_2GCE2BEKTT,0.024533179
CUST_TWHXE2GO4B,0.08552819
CUST_HR5WGEAP33,0.0362436
CUST_6HYUWUKR7T,0.07593994
CUST_2PFAMR8XB2,0.02711173
CUST_8V72X0RB10,0.06586217
CUST_4WDKB77XYJ,0.8363886
CUST_FF8D5JEHYW,0.025396487
CUST_F6DY73Q668,0.02160264
CUST_YTWLGEJNYG,0.13670826
CUST_VB3U0P7VTI,0.09424177
CUST_UD35QLVFG7,0.024028013
CUST_L7GX6DVM4K,0.040250726
CUST_3QZKPQVE8A,0.027634455
CUST_WYN8RCAS51,0.023097524
CUST_VO1UJRMVVV,0.03655383
CUST_T0A1SNZM30,0.028824065
CUST_FWV01UJRHB,0.075055175
CUST_17TF9P7FSA,0.027570853
CUST_R7Z8SVCYGO,0.09139038
CUST_24FCW2S6JD,0.07611891
CUST_ZOL6UDP07F,0.074282736
CUST_TS2NDDVIMB,0.029910384
CUST_GIJF1MJ1AV,0.038750518
CUST_AAASMXTB1D,0.05190897
CUST_0MXOGVWT15,0.025730927
CUST_JAWBGMOUFT,0.02808674
CUST_VW8UAYZH8L,0.08460437
CUST_5XRNHEN98F,0.101240404
CUST_4CK53XSZL8,0.026919017
CUST_B8QSPILXTQ,0.02305054
CUST_TF6XNJ6VYP,0.03633411
CUST_2B7GROU5JR,0.16906896
CUST_OP7TX9260W,0.03151519
CUST_MEEHR0ZBDP,0.032337654
CUST_N2YJHNP7SY,0.0340846
CUST_ACBW5NPC8I,0.030148938
CUST_D28VP7OXTR,0.07729299
CUST_S8U7T67KIJ,0.024332685
CUST_75QWGSS9FV,0.038526624
CUST_GWFKQA1Q8L,0.10078828
CUST_DGDXV9SXWP,0.049255874
CUST_DV1JO90CJX,0.025042634
CUST_TEQJL3VZLA,0.018604413
CUST_P5K0DHSFOF,0.027101928
CUST_YCREIIOUIS,0.026078144
CUST_TZ073TTB28,0.03251587
CUST_9MJQOB8I0D,0.034179445
CUST_PEZQ64OI0O,0.14103492
CUST_38SKF6JFA1,0.06586358
CUST_ZC5NSAGFKR,0.10385899
CUST_TCNFTVJ6RF,0.018527327
CUST_HT6P26YFX7,0.026236657
CUST_UI2EES9M6N,0.12090983
CUST_4R05TX4DDB,0.055336736
CUST_2Z1TR440GJ,0.10787366
CUST_9YH4K4ZUFY,0.020824444
CUST_UR3LCXFKV8,0.02051453
CUST_1M549GDM1P,0.088019684
CUST_EFPFVK15CK,0.030681446
CUST_29B3JMM271,0.026913585
CUST_SE66X07TA2,0.017763976
CUST_AA2FHD0GLE,0.044055466
CUST_W9YN6EJJ5R,0.024609247
CUST_315SBYDR1T,0.09041682
CUST_KPUV6LSH1G,0.041146424
CUST_QICDLEG80Q,0.075096644
CUST_AOWXGCIHM0,0.1442796
CUST_9QVZ82BXBR,0.025945218
CUST_4TV77UWEKH,0.026820555
CUST_XRRJ8U6TLO,0.03782821
CUST_HEKM9U8CUJ,0.1321196
CUST_KMNOY9W298,0.025253305
CUST_CGQ1IKEWTZ,0.082587406
CUST_2G0TFS4JJ2,0.018500077
CUST_R18F86NVTA,0.021769037
CUST_BIRE9T28Z2,0.024593692
CUST_8WCHV74EZ9,0.023239717
CUST_TRHM0A6PQX,0.096674114
CUST_YGJN7I2DBK,0.12404819
CUST_AQ2EPZJSH9,0.10541031
CUST_ZRY9I7V2CH,0.04774773
CUST_E89JHRFV47,0.13671277
CUST_KUQYHTKUA8,0.0357454
CUST_0Q1S71M9IP,0.10248387
CUST_YX4P60LQRF,0.02760365
CUST_OC8HBR2DLK,0.107419394
CUST_Q7CVSWYYN5,0.099478096
CUST_3YYGFTLH38,0.11591903
CUST_5PIYIFMI6Q,0.083111174
CUST_VGZCJJA5LH,0.02476932
CUST_AG6C0JBY6Z,0.026416013
CUST_51JQ5Z4R15,0.08168509
CUST_NYI7JEE2NT,0.035837527
CUST_TCDDQXQ5FJ,0.08772501
CUST_IBEAOTRHRV,0.14074942
CUST_1WZALIOF8P,0.020734945
CUST_Y41JLF75C7,0.7887037
CUST_RX9YT9D2T2,0.025118386
CUST_C23H91XX7M,0.01714118
CUST_GLKDPGJB2F,0.028091734
CUST_7ASUSOW1VI,0.030708734
CUST_HGW81H4ZYO,0.031062549
CUST_OXQ5JT0RWF,0.85805684
CUST_D9G4Y5I779,0.07214428
CUST_JQVP0VFMF0,0.064544946
CUST_2UVIR11HP8,0.03737088
CUST_I0OOCATR3G,0.10193958
CUST_ANYJBSG3Q7,0.08832486
CUST_URFEAI5JZ5,0.020114418
CUST_2TLYL3B1C8,0.09430614
CUST_V0WWF32VZO,0.15195914
CUST_58PFWWRU64,0.022248324
CUST_OX1PEK79D2,0.022736307
CUST_3I1DS1692Y,0.067854956
CUST_DGWM9NGI11,0.12222211
CUST_JF5F9BDMRL,0.1679116
CUST_D2AWEE2S76,0.027719704
CUST_AAKXPQYPIR,0.06387167
CUST_ZAD5S9JO66,0.02408524
CUST_G6JD5E1255,0.09849182
CUST_H9AXKJYCBF,0.032345742
CUST_0M9OHB21QR,0.06988755
CUST_ZIEZ2KMHJ5,0.07039602
CUST_4HLSDHRX5A,0.032723673
CUST_6JB3BD023N,0.037369132
CUST_AR1715S0NU,0.11692391
CUST_OMW2E8QSHK,0.030712785
CUST_LYMPCI8BN7,0.082845464
CUST_YKVUFZ0BLY,0.0890903
CUST_TR4CRB6VXF,0.028867785
CUST_UY8EQENQTS,0.07797108
CUST_7OMRW6ZHK6,0.11917456
CUST_533VFY5ZFG,0.023237098
CUST_R6LOHBNS0V,0.10499788
CUST_ZZOVN2F6GG,0.019689705
CUST_12EO5W04S7,0.11149228
CUST_OUAFUTGVYF,0.078180216
CUST_I6FY0LNI09,0.036665544
CUST_VFOO11HNYA,0.068744354
CUST_FZPZFSS6KO,0.09717656
CUST_BQ1C6SRV5Y,0.116857305
CUST_GRRYVO6UK0,0.097610086
CUST_Q3YNPXC1QS,0.050787058
CUST_OEXF9BW6VK,0.124788985
CUST_H7UJQA9UOZ,0.17041928
CUST_40OT1PAOTO,0.047740422
CUST_XQ4DMJSDH7,0.05734232
CUST_6Y6SENN207,0.093956344
CUST_GBUXAH6Q3W,0.022525426
CUST_XZGZQB3IXS,0.035749815
CUST_Y5W0A0MZ9W,0.15408163
CUST_7X28YSN14B,0.11712711
CUST_OT9LHD874H,0.13310154
CUST_BK7YCXUUO4,0.084518045
CUST_PJ2NJAPFOK,0.09931354
CUST_XN7SGIMDEW,0.15466869
CUST_3XNE2FRKL6,0.04007568
CUST_ZVMNXDATAZ,0.11398969
CUST_T0BDPTTIOM,0.021934174
CUST_DA2FMSLJK4,0.029693713
CUST_OSIOQOPRU2,0.81548923
CUST_V66HXR85GW,0.032284845
CUST_EI799A6M1V,0.106266804
CUST_MKVGJ2WP6U,0.031195115
CUST_4U9ZVSWBEQ,0.032725893
CUST_2VDGABOTDK,0.038645603
CUST_HQB75989G8,0.025594447
CUST_JCTQY6H48P,0.12834229
CUST_BE3UUHI46K,0.02192163
CUST_L3PP8JDM4H,0.13567936
CUST_61OIC7S2JZ,0.027937837
CUST_GJ1HX5TWHB,0.022362044
CUST_TRRTNF3VYX,0.020937005
CUST_HCEQ3CVB04,0.025692666
CUST_3XOHSZJLRB,0.02654001
CUST_6NO01VDETZ,0.11972883
CUST_RGFSQ5RHHP,0.031087408
CUST_Y2ZQSV5JWZ,0.08419932
CUST_I3QL8FGO17,0.027420614
CUST_SU9PJHCTD9,0.02830566
CUST_KMBT2KRB0B,0.07634376
CUST_YYMNM2XAF2,0.029145084
CUST_8GRPANKGL4,0.022593744
CUST_GOP8WCSDWW,0.1037422
CUST_T87MP1AH9C,0.034132574
CUST_STQEW0BXE7,0.030424355
CUST_LJ5KAES1TU,0.020565607
CUST_1FL6PU7URR,0.100148775
CUST_0W9JGPB5GX,0.119046256
CUST_B24DV0BS1J,0.09650211
CUST_ROPGCNH8ZE,0.03442665
CUST_OA2QDOYO2U,0.026247488
CUST_4EDEJEJHB6,0.027879275
CUST_IR4YMRQ35O,0.12592974
CUST_IDLKQDHSVE,0.031650122
CUST_XWJ1JQCE7I,0.023483358
CUST_10TGWZXUUI,0.027312944
CUST_F1D5NH2GFD,0.799143
CUST_JNNR95TAY6,0.08754885
CUST_EHG36WPWX2,0.025111556
CUST_8EUNZVLOUT,0.023859277
CUST_UQM423L2WS,0.6781756
CUST_5XPWPG6ETM,0.13670614
CUST_LXNB6OJPQW,0.60003763
CUST_LQCOOH1KAT,0.118735746
CUST_Q096UBM7FY,0.03255861
CUST_Y8EI5J5FVO,0.020438986
CUST_0Y8GIEVW62,0.067975394
CUST_FBKZ2RPPSG,0.175824
CUST_P851OTGIDR,0.028393887
CUST_HK8JQYVA22,0.09610166
CUST_NQ8YAWWA3S,0.07809794
CUST_PT44T7Q3I4,0.0336661
CUST_D5TXME1IOQ,0.026252363
CUST_D69RN9RKOJ,0.027560875
CUST_MF49PH9GTK,0.035796385
CUST_QUZEHMSKVU,0.026888039
CUST_D7Y3V9PWKG,0.02237839
CUST_KCZI5OV6NJ,0.026562588
CUST_BP6W7C9W4Z,0.0991176
CUST_WPPHBRH1RU,0.11653816
CUST_QBW1217NN7,0.0304833
CUST_A3W1T5RS8W,0.121495344
CUST_YVY49LPDWR,0.12554519
CUST_J7ZLEV6I37,0.023388954
CUST_AMHSWT2O8T,0.7303136
CUST_1JZ97K22OD,0.096774064
CUST_PBIVZ5NW7T,0.046322256
CUST_2R2HV4UWRO,0.089391604
CUST_58H5A2ZANG,0.020117652
CUST_VLSZOH0DFY,0.023688566
CUST_2JZW99L9ZA,0.110830076
CUST_0YYKGQSJZS,0.11530285
CUST_A8BYY42ZF0,0.113003284
CUST_6LGIZDRC9S,0.02339714
CUST_ZI9FLPHA33,0.023348862
CUST_YNE3UQGDL1,0.03013235
CUST_4IQ2BWS027,0.03029936
CUST_R51W0SRAOP,0.11765428
CUST_ID2GN4CJHM,0.07193813
CUST_Z4SIYXLFL6,0.8258649
CUST_0Z24X259J8,0.8259418
CUST_X1OGHTC7JB,0.08025729
CUST_6UBU9IQXA0,0.024789633
CUST_UWXJRS19AB,0.021638013
CUST_J4Y0NUKIQS,0.022965468
CUST_BYUOLYM54Z,0.039497368
CUST_D56SWI70RM,0.033709906
CUST_20LO6NK9P5,0.031739008
CUST_DHZB2F63FF,0.094279446
CUST_7P0G2MJ2R9,0.09392472
CUST_NDG780ZIK3,0.85744894
CUST_VU6HZC5UW6,0.8342041
CUST_8SZGNW03PW,0.023078334
CUST_55N38OVPFF,0.034687493
CUST_TF3YK5GLLF,0.17959239
CUST_FKRV1QMEFA,0.033057958
CUST_VEZGT9MOUS,0.09286255
CUST_157FWK97OG,0.025463263
CUST_D0NSTGCGZQ,0.07469406
CUST_OIWTTS5US9,0.15506569
CUST_24PXWJ5CCE,0.025463339
CUST_BQIH0N5G37,0.106064424
CUST_MXIGDWP2WT,0.024152711
CUST_SVKXJJO7D3,0.18180518
CUST_1U1J83N65E,0.024788562
CUST_JT7NNB2U1H,0.11880468
CUST_D8PAG5OMHT,0.14480646
CUST_OCY8SWW2JX,0.87884396
CUST_KT2YUP4TQO,0.09462444
CUST_BHPUN69S9S,0.12331764
CUST_H74RPQJP52,0.029645905
CUST_I3K8T1AKNO,0.068456106
CUST_3JXRN963NU,0.027267141
CUST_95WNY5H86N,0.12056639
CUST_O0TT0BSF10,0.0801191
CUST_2QRXSTJR9E,0.03126072
CUST_MOZ79BT44X,0.024229167
CUST_1C6YUIBL5S,0.024957607
CUST_LF9AX7102K,0.12708493
CUST_J5Z7PWWKL9,0.110329956
CUST_ALVQ5FY2TD,0.025614986
CUST_6JPK8B4OI5,0.027893746
CUST_DK0Y794N4T,0.06511289
CUST_EV8XCYWW61,0.033643186
CUST_W41IKCYC97,0.14082481
CUST_MIFFBUKA70,0.12426354
CUST_XVGEGYI5QM,0.7238739
CUST_HQF776U199,0.8580239
CUST_W3PMBOUHWU,0.11861035
CUST_N08V5HQ9IF,0.079753
CUST_BB3E4MR4Y4,0.031573158
CUST_0IIEZTKAZU,0.035170216
CUST_YS1791XA06,0.02547354
CUST_2D1II1B6Y2,0.14107345
CUST_5EVAE21X0K,0.12138384
CUST_6NS2ESE7E3,0.036312792
CUST_5P68ZUAIFY,0.020603271
CUST_Y7O7WO6J8G,0.10527721
CUST_IVI0STZ77X,0.03312048
CUST_WI9HX1WHFV,0.031029245
CUST_04C36OWSU0,0.035757605
CUST_S0FC03FMDG,0.09836655
CUST_22GBOUFGKB,0.07687987
CUST_6N4QQE7DBU,0.027950965
CUST_7TOO4FE70R,0.09911804
CUST_7TR683BLZV,0.88690954
CUST_9F5AY0PHND,0.023546403
CUST_S07JTARJGB,0.24400802
CUST_IBUM70E4JA,0.08489391
CUST_0UCYLW1HHI,0.022223061
CUST_PV5FHYKFTO,0.024109555
CUST_6PDKAMSWXF,0.14914669
CUST_ULMEGFGEG2,0.108345434
CUST_3057F75V59,0.02091833
CUST_07Q9HQIR5E,0.09242706
CUST_EBPNZHVWU2,0.10728683
CUST_DWUZK2369L,0.09141016
CUST_VQOT5NUZTT,0.12725633
CUST_GCO2JEYDJO,0.029937834
CUST_U64WKDZYTJ,0.03684895
CUST_C91CPWDL6T,0.10345776
CUST_XBC2Y4XXVF,0.13267912
CUST_QHDUI7QR7Q,0.03336421
CUST_16DH459RUY,0.026179168
CUST_2MYSAHUC8U,0.09440239
CUST_R9UGEE452L,0.75545293
CUST_QQ614BLENF,0.052095324
CUST_1Z0EU79DA7,0.1484452
CUST_2Q02LSCBTX,0.040923905
CUST_BBD2T6HDSA,0.112796366
CUST_EQLPPUUCFT,0.03952949
CUST_CY3U8J5CUN,0.10726891
CUST_DNRVJZL68I,0.039689913
CUST_6UL9Y3Q8IZ,0.023582637
CUST_REVGCG93O2,0.83777636
CUST_TSS3CJTNDU,0.7209299
CUST_KVEBI2IDJ0,0.016762432
CUST_5S3WTNWHZD,0.039138213
CUST_7JWTVD0WRS,0.15056172
CUST_OU87OZB8KE,0.0316338
CUST_KLCD8IHMSA,0.07831435
CUST_HJGHFZIQSE,0.10006512
CUST_K4GN2RJYZU,0.08876383
CUST_EQB4RHDO24,0.027408838
CUST_45IB6WHSZT,0.019229002
CUST_QXVU3VT2X0,0.15216114
CUST_BEBIUZ2R0Y,0.18378763
CUST_ZQRY125CUR,0.84617776
CUST_EJNBYRNCEH,0.108990535
CUST_7KA95VFW33,0.055542085
CUST_9VJZVBXOEN,0.02681896
CUST_MWKNITZMWK,0.021824554
CUST_3ACAN4XBFB,0.7972446
CUST_MBB5YZBN0U,0.025921628
CUST_JCJKDZTD7D,0.01913761
CUST_6V1CU7QPKP,0.031134343
CUST_XFWMUI9AMU,0.13595244
CUST_U75TQO7763,0.10616943
CUST_URKOXT8B7I,0.01940758
CUST_EMB9A1E3TN,0.025699819
CUST_5AHTE65AC7,0.86336356
CUST_UNCDM1KGSN,0.034557123
CUST_OSFUIBFFIJ,0.032011304
CUST_Z31BTHA3K0,0.021980783
CUST_PVQ5FSLFGN,0.025407046
CUST_SB6QA0DA6O,0.042274743
CUST_D3L98V4U8E,0.8337379
CUST_WH2DZH26XO,0.019928737
CUST_Y1LIU7XJVS,0.10579953
CUST_AR786PWJFK,0.03165778
CUST_D6R164VX52,0.07374483
CUST_HC69KSGCFX,0.029830946
CUST_NOAO8LT5AQ,0.07962462
CUST_6YSXNB4S6S,0.8497242
CUST_0YM5CHL6S0,0.0743516
CUST_HYWIMNC4V2,0.09958184
CUST_GLH36GHF15,0.03660996
CUST_BHCF7OP829,0.15473054
CUST_HS2OPD0X4L,0.84543437
CUST_ICZ92Z4LBL,0.1344349
CUST_A2XFC93Y96,0.8105568
CUST_WH2HBZRF3O,0.13003643
CUST_9112VAIELF,0.020993613
CUST_KO2EKGDUB0,0.019176057
CUST_2RK589IG5H,0.02264913
CUST_U1JOTLRTJN,0.026442103
CUST_AEJJCFIMKW,0.02849614
CUST_WEHRHYUEY1,0.08654084
CUST_C7MRXYUQVV,0.0243201
CUST_TCLICCG9DW,0.022801954
CUST_5SPSLIYS22,0.07967591
CUST_EO9OUH8IKN,0.028782226
CUST_PZQ9LGGLIC,0.024445038
CUST_J815UPTAH0,0.15600248
CUST_R1VFTRR12Q,0.1440657
CUST_9P4IR3ORNV,0.025308982
CUST_KJ4XF3C5E4,0.045721713
CUST_WR4C98XEGJ,0.030795773
CUST_C87LF5ZS4W,0.026866363
CUST_5V59HYIY39,0.13032605
CUST_RJWL3Q2J1D,0.022619579
CUST_7URWH7M1BS,0.023730256
CUST_K44NOFG6KE,0.025109204
CUST_2FL9KOX4J6,0.11414851
CUST_B10UKSF894,0.7524047
CUST_V8736O2N5H,0.13075872
CUST_QXP29G6DAE,0.02956127
CUST_N2KFYTSP3Z,0.036950372
CUST_E20IHGTYTK,0.025326326
CUST_RI0SS30F6W,0.09630352
CUST_A5NQ5IXSV0,0.12296181
CUST_Z4I7GG7AXC,0.027342012
CUST_ZSZP7TKVTI,0.043576594
CUST_Y2AZBOASFM,0.09527973
CUST_CLON1J7P9A,0.14042027
CUST_VLD5CVM6E8,0.8364377
CUST_HQUMMYMS6J,0.025643468
CUST_DAOCOQLL6Y,0.12558565
CUST_WU2YMC8K2L,0.10815197
CUST_U3SFL794C7,0.8144996
CUST_AUDY2V7FQI,0.8689845
CUST_10ZM15G3DC,0.09794464
CUST_UIV1VFXC92,0.11833082
CUST_FTNN2X0OUK,0.13847524
CUST_9H07H975KZ,0.022702215
CUST_AXP0XMAST2,0.15382585
CUST_RYORQZOQXZ,0.03507255
CUST_80N28T921T,0.09933735
CUST_M8PXPZ9LJI,0.024314506
CUST_OBUEOZZLSQ,0.82262087
CUST_BD6F0PVXNX,0.10041937
CUST_QCIJ9I5BA2,0.13134404
CUST_8A1Q5AZYNR,0.07057279
CUST_NVJ62IUT9P,0.09993627
CUST_K2PLYBCTU1,0.07815617
CUST_1NM5H43IL2,0.09642799
CUST_M7Z0P6DNTT,0.027402636
CUST_WJWOE4CBYK,0.08040652
CUST_IYUPMRLTKG,0.08834657
CUST_GV8YW8MS8Q,0.033516817
CUST_A8OD5811ZY,0.023495685
CUST_9Q6P1YWOYF,0.12659344
CUST_R6WD8DTX0F,0.02479179
CUST_4EJE3RWZ5I,0.02261017
CUST_1NE2M6ZETK,0.027780183
CUST_I25964FUSS,0.10461066
CUST_HX6I90BBVE,0.023857284
CUST_F3OFUWOA0T,0.14922476
CUST_F1HE15KKX7,0.070957765
CUST_THAXPAG8W2,0.08431099
CUST_N2WR6NXE2E,0.030964883
CUST_DSYV9CWY8E,0.024847459
CUST_02XCE2QARZ,0.036027495
CUST_AKSR17UB7A,0.0784618
CUST_UHPCORFRCQ,0.023684906
CUST_S6SAXR9H27,0.04089829
CUST_Z111RW66XV,0.027508138
CUST_ZSQEA29J06,0.10692193
CUST_U5QQ00EWL9,0.07181269
CUST_GUPKTDHVKT,0.019462358
CUST_QDB89CKRJ5,0.035779923
CUST_JN0BGJ8KCS,0.027383924
CUST_IMZXQS5FMX,0.85676163
CUST_31A7F4HQNZ,0.10125841
CUST_XLTLGIGPEO,0.03248119
CUST_CJ4LZ02OPQ,0.02768176
CUST_ULGQHVHB0N,0.026097309
CUST_G2HDCPKTOQ,0.08393798
CUST_KS3LQ7VA53,0.08741257
CUST_2DO3NC18WU,0.024138018
CUST_XWJ46HYWAX,0.8759402
CUST_5QXKB4NQ4B,0.04169049
CUST_DYKMF6O48F,0.11270006
CUST_C920JLUBKZ,0.09849133
CUST_GFAMMWWI4N,0.024234917
CUST_P3291I5C31,0.090174586
CUST_XUAPA4Y0PF,0.7683959
CUST_MBDH6YHA3Z,0.024038931
CUST_5LF5FDN8KO,0.71544105
CUST_QV677F72C5,0.021927372
CUST_BPYRCTWXL2,0.06924776
CUST_2TP9UVD2CQ,0.16040261
CUST_5E26L6265P,0.06152522
CUST_VKVPD8IH7V,0.7701321
CUST_R0EWF1USPL,0.024866777
CUST_BQB7STS5XF,0.023891348
CUST_75VMLTEFLV,0.13162342
CUST_P6EG7YY34D,0.12140865
CUST_JT52Q8I98P,0.060282487
CUST_GARTWSS9MY,0.021796992
CUST_B130RBB7G6,0.06384965
CUST_JPX9VOE1YC,0.065378115
CUST_9V4MN02MGG,0.025992936
CUST_V3DZGAZSG3,0.09455165
CUST_QSARKQYGS0,0.0251701
CUST_WBM6U0WJE1,0.12750478
CUST_XT8QWZXL6G,0.031224502
CUST_FXW3H21N2J,0.0214438
CUST_1YBQCF7DGB,0.023778927
CUST_FBROU35ZX7,0.08084339
CUST_LBNG1L0FVL,0.025255756
CUST_EL0A7MFE59,0.027917309
CUST_X03I0HMTRU,0.105721265
CUST_C7XOY5IL7E,0.102735505
CUST_VPGY3IFV9C,0.046787813
CUST_ZF8Y5ODYNI,0.09607919
CUST_50XSV7DN51,0.035388146
CUST_QQZCZTUQ7C,0.8358142
CUST_DAII4MG3CB,0.03219532
CUST_ECP1B2O9TR,0.0365472
CUST_0DDDUOJJ1U,0.04325931
CUST_47R5WMMKM7,0.02063817
CUST_HIE7WIJIP5,0.77638394
CUST_C55N978QNH,0.071156606
CUST_C63EKQ9OVK,0.13171928
CUST_R7QZILSJ4L,0.13673083
CUST_058UGOED7D,0.099086456
CUST_JWYS9FMIX2,0.035781708
CUST_NYLHQVCI02,0.047991425
CUST_UJMLKYA7HA,0.71804017
CUST_5FHTB1BB95,0.030971974
CUST_CDNYEUUXXP,0.064586565
CUST_0SZWS26P8C,0.032216437
CUST_T2PWGKWCBW,0.02372644
CUST_XDN1HODKN7,0.022851711
CUST_UGFM15RMBC,0.12737815
CUST_YCOHE8C9OK,0.020813307
CUST_P5OSCZKE6B,0.12980226
CUST_QO1B0X4NIW,0.02545058
CUST_4FZ2SFH8BF,0.022463543
CUST_P67FNMAY78,0.022997627
CUST_0D5E8W7XJF,0.028956352
CUST_OKPOEHVMT7,0.10170092
CUST_SUQY2I7H96,0.6681053
CUST_26ZPZ6NE2G,0.08514624
CUST_ALTIXCUTOQ,0.08541844
CUST_7LWDNMYTYC,0.17816624
CUST_A5EKF7X8KO,0.023984874
CUST_QTA633T1IS,0.11781168
CUST_BCC5JCAQ9Z,0.032954894
CUST_IHG2JSSR5N,0.12063255
CUST_D5602893YU,0.12868814
CUST_HL8E9MBGTM,0.11748856
CUST_STZ5N0JSOM,0.066119246
CUST_C4W97T4OS5,0.026150037
CUST_GVZTPNBZCI,0.88983965
CUST_NRLTNNH71K,0.0234392
CUST_DLONDF89DM,0.08376626
CUST_00VZGK2GKQ,0.026636887
CUST_INDRVEE6T5,0.038060836
CUST_E0UMJK6JZX,0.10024122
CUST_2SAZPS4FCR,0.042479087
CUST_FB3GAY3D0H,0.019561065
CUST_L3VBYU8JY6,0.75877994
CUST_XF6KBRTNV6,0.034082588
CUST_Y5CA0481AJ,0.09629315
CUST_X9VIGF38E2,0.14226185
CUST_5BSX9XBACZ,0.10314558
CUST_OPXE2G6GA2,0.112413846
CUST_E8CUIBP99B,0.024900233
CUST_M3KLWLKVQE,0.85329133
CUST_ET1PBDPY12,0.026577491
CUST_BIPMFS50CK,0.03182179
CUST_1YN6GQ9PD6,0.03867585
CUST_M2U6RTEJ4S,0.028788239
CUST_OV9FICA6EB,0.026080845
CUST_7NDIW1716A,0.026944278
CUST_18S6GBAOCW,0.037528705
CUST_550I3D568C,0.036725447
CUST_8UGAAKIA36,0.10697563
CUST_6N04KGEPTM,0.02063939
CUST_I4C36R9Q0R,0.022874547
CUST_CH2GB1U7VS,0.09460892
CUST_FM1I0QD8WP,0.045018617
CUST_IUQ8IPU3KX,0.097177036
CUST_UUGDDBRS1G,0.104464054
CUST_YIDKBBH5X9,0.025884517
CUST_ZU21B682HR,0.68076915
CUST_1Y8KECNW2N,0.093864314
CUST_S40RQMXB0W,0.0722735
CUST_XT3PPSJ1TI,0.028939229
CUST_SP7SZKEE9F,0.03794599
CUST_DCRD1NNBZB,0.06797588
CUST_6UW7LZXPYW,0.027863579
CUST_G400ZB5BS5,0.0430953
CUST_RRPJBO9CNY,0.08083772
CUST_FOW3W9NWTY,0.0807694
CUST_LHZE33ZOC1,0.12627068
CUST_CGN6CH7PRP,0.022239795
CUST_KDX1X34WI0,0.029847406
CUST_LLCRM4BN2R,0.023473673
CUST_4QX3UXFCH1,0.030787159
CUST_E7ITLJSU4Q,0.08225465
CUST_I4GPB0SHHR,0.03888865
CUST_YQ57LXFXPQ,0.0391359
CUST_N2OC0P330S,0.08788944
CUST_5RWNUAUN0U,0.03686707
CUST_7PG6SQD92I,0.07172717
CUST_F42GWIQLLR,0.091834344
CUST_8NWH72OAGJ,0.022347866
CUST_UF5ZXX2R00,0.041816007
CUST_4Q3LL6I4VT,0.070521645
CUST_QCLWS2BVQM,0.02249338
CUST_SJUKJL25PR,0.027411578
CUST_UGVD0ROYH5,0.09541583
CUST_D3YY3W6CKH,0.037043605
CUST_U9NUK99LOU,0.84470046
CUST_RPYQTK1Z8R,0.041189294
CUST_P63DECDYTO,0.025856836
CUST_AAUQHSU7NK,0.10158629
CUST_FNW99HJ3W4,0.018075256
CUST_33KPYCN8BZ,0.10116736
CUST_X96CDUXH39,0.028717652
CUST_P5M7UQJEDH,0.08266696
CUST_JRX5UVGGR1,0.12125083
CUST_1MZOU86PYG,0.762184
CUST_AXPG5R59GM,0.03298727
CUST_1IYJZ0OU8W,0.84152067
CUST_7M2OQETQYU,0.113097765
CUST_ZKULBO5JND,0.027460646
CUST_MTZ317891V,0.1590547
CUST_40LZBTL14Z,0.0691873
CUST_L60ASI0SYC,0.08640053
CUST_Q4OTYUV16D,0.18903533
CUST_R6UNVES8D9,0.13235125
CUST_XSASOSNJ6E,0.024347436
CUST_PFS04R1KOJ,0.14795394
CUST_T8YTQI7HJK,0.021618383
CUST_0U0KVTLJQ7,0.024172148
CUST_LFS42QR54Z,0.7723124
CUST_2LTBW08M6B,0.026404569
CUST_HHUZCNYUSP,0.037574537
CUST_AL5BUFV5BJ,0.091296606
CUST_CNURA5C8ZS,0.021959957
CUST_GKS3E4YGJA,0.8619118
CUST_HXX0TWQUWE,0.026370712
CUST_SBDMFCCQ6B,0.025253896
CUST_HAW5EH7E8X,0.025582748
CUST_6C2HVTU40T,0.11095676
CUST_YSYEFQ0TQQ,0.09471923
CUST_BZYVPFOEXV,0.027653957
CUST_Y4ITC923O8,0.03365995
CUST_024XOFN8OT,0.09501734
CUST_5UY9ARFI80,0.027003488
CUST_IH4BRECUEV,0.08106991
CUST_Y6CV79OHC0,0.021604557
CUST_1V2K4J500C,0.10009191
CUST_HKNJLNCMPO,0.11904926
CUST_7Q9MHECBVB,0.119145475
CUST_5CQ0FJNKZD,0.11490214
CUST_DWT0D1ZBK5,0.024696426
CUST_5TWT06D5O7,0.14472722
CUST_M7YYXN43YD,0.11635263
CUST_CGC3VNB5A2,0.025519645
CUST_7FEMW54XV0,0.0316149
CUST_CYZ1UV6AZD,0.09419182
CUST_MEX5O9WHFB,0.03574737
CUST_9CKX2QPKJA,0.025410907
CUST_3KXSHF9EPX,0.108977936
CUST_46F3LY4IJP,0.022756828
CUST_FYO5X7BGQ8,0.11686233
CUST_SE3KVE1BZK,0.020662917
CUST_Y4W77IGEMJ,0.08921676
CUST_MKRA8HZJDO,0.7695062
CUST_25NNTY2V6H,0.11914312
CUST_6C9JWXJKEL,0.117258325
CUST_N5MNR1VGHW,0.09151892
CUST_F0HWWJMD16,0.030481769
CUST_Y1W02CBEL4,0.029266942
CUST_2NEXWUDWPW,0.10733711
CUST_SEAGT4N4ZR,0.024162922
CUST_7XS6YL5BO3,0.10401429
CUST_JLRQF9B2IK,0.023167418
CUST_SAZ0YSJZKS,0.105519824
CUST_FPL2A62WLT,0.021325126
CUST_V2XNGS02ET,0.02360463
CUST_XASKNIWCF2,0.083568335
CUST_W73EUJXE58,0.03475568
CUST_4C46R12HWT,0.021264538
CUST_PXONSC5QNR,0.026492326
CUST_GEVD3SR3ED,0.83401734
CUST_IT624YTJ95,0.08873832
CUST_9OLMAAZW9O,0.027287593
CUST_WK3LLUJRTC,0.025573233
CUST_34772HOC5K,0.023229625
CUST_RSFPFN6Y7I,0.026559183
CUST_5EKPNHMBYJ,0.8578389
CUST_TVC0DF5FZZ,0.06966481
CUST_O7HHJ38XHG,0.018481025
CUST_LT7CZ9PXQR,0.021100357
CUST_5AQAH20NVP,0.019102944
CUST_TGM4GPUWWX,0.021300936
CUST_8TJK6JU2RM,0.033512637
CUST_ZGUS8SNB55,0.025670582
CUST_CU8RNW0TCN,0.033302866
CUST_DCJM6L58Q5,0.020911738
CUST_ZOJ78G1R4W,0.02553584
CUST_VBMHO2FO1Z,0.027243903
CUST_SX3NTQ6W2B,0.8290299
CUST_4N6MP88QS7,0.076475315
CUST_HIGLB3S4X4,0.022111814
CUST_SMW8HYJ3DB,0.7949655
CUST_6QEP0XFR00,0.034598272
CUST_MNW0IOW5ER,0.106631026
CUST_U5X43EFM3Y,0.07807624
CUST_7J731TAXF1,0.11484896
CUST_K37E4WFD20,0.029504959
CUST_0PBAIYW5QW,0.03313291
CUST_Z4FPE5MRGM,0.11008762
CUST_FE40L72T4N,0.022845916
CUST_VJWKVFERDP,0.032190304
CUST_82A2R4CTQ3,0.02585521
CUST_337TM1U8D2,0.021520969
CUST_F5G83L216R,0.10069155
CUST_G3FDPJL2MT,0.0927568
CUST_NX0FOJO0FC,0.028584111
CUST_J83BCFUQ9K,0.0251237
CUST_QVC2AIX845,0.02094605
CUST_0P985MKK56,0.7792776
CUST_GBHA6P0H9T,0.15787742
CUST_I9OTIKRE3I,0.16624501
CUST_CFT75MS4FV,0.13091633
CUST_M7YWWMTGR5,0.10106224
CUST_ULLBM7N3J4,0.034376793
CUST_A634NM9O3P,0.12080099
CUST_RJADCYC3IW,0.0669411
CUST_0W0JSEH6LK,0.028221745
CUST_RD6FL34PM8,0.11066792
CUST_EGX3Z2OLSM,0.12714687
CUST_YPO8MH2TXD,0.063034356
CUST_F3739OEVBI,0.034305453
CUST_KHJ0CWEZSL,0.032668546
CUST_557UKJB1VT,0.032300215
CUST_4UYD21KI5U,0.022297088
CUST_YJEPK0AUFM,0.023453502
CUST_OAU8DSMT9B,0.1239484
CUST_ZW0DZDDUEH,0.10532045
CUST_W1NJ90X9AE,0.066049576
CUST_ES88I7SKII,0.024799231
CUST_ADLR6MH1IV,0.03760503
CUST_VKUNWMO2IN,0.02612794
CUST_VGDJHT4489,0.094926596
CUST_JQ2JW55Y3N,0.10083374
CUST_E42VZ4EZZD,0.8243208
CUST_NEMYAC0B4B,0.07472943
CUST_M4N6PL5368,0.022780797
CUST_8CAA1YIGJL,0.019176241
CUST_YG9L7XSED8,0.79428816
CUST_POANY9KIR4,0.09677846
CUST_FKMCV8X0LT,0.024108076
CUST_6SPX5E9MRB,0.024819976
CUST_N6A3V7FF5F,0.024928294
CUST_RTSMX63HYW,0.09688705
CUST_ZRWEN3YW3Q,0.021119459
CUST_K1Z5LZ2YYW,0.82480705
CUST_NPPLVKWSS7,0.07624724
CUST_JLGG959GUH,0.11079054
CUST_OI6RGXCK9M,0.020302014
CUST_RG25UQWH5B,0.11643315
CUST_8KPCPNP7WY,0.02076341
CUST_3EHBSAZM05,0.029900637
CUST_S8GG59BS57,0.023003455
CUST_BPBK0CFFIH,0.1618432
CUST_DSASA76AJI,0.025138045
CUST_B42F3QR4TT,0.6350568
CUST_SBWV3XQMBI,0.02255531
CUST_EH0P6OA8GH,0.030628793
CUST_651AK7RBIG,0.8989037
CUST_0N4Y0ND8XD,0.7093176
CUST_MB2FTIBN6J,0.032918982
CUST_6QSULGU80G,0.020510672
CUST_WKNWRMHAS0,0.12765276
CUST_U0KOMLLK35,0.14930211
CUST_0WEIJJU4XY,0.8225505
CUST_V0DC0C3LIW,0.024461845
CUST_WFRZG6TOBX,0.11097656
CUST_T8AE58Y6NB,0.8775617
CUST_CQDC6CV4Z9,0.08247649
CUST_KLS129O8BC,0.88639224
CUST_B4WROGKMTA,0.018883556
CUST_NC7B3C4PLG,0.019372817
CUST_4DVD531W93,0.116422005
CUST_ZUYZUUA4BQ,0.10579964
CUST_G5H0FPKDVM,0.8127781
CUST_HXS24IHOVV,0.028785592
CUST_J1I83J8QBK,0.031424984
CUST_QCODJ1E9D3,0.11420019
CUST_D2YKCUBDXL,0.0252824
CUST_LEPR9S3HJL,0.03470597
CUST_18VSNE1EDZ,0.024298126
CUST_EOQM06OEOD,0.04485866
CUST_IP3PT4AV76,0.042085152
CUST_49IL45GVQ7,0.021514244
CUST_2DY6513PG3,0.11095554
CUST_ZPFGOEGM40,0.80891603
CUST_2VF71ZBR9T,0.025765179
CUST_XHKINPHA0X,0.121622115
CUST_VSTCLAI73Z,0.112383544
CUST_R6064N0HZ4,0.038510725
CUST_B5XN42S98J,0.028564408
CUST_P6GDDYO9K9,0.12319136
CUST_KQWB4UWRZQ,0.03189775
CUST_B9WODVX8VK,0.02023162
CUST_HCNDIVUJ2K,0.03144075
CUST_7VTV15A4WH,0.02827042
CUST_NOMGGAYLZJ,0.13211319
CUST_LHQ3S26HNA,0.1038254
CUST_GUCUCJN241,0.027546769
CUST_0NUZNYGH4Q,0.17187396
CUST_AHQVQAVPXV,0.026964357
CUST_ZQNCHS6KR7,0.09325499
CUST_NBBDO8RJS2,0.86431026
CUST_68007MINVW,0.020348089
CUST_RS1RZGZ43L,0.826771
CUST_2EKM1Y2HPZ,0.035150465
CUST_ITPFIM6OQ1,0.031601034
CUST_OW8KLVHM9U,0.017710298
CUST_4PGEDP8YYH,0.046319813
CUST_X1YSNFI5S8,0.086948395
CUST_YY8KS0Z2DD,0.028961683
CUST_68YY797GQJ,0.020850701
CUST_QX6W9UJVR0,0.02172562
CUST_9ZX4HG6MTC,0.073286615
CUST_3X3YN9KWEF,0.074198574
CUST_QPERJK2T1E,0.037282046
CUST_80AD6P1FNO,0.021704925
CUST_9K2P4G72SL,0.023820695
CUST_URQP5VV7LQ,0.023550186
CUST_VJHAUQGFVT,0.025422944
CUST_RUSJD5URQ2,0.8330212
CUST_M9I67K830Q,0.11474606
CUST_GXN5SSOWVT,0.024072802
CUST_X550JZUFJG,0.093747154
CUST_L8TDGK0KO9,0.03311319
CUST_I9CRYUZQUS,0.02661647
CUST_WN77WAZKUI,0.023086542
CUST_8IUPJSBM1R,0.027769059
CUST_45AQ2FH5RQ,0.11656062
CUST_GOMUV4YDLR,0.021934632
CUST_EAEV4CCE0T,0.018016314
CUST_ZPUUZN027O,0.036533866
CUST_CQZA22FBP7,0.022428123
CUST_YF80NEAXL2,0.0884259
CUST_ZA4W115MLU,0.03730903
CUST_FV41HZBSOB,0.037914414
CUST_F21XKVFWLO,0.025878668
CUST_39OY1WS4SL,0.12954292
CUST_B6W79VY16U,0.7451069
CUST_JYFB6LC4EJ,0.13308515
CUST_3G5749HK5C,0.095861435
CUST_2EZMWSKCIC,0.033601962
CUST_P7VG9OJ6KN,0.041446198
CUST_TRUESOH1JU,0.092907585
CUST_39YRY5QN5A,0.026869398
CUST_8Y0ST3OCM6,0.020196663
CUST_HJDK97HOYZ,0.025769368
CUST_1B7BQJB4X9,0.10539903
CUST_4SCLNSK0MP,0.02602233
CUST_1L6FTX1QA2,0.033751525
CUST_VOLUWGEU5X,0.15489385
CUST_NKLWEJVK8Y,0.037292086
CUST_OEIWLKK5SR,0.09324352
CUST_2PMV4WAFE9,0.023288496
CUST_ITYXAR382I,0.03499854
CUST_XJMGQ59QFC,0.02939833
CUST_F39PTNGHPW,0.028683435
CUST_B2YO1QH7HH,0.14948227
CUST_E69HOAIUA5,0.6861098
CUST_WTG6HPA3EK,0.09568323
CUST_E5SH96IU1B,0.029628865
CUST_30BWOTX2OD,0.027305035
CUST_87LH7TYNSW,0.03139021
CUST_Q37UDNSUZE,0.062661685
CUST_KO7PXNAL4G,0.032628898
CUST_6G8SL75YMQ,0.026170928
CUST_MGH734GSBK,0.75006485
CUST_6N7U1WX33W,0.7660312
CUST_0LDZ6K55G7,0.15646568
CUST_H5TCP2NL7M,0.23104991
CUST_4ZSV0V8W0C,0.08810409
CUST_HXBZ4PBQ4W,0.027670637
CUST_EA784MPOL7,0.031158788
CUST_MOZULW1BE3,0.10521409
CUST_RV4XWBRBKQ,0.15471455
CUST_QMOGOA3EYM,0.03550406
CUST_YAHR7GWJUB,0.69757855
CUST_6VWIZVCDL7,0.16282862
CUST_Q0LMFIQDJC,0.058311492
CUST_AWTSX00PKO,0.08395714
CUST_G5KGR644QQ,0.116317526
CUST_F3RRB9FQX0,0.02986794
CUST_A5DQ4DJGW0,0.12168103
CUST_4W9IXX08BQ,0.021207906
CUST_H22WWDZ8R5,0.10020846
CUST_129MP8GITG,0.028425254
CUST_5U3U2HXU5K,0.088632405
CUST_YBFG6P4SZ6,0.027761566
CUST_BHS7ZZ7SDK,0.101427376
CUST_T4T7BOJQY0,0.027330259
CUST_2U1HSYB5S1,0.7947312
CUST_3454PM080Q,0.1302287
CUST_RLPGKYQCS1,0.8489634
CUST_LOWVWLS9R4,0.022819564
CUST_2KNTXE7U13,0.02863753
CUST_Y7HP3EIQE0,0.8067342
CUST_FKHM0U3SQM,0.029563857
CUST_GUOYLYRQUL,0.02913507
CUST_P9RPK0L2PL,0.036002234
CUST_ULPCV5Y4A8,0.033983454
CUST_D74FXJT8Q7,0.11013808
CUST_3YL0OA59RX,0.030144762
CUST_KFLSZ02W00,0.018950181
CUST_G8H0IUIUJY,0.108309075
CUST_TQ9S619CLT,0.039792746
CUST_FDZ9P9AK85,0.07455476
CUST_YMJVB7YYGI,0.12588441
CUST_UFQE37V564,0.09399099
CUST_EQ8SQD21MV,0.044980552
CUST_SOCS84156T,0.035706162
CUST_239QCJW2RU,0.1269607
CUST_3ZHEN6FAQ3,0.08905406
CUST_IT9U7JUASC,0.0225991
CUST_EMI7OWHU1Y,0.15873976
CUST_RWWKE7GBZU,0.022625383
CUST_XEH2W1K04C,0.07678498
CUST_6KB3UKDZNX,0.025410788
CUST_72HDB59LPM,0.023114322
CUST_S996RRJ3K2,0.7582353
CUST_WOC4IRT1BR,0.038091898
CUST_48B8DXLCRP,0.8073227
CUST_RFZQ7IECJY,0.11277188
CUST_96Z65UE1SO,0.13346423
CUST_O120BEXC2V,0.7907261
CUST_KMKOX3227F,0.024688663
CUST_P1DBIDKO2U,0.080364764
CUST_HQL1Z3QKI0,0.03545036
CUST_ERSZKE7C4U,0.027074018
CUST_QT3LHRVRHN,0.042637408
CUST_MZ8XH1YWL0,0.022950843
CUST_S5RNO9EXFX,0.026382377
CUST_OXL2ARWMGU,0.06599792
CUST_PTPYLDK1ZY,0.021363135
CUST_8HLSRPZCMA,0.10845523
CUST_TQGMGH5O8Z,0.01877999
CUST_KVVN316R35,0.02432004
CUST_6IRM19GSA4,0.06148836
CUST_9VLY6DXA1Q,0.03267993
CUST_8VZAZC3YEM,0.033948243
CUST_JBQ2GXKVJ1,0.024396688
CUST_TG4M937AL1,0.025362466
CUST_QHC0AUFX8J,0.0758639
CUST_IVTKPQHMBI,0.2086618
CUST_OI3QGPLR2R,0.09545551
CUST_OGWF7QIH9O,0.7572102
CUST_IW0FP5Y1FF,0.10373799
CUST_C2DG3IGLPX,0.8682147
CUST_OGCLKZOAA1,0.038233012
CUST_6D0Y0JZQJD,0.1287516
CUST_8D4M95O9GN,0.02510408
CUST_9UJ9SRMUVT,0.029941916
CUST_SJSTNY0UJJ,0.026076213
CUST_H7GNYB3DZK,0.027126081
CUST_8X1SR6C93S,0.029291276
CUST_2RUN315C1I,0.041658204
CUST_8P6FO8JX4C,0.021458026
CUST_VXT4BR8N4M,0.026708521
CUST_UA8RWEX989,0.15266915
CUST_SH1J7U74V9,0.096328035
CUST_3CEW59OB3Z,0.026266227
CUST_Q2JK6NIQHB,0.029530946
CUST_4F7AWY36N6,0.13262771
CUST_BXZADVJ8PG,0.07666308
CUST_VCPBEE4MWD,0.032010883
CUST_ELRC94IQVT,0.03693506
CUST_0QKVNQAO6R,0.023082748
CUST_DACKSWQGXO,0.10135248
CUST_ESKVCBTFGA,0.038127318
CUST_3ZM0NZQH3X,0.8002064
CUST_5PE5I5W9AB,0.08416323
CUST_WIHQI05KSL,0.02275914
CUST_K0TP06V1GJ,0.07404132
CUST_K84W36MZBV,0.72818077
CUST_D3CG0T8NVI,0.027178396
CUST_QSU2NYV45T,0.026928874
CUST_F7C3GBMT5U,0.14258306
CUST_FO6DM1TPWG,0.025694273
CUST_954FI7CV5T,0.06708263
CUST_W4YKHL6Q5P,0.15060662
CUST_PYKKT97P73,0.8219767
CUST_9IMBCPPM4F,0.023066876
CUST_BDXT6F3U0X,0.025697986
CUST_RDSJ69K5JH,0.020870058
CUST_RX2QKN9LYQ,0.8939904
CUST_TWDVQ8ZJYV,0.03363647
CUST_S61RTKYCIW,0.14377137
CUST_1JAJQFHQSX,0.023171099
CUST_Y08NYBNLMD,0.032831512
CUST_NSTX03LZPY,0.8640603
CUST_VYRZG9MBV4,0.028986575
CUST_8UQG2KXVUR,0.033790268
CUST_WIQW05XS99,0.041406553
CUST_UY2FMMIGQM,0.13647826
CUST_0Y92G4ULA5,0.02962032
CUST_2AB8NFMLAK,0.03287965
CUST_CD2FCFAPUK,0.10128288
CUST_41JNS2GGRD,0.079353675
CUST_TFAF1OM0RR,0.026542492
CUST_GNISKWHFNY,0.024883624
CUST_EK1U64HJL8,0.022620643
CUST_EKU1NJ7SUK,0.027304938
CUST_R0DH0Z0G11,0.03147421
CUST_E269YTQX01,0.109559454
CUST_H698J2J3HC,0.0319839
CUST_Y679C083J2,0.10667228
CUST_IP7CWLJRSJ,0.029426971
CUST_CXOHQUSWOH,0.025255533
CUST_39L1MFIQU4,0.03377
CUST_OOCU5I1JYQ,0.1150347
CUST_20DH5KEEU2,0.18996218
CUST_NGT1L8KDQJ,0.026814813
CUST_OXEXC55WXJ,0.095878914
CUST_K7W1YRVP56,0.103959806
CUST_DKOIVNLWFM,0.10170384
CUST_752GKOPHZX,0.09094807
CUST_FFAJDXTHHO,0.024255205
CUST_U6OTMPBZY4,0.024928551
CUST_WV70I8ZKUK,0.027083818
CUST_46FBXE4OA4,0.019500783
CUST_7IT4HP0AED,0.09893689
CUST_C716YP254S,0.8978474
CUST_4NBR6FK0KO,0.09534268
CUST_RSWROJ4WJL,0.02390754
CUST_TVAIZB7XX6,0.019329216
CUST_QF9N5I1HK2,0.024962377
CUST_HE79NSCYPD,0.063995615
CUST_W3XNL8AWNT,0.021569738
CUST_COYIRQQQXA,0.84467953
CUST_XF3RB86F40,0.022489196
CUST_00YPOM68JJ,0.022192582
CUST_2UQ8P49QC9,0.022270855
CUST_EOUQ28OB9O,0.090814434
CUST_20OGIKK9ZN,0.018747505
CUST_HVS2508PVW,0.026827214
CUST_WSB7CJSGV2,0.027522434
CUST_GSZJ0GFUKU,0.0629967
CUST_VF8QRUA9KH,0.14769936
CUST_LTMHQEW03Z,0.029507034
CUST_Q4PETYNQH4,0.025494643
CUST_5GLA7SP6T3,0.09124252
CUST_CPJQQS9115,0.036434483
CUST_UO4HHP1PQW,0.07402467
CUST_J7NU82HGQG,0.028007165
CUST_X6FNN9MVMD,0.03840215
CUST_YEZ90XTWSA,0.12887537
CUST_S8ALPECADN,0.02892304
CUST_3K60LFQIH4,0.0685995
CUST_3W4PKTO8PW,0.020965083
CUST_XSEK2K0ZFG,0.036378488
CUST_1TMOW7M5SH,0.030647267
CUST_YGTK1I73I7,0.08654668
CUST_QVDO8WYEPO,0.10371797
CUST_3PSSEGEVH2,0.02717287
CUST_LEEH1MRITT,0.09876939
CUST_98Q0Y9S59S,0.090537354
CUST_MJFDZCIQKQ,0.05595808
CUST_ERA36BN8LP,0.024607062
CUST_YF86CW2S44,0.21128923
CUST_16N0O0QC73,0.07606787
CUST_8WGPJ9XYVV,0.08374906
CUST_BPX3PGI8JI,0.021944206
CUST_XBIWFGYFFV,0.124716714
CUST_63AUFRFJ5A,0.026100157
CUST_67DSPBTMYT,0.034382556
CUST_L4COLISZ1N,0.02650056
CUST_SMAL9N33IF,0.7665243
CUST_U75BJZOAIW,0.027290264
CUST_ELTX26IY9L,0.025355851
CUST_MGDH1MKQ6B,0.02610737
CUST_EWMN56J4K5,0.108871326
CUST_0WIB6YWIYO,0.0329386
CUST_IHPNCL41K2,0.16406807
CUST_CPGHCAQ7RI,0.7196441
CUST_9ULYCLUNI4,0.037818026
CUST_L33WN9B4IQ,0.10457822
CUST_USXL9AAWXX,0.070165485
CUST_6X62GD84MZ,0.02304773
CUST_BGTUH4ALAK,0.025438176
CUST_U46WBF10FR,0.09218628
CUST_UGGLYQXLUO,0.09770786
CUST_R2RW9ZL46Q,0.11721439
CUST_7NGMVMUNDY,0.115982644
CUST_3S33VKYFX3,0.019510863
CUST_SS3O7ZDG5R,0.10548644
CUST_G0BEWFM0GL,0.09252146
CUST_DI109AXB1R,0.81485134
CUST_98LVHSK4LN,0.025026837
CUST_GSTSP0WO9F,0.09448301
CUST_Y79MZEVMQ7,0.10770144
CUST_5CD8WGHTUU,0.092041984
CUST_VFRNTFPH0T,0.03094004
CUST_9B17L2A1GD,0.091589026
CUST_KA2IMMJSQN,0.023357512
CUST_2L44NNODY1,0.104539864
CUST_KXCXHEV52Y,0.1111052
CUST_FUNX09YZ2N,0.078795284
CUST_9FFB5SVDJC,0.023889087
CUST_DCM364IXUL,0.120786294
CUST_7TZMUAVHWE,0.09211531
CUST_DH4GBM4938,0.0716113
CUST_KUPT5CFW4L,0.028561722
CUST_ITMXVUPQXD,0.033474613
CUST_Z36K22BPJT,0.030323585
CUST_F1GEL13WGM,0.03567907
CUST_0AO1OIDIES,0.029457977
CUST_WQ3MZOK3NK,0.023779325
CUST_I70J08RIR6,0.025299521
CUST_Z5ZAODG5SF,0.019065319
CUST_TMHXR28TB7,0.038073827
CUST_EX7NQ53OEB,0.026543817
CUST_V6FZZLCHZI,0.029586848
CUST_IK0U5SB1BL,0.039883915
CUST_CV5SU1GZ1V,0.110688716
CUST_4N5MPF3O20,0.021413872
CUST_S0UZW4WW8Z,0.024886414
CUST_IY6WTZQNFI,0.03569587
CUST_1EIIW454XM,0.111171685
CUST_5EK7VSOD0V,0.032728564
CUST_XYULALKP2F,0.033527724
CUST_2K39JN4KJP,0.040261474
CUST_0ZJ2LRU6U3,0.022976834
CUST_FZZD9FJ2H3,0.035226878
CUST_L5CWJQOR9H,0.028852077
CUST_HXRYVAA6IP,0.8458081
CUST_7KKYM8WXVZ,0.02138588
CUST_M31H5KX5SY,0.116010115
CUST_M5UOJIU8FV,0.11184702
CUST_3F57EPTOQB,0.13666861
CUST_25XJFX8BGX,0.026524466
CUST_7DO5M2L9WG,0.030526873
CUST_5LB9LL4Q7Z,0.032619037
CUST_FEB5QYDXKW,0.024929842
CUST_Y8XTHHQWDD,0.113379546
CUST_QKG0TCQXO4,0.07900357
CUST_MCEQCBW4K2,0.021953996
CUST_POZIBWPVQT,0.02358238
CUST_Q5C7Z0BZT4,0.15910794
CUST_32BOZI125E,0.12220963
CUST_WYRO85BMA9,0.03401556
CUST_AG1H3T48TW,0.07392158
CUST_NVTCCBNH77,0.029412825
CUST_LL46DZNYGH,0.026661465
CUST_A7OSBY3AT6,0.071994
CUST_J0RH39DD29,0.034195583
CUST_TKWMXMNTM4,0.028010357
CUST_6RP3E57U3C,0.021004507
CUST_FL06OD5CNB,0.02760519
CUST_XZR0XGZUDF,0.024316411
CUST_1KTEOQV8WF,0.10028392
CUST_4T081V5A4J,0.020252192
CUST_M63V8UK0SA,0.084260926
CUST_USKT28PYUZ,0.022254378
CUST_QKH8OQVQD2,0.024766732
CUST_9OMO5B0X3X,0.104587145
CUST_J8MCGMJCJH,0.824983
CUST_LWD18ZSHZY,0.08020496
CUST_TAOVNA03ID,0.09671614
CUST_MKQ0A1IHPP,0.020786896
CUST_6537XE1YNV,0.13628548
CUST_0FEUFENNXS,0.09447646
CUST_X59Y7Z63PP,0.036155958
CUST_7NK3AABQG8,0.15689573
CUST_PIPI8MQ44U,0.11186154
CUST_SLPPAOKXVR,0.02146392
CUST_OKSLULTA9M,0.03063167
CUST_QUX60KMR1J,0.027468156
CUST_1U9W3NSYEF,0.028129395
CUST_MFTWIMQPDN,0.021368928
CUST_4RK9QD6UQM,0.14914916
CUST_MZXR0KS7CR,0.02273238
CUST_FQY5Q1VLK8,0.095391266
CUST_IELPTPL5FW,0.080359675
CUST_D24VKR4VN3,0.0429631
CUST_09I9THRSVX,0.060602125
CUST_FRXZW5KYPR,0.0266861
CUST_HLUKMLZP0G,0.13213511
CUST_OSDJY8X4AR,0.025117958
CUST_7EWEM5LE0O,0.023510838
CUST_F8V8TVJGEM,0.8241709
CUST_K524AZ32R5,0.022759674
CUST_5AQX9E515J,0.034683254
CUST_C5XB2HWNX2,0.0888235
CUST_F5ON234WJT,0.036461513
CUST_8EJSB5P5Z8,0.13035518
CUST_GBDCYDCGRU,0.098067954
CUST_BJA2RELOH0,0.022979522
CUST_XVIU21NNY7,0.029776895
CUST_C6G7K0UFGR,0.021118375
CUST_PMTHLRO2S5,0.020131204
CUST_9A8CCUUQ49,0.024707174
CUST_K1GF212EX7,0.09804769
CUST_1FHDYY7ZET,0.099427424
CUST_41E31BSGA3,0.026074406
CUST_S2ZVZQJQZ6,0.023479663
CUST_J45JXJ63ZK,0.02297721
CUST_7TBTALKATO,0.15105943
CUST_AJ5LW7TNCC,0.09017687
CUST_E0BMHB8IY2,0.11637637
CUST_6WRP0UI9LT,0.12295719
CUST_LIMO5MUL4K,0.093227796
CUST_WDSDA92Z8A,0.096308105
CUST_GE5R6TQG8S,0.09564117
CUST_8XT79N2M9I,0.07528726
CUST_UPW8WA95AO,0.12874067
CUST_GVE4PT8M8L,0.1008612
CUST_W32S9Q4ZD1,0.02429747
CUST_JQAX7M2QOX,0.1561126
CUST_7MX9K2M4MZ,0.02270866
CUST_MDL65QV5A4,0.02519973
CUST_XFYBXCZJFM,0.07051988
CUST_E5XEGA1IGK,0.02259137
CUST_15YS7XAATN,0.083082825
CUST_HTJ1FXTX1H,0.027519979
CUST_RJNM0DV5FM,0.025522063
CUST_JD5AQDWR2E,0.082385294
CUST_IBH3T791YH,0.10471964
CUST_YDOHS4EGX1,0.71931225
CUST_92PO3U45W0,0.112012394
CUST_G2H9LR6BCT,0.08390191
CUST_QHL3EBH0R8,0.07660872
CUST_XEKXY64E3B,0.022751674
CUST_Q3XIS3LSQU,0.021621536
CUST_I1WA747Q8B,0.021584462
CUST_WPMKDQMMHF,0.08182725
CUST_WJJNO3X4A6,0.032250524
CUST_8JHVF0R11M,0.024309287
CUST_A590OPAPEO,0.05935329
CUST_CCNQCWS0PD,0.031461578
CUST_B75HWV0FHI,0.09657962
CUST_40WM45HXH8,0.024501134
CUST_3G5ENBY0SL,0.022272661
CUST_4BNEE9KO09,0.08893571
CUST_Z2NFKSTVA7,0.039280374
CUST_KVZTEVXYJC,0.026373394
CUST_LTAF4Y9L7J,0.0978389
CUST_DSFNUR3HJL,0.028406236
CUST_PV8TC7G1M9,0.14519763
CUST_866Z62IKLK,0.07417953
CUST_MB1116BPGA,0.026877966
CUST_VDLEQI6PHL,0.026678497
CUST_0173GRDNZY,0.021095484
CUST_XR80ASTJ71,0.12167843
CUST_4Q2LRWUEYX,0.022602255
CUST_P5ZKMEQ2QP,0.030101452
CUST_GQA75ZINTF,0.13361208
CUST_RTF5BPYFRY,0.026345596
CUST_HKU981OQH0,0.10935754
CUST_ZDJEJBVWOV,0.12518719
CUST_R3IOZ3USFE,0.03283086
CUST_XYZEEOODI2,0.0801973
CUST_H4UNBJX9M4,0.08970288
CUST_ZKZ5E4G6ST,0.031155337
CUST_52OSPMR0S5,0.030649582
CUST_C4ZKWEF01V,0.024284111
CUST_8ZQ29OA5B7,0.11532686
CUST_QST7U5Q2GP,0.82203186
CUST_DA6KTY86HC,0.82989824
CUST_ZNKTJJ8KOS,0.106134206
CUST_1VXFF9IMC9,0.03886693
CUST_3Z4RWBXDLX,0.028420795
CUST_8YP27SUHUD,0.036566477
CUST_9WT5X093L9,0.024991304
CUST_RULGU5AL1J,0.0771355
CUST_WQOMC6Z8CX,0.020176107
CUST_XX1JIWDFP4,0.032190174
CUST_Q4OLLD4SDS,0.022861319
CUST_15XUNPU2U1,0.040629994
CUST_463XD39ZO7,0.03291383
CUST_RLLXVWXGYP,0.09281526
CUST_3WLURGIIT9,0.10564127
CUST_SHO3FWHMLU,0.10899109
CUST_JR6X3WVS5A,0.15503517
CUST_XYGD574NXP,0.091083735
CUST_899PNIS7CT,0.028079147
CUST_ZWL8NION35,0.027570833
CUST_LVRFXMK7B6,0.025577813
CUST_IQ35TYYWBC,0.66635853
CUST_8L7DE98JK5,0.01902717
CUST_YA5S3Z1L6X,0.03723388
CUST_V5CBT2DU8K,0.14437398
CUST_QLGFZNV3XA,0.028817873
CUST_1SZKDI0IL8,0.02767238
CUST_S3J5P2POI8,0.032471385
CUST_AMLOME1XTJ,0.03945139
CUST_WODWJ8QF49,0.13955502
CUST_CV7V1GNDHD,0.02259536
CUST_ASI6RGD1CO,0.13416958
CUST_1DLERM2T7X,0.025132209
CUST_VPUBY0VWS6,0.025625953
CUST_GEIM7NVTWP,0.026240712
CUST_XDP2457ML4,0.028241374
CUST_LFEYLLKYX8,0.035166495
CUST_DBIOO34OLJ,0.091780014
CUST_39RP5JCDWK,0.858958
CUST_YTK56SQ1W0,0.02302226
CUST_EONF37D4SB,0.10644017
CUST_XC48OXII5Z,0.8348561
CUST_W2QPNC8IUR,0.083335534
CUST_ZJ2P2F6EF3,0.83050615
CUST_4ZON5QFRC2,0.11172092
CUST_3A2JRSN624,0.026636243
CUST_DB7Z0C5P5G,0.90838975
CUST_7WTE41ICYD,0.13255177
CUST_EGKON26SD3,0.12394414
CUST_PS500CCBC9,0.020737646
CUST_40ZW8YGW20,0.02722261
CUST_F6BXC7G6ZU,0.0970223
CUST_UUXIDDP02A,0.026307167
CUST_GMJ6CPG4E7,0.026756333
CUST_THSZYSTH5D,0.11408922
CUST_O2SO2KY7WF,0.16055784
CUST_LY2HP67UGX,0.105228946
CUST_MFVCEV0TKW,0.020815717
CUST_JO97OLO34R,0.03444286
CUST_WHTD99H3CZ,0.03441997
CUST_HO952CY4Z6,0.033891264
CUST_1Z4CYPI005,0.09129784
CUST_CVJN36BDMJ,0.0762166
CUST_28OWS1CHAK,0.02332746
CUST_9OXCKCRY44,0.01974064
CUST_G26T6FUDS8,0.027953174
CUST_BTUIW6QIPM,0.083080485
CUST_LAN14M2Z6G,0.030309575
CUST_3G7SLRILIY,0.027998235
CUST_LCMFGVIMTK,0.031058272
CUST_5P2MF057EN,0.027181264
CUST_1ZWNRASZX5,0.18299268
CUST_NTHRNKVM8Z,0.019105034
CUST_D69C11T48V,0.09832378
CUST_K9OD30A0UV,0.033775523
CUST_3ISH95I43V,0.0384082
CUST_6FF3733PB4,0.027415814
CUST_XCOIP6ZXVC,0.020952772
CUST_PK4NHAMRQQ,0.14971489
CUST_JU8OXWHRNA,0.11298935
CUST_HQ5EJH9QJR,0.1250808
CUST_XEJQGLGPQI,0.021583298
CUST_FYOK4JJYJI,0.073396675
CUST_APQDCHCRRQ,0.026779408
CUST_78NHII3ERV,0.08233616
CUST_R83YARHA6V,0.02892979
CUST_4T6XJSQL4G,0.025998253
CUST_PB8BPQLTB1,0.130024
CUST_H09Y4VKK9K,0.10611862
CUST_81PIAFFC6A,0.18347852
CUST_AEFD6FJQTE,0.030976791
CUST_X7X1A5SL7B,0.028586898
CUST_VKU6G64J8P,0.0851258
CUST_Q26TI9FM07,0.022717975
CUST_MHP9NYJTIK,0.8972013
CUST_C4VMMUKQ6S,0.019310944
CUST_66SVB8E98H,0.086029306
CUST_4Y5BHZJKQI,0.050409585
CUST_CLVTAUPX50,0.04346227
CUST_ENZX2XX6WS,0.024817437
CUST_HD3VVUBCHZ,0.04225419
CUST_DZ33FZXUC7,0.03118886
CUST_I2AXVUJX3U,0.040806223
CUST_YS2LBQTDVX,0.10307952
CUST_QL64Q7WTKT,0.022224858
CUST_TCYX45GYS3,0.10680337
CUST_1IPEVFV0MN,0.026628235
CUST_DOS8LB8VPR,0.020656664
CUST_7D63X9YGOZ,0.13630967
CUST_9VEKHV89NP,0.8443204
CUST_QIMWE7OKZ1,0.029146824
CUST_8D66O19FY8,0.02788124
CUST_EHYKYMVDBQ,0.024168989
CUST_9S0LKRMSZY,0.030842286
CUST_UTHG106A62,0.02391549
CUST_B5WFH3V4AT,0.029217806
CUST_T7UD0OHKLN,0.027901072
CUST_KP9RB1NNE7,0.026854066
CUST_TTZYT5ITQW,0.111536115
CUST_02LLB013HN,0.111700915
CUST_YJPWE4EPKA,0.10316296
CUST_R4CD106VPX,0.022612005
CUST_GIGT2ZIUKX,0.02487334
CUST_0T7HI49CTR,0.09428671
CUST_A4ZMLYBOPD,0.021329107
CUST_D5E2Q2DR8L,0.035417043
CUST_64L03LJDHI,0.9033425
CUST_M9A7WKZ36D,0.09220181
CUST_A6A8ETM2EW,0.077099666
CUST_2KZF7P4X1A,0.1064326
CUST_3JVUZTD2CK,0.14777806
CUST_GID57WNRYC,0.03531801
CUST_B46MVPX6GT,0.02744577
CUST_MMPWQZ68ZV,0.1173629
CUST_0FG2BF8ZXD,0.1439291
CUST_UACFFC4FUN,0.09338282
CUST_HVI6EV0WUD,0.026659414
CUST_PPX11CVV56,0.09803966
CUST_NCALESVQW3,0.029815817
CUST_EST2SBEGD7,0.021826841
CUST_78IM4PVP9A,0.040815428
CUST_8001XAMNXL,0.022328803
CUST_GNNZJNSIZ8,0.025762431
CUST_M26T6ZQWHW,0.101407506
CUST_KDNLDP2OAT,0.024242302
CUST_7KMHUNEAPV,0.08455943
CUST_99RXC0OE8J,0.15628342
CUST_W4HRW8W3DO,0.024945213
CUST_KT6PYXJ4QW,0.018238539
CUST_KMEE9W161O,0.028398426
CUST_NVCUPMWRIE,0.03674463
CUST_FM4T60V2F3,0.86541706
CUST_4PCRG16OKK,0.033923566
CUST_NTP2GAJVYZ,0.023638964
CUST_QUQS0V4BMC,0.0214669
CUST_MD44Q9HIIO,0.16082154
CUST_HEX9BU5M5X,0.02179145
CUST_BLFOZ4VK1Z,0.025746662
CUST_E0UTRWIK2T,0.023607118
CUST_YHPLVLPJUI,0.092407554
CUST_6BCP2SMK9F,0.09979895
CUST_M4LNARYR3B,0.13654837
CUST_4SBDDY3M5V,0.8228282
CUST_GG1XL7FC29,0.029925719
CUST_JRIB7K6CA6,0.85000944
CUST_XK5VFBNVID,0.02339641
CUST_6TCVORCXIE,0.033355046
CUST_0PHTR1X457,0.025569497
CUST_QRRF28HYNP,0.021497931
CUST_35OEEGUZYD,0.14475825
CUST_L8GPBIM5IX,0.036765937
CUST_OEE8H6V58A,0.02102028
CUST_7ZL3MO1RHT,0.7971089
CUST_NTP2009UK7,0.019070858
CUST_33NPLVJ8MF,0.036154795
CUST_YRT1FFNDOR,0.03258773
CUST_FPVSO2D232,0.09603795
CUST_DKN9S52VUK,0.105937675
CUST_N52INZ7E39,0.02901767
CUST_RP1LDVSLAH,0.10437767
CUST_D9C4SQIB1Q,0.025438843
CUST_SHT2C63R25,0.79488784
CUST_XNS8MV7W01,0.020213969
CUST_12LKTR0LZA,0.022897327
CUST_YU697K8989,0.021529457
CUST_6PJO6XP673,0.09660772
CUST_FO29GML99H,0.06902288
CUST_94DBY9D6P7,0.03261793
CUST_HGH1PSVR19,0.7689358
CUST_2LUWKBPA07,0.027044429
CUST_5TD0WT68GF,0.107769325
CUST_CLF8YTX2P5,0.02235639
CUST_DB9VIT7K18,0.03586461
CUST_JT69IRCG3L,0.087539494
CUST_QHCY5L89Y5,0.032329634
CUST_MRUNMVZMMX,0.020785606
CUST_TSXWRTIKAP,0.1418108
CUST_E7J5UVVGER,0.11810688
CUST_QSUCVNW3R8,0.023799386
CUST_PDNAMRNEMF,0.031332202
CUST_1DSFIKB0A3,0.14568992
CUST_PX3EG0CNCT,0.16595384
CUST_WBGV66U9VT,0.037525564
CUST_CWH9Y3U8QM,0.032757416
CUST_0VKJW5O4B2,0.029040206
CUST_3SUFHIMIHQ,0.072144665
CUST_LRZEHVEDSC,0.11304713
CUST_GH59WIW6FB,0.023662014
CUST_4Z7GYYGJB6,0.03626023
CUST_QD8WQRDNN6,0.021408822
CUST_Y7EYVC0714,0.021268513
CUST_LH21LAJXKX,0.7945576
CUST_39GH8NMGFC,0.085828535
CUST_TMRL6MZ3BD,0.0989995
CUST_SMUTHFQLAJ,0.07520674
CUST_O385HWKGC8,0.022174295
CUST_ICFCNQKT3X,0.026251791
CUST_LAHHYR0ENM,0.027358958
CUST_60F14UQQAW,0.038569905
CUST_YM6H7UWPYZ,0.036348965
CUST_Z5JGK3PI44,0.074504815
CUST_Y2O8ER1XPI,0.07338832
CUST_BBQWUROOJI,0.10254996
CUST_BEDULAMWSH,0.027230393
CUST_DR3J4CFNSU,0.13741994
CUST_01Y8OJKGPL,0.093109675
CUST_36IDOHT8R0,0.03317762
CUST_1VQXZONHJY,0.027410416
CUST_L82W7OC0AS,0.095189705
CUST_JGG8TVSQNI,0.8689323
CUST_9TQO87Y1DK,0.85770476
CUST_RTD5OK9WSY,0.030905336
CUST_72G0KJRP7W,0.028598487
CUST_65GZ9N4CK6,0.025670169
CUST_F3CAGVNJ52,0.14727712
CUST_5D0FOMLENC,0.021182692
CUST_VLU0RCNLTI,0.024496319
CUST_N9BMUXHJ0T,0.030032845
CUST_DMICXJC9YZ,0.10800603
CUST_21E0BSSCQ9,0.03059638
CUST_5WNDW8IW5W,0.76982147
CUST_OIIRPNOPWQ,0.02536402
CUST_WDEVZQP72I,0.10208659
CUST_XDCFVOBJE1,0.12259521
CUST_AKA9DCF18L,0.026776941
CUST_DANCSI6WAS,0.024095291
CUST_WBC0XJ8ZVF,0.03282417
CUST_FSLJ0H3H3N,0.7288477
CUST_RGDIH7KH2G,0.895899
CUST_A1G1LIWEN9,0.14627376
CUST_1TICX5HU5O,0.03364819
CUST_X93RHD2HR7,0.020618962
CUST_J27NJY150U,0.13284071
CUST_WPZ52QOQR3,0.023936065
CUST_BDUC4XCKCP,0.8091807
CUST_S2UZ4LAKD5,0.032899186
CUST_QQQDR47U45,0.07662639
CUST_58JZGGUZNY,0.02958726
CUST_53OWNIABZ7,0.027385777
CUST_4QIMYUJ7F7,0.103482164
CUST_N85MVYX8KZ,0.036332857
CUST_BUAFP0DDX1,0.020977937
CUST_0ESB8U0Y1G,0.065192655
CUST_IMN6QN1MHN,0.02868568
CUST_CMZYEPYO4A,0.022548739
CUST_J4FHVWYL3Q,0.02799464
CUST_3614KFNDTN,0.026012946
CUST_SF7U35SFV5,0.045927286
CUST_VG7JNJR3SW,0.10286265
CUST_A5PZ0KCSH0,0.10931447
CUST_Q822LFXBWZ,0.10944359
CUST_PRBELWB8T7,0.089029
CUST_5IXLF63AF1,0.020193845
CUST_QJBJ9OBM8E,0.06837537
CUST_PAK210MXPT,0.025280545
CUST_2107QEG05U,0.079086274
CUST_OLNZANIKQ1,0.026471525
CUST_97HQSZ080J,0.02182007
CUST_N0ZO9Y022G,0.03390032
CUST_LYQRJUCOQC,0.022580897
CUST_ELXH4H9ZQI,0.02907312
CUST_MTCGVIO5X6,0.034044676
CUST_BKPC2ISRYT,0.10533587
CUST_TNBVSZKVAX,0.02634018
CUST_6YR8LHM6ZE,0.81308424
CUST_3CZR0ZYVZ1,0.78801906
CUST_ZNMVYIDSI7,0.082898684
CUST_8UCLZ1REIU,0.10377233
CUST_ECUGPN9B7N,0.033997383
CUST_LP4YCMA4DN,0.03798019
CUST_LLP5JHH2S7,0.104564995
CUST_YWMI3UNDQE,0.025137711
CUST_UI8Q6VCRMH,0.033246465
CUST_UN3F4DEZPP,0.16727622
CUST_XCW5I3BV6A,0.08105107
CUST_5F3IUULFF9,0.15005428
CUST_1B4B5GI65I,0.035462666
CUST_Y3LGN2LTU7,0.11112774
CUST_V33F8O9QEW,0.65438354
CUST_0CS31BL0MJ,0.02315779
CUST_LHKQYNAVXO,0.106407456
CUST_FT0EXFKVQ5,0.048677277
CUST_91AKWGKN9V,0.027476767
CUST_K1QRRSYG09,0.84259033
CUST_ZY3GNIYMA8,0.032144114
CUST_SE1XIJ7VDW,0.13959193
CUST_HD4F7QK5HN,0.8549111
CUST_VVUNQD64C8,0.026013622
CUST_3FEM877NDG,0.02130586
CUST_FPGVTF8JQM,0.13397862
CUST_OALHY8FEIO,0.06860411
CUST_DGIYZI9MDS,0.11375304
CUST_F8EOIRR0QK,0.027707241
CUST_OQGTWBAUJK,0.0318138
CUST_QPDPPTWMR3,0.020928543
CUST_MEG08B92MH,0.030435117
CUST_3RCAYAIS8Q,0.08455454
CUST_UNP5YM2XGC,0.025448292
CUST_VITQ81IR2V,0.026718456
CUST_I9TX2H4SKW,0.029927697
CUST_VE696XV0Y8,0.1306937
CUST_M7Y9I5JCER,0.022118116
CUST_N0RE8FROW8,0.021723265
CUST_CHTW5SNCCR,0.023395805
CUST_AP1LPKP5UR,0.023401542
CUST_Q08URO6WY1,0.07068953
CUST_5V4G974E98,0.14221947
CUST_M76EPUUDJE,0.1244206
CUST_LGMOGPVKEI,0.02314266
CUST_374N7RKSXM,0.03068158
CUST_PRBTBWXTFH,0.022950115
CUST_EWV1H50R7D,0.020435655
CUST_NJO6FL7GLU,0.035690635
CUST_1QLPPYR17I,0.72524613
CUST_H6NU7RKODF,0.04174607
CUST_EZ73ETJITU,0.14978597
CUST_7LGYAPDSEV,0.09403617
CUST_0RH4077BFV,0.08362839
CUST_9ZY60JF0HO,0.09840939
CUST_6ZANKKRJWN,0.024402801
CUST_R0S55GEDEE,0.104113325
CUST_WN6ZMV04R2,0.023231605
CUST_RPR7W3ROPN,0.021723036
CUST_PCVRQY65U7,0.083114535
CUST_C4PPTU5SSS,0.09178963
CUST_WNS9A8LQCO,0.06333399
CUST_9V0MKUXLJ9,0.025703955
CUST_CELOR7RKJJ,0.033392157
CUST_9Y09K4Q2PY,0.09465101
CUST_ERYD6O1H57,0.13417608
CUST_SESWFGX8NL,0.023275994
CUST_6KT3JJ11HL,0.11058657
CUST_K9AVHP4A9I,0.08473415
CUST_D0E4RB1LYL,0.032482862
CUST_KXX30O5N0Q,0.11298255
CUST_IXX62MBXFK,0.13302091
CUST_SBU1IDLA75,0.08105529
CUST_D12UDMXNQ2,0.10973908
CUST_LHTRA8QS4G,0.099788345
CUST_MK1EIICB6B,0.027690263
CUST_KCJEBQ5L6J,0.020477386
CUST_60LGG7E0UX,0.024393925
CUST_VNSI55XD8W,0.019669885
CUST_Z53K8VYOW7,0.7237082
CUST_PHJKN8HEZS,0.14492854
CUST_A6I7FFOQPP,0.025811167
CUST_Z7K75G9T4M,0.123660795
CUST_1R9TBKGAVC,0.026224231
CUST_0RQQNP69P4,0.105625324
CUST_M8F502INZK,0.021246951
CUST_75WQPH2CE0,0.042675257
CUST_34RKUF8TZX,0.8791591
CUST_ZZMG2YWTW1,0.022528209
CUST_H34FV5OBO2,0.16011639
CUST_WWAIFB92JJ,0.11085929
CUST_6I8CA8JK48,0.024227824
CUST_XH8A023IA6,0.08305083
CUST_F0HNL9LT0P,0.08808519
CUST_JBW4UVORAI,0.10474449
CUST_VOBWQY23ML,0.029675225
CUST_XYUGL2NWXB,0.12262396
CUST_4MJKFR0CAH,0.1038181
CUST_M8IX6BB4PR,0.11602855
CUST_0X61QRVPC1,0.019183034
CUST_4ZFNUHEAWU,0.8662216
CUST_30UL5RVNSK,0.104188
CUST_K4PEQI9RM0,0.035322625
CUST_R3JPR8RS0Z,0.028478695
CUST_WQT03X9UC1,0.19671519
CUST_YLLENFTQV4,0.08943167
CUST_09NY1BGZ9Q,0.031718772
CUST_83490YDLRO,0.12746905
CUST_236J7OGCQ7,0.033469845
CUST_VZ2VUT6LHK,0.025810288
CUST_B7PX3HOUU5,0.023989413
CUST_MJ2HZ1MIMI,0.024553556
CUST_Q7HSSVLQRK,0.7599151
CUST_PICC3PCL3I,0.027053496
CUST_76XCP55NYB,0.040451664
CUST_GEU2FQC1TR,0.085065916
CUST_DFSZIJNQIX,0.026923584
CUST_EZJC4N8041,0.022071628
CUST_QK0FV67DM1,0.025523156
CUST_8MU0C3HKBI,0.14121176
CUST_2SXBLJZLDX,0.03983042
CUST_FA3XNSK9XC,0.053429138
CUST_0P2KTFNXYN,0.10857092
CUST_2ZZ3VP8P49,0.032320194
CUST_WCWXATTNRE,0.03456824
CUST_ZVNATRZUAB,0.039653417
CUST_RX5O6AROJL,0.09960598
CUST_76QSF34T5R,0.07551169
CUST_QQN862H21C,0.027709939
CUST_ZAOTKKUNZ8,0.14171304
CUST_8MA1APD3VE,0.0934664
CUST_68T58XGUBQ,0.023348253
CUST_LZH1XU6XWY,0.09810259
CUST_2N5DD6VE2V,0.1695924
CUST_D14YW8S6LV,0.019469352
CUST_H6CESCES80,0.02454363
CUST_G4VOXPO8T3,0.025979802
CUST_4UQQHMCD6F,0.114816286
CUST_EVUPPOLA7X,0.066331275
CUST_3K2VKJQMVZ,0.021901136
CUST_DK3JK5UHJL,0.13918623
CUST_TA55FBS1PF,0.029420964
CUST_2MADJHJIQM,0.10633436
CUST_CVIBT0SY74,0.0928104
CUST_DR71E5HPX9,0.02858662
CUST_PNXEPVMYPI,0.042531952
CUST_ETWTLRZZCT,0.0759289
CUST_6Q8QWPA9JJ,0.022077145
CUST_LT6K8IOJHI,0.14360745
CUST_T8VBLG0UKA,0.84699243
CUST_WJ1MMTC3VT,0.10756986
CUST_P8HMZ79WT4,0.82266957
CUST_KTDQJGGNCT,0.01819503
CUST_GRGOOAQUEL,0.026749399
CUST_2HJHJ0NHPP,0.037017386
CUST_QC2NNI3C0X,0.03439136
CUST_AJCM8MLTX9,0.026912859
CUST_B2HSVWYRAO,0.114992425
CUST_LZ6EFGFYCX,0.025520189
CUST_XL3IFK4V2B,0.89073366
CUST_EGWM778MQ4,0.041243035
CUST_E3RQCXMPNW,0.028306728
CUST_5QMNNKP9YY,0.034782965
CUST_DQ7I8I3ABH,0.026183568
CUST_9KB0S23EB1,0.07232211
CUST_D5FK05GI0Q,0.87082285
CUST_Q6C99XB6MV,0.022832176
CUST_RKZNG8GL7I,0.07238628
CUST_UYV50X4EY6,0.11790581
CUST_VBJ3E2C4N0,0.024522187
CUST_7CYR3TIAOK,0.7623676
CUST_PRRCV3GYTM,0.15096065
CUST_2OY8HAK6RZ,0.6276694
CUST_KFI2DSZMWP,0.0856077
CUST_71FYSP4EWR,0.033698104
CUST_921H8FSYCS,0.08166311
CUST_K928RQ81HG,0.10662436
CUST_JFU2TMV9QE,0.027525403
CUST_36BK33QBZH,0.03394652
CUST_30K6GN568J,0.028534718
CUST_VEKCW81MN6,0.08155014
CUST_H2VG554IGT,0.10033448
CUST_7RFUW094GM,0.022290327
CUST_ZPQCYPJSVP,0.034703486
CUST_WU33KBSAZ0,0.017635522
CUST_U2GWKFAF0Q,0.03390087
CUST_EL55R0EMOD,0.095675
CUST_ILPSDG8II3,0.8368836
CUST_L9D57AODQM,0.027002968
CUST_J4ANN9YLY5,0.02803953
CUST_B1L6EGZRWV,0.08318358
CUST_T24PA19J8V,0.13222606
CUST_GP7LKW7Z7C,0.8455616
CUST_1U0NEJXMNU,0.027944902
CUST_FPL6EXWOXS,0.033220176
CUST_1RFXYT00KL,0.024047682
CUST_XZ3UE1KBZO,0.024959184
CUST_Z9Q6I2RM4O,0.13904321
CUST_K4W6P6OBQI,0.027628874
CUST_D7PODZOYLI,0.021149483
CUST_NK186JVLF3,0.15245062
CUST_9CCKTKL9GL,0.07700268
CUST_ELM0BZVVC4,0.03614697
CUST_J7L97J70YZ,0.029076148
CUST_NW282NNHXN,0.034796707
CUST_H3VJZZ86EQ,0.825933
CUST_BHY0EBN7HC,0.02197679
CUST_RSF2VBP7U3,0.029229326
CUST_J3PPYUFZW2,0.08928052
CUST_DLXULX55S0,0.024106035
CUST_4PCT5YNWKZ,0.029079918
CUST_7MR20AN1KI,0.10159982
CUST_UAQGAKNAL8,0.031090623
CUST_TV7MC6OEFC,0.1101634
CUST_SHBI211CMC,0.029331883
CUST_M5FSJOL3EQ,0.15696356
CUST_DJRY7FIN6I,0.036630973
CUST_BQVAV88LSN,0.029973568
CUST_Y9H8Z6C77L,0.09469052
CUST_2RV1MH4T0Y,0.03496675
CUST_DAK4NKI0TG,0.8971454
CUST_A7U4AAVAHM,0.11696223
CUST_0421OLV3BR,0.028487615
CUST_6JRTUGCGNN,0.026818844
CUST_02OQ1UIBOY,0.021615213
CUST_G66PXN7O5L,0.107598655
CUST_CLD0BX3NCO,0.10675826
CUST_L45WHGFUWI,0.023941835
CUST_BK7QIMZBSY,0.02699537
CUST_N31NZDRCXG,0.10035848
CUST_S4E8NA9IHS,0.02125375
CUST_WGLIJQJN64,0.029442929
CUST_QEVLSLNQGH,0.073874004
CUST_Y99HGTKS27,0.03733011
CUST_9CRNN26PJ7,0.020527918
CUST_EMXQ077R7L,0.03472123
CUST_AU2IZ9PH1X,0.09901796
CUST_9LV6RGY6T8,0.026173059
CUST_O6EIXOBJF9,0.022962565
CUST_YLCXOS9UDW,0.14728002
CUST_L8CK338B4B,0.02930292
CUST_OY5SF61A8D,0.029322477
CUST_QYWX3D9D6N,0.021756846
CUST_2B49JQPAVL,0.10103441
CUST_2DFMU1GO1W,0.09067714
CUST_VPPT2LSX1W,0.029272543
CUST_9Y4Y80N1UR,0.6856155
CUST_BRWQUTUW24,0.030413272
CUST_KJ4OBCSRQ4,0.025725262
CUST_C7ZW9VPEJR,0.08966528
CUST_DAGU2AJDI8,0.03726219
CUST_M4PO598T9E,0.032687437
CUST_S07PZHCU70,0.031675182
CUST_FAJFPFSZI7,0.8875211
CUST_66K3XZ1XRB,0.018382987
CUST_L6I0EKT09J,0.039171733
CUST_FG9XQ7DW7V,0.0855585
CUST_E39GYVV905,0.13787925
CUST_MG72NJT1CT,0.09642796
CUST_G6W4CQGQEG,0.104761966
CUST_M5PF8R4SNR,0.14110306
CUST_A8RZU2P24W,0.038736835
CUST_U0DIZZ0P5Y,0.022720955
CUST_M9X399VVXS,0.79797095
CUST_7G2Y322AJM,0.023867372
CUST_Y93ZSTLKIG,0.14616984
CUST_PKU82H9VEA,0.8147052
CUST_USILAPXZHA,0.02428619
CUST_VHSB9WFYQH,0.023002652
CUST_CVO5JNT7S1,0.030104967
CUST_SX1TDL2ZWK,0.822157
CUST_ZBO5DQ8LYX,0.025954
CUST_YL8LNKMNWM,0.03133223
CUST_9ICQNLXZMV,0.027754867
CUST_6IK6IHG06Y,0.034928
CUST_BP7UMLKBZW,0.08327441
CUST_NST8AKUUTP,0.09076248
CUST_7RFYDH9GNK,0.8875451
CUST_FOJKRG2H62,0.03258583
CUST_26FN1RQF8I,0.758585
CUST_DYG3J2Y0UD,0.09977393
CUST_EYMNC7DHTC,0.84225756
CUST_YTJKSWJ651,0.08325185
CUST_X9ZNE0D7PV,0.7988872
CUST_QTQ6HEMX3F,0.1091621
CUST_LYDY2Z2ULF,0.031689018
CUST_2EKCMMCK9A,0.026090916
CUST_72AEPRGBF4,0.019986011
CUST_2ZE1X769J2,0.021719435
CUST_QT2GW4VKHU,0.031211365
CUST_LWEA2XRKNN,0.026665276
CUST_BKX31JUWUG,0.1364698
CUST_WMBN1NAW91,0.14059472
CUST_ISMKY2DFW1,0.029357988
CUST_VBJT7AUHH7,0.025779814
CUST_HZK3QHLDLF,0.10049922
CUST_L1NR16YFEQ,0.025860619
CUST_Q5789EJ2AF,0.023649015
CUST_FYRXXFI9D8,0.021415012
CUST_2BR93WE6KF,0.0750419
CUST_U38MJV0698,0.079029836
CUST_FQFGGZVTFG,0.13941938
CUST_6JVIAC2CJ1,0.028459359
CUST_IIW0UXHLI6,0.8273877
CUST_XJYFVDP0GX,0.077113405
CUST_LMOW7VPGK7,0.0297105
CUST_T5RD46DNF4,0.11037836
CUST_KJDESKGXJH,0.11053973
CUST_WOXQL6F56E,0.025449404
CUST_IT2RDFJSE6,0.026258538
CUST_ZNHOSYJTL6,0.027735028
CUST_JK5FHKG95G,0.110691644
CUST_D2JUKC7BG8,0.040471017
CUST_CR46JRBPA6,0.025419623
CUST_HS4UX6YQ0G,0.081808686
CUST_ZK5NBP809H,0.16257544
CUST_VWDW317E4R,0.03028931
CUST_XLKULEXWTQ,0.048793867
CUST_SM0MJGWEZE,0.023119098
CUST_LADH1AAABB,0.019111792
CUST_E33L72V1LM,0.023256132
CUST_Y6OYYBYF1D,0.06994161
CUST_3S7CWWOBGT,0.093119495
CUST_LZGDGZOUK8,0.14489304
CUST_58O5D5UFJW,0.08301278
CUST_YBX683BZVB,0.11251462
CUST_QKL9IA8DU0,0.068977796
CUST_S7D7Q6T9AT,0.023180675
CUST_E13405T5RB,0.022385966
CUST_W6MMCE2YS9,0.021097211
CUST_SZOCVN6J6F,0.03053899
CUST_3NS4SM6D0G,0.067737624
CUST_ZFBBA8QYGF,0.03864811
CUST_HQVC4YA1DU,0.024935035
CUST_79GOIYMTV4,0.08245062
CUST_XTADA2PE8N,0.022663359
CUST_RVOY4K8SKG,0.034017894
CUST_AR11PQNRL0,0.104641505
CUST_Y8I755QT24,0.06757337
CUST_SL2E1BCZ2D,0.021723265
CUST_TA5VOMPUPN,0.09888466
CUST_KKKYEUK2BT,0.10859695
CUST_H850CZS74W,0.030554794
CUST_HGQ418G9WP,0.028789332
CUST_AR0R6T9LZX,0.025056167
CUST_8QHL82CA6Q,0.121549815
CUST_R0AV847KC8,0.026136423
CUST_TI3FZEHO3Z,0.031042175
CUST_45I2RUSA47,0.08726551
CUST_6XWB84Q4JB,0.84795123
CUST_JTM7102Q9T,0.0314345
CUST_0YWK1HLZVN,0.73366183
CUST_U1THUPIN0X,0.096101426
CUST_NNHOE4FOIC,0.022951515
CUST_VQ0QYWAYA5,0.024493368
CUST_T9251GNZ5E,0.020183744
CUST_Z8KH5Y4KM7,0.027647022
CUST_BUP56HVOIG,0.04694395
CUST_FFSDVCPEY2,0.046207767
CUST_WR3V3QAZKW,0.03297346
CUST_OA7LZ52OUZ,0.029537627
CUST_VCTH59GK3H,0.78307873
CUST_Y73EZOIBUK,0.021536035
CUST_VI7U7F8W15,0.07064602
CUST_WBCQLWP8Y2,0.023190493
CUST_GGTNI0CBUL,0.023794955
CUST_UOKS359HHU,0.02327872
CUST_1VO19HHH5R,0.025370233
CUST_34HBC2LPZL,0.030929161
CUST_4P0FOT2F30,0.14101289
CUST_DJVE39GLOI,0.042064443
CUST_4I6F1KA7XO,0.10945083
CUST_1FPJL89IG6,0.029793136
CUST_BR8U7JG45A,0.023608277
CUST_QA1N7PCQSW,0.080719955
CUST_4BI1PWNETF,0.08474755
CUST_R1EVPTEJMF,0.8296558
CUST_DMFTOYV74M,0.023074705
CUST_G4KCW4YROL,0.067876704
CUST_A0VPJBTDZZ,0.105667524
CUST_7UF58Q9D9R,0.13986056
CUST_BTSLXX9XID,0.02544001
CUST_78U861AUZW,0.10433302
CUST_QMCE5X5ND1,0.029661512
CUST_AIKJWG9CDW,0.055739384
CUST_31ZD7NPGDE,0.028645191
CUST_OAXWQMXPAJ,0.045556884
CUST_K7HKHQ3VCZ,0.03509525
CUST_8XH3N73179,0.12531045
CUST_7IPA4BE8TG,0.025604075
CUST_MJ96O4YKDS,0.027753493
CUST_QB930HYR98,0.032520592
CUST_YE5I5AEP2K,0.026280345
CUST_TWQ84W6DRJ,0.026424808
CUST_4KUYEW99L2,0.028447788
CUST_RJ1UGG9YYM,0.026685908
CUST_7OJ7ACEY5F,0.10304168
CUST_SHOXWK4B94,0.08546699
CUST_WDT7O9ZR4Q,0.025058758
CUST_0RV5Y527YA,0.10320261
CUST_HSKBFC7BW7,0.037859064
CUST_WAT2LRYJQ3,0.11598099
CUST_YHYKF5EQMB,0.034230568
CUST_NKFHMPL2B1,0.026343448
CUST_NAZZKGGSLJ,0.09140588
CUST_104C7Q3DAJ,0.023766737
CUST_M33W3B4SKI,0.029687772
CUST_2HZWQ3ZXCE,0.024171587
CUST_NPQ1DCGCT1,0.7611973
CUST_1H28Y0TS6O,0.027342835
CUST_WCHYWGIT6Z,0.03537411
CUST_SLI04BP593,0.029433623
CUST_3SRH7P4YPG,0.81163484
CUST_PMZJL4STXM,0.77596724
CUST_C89QXZQ2WP,0.11873558
CUST_I28PN9EXYP,0.030863978
CUST_FF729WIACX,0.8901132
CUST_068YBOJ6BC,0.846107
CUST_XLH7HGOF1B,0.03600609
CUST_ME4BRTVOIK,0.18173783
CUST_BH3WDMYU9O,0.023821082
CUST_ABHWN3DSDJ,0.023536773
CUST_P1CO92FQVS,0.14323863
CUST_OGE377IJQI,0.1364992
CUST_GNU0GXGJPL,0.023921225
CUST_85ZV3HPWZR,0.07993485
CUST_NT5PEI8KPP,0.08912614
CUST_BVYTQA36DP,0.7769563
CUST_XUTMEKX5E4,0.026807372
CUST_VM2UT8JCEQ,0.022260029
CUST_U7DLCNMZ3P,0.025819119
CUST_LVP8XFXHF2,0.02212274
CUST_XV9QJMR6GE,0.11184986
CUST_UA2UQJTK2B,0.023254128
CUST_93OMVPJS3D,0.15143761
CUST_5CLSPZTFX0,0.024857322
CUST_PGN0T8GAFM,0.034641284
CUST_GE877P6VM8,0.07187331
CUST_627AKB44Y9,0.09081306
CUST_C1SFJKO1PX,0.15142977
CUST_FUBOD1I49Y,0.85531664
CUST_VMOWHNACKN,0.04166916
CUST_EIFL4SUAKY,0.10090791
CUST_SKNBERY7LM,0.099775024
CUST_2ZQB5G2EEN,0.15358627
CUST_NXL9C9DV26,0.15895055
CUST_VMOU6X4M2N,0.1519429
CUST_85GQKPTMAG,0.035862274
CUST_FAYDE7IS9W,0.121595286
CUST_BNILBG7EN7,0.15222521
CUST_MQHPK4MFDG,0.17579645
CUST_0W9EONLMO6,0.037448585
CUST_RQGAACWB2E,0.030384602
CUST_RV52W4SISU,0.023636186
CUST_FOA5KCZHQZ,0.021991055
CUST_QJHB0FVE5Z,0.1220331
CUST_X7Y8UFMSQ0,0.022829512
CUST_NC72GVU6PA,0.024441808
CUST_R6U4UKDLLY,0.026971994
CUST_ITNDC0Q9C6,0.032643963
CUST_G45HSUUSRY,0.02966924
CUST_RI85FYI1M0,0.1724873
CUST_F0877PB2SQ,0.028684132
CUST_1QGEU7GZPK,0.024580445
CUST_0YE8SIQB6Y,0.02486422
CUST_QKMSYGBMJR,0.031924672
CUST_HXDSA5MA2M,0.12300084
CUST_NJOZMA04RA,0.035330467
CUST_CB1BXK9QDV,0.06326817
CUST_9TXBFHHQK5,0.024606908
CUST_HNX8OUHBCD,0.017034464
CUST_NFPA7VTO6C,0.034289975
CUST_7HRTOHWHS4,0.041697577
CUST_SAEDILYBVY,0.1437846
CUST_4LEZ69OJBL,0.02485267
CUST_3O7T3HK4Z8,0.15275158
CUST_ZTPLW4MZZB,0.0942598
CUST_HYZVR06IZ7,0.027227014
CUST_86HIA24RUK,0.8064513
CUST_GJJPW11FTG,0.022313258
CUST_K5EX453YJX,0.7917712
CUST_W9XWM2WF2L,0.12065853
CUST_Y8YDUGMUCA,0.030130476
CUST_H14SJX59NU,0.14513797
CUST_FAKPBED8CY,0.029949453
CUST_XZKTI75YH2,0.040754773
CUST_C9CAAQ33FO,0.02854778
CUST_02W6FZ995Q,0.033740897
CUST_MX8W5NQEI9,0.11333264
CUST_MO3EXNMSYL,0.022733204
CUST_PFW02KG8OF,0.030430326
CUST_0UD292QL7L,0.11375304
CUST_8APZU1FG3T,0.03096686
CUST_8BT26HVTB6,0.023768812
CUST_I5AUWPG4M3,0.11053621
CUST_OBJQQ7QIUN,0.019603841
CUST_XHWP1D40YO,0.02352102
CUST_TV0SY60QG8,0.08959011
CUST_EHUIP2XQRK,0.12547271
CUST_CXCBHCSDRB,0.091875546
CUST_Y6ONMK3QIT,0.1129545
CUST_CA366IXDD0,0.099598624
CUST_X796QPET49,0.069761544
CUST_9YIJXR1FP6,0.026882768
CUST_LH0JTKKEGC,0.03634093
CUST_0L9VA01VBS,0.023314912
CUST_IHDL7653YO,0.02607334
CUST_7JQWS09QP0,0.12092585
CUST_57NAIAUUZ3,0.16053174
CUST_O82IWRUPXU,0.024685735
CUST_OB3MEZ688Z,0.02425674
CUST_VZ15W45AJ8,0.03414534
CUST_ABXOK313OT,0.083658665
CUST_K1WY0D2BQM,0.07874248
CUST_48ZK5IVM18,0.034980793
CUST_ALVJQAZSOT,0.13369316
CUST_TP8L0BV927,0.7929347
CUST_M21V9GBNL3,0.105464004
CUST_W7RCNTPN2Q,0.11649697
CUST_CB3HCP2CAX,0.079794705
CUST_R9MRNL9QFC,0.09260853
CUST_9YMLHQCYAW,0.07976899
CUST_E9XQRJ1P9P,0.1600498
CUST_Q1R0GXODA8,0.8630802
CUST_1OWZ5WW5YN,0.14000234
CUST_N94HBGXB0O,0.112341955
CUST_4HG6KOY2JK,0.09570896
CUST_MII27D9FUS,0.13709311
CUST_8VWR4SAGYF,0.12465459
CUST_KTW97DN3VX,0.03744942
CUST_XWPZENHXZI,0.02865117
CUST_H088JFRYZK,0.033929944
CUST_TLVF476B0T,0.8220683
CUST_W9SULC416T,0.09261951
CUST_QD7HCB64DE,0.034205962
CUST_B9YCR6JRMQ,0.11816135
CUST_AZSY2HTNR3,0.11481779
CUST_MSZK8I22TI,0.020215109
CUST_4P6PBJUVYX,0.02881036
CUST_B2UYAXB2WX,0.09761549
CUST_76WWRBE8B8,0.025177775
CUST_2WI91QAL89,0.017774312
CUST_FK2M6TEC6H,0.037275165
CUST_2K2X2ZOX65,0.025135357
CUST_ZC2WZT1AZY,0.027485728
CUST_2IUCX8JRCI,0.087266624
CUST_AZRA8HV88H,0.01778597
CUST_TOIX8TTMNB,0.031057963
CUST_2JUQJSMN7Y,0.025786402
CUST_ISJPUA4TPE,0.031909317
CUST_ID5V9QOLFU,0.026936721
CUST_8UELBXFNTN,0.020188875
CUST_91KJ64BBUL,0.08632274
CUST_Q5H5X3CT2Y,0.022742946
CUST_5EEURYRFFP,0.672457
CUST_14O7BVXIXA,0.02332091
CUST_TG35M1SCDI,0.08942332
CUST_OWEVZ2LF41,0.16333091
CUST_J5CLSVI529,0.06381667
CUST_302RM8IFA8,0.118869565
CUST_3K5AO1TWX8,0.027519614
CUST_AU810Y0LFB,0.026517326
CUST_GIS611J3X1,0.07278735
CUST_TKVKKKGR2N,0.03144168
CUST_7AH3TG1ZDV,0.10831782
CUST_M5RO1456K4,0.020481413
CUST_57W1FG6S2X,0.13507625
CUST_QCH9OPV2JA,0.027557075
CUST_71YM8J4NF1,0.030195031
CUST_8EFRS0K5CH,0.027696723
CUST_9FMVM01SWG,0.03965969
CUST_FAD9CKYG4R,0.036480095
CUST_XBYZY7ADAO,0.025006192
CUST_P2LCBHOITG,0.14016932
CUST_WSD77FFXT1,0.11884905
CUST_UKOO29EUVU,0.026530623
CUST_46GSDRXXXH,0.019496141
CUST_8A1FK8HOYB,0.17600931
CUST_5AHELPPXJN,0.7969197
CUST_YAKE4W5NBT,0.030012425
CUST_JRFGF75T0I,0.031672042
CUST_XWSNY0M6OY,0.023270482
CUST_RUDFCXA05W,0.02376817
CUST_WEEU3HN9DR,0.023142016
CUST_171HP4VSWT,0.024559153
CUST_VNGFXLN49R,0.028687192
CUST_RD4YUXKZ1X,0.91234004
CUST_4F7ZDFUWYC,0.09035584
CUST_AWFOCFBEVM,0.08711789
CUST_SP91YD0G40,0.022832364
CUST_GUDVBSH6ZS,0.02548513
CUST_3AYJ2KCYMO,0.02382716
CUST_5EJOARI88U,0.10998169
CUST_SAZZHZVH46,0.027846832
CUST_GA3P9B63HP,0.022578608
CUST_RMT1P4GKKJ,0.08730535
CUST_T8RBQTXTXK,0.022676082
CUST_764KGQWHGF,0.03733813
CUST_2DVJVUQER3,0.023148898
CUST_OSKC9LOBBF,0.026845794
CUST_ZMD503WB0L,0.7176574
CUST_9A1ND34T2Q,0.87588847
CUST_63I7TG803D,0.025954988
CUST_OVJAS3Y98B,0.031205367
CUST_L4NCTI0XPC,0.02832984
CUST_7RYOJR1UA1,0.032727454
CUST_V1TYTR38N9,0.11198251
CUST_V5ZYKDJGQX,0.026130464
CUST_W2P3BU4DW8,0.032465316
CUST_G4T43KNSAM,0.6981928
CUST_B78AIV9AJT,0.02246753
CUST_R36C84X2XC,0.034131836
CUST_4G879BSC30,0.039191037
CUST_P7NKPLM2RX,0.022475734
CUST_I9WXQQH2DM,0.022909177
CUST_AI7Y9DUJTG,0.024218965
CUST_9KLHX9ZF69,0.027243683
CUST_X0RH91972R,0.023599086
CUST_TXN0YHUE31,0.1068933
CUST_XATJGV3M2P,0.02714774
CUST_YTS6DX8WJT,0.029303197
CUST_9FWAJ0TC76,0.093403235
CUST_TQYINL1BS4,0.02701642
CUST_XY8SZYNYMZ,0.02170688
CUST_4CL3UEO2DX,0.031233903
CUST_2J2ASF6LSE,0.092380404
CUST_Z1RCFYGVHB,0.13727614
CUST_M6FQTLJ9I7,0.025023578
CUST_IWQZY7OF18,0.030666899
CUST_1V450P1LF3,0.1494233
CUST_ZOND2PF8KN,0.024895411
CUST_5CRA9PQHQC,0.028401872
CUST_CKZ61V1VE1,0.12883519
CUST_TVLA55RM51,0.73264194
CUST_ZHW0GQPBUB,0.023893328
CUST_RRBQN41B7K,0.081796974
CUST_ECC8YJAF85,0.023727953
CUST_WQI6IL82Q4,0.056085195
CUST_PVZIOXJGZI,0.03461511
CUST_VP23J5KKWY,0.104845315
CUST_EDSY96CJNQ,0.040219843
CUST_53D1LLHGG6,0.11303864
CUST_G98617JKTS,0.034056697
CUST_Y8DEGQ9Y9Z,0.08283895
CUST_IE5YOCH5WZ,0.028712556
CUST_54Y9IWOOT5,0.09713515
CUST_VFGQDKCHOI,0.07534185
CUST_BPAGUIF968,0.021627594
CUST_PDRMPMP0AT,0.02021809
CUST_YGKWZA2USR,0.040892743
CUST_8VIGUW9DC7,0.07791478
CUST_JNF3PGVMZB,0.10317558
CUST_MA7BHV3OTD,0.041143578
CUST_SMPT4RC1M7,0.05775721
CUST_5K1ZTEH5RR,0.8163381
CUST_NPA8FC5O7W,0.023559337
CUST_KV4M6SGT6Z,0.022567881
CUST_FH3NF14YY0,0.096870326
CUST_13259F6M7K,0.018665278
CUST_CL61REB68K,0.030397702
CUST_QFPFGW2TBQ,0.06835473
CUST_FZ5PTH8ZHY,0.183061
CUST_SY7SA6C42O,0.09893524
CUST_58H9JRQ5UC,0.022645531
CUST_M4P12FNTQD,0.03137442
CUST_CEKVQLZB9G,0.031608373
CUST_P952NZ8GDQ,0.029433755
CUST_NJPL1E2QR3,0.026619777
CUST_D5XSBH4OZ4,0.15469752
CUST_06RU5HOU8K,0.0927539
CUST_P9M3UDKW33,0.029421182
CUST_N2W2L9G5FF,0.14875868
CUST_GL7G77VESZ,0.8066557
CUST_J8E7S0BYNA,0.14879973
CUST_U2GR6B2VXZ,0.09198683
CUST_WT0HQAA1HF,0.03205109
CUST_Q16KMGFL0E,0.1924658
CUST_OL3NCNPW2F,0.032091383
CUST_1W54IOUZSU,0.07982111
CUST_OKV5UE6F95,0.035029516
CUST_FJHJ9VDDN4,0.036118522
CUST_WTCHJURAGG,0.04125451
CUST_M0DWGO2M3D,0.022197612
CUST_WAZ83FLTIY,0.15163083
CUST_C2DKMX3OHF,0.10620287
CUST_IZQ7UELT7M,0.021197807
CUST_F41O30S8GI,0.025396504
CUST_521J12M4EF,0.026713219
CUST_NABEQ8HUY8,0.82503235
CUST_6N40G41VYC,0.10172439
CUST_TX1OXCE87B,0.07776364
CUST_6RN5WH4WIP,0.023647308
CUST_L6KQQOKQPW,0.108597234
CUST_0298IAGGQ0,0.8910822
CUST_RFNN1UCLJT,0.08516993
CUST_UV93H5Z3BS,0.027743509
CUST_GRUP0RNAVS,0.02078758
CUST_0ZZOO45PCI,0.11588214
CUST_ZC7FNSWKFD,0.024492953
CUST_2OK5SMTYGX,0.024138935
CUST_IFZDDBCF3L,0.12938595
CUST_HPBCF1QI0G,0.15697348
CUST_NNN5BRFM2H,0.87994766
CUST_0FN78V2JBB,0.02270072
CUST_PJ73LTNUTD,0.068162315
CUST_Z6PXL1BSGP,0.024343636
CUST_QGQIGQP8EQ,0.8897724
CUST_5GL59UI2ZN,0.08989724
CUST_8JQUOQJKKW,0.11628293
CUST_O1I8NF8HGI,0.13519181
CUST_L65YD7KVW2,0.17856495
CUST_Y88F865DCX,0.09611348
CUST_RQHX5OE45L,0.11130298
CUST_2C9J2IMYJZ,0.035135534
CUST_M5HZ36R7M0,0.19865398
CUST_YXJK2MLM8Z,0.07419506
CUST_TCF8MGUYNC,0.07566739
CUST_EE399R2BJR,0.1522248
CUST_H1BC27Y60Z,0.027089925
CUST_G5GKYEBDQT,0.88978887
CUST_2TUOMY1PDZ,0.12097727
CUST_45OE8PFEO6,0.06649813
CUST_8XDEKP3I7X,0.025086878
CUST_3W8SBK1ETO,0.08241209
CUST_4JTH76H8X8,0.15300657
CUST_ATOYVGCD07,0.028223198
CUST_QWUUZ5MCRC,0.027400877
CUST_NZTRVIE97J,0.06399053
CUST_NMGRKAGBE3,0.09800511
CUST_S1VFSJG8AE,0.024480093
CUST_II5GRR1NP6,0.06999856
CUST_O5PT1K70OK,0.083445586
CUST_Y2ROVF3FXZ,0.1959794
CUST_K04OX8K5DO,0.019496446
CUST_A2WTBV5GP9,0.09028135
CUST_6FL20UJ2V7,0.024013596
CUST_L6ZS4FPY47,0.1109588
CUST_FH86VTMLR0,0.028359404
CUST_ZD7NIPG85H,0.074679546
CUST_AFSC40IIGP,0.024789242
CUST_TVL5QDES5X,0.13541894
CUST_1SA4ZOVOEF,0.0524802
CUST_TQTW36GGL3,0.03424885
CUST_J5K3JDEG6P,0.02044427
CUST_RYC7WK4YM3,0.024366697
CUST_ZH66EZ61A7,0.02437255
CUST_80PITGLWZ4,0.08490275
CUST_6N0DCN815M,0.034457523
CUST_GEQFC0WOVW,0.15456781
CUST_9GHW54TK6P,0.03533084
CUST_957OE828UC,0.14160384
CUST_IVXQU1AZKY,0.02978776
CUST_XD96N2BLH9,0.1425379
CUST_P1OQEQGY4C,0.123018995
CUST_3QYHEEYY4O,0.022020197
CUST_6W7YMLENGU,0.10561233
CUST_G7OZ1JWCSS,0.023060635
CUST_9IVTLTIB66,0.092645824
CUST_GJBZ24KP2S,0.090967625
CUST_E5WDH6W90H,0.07069227
CUST_LZW7C8SWNQ,0.023396736
CUST_AF8RM2BQFG,0.80761427
CUST_BZCEA942ZF,0.04502034
CUST_FZDZ4LJXE0,0.02741615
CUST_2VW0BB8F5E,0.023785602
CUST_UUXUFDU1M2,0.060976356
CUST_WPZ9MFXCUN,0.020184578
CUST_P8WV7DGE3O,0.1246151
CUST_VJR032NA43,0.023150446
CUST_ZKI97DHQF3,0.025379412
CUST_15L1KDGK5N,0.11776497
CUST_GCNHSDTR24,0.024725167
CUST_S4EHCEEA3R,0.12422628
CUST_JFSVUUKYGR,0.02923216
CUST_LLLV689BGS,0.08104503
CUST_KXV451KGKS,0.026932266
CUST_U908179QX0,0.11761364
CUST_Z4H9FNNCQ3,0.12199125
CUST_QJB99353JO,0.8430428
CUST_J2B2TWXJJN,0.7322094
CUST_PKX2W6GFCH,0.040632844
CUST_IDBM0U2IZ5,0.11174615
CUST_WW6B807VHX,0.024861021
CUST_ZK0BTWVP03,0.03615595
CUST_XCE5X2CYXG,0.17213593
CUST_LSPFBXOMRR,0.0765166
CUST_E3GFC4272R,0.026327757
CUST_55CB4CBRJT,0.11790559
CUST_D12QILRWNT,0.08827983
CUST_U8ZWUKI6YE,0.08247522
CUST_CO0DH8T8RO,0.028902555
CUST_PK63VMR01Q,0.08343029
CUST_L6PXRV7VKU,0.030945612
CUST_981NKO5JO2,0.031658694
CUST_FFQ9S41804,0.06874729
CUST_1UIFI7B8RV,0.12861069
CUST_UCAQOXA2JQ,0.14744487
CUST_393LFFWIMO,0.034441985
CUST_1IMPMDRCMA,0.042310555
CUST_D5TA37QLL3,0.026128547
CUST_KW7HNBS9K4,0.10514316
CUST_RQK2VQTNNW,0.036355544
CUST_WIK9WHL41Z,0.7989684
CUST_LE4Q56JGJA,0.14876512
CUST_T136GKMJF1,0.1429044
CUST_E88VD0TW7J,0.11734639
CUST_ORZ0YLJNE7,0.052348927
CUST_9225PTCE9R,0.026299547
CUST_TK54RW4TGV,0.03136161
CUST_MNSLVYEI5L,0.034844577
CUST_90JYA867CE,0.032584086
CUST_XVNOEP8EXF,0.12102326
CUST_G7P4SBZ6EH,0.057352386
CUST_RSLMA5CVHX,0.030362641
CUST_RRWVM3JQCF,0.029022725
CUST_UVLK07CB1K,0.023579206
CUST_II4PUPISO9,0.11187181
CUST_2VRT20TJEM,0.107542805
CUST_SRTBZTMA6J,0.03289533
CUST_VUZRC6GD6G,0.18074358
CUST_PVC3QLXM9K,0.0994775
CUST_3SC3GLL4IW,0.033637058
CUST_GP8VBA8OOL,0.024900986
CUST_TVRT2BWH9Z,0.02623701
CUST_NVHI0JWK76,0.03251983
CUST_2ZC8MXN5KQ,0.09562564
CUST_YKMXSLHOYM,0.025270047
CUST_BNT96TNKRL,0.0884802
CUST_KKMAGM17Q5,0.019245438
CUST_PYBDBITQ9C,0.02075618
CUST_LAN3J17SVO,0.052849457
CUST_SJUETZV9S5,0.022867013
CUST_H1ZONZ2L8P,0.8445639
CUST_DCQI5JLG4L,0.02758511
CUST_0K07PBEQD8,0.027141998
CUST_9256F12VF5,0.07883061
CUST_6QZCYN3K58,0.028214676
CUST_ZDFFWWXPWY,0.08821735
CUST_DJ6U48VARC,0.7692846
CUST_278QA63JHK,0.024962997
CUST_3Y354ND29O,0.082141005
CUST_RRMTZJUKNG,0.029430546
CUST_AF6K3ELFAW,0.032938033
CUST_OGBQRB53GJ,0.12518817
CUST_00WYYAHB5L,0.02331103
CUST_CLGAOUKGXS,0.027280841
CUST_M55WJMX8H7,0.08365523
CUST_NDHOKQ7JNX,0.08853588
CUST_4AXK9O5NNO,0.09159307
CUST_OZ0TTZLSE6,0.7620275
CUST_VMLFXRUVV3,0.024632746
CUST_M8ECZ9WMYG,0.80761236
CUST_63DYURJM15,0.03930347
CUST_RV2LNUVPAH,0.029295344
CUST_E2PLHJTB0O,0.0330619
CUST_CHKYJIISGM,0.07602383
CUST_CCWRVDHUE1,0.12579773
CUST_D7QOELF931,0.023681113
CUST_GDLCRWYQCE,0.029842213
CUST_YX8PK7HDQG,0.02381322
CUST_J0LBMG4VJS,0.022819472
CUST_SHXKCO92YH,0.021483198
CUST_AOXCHLS94I,0.04868046
CUST_J8OAZINHVS,0.03050846
CUST_V1ZAUN7AOC,0.11365431
CUST_XKTX537IU4,0.08987184
CUST_RVG06A8OKY,0.023793155
CUST_AR90DNAAPT,0.083032385
CUST_3AAZZQ6LG5,0.037213195
CUST_X9KPTVCDBW,0.028204659
CUST_KT43K0ROTF,0.109750144
CUST_VJE21KJV5Q,0.072893426
CUST_HXSVZEBJHZ,0.87221146
CUST_6WAJA242GR,0.08808071
CUST_PNJUXFQQ5C,0.033463635
CUST_9UG6CHZX79,0.036763564
CUST_H9A5DBNZKE,0.019208128
CUST_KWWPC0UVV8,0.036069326
CUST_SXIPY4K6HA,0.028266627
CUST_KXKZ2QSYDY,0.025659928
CUST_O2HSXZ5VCW,0.029932372
CUST_KXKIID47JQ,0.026922146
CUST_G033TCSE27,0.0340828
CUST_W27CCBX14X,0.09469994
CUST_UITLOGQKFY,0.7451558
CUST_O3Z3X5N3KK,0.82659197
CUST_NP36D8D47K,0.11432767
CUST_B7NPGCUOM1,0.025781889
CUST_VS7F32PXZ6,0.02991531
CUST_G12CY36DIL,0.03451226
CUST_K6ZEI08EGY,0.07460758
CUST_2X9YS4CQ08,0.024438996
CUST_D4CDF065MI,0.08738044
CUST_7GWAEBCJ2S,0.06655479
CUST_0Q5HRRC7O3,0.022743814
CUST_EBTZ3G15MU,0.024419751
CUST_F2MKY2E7NR,0.10124889
CUST_TW4X53YEJP,0.8350803
CUST_BA36U50MZ1,0.09300721
CUST_FSLM0W84YK,0.02254252
CUST_6L7SL354IL,0.09739545
CUST_ZLXJQ4MKMG,0.023984473
CUST_9WVG2ROWT2,0.034539048
CUST_392YI11594,0.02855774
CUST_PRHBA9GDA9,0.035084028
CUST_T4X2DYU9TV,0.020846039
CUST_PMFG1OC2AB,0.025693294
CUST_5Q6DXH08UF,0.7853954
CUST_5T52FVM6Z1,0.04322316
CUST_EXP1NP3JYO,0.01797406
CUST_RIRTH7FGRV,0.025248375
CUST_VEP9OVAZJA,0.022506472
CUST_5ZIQ9O4ESK,0.88135463
CUST_7N96UPK4GM,0.023665354
CUST_M7EEZCCSZC,0.03037086
CUST_RQJRSNZES7,0.105579905
CUST_NIBEUU6OM1,0.098269284
CUST_2O1RAGCMHJ,0.092474826
CUST_LZNPQNITID,0.063590355
CUST_RY0306JXBP,0.15632576
CUST_V9N1Z9C98B,0.023754703
CUST_IZOGNUO0HU,0.09353386
CUST_DXKBDU50NS,0.02628252
CUST_HOU0OCFWJD,0.77512985
CUST_6RVH3R6G5K,0.07044479
CUST_X45M28ATXX,0.12098916
CUST_W0K6A2M6MN,0.026822696
CUST_A0CDM1WVJS,0.121105224
CUST_AW7PMIOHSJ,0.02552752
CUST_28YO5WLRB5,0.025201883
CUST_VO9ROWO2CC,0.04022604
CUST_4N6VQ6B1D3,0.022682387
CUST_QOC3R663PT,0.030279666
CUST_ENHQWEVJWY,0.03619098
CUST_QDJ1AEY9E2,0.880473
CUST_NOZSLYI1EF,0.064354904
CUST_KP1K8Z2EUR,0.017713884
CUST_GGQAHTTJMB,0.12619261
CUST_8HG5NNIP04,0.024748376
CUST_CZ93XYIFSZ,0.026901312
CUST_WSL8J8FUCQ,0.16922982
CUST_1W4ZRANJAM,0.029869141
CUST_DE0BP136EV,0.09704035
CUST_FAJ30M4DF4,0.04137441
CUST_DQ9ZIVGCUF,0.8785468
CUST_YYT79MNPUL,0.02622845
CUST_GYNS87MS36,0.020258017
CUST_SX6QN1ARNG,0.021205226
CUST_CIF3VWT22L,0.086360015
CUST_ZDTB82GY7H,0.023696905
CUST_PSTZ0CVU3O,0.024135683
CUST_LF386C112D,0.09773518
CUST_B93II10S0B,0.026464915
CUST_OO10AV15CT,0.027919048
CUST_6UMJHLIZUC,0.036480606
CUST_YR7LXL9G92,0.18798013
CUST_HRAN319UGB,0.03434534
CUST_LOHTKWT4NQ,0.022392672
CUST_9BLLZAN4UI,0.10913318
CUST_1YYWDOWN8I,0.03364753
CUST_IYYV6G9TWP,0.04198097
CUST_JN07ZBZ7DM,0.10915258
CUST_8HLLRARHDE,0.0743436
CUST_XJGBCUIXHD,0.028083006
CUST_1JWXX0DQZY,0.02227356
CUST_FBUX9YW538,0.7952922
CUST_XATELDRBQN,0.07662545
CUST_KYXR6NZUDJ,0.09678111
CUST_5NJS1GYKBR,0.17439875
CUST_JXP6P5T3VQ,0.040886477
CUST_KFOM81KY6F,0.102961786
CUST_W09TQB6MWF,0.028458226
CUST_ZQ5IF1X2TO,0.030632064
CUST_SEUT95RAPI,0.0241
CUST_U77II0B1UQ,0.11271612
CUST_B9EYL7XA29,0.040552456
CUST_SRHGQ5SJI1,0.022334354
CUST_6U2KMLPWZX,0.040645763
CUST_Z0AOHQSIUH,0.1909896
CUST_YK8CF66XZ2,0.028261567
CUST_NXXGMGM0UT,0.13922995
CUST_WZ9G3JQUBQ,0.02370576
CUST_VQGDQKQFKL,0.08050637
CUST_1L166GZAH3,0.060367104
CUST_Y3TF9KQABS,0.03670897
CUST_1HASXJW4A9,0.02207641
CUST_8G43VKNOI5,0.10832447
CUST_J1QHBBB67E,0.021223897
CUST_620QDZ4I50,0.1381459
CUST_P6KAG0TSHC,0.031983722
CUST_VDKFIO1QT7,0.019430343
CUST_8AIWT29FCD,0.0234628
CUST_OFX2S32YBQ,0.025220107
CUST_1318G4TESY,0.02118811
CUST_1JAMZJ47KO,0.024673449
CUST_TR67O1T2I2,0.020173162
CUST_Z3Z9DECROT,0.027500713
CUST_3AAN3N1FNG,0.083394125
CUST_8W5G6EJOJ6,0.031823408
CUST_8JCCZZA1X8,0.77851164
CUST_667LEOX93I,0.033866666
CUST_0P9Z9COU06,0.7542295
CUST_VLWGW1A23M,0.031577628
CUST_7TIVY1V1YO,0.030442484
CUST_BRVP0GJF0C,0.020451562
CUST_32JO9LUG62,0.022774078
CUST_0H213UHQYY,0.09744693
CUST_62L2BV2QBA,0.136807
CUST_TNDFKSKUPT,0.12024993
CUST_XQPRUNCQUH,0.071781546
CUST_ZO41PRPJ9D,0.10196571
CUST_2GB2ISTD9U,0.09279739
CUST_C9NBLTL6GW,0.118258126
CUST_Z2UPOSRHHQ,0.025966346
CUST_6N63XCIYRC,0.05445822
CUST_S7ADH6DA12,0.019899923
CUST_4ZCWHU0G55,0.106664486
CUST_CZAEE4RJXC,0.08199032
CUST_9VF9QSY16T,0.097008534
CUST_MVV6JVRPBT,0.034107212
CUST_GK2Z8C2VFS,0.027536577
CUST_IXTQJV27TX,0.099531226
CUST_KIGPN8N7W1,0.09741893
CUST_OWYKDVLSUW,0.02712678
CUST_FCSBKQYVVV,0.13847582
CUST_J9G1IFQCVM,0.12809417
CUST_ZEPKHCWZUT,0.62630093
CUST_IVZTQALDD8,0.73271173
CUST_GG1NC21AJT,0.03528486
CUST_AMC8UG9UJC,0.02054515
CUST_NO89SZAWGW,0.021325689
CUST_QT7HTO2XUA,0.03216311
CUST_JN5AB7ICL5,0.020309547
CUST_VB8AFDC7EC,0.050864775
CUST_2BK27FHTO1,0.15141308
CUST_7KHEBAOOOJ,0.0326433
CUST_86UDJHSRJO,0.09247212
CUST_INFCGSY86J,0.8035387
CUST_Z0A94DSTTU,0.03375832
CUST_WFPMWT7GT2,0.14060275
CUST_YTM0BUALAP,0.13436112
CUST_8WNQA9QKBU,0.028829377
CUST_1WYB7K3VEJ,0.72555447
CUST_8G2D5S7PE0,0.779468
CUST_5NHN96BMFN,0.028055511
CUST_W99GI6WQ5D,0.023149561
CUST_FMHHW6MEYE,0.10440244
CUST_WXME0E1ST9,0.029593024
CUST_QPJZMVUW7C,0.7599305
CUST_JAZT538OB8,0.028831562
CUST_S6LXX8JHOU,0.10433048
CUST_OCLO826RCX,0.020095201
CUST_8BIQAUPYSF,0.07592949
CUST_SKF4YKPXVC,0.02599289
CUST_VFB2HECV06,0.0906185
CUST_7F1LH7G3YR,0.026630616
CUST_QOQIZOT68G,0.13183543
CUST_ZF35H0L85T,0.12584133
CUST_SB9U8TPIZ7,0.81869096
CUST_TYF76HBINH,0.03406668
CUST_ZVAP6PUPKF,0.117011644
CUST_KJU8M423LT,0.026972009
CUST_D3FJ0F9F4U,0.036666475
CUST_4DL4HK2IFG,0.06030202
CUST_JQUEK3HI82,0.08576121
CUST_ZUZ6BF7BWG,0.031446233
CUST_VXDRTX1B68,0.021363178
CUST_U54RHR9AIW,0.13723548
CUST_D9H74M7JMV,0.07380991
CUST_OTNF5VESJY,0.02185936
CUST_9TSQLTYMVD,0.09860952
CUST_TSI8EQPDH5,0.81536293
CUST_3T54PTJRK6,0.1124067
CUST_M4JYIFMA5U,0.024134804
CUST_16QTS1NBYF,0.032844316
CUST_RBNJ8XEC68,0.08078545
CUST_6G3RGU3OZJ,0.028532155
CUST_CIL2XOVTF4,0.09210758
CUST_KED6DLYV4C,0.025441574
CUST_HQLI6VF8LY,0.09852684
CUST_ILLG423YMB,0.03740666
CUST_0A5UKUS1HF,0.103636615
CUST_FFT23D6OEP,0.83763134
CUST_MWWZ38NT9M,0.027374526
CUST_5OA9A16NA0,0.03798092
CUST_BUY4QYOI58,0.06879033
CUST_MSDWV616EO,0.8526178
CUST_HGWVC8EK2Q,0.027432442
CUST_C4K3VTSFFU,0.023902193
CUST_6KN5MC8M71,0.027735008
CUST_9H08PRC481,0.026852686
CUST_WGS4MEOFLY,0.122544155
CUST_KJW6O3RV7Y,0.021147275
CUST_XFLNIQNG39,0.17868166
CUST_HSGVNBHK26,0.8450303
CUST_OH2Z2MQZVS,0.028540919
CUST_QT8CK4AEZT,0.021618085
CUST_3CAQGN92LO,0.03240581
CUST_HDXB2XZ1ST,0.13662015
CUST_QI14U4H5QM,0.19574018
CUST_CUI4G7S419,0.06426018
CUST_8WTU73O0HU,0.027686143
CUST_584MS5Q3CI,0.023531104
CUST_FCTAH0QNPS,0.122721076
CUST_QH063SIUS7,0.14064986
CUST_95EK0DTZJZ,0.02431091
CUST_PYX297CJB3,0.029146207
CUST_6SRR8K0WW7,0.023253039
CUST_T07BVRWP8J,0.121820085
CUST_STB2PN93VI,0.03142365
CUST_W2Y3K76TSE,0.13974413
CUST_8A5E4CF0R7,0.022446385
CUST_CFDHB6G74L,0.0906775
CUST_XV5QEP648Q,0.024516154
CUST_ONRL2PJ3J1,0.13254647
CUST_IKXB2OJ70K,0.023345299
CUST_T9N8A6IDH7,0.081338674
CUST_EK5E4TKQY8,0.10588042
CUST_N9WONE7C1G,0.04648574
CUST_EHYU4H34UF,0.021816576
CUST_T99DYHEZAG,0.079034835
CUST_POOHJLCPO7,0.09171632
CUST_R68JCXVVS8,0.032365933
CUST_RWLSJKB13D,0.035642024
CUST_IPTKZ35LZQ,0.021377416
CUST_N2U3SC29Y3,0.08820425
CUST_R7BWRW8LHT,0.038129926
CUST_MIDB7KECSQ,0.10293838
CUST_EVGFT1UEC5,0.08269383
CUST_MV98RVBKH5,0.09347095
CUST_YY1FCD72P2,0.02976463
CUST_25RRDBXP9R,0.024481973
CUST_2WXTEWBLY5,0.09805817
CUST_NU67877RQW,0.02630354
CUST_R0CSFG7E85,0.103919014
CUST_TBSKW8ZP5E,0.07729156
CUST_5TXP6P1SEX,0.85881406
CUST_IN80PX2CP5,0.036600154
CUST_S9R6A7JZI4,0.02142643
CUST_PQQBTJBUQP,0.12694527
CUST_KBZPCUMDRH,0.024794344
CUST_OHG2QWBAG3,0.028039077
CUST_6GZGI5QPNB,0.11169556
CUST_4ACTTN886L,0.024086898
CUST_M034T17J25,0.071479924
CUST_J20M4EWMHR,0.07417368
CUST_976MUKOWTD,0.73280644
CUST_BGN6LK3B0C,0.0905637
CUST_B1NSRJC5GI,0.022050051
CUST_JTCXRH8UAQ,0.09880807
CUST_UKHOENZEXX,0.03357123
CUST_JIED9H6RWF,0.080801584
CUST_FYDT5PC16Z,0.029906318
CUST_C61XXAVHA6,0.02350369
CUST_1OPAOQ1HES,0.028300703
CUST_B7NEJ86ZHA,0.020215945
CUST_YXIRW0K7HX,0.8432635
CUST_UIQX9UP5Q8,0.85023445
CUST_C2V2D4TOVK,0.020849235
CUST_RAN2T3A6XF,0.10722882
CUST_22L2Y8KCA7,0.022067068
CUST_HPRMR7212O,0.10657322
CUST_Q7N2NBKLZ5,0.021793388
CUST_1BSXNY6O0E,0.027660117
CUST_8IHAOW813E,0.04113124
CUST_ONQHLSUS8Y,0.028321592
CUST_PGWMH4IUMR,0.024110056
CUST_UEWKIW0E02,0.033866066
CUST_1GBCMH35ZZ,0.036011938
CUST_3IKB00BU74,0.14880055
CUST_BYW888CH9U,0.71194494
CUST_92DJSDFF49,0.021175094
CUST_PYHF812Z3L,0.028530912
CUST_ZHVG4M2NDG,0.13443808
CUST_EC9CVJB1LV,0.09542696
CUST_RFZB6GBY4T,0.06394872
CUST_4QHMXBA0RA,0.7970169
CUST_Y22JPSDWAR,0.031989317
CUST_V6FM1EAHQB,0.02702658
CUST_5QNF6QFJOF,0.027446039
CUST_PN79F81X6A,0.028184036
CUST_LZRQ4O6Z2M,0.84365904
CUST_5XCYQI66CD,0.09227791
CUST_8CFFPTOC1Z,0.8349047
CUST_2H25QCFEQW,0.06842437
CUST_DR1X7AXVVY,0.12854972
CUST_GZ42UBAM4W,0.09059176
CUST_G4PQX00770,0.7909148
CUST_OWUSVL8K5U,0.8758864
CUST_K2BJO7TR51,0.89406514
CUST_NKD25FMWSU,0.029365536
CUST_58LUOP7UKS,0.07846297
CUST_LAUO8PFHID,0.08857953
CUST_I97E6KBVTZ,0.03698367
CUST_DXUM4CSDZW,0.029099405
CUST_2TNLI5HSL5,0.029542085
CUST_2IV1SEL1K1,0.025327278
CUST_765YLS06J7,0.09182045
CUST_J22EGIDOZ8,0.034169417
CUST_3SI7YE59Q3,0.034849558
CUST_CCQZLNSGJ6,0.07757762
CUST_BO8DD6DB6H,0.11715608
CUST_2S0UGAGQ8T,0.17043196
CUST_6YNY51JT9Q,0.5650821
CUST_1O0FPVV3V3,0.030266458
CUST_XFK4P2MBN0,0.022206306
CUST_SDNKCS7TAA,0.02357421
CUST_9GB6FV2XXB,0.038351692
CUST_ZUX46UL413,0.036272433
CUST_XE1TTKL5WL,0.03410875
CUST_1JYF5ETBP8,0.1291711
CUST_JLR4IIVAMH,0.044262175
CUST_HAALJEHFTP,0.028334705
CUST_YMQI9666VQ,0.849361
CUST_EYYYN7UZFU,0.13599198
CUST_389Y1T546A,0.06843239
CUST_V7H5GNFIGU,0.8148562
CUST_56NQOL0AFF,0.035320666
CUST_929R9H6O1M,0.0330406
CUST_0TRQPSQJZ9,0.032164037
CUST_0H2BT4EW3J,0.09980878
CUST_ST585WNJG2,0.088985875
CUST_1IO3JADTG8,0.09107312
CUST_9J56ER7SC8,0.108771764
CUST_PW0CH6ILSM,0.024264563
CUST_NL99CW4OBR,0.10768437
CUST_BSKL7PPU8G,0.025075037
CUST_7DP3X5HSDQ,0.06629614
CUST_25NOWTMA7E,0.029337898
CUST_YOW5SD2T66,0.7648473
CUST_QXMQEG886U,0.031924605
CUST_XBWGYP9YF7,0.023548564
CUST_P0RAIN4SA2,0.10479375
CUST_ZZZNVNM6BH,0.09779831
CUST_KE8MUXX4N0,0.020952357
CUST_W3KINUB6WA,0.02668989
CUST_9QU47U72ZY,0.023330564
CUST_JQRHWLUNRH,0.09567491
CUST_QMK2R3UWR1,0.02662394
CUST_9SPYH1IO5B,0.03224139
CUST_9SQA25HYZN,0.026857017
CUST_LX5OBKBU9N,0.0327573
CUST_7YDPLZM3PG,0.029703798
CUST_L8K8DICMD9,0.022647273
CUST_1YNOEQ776S,0.10602354
CUST_VFG1ZX5XP1,0.046072353
CUST_D743SZ5XST,0.032625176
CUST_P14OOMD5SA,0.15410626
CUST_OXFWQWQOYD,0.030197604
CUST_U8CRYTLB45,0.13301682
CUST_ZM8C9UF9PE,0.10369889
CUST_HKJWBE5II3,0.02501501
CUST_S6I6NSOKA3,0.02381989
CUST_9FR6GCKN8M,0.03839648
CUST_5R7EWQM5KO,0.023356365
CUST_P0R27PHKIZ,0.11875366
CUST_MMAC05P6DK,0.024297256
CUST_HLQ46WGK1I,0.024829013
CUST_EE4E9Z6HKJ,0.030346356
CUST_OD4EL3PEVG,0.09218083
CUST_1J2JGJH3C4,0.023169428
CUST_UXUETAFS3O,0.04279608
CUST_7LMU1HDT32,0.8506334
CUST_C8A6XOA3SH,0.029952848
CUST_ZOZO4XA5RG,0.07241508
CUST_NJYVT3MTDM,0.11073747
CUST_JRMAYRJKQF,0.027272366
CUST_8V0A9QUVF9,0.025394963
CUST_R6JU6DONKH,0.093126036
CUST_WD8NOPT7Y7,0.10949254
CUST_UM24Y5KRMC,0.07292646
CUST_81WM3GHTA6,0.068343975
CUST_637FOIOB0Y,0.086502835
CUST_RHTLV26DBG,0.8688955
CUST_WLPU65IJ40,0.08973859
CUST_6K541Y0AIE,0.10907232
CUST_WU0ECQ9P23,0.120411254
CUST_4PRD8ZZPUC,0.020607574
CUST_QJGTPP2M6R,0.027181806
CUST_G7KMI24164,0.15736738
CUST_E1TR09U4I2,0.10484383
CUST_RRCFIH7QS5,0.087892644
CUST_Q7YG1PZ7HV,0.02769011
CUST_3JGAGG83YK,0.029186994
CUST_YMZID1326N,0.03330477
CUST_6SXJBQMRJR,0.12894008
CUST_BBXW7W13MB,0.13310471
CUST_UU449VU7HR,0.019939268
CUST_BER7VTD8D0,0.028354496
CUST_GC5USMKURC,0.02068641
CUST_X7OFYZJNAE,0.032392878
CUST_926TUQZAXJ,0.02657492
CUST_7X20R9PGAY,0.03329834
CUST_AAO9X57AS5,0.023366494
CUST_Z6YUO0HHAN,0.029356148
CUST_PDFZRZSNZE,0.10775518
CUST_QVPQXDPGY4,0.027041137
CUST_SZ6JRBY01V,0.04121333
CUST_U6EQPWLHHH,0.024400247
CUST_46PH3NHTQY,0.12713599
CUST_CB24RWK5EQ,0.10287442
CUST_89ER5JI2SO,0.031791925
CUST_W3PQQ73PG3,0.02563194
CUST_6Y0E64OU51,0.033751596
CUST_EBOPOFCRKU,0.023198681
CUST_JD2JYSWOC6,0.02470807
CUST_ZKD2IOLOPX,0.13317569
CUST_AI8C2KGSNG,0.81977177
CUST_K3WJOMB7Q0,0.13830252
CUST_5QZ14EBS4Z,0.027168078
CUST_BM9EMG6UD5,0.123511404
CUST_MD6LCQ05WI,0.873495
CUST_XY08AOQHCG,0.023278741
CUST_H9CWTZCLEK,0.016505351
CUST_KK9JGXU98Y,0.09564575
CUST_E5I5C1TMZQ,0.7052346
CUST_LLD8IRBEXG,0.022111313
CUST_5X4P7KMUXG,0.16197978
CUST_6RC4M7EM4R,0.07086085
CUST_JKWMKB69A4,0.030451056
CUST_QMG0LOJHOX,0.08771158
CUST_HLY1V1NZFP,0.029932508
CUST_LSFUNELY6Y,0.1033554
CUST_Z6SUFA7U13,0.030651381
CUST_QMYHV4AN2X,0.120697975
CUST_6972AU422F,0.032960292
CUST_KOULDUSC2R,0.12049775
CUST_MGYNWTU5TS,0.027138526
CUST_6IGT2HV9YU,0.026663246
CUST_RPN31EK0PO,0.032445364
CUST_NVK2GXP6ZF,0.81829166
CUST_VJNWNLCLIL,0.03317887
CUST_2QWODLHYE4,0.027075168
CUST_OFJU55YW8K,0.02230047
CUST_JZ9CIJ4ZH7,0.02102529
CUST_C5N4OQITV4,0.033196073
CUST_JC4M5K0FU5,0.8924235
CUST_PYGS02MHO9,0.018192984
CUST_NBHB367VQD,0.027358497
CUST_OBY6WRAZRT,0.09949576
CUST_TJIT3E1RYE,0.027366048
CUST_Q16EQQ5N9B,0.033292428
CUST_LBT64BZI76,0.021752864
CUST_6JI7YRRLEA,0.040554084
CUST_A8K4V571IU,0.036830008
CUST_LW35SXBNV1,0.7553726
CUST_9WGK04PW13,0.029762963
CUST_RJKIIZXJO0,0.033550814
CUST_EMV9EJ672U,0.029901579
CUST_WTMTS41WFX,0.6406401
CUST_RVP23XHDVW,0.1453132
CUST_9WI86M60LF,0.02570325
CUST_UF9LAFWJNM,0.120188095
CUST_9SQFV221Y2,0.035352737
CUST_4PG0VYSI7O,0.09168345
CUST_UIXFTFPS15,0.841982
CUST_MJD4JQHETZ,0.024631547
CUST_N1BS9HF504,0.68943584
CUST_6FMBLLVEWK,0.01771317
CUST_UVM7JUNUWP,0.11106929
CUST_7D3QC9C9L7,0.024534304
CUST_XX8E6WMS3Y,0.033646468
CUST_D00NYAYIPE,0.028433602
CUST_QJH4GAYMQ0,0.026551006
CUST_94D8LWVJ67,0.033455554
CUST_SPSFQI3RYT,0.7406572
CUST_S0NUSJOG5Y,0.07482695
CUST_Q5SL4H94NR,0.020812908
CUST_QEX8SNJQCO,0.10198582
CUST_8PPE47SHEH,0.028237252
CUST_2RWYUXX42A,0.034865346
CUST_WTXGWKTGNJ,0.15330794
CUST_NS6YWLVUDK,0.025818538
CUST_UV6DHJE8ZR,0.018320529
CUST_I97YHL0SRX,0.024583323
CUST_0WVTDG2952,0.08538598
CUST_4IE8OWBME4,0.07855165
CUST_65AOAMKDB2,0.07057409
CUST_KP5PDY6ZWT,0.116195515
CUST_D5AGM9GJFD,0.64208615
CUST_BN3GL7LD8M,0.0205088
CUST_BK2ML1PFG6,0.02546906
CUST_IH538ZJFAP,0.09994253
CUST_Q67CMQ4XEV,0.027169917
CUST_CCUKJ6R0CR,0.024126638
CUST_2XRSTPDFQO,0.13054496
CUST_VN48UJAARA,0.13247626
CUST_CTP5V1IG1I,0.037241634
CUST_KPNUKVQ1MA,0.035888772
CUST_1KSCTXDKBL,0.13690561
CUST_BQEAXZDOL7,0.100252666
CUST_B5FGP6U70V,0.904776
CUST_FOO45XZPWZ,0.16084582
CUST_RM2XRYY851,0.021877352
CUST_XHE9VE1I91,0.103959955
CUST_44HTFXQH6P,0.02540313
CUST_H1C8IIYDTC,0.14388521
CUST_2OPX7KJCCZ,0.08492164
CUST_ULG98QU0I0,0.021755336
CUST_D0TGSF2ICE,0.023000889
CUST_PZXOEXQ6CW,0.09333269
CUST_A7BRSWXDTF,0.07524575
CUST_YY9OTU92XK,0.09392139
CUST_Z3RAF5ZBL4,0.02433396
CUST_YBYGEGL2LU,0.027098203
CUST_CWT5XQ8D2G,0.03294583
CUST_96S2NBYSDE,0.07727443
CUST_MSJMYDL307,0.1493592
CUST_AEFG04XI8L,0.039076634
CUST_GNNKFV38RM,0.9061156
CUST_BEXU6QLQSF,0.04369963
CUST_3XJQOEXY13,0.1635577
CUST_C9C85FY1OX,0.12433486
CUST_37FDAQD6BV,0.027137673
CUST_VKREHONV5D,0.074932866
CUST_EHKMQLY1VR,0.07277174
CUST_6UBEX1AUP9,0.034840673
CUST_2HYAVRF0CM,0.024824759
CUST_9B0QD9ATXV,0.027314907
CUST_84M7JNEI9W,0.20497397
CUST_4YABEZTFN4,0.10367328
CUST_XLDBXGUO5Z,0.030275514
CUST_0JZGOGCROU,0.11627726
CUST_W1FYYHO8RX,0.026458798
CUST_J6RZXWKT6J,0.030924119
CUST_ZEP5II591D,0.077922754
CUST_P81CTI6ML4,0.031233685
CUST_UVRJES3EPU,0.030228507
CUST_RY8F80UVM0,0.02521818
CUST_ET62WIWBDR,0.033889405
CUST_PI4FJWMSN8,0.11344447
CUST_PLNBZ127ZL,0.027692009
CUST_1BKJ8BNJD2,0.03278941
CUST_ST4TVPQX7S,0.10906112
CUST_J53ZRE5ZYK,0.08191346
CUST_0JOCVDVT25,0.029002275
CUST_80PKZ89IXS,0.08425892
CUST_EDFNC2O73O,0.02804291
CUST_T8TRA00IZX,0.024325209
CUST_2NWLU9FO0F,0.026365058
CUST_2PG66YCCZ5,0.13787656
CUST_0T6ZLCIPCE,0.030423392
CUST_KQT8EQ2IFG,0.025520938
CUST_7EX9C8NDNK,0.018927703
CUST_FSM8FHGR56,0.11657681
CUST_EY6AQGLBDL,0.024819134
CUST_4U4W4MPRGX,0.027418828
CUST_GN64D9OPNX,0.039286323
CUST_N98F1Y0VB6,0.081561185
CUST_ZCCCYYHIAP,0.15609546
CUST_BXYDJT2PRL,0.14013466
CUST_AGPRR5T5AY,0.023951622
CUST_WJUP0FD29T,0.02785002
CUST_U71JJLXZ6J,0.029428167
CUST_RLLH0CR01X,0.16675441
CUST_SU9M4UY6MC,0.023253549
CUST_WNOH4J2931,0.025445865
CUST_BCC0GQY7MI,0.090172574
CUST_RKKIMVAIHO,0.03754154
CUST_OZXFI7MTDB,0.7137319
CUST_XFMB9OJBUE,0.021191116
CUST_CVHFSU5GJ7,0.09405052
CUST_G3LQPV6KBO,0.10178676
CUST_2DXQURLOVI,0.03130771
CUST_3AB1FQZY91,0.08786765
CUST_JK6RMO4LCA,0.8295616
CUST_KH7PKFVNFD,0.10387981
CUST_J16HW9CS85,0.09349566
CUST_4VBNGJ44NS,0.024841331
CUST_CUGE7FKFJL,0.022894954
CUST_SNAT0Y0GC7,0.8352041
CUST_EIM5Z3O17H,0.036018554
CUST_SHFU9BT539,0.123808846
CUST_8JEJ2QIWSE,0.02228589
CUST_RDBBH1ECL7,0.14565918
CUST_P2JDXNK8OC,0.022687921
CUST_DH4WR0HLHF,0.23407657
CUST_KBXI41IXHE,0.16392206
CUST_VQ7AZYOB8B,0.796159
CUST_4F4GSF9FPS,0.09725718
CUST_T82BXOHQ6G,0.07836477
CUST_295HWHA70S,0.035756502
CUST_3DFUKZLMMX,0.022828922
CUST_THNFLQXPX9,0.15160577
CUST_VIENCVRIN9,0.103345595
CUST_I5CHSIPTCP,0.03160463
CUST_Q50IBETR1A,0.025030816
CUST_2YSOEFV2ID,0.18086885
CUST_RLWGR7SZXT,0.02941362
CUST_6I3341MOXD,0.02129388
CUST_25U7V7TNE4,0.020545235
CUST_JEPOSWHM1J,0.034537014
CUST_UMPCJKV7I4,0.022490475
CUST_0HYVZUYPYI,0.0189295
CUST_CM46KYV9L3,0.14701784
CUST_2W9YOMQ3Y2,0.029171608
CUST_RBJF56W2IS,0.03281673
CUST_H8ZYNOOLFB,0.08954741
CUST_JZHDTAP5D8,0.027918343
CUST_ETB5TXWR5D,0.027342292
CUST_9AQA0WKKLY,0.8432661
CUST_LLWO9JK2JQ,0.10658425
CUST_QBUAG3JQM7,0.045305464
CUST_0KB0REJQXC,0.023300543
CUST_FCSBUJV7S6,0.024961315
CUST_LKZTY9X7UL,0.16692951
CUST_VWMXBGPSR4,0.70516264
CUST_JDHWIN5FRY,0.113152735
CUST_6R9GCGYS4A,0.103771485
CUST_WX64T4LAG4,0.022076415
CUST_AIHPW9KKOY,0.8694762
CUST_I53PF4DIUY,0.1383751
CUST_5D47VTFXA7,0.027451409
CUST_D9FG7CR2JO,0.024523584
CUST_9SYC2C4RWQ,0.11880209
CUST_H7WOW7H2NE,0.13250756
CUST_6DOYYHETKR,0.03198463
CUST_V2XFIBV13W,0.08251937
CUST_55HUYPSY30,0.022108866
CUST_O8ZJUY7LVI,0.021522135
CUST_LZL71V32MM,0.102080666
CUST_U8LWR2A4XE,0.03187213
CUST_YY92X1NZCO,0.022007003
CUST_04N7OGL8FS,0.036884744
CUST_EA0UQIDL3Z,0.11716675
CUST_6L8JMY9WG4,0.030612247
CUST_KYPRWD4R4Z,0.03265256
CUST_MF081OH7UZ,0.035800934
CUST_XFT19WKYXY,0.046602316
CUST_ZZIFW6HNMG,0.11749955
CUST_QTVQV109XU,0.027989535
CUST_5NEGQR5U6B,0.03481872
CUST_0RG1B1YCCL,0.13646062
CUST_VKV5EDWHE2,0.7480078
CUST_LRA77B3K4C,0.026174225
CUST_MQJPE83WJU,0.03125383
CUST_5B4XB1EW51,0.027063772
CUST_UZE461T1G9,0.04812944
CUST_12GWL3AF9H,0.10747596
CUST_NERBGI4CB4,0.022822704
CUST_1KBB3I1P94,0.11443231
CUST_5FP2W5MQ0X,0.02356541
CUST_ZXOGRNMP3K,0.099413544
CUST_L4QCGI7SCC,0.02378768
CUST_UL3CTCBL6C,0.032891873
CUST_3WLRW8N16Q,0.023457838
CUST_F4B83YPNNX,0.024048971
CUST_MPENJ3HS3U,0.03660193
CUST_YE2AMA9390,0.02597506
CUST_68HJFDH9LS,0.10590047
CUST_OT16P1JH9P,0.018925522
CUST_U08LGJL9OV,0.12919864
CUST_3JCRB4ZZFI,0.06469517
CUST_073XZOKAP1,0.022630539
CUST_ZL8DTBOW4J,0.08396998
CUST_LLES0A07EG,0.022095755
CUST_1D9TJI15DN,0.022869159
CUST_7C7OX75BW8,0.07514566
CUST_3YYUEOZG9T,0.026912749
CUST_TBSUQW0JXL,0.10100909
CUST_JQ83A956GD,0.14079481
CUST_6E33RDIZ86,0.022854613
CUST_22EPAMGI30,0.124119446
CUST_0853R8CJ8N,0.02876118
CUST_FIEEZPSBZ0,0.09619666
CUST_YMV0Z8E2EN,0.041751765
CUST_BIMS1QMMVT,0.0856866
CUST_UFC0TUEC7P,0.026736865
CUST_F3RKC4BCPU,0.037345223
CUST_536HN7T45P,0.13242462
CUST_9E5XY4B618,0.71792346
CUST_OJRFFMELY0,0.026611721
CUST_4LUVJVJRMS,0.09843358
CUST_OM2BHN5XJW,0.03734718
CUST_H1LMNBDNCK,0.15605012
CUST_C0MZOKAPUU,0.07021406
CUST_XETAS7229L,0.020128915
CUST_Z7T8S5X1RP,0.099012755
CUST_1FPGGWYFBD,0.023582347
CUST_CL7VCXQN93,0.097030364
CUST_L78JU5V3NL,0.024980308
CUST_QZXDQ2Q0GW,0.12181766
CUST_RONU06JLEI,0.025654051
CUST_IHG1DHJQLJ,0.01987102
CUST_JKA15J3VL1,0.89912665
CUST_UDHCXKU4S4,0.08949697
CUST_IIU8EDX7WK,0.10018533
CUST_BFMDOXK3MM,0.090861395
CUST_XAXOG88ALT,0.03530128
CUST_9HYNS2X247,0.13881728
CUST_3OHNQFM701,0.13563974
CUST_66T3A3JUEA,0.027149893
CUST_DA2CDY3FR7,0.14469971
CUST_ANRU2YAK0F,0.8466968
CUST_L13T7OQGZ6,0.030695572
CUST_AR8RQN4CQC,0.1220233
CUST_KYYXNL8PCO,0.10810024
CUST_IHE5G1Q8NO,0.051102236
CUST_4IGCBGT3ZE,0.058692407
CUST_VT1QU0VGT8,0.034164406
CUST_908EFVM8AO,0.027341276
CUST_D61MMCT2V9,0.028523816
CUST_DR3UP9DD81,0.8495058
CUST_ZF0E08RKUB,0.8067873
CUST_WE454PUBSU,0.023061182
CUST_VASWRLR9QA,0.024452008
CUST_EV3H2WF5ZD,0.022982096
CUST_ZX6TAA4UWL,0.0252096
CUST_5JN3N5D93M,0.08421489
CUST_RGHDBZ5VXT,0.15610842
CUST_CUIYZ3QHMX,0.08937241
CUST_ZEE0K0I136,0.028553715
CUST_SEP8YO8Y79,0.031957824
CUST_MYRE946SMS,0.07331611
CUST_RLA0YJYYCQ,0.11505747
CUST_BBA29TZ4GA,0.022814905
CUST_6759CN2FR5,0.12541625
CUST_N71TXSI3SL,0.117951624
CUST_EGP42IBH4K,0.022292746
CUST_JYXY21RFST,0.021408297
CUST_0ULKT0S45X,0.835138
CUST_6UB9HIZZWS,0.11074027
CUST_WM592RT304,0.10763295
CUST_1Z4N3E0RO7,0.16349532
CUST_OPHZQLE1UF,0.019568497
CUST_USAI62OK38,0.11507792
CUST_DX69LP41C9,0.034555476
CUST_RUMXMT3T04,0.022463184
CUST_IKNETULCOG,0.77691066
CUST_6XER56KH51,0.025277466
CUST_7LLEX2R9Z9,0.09033928
CUST_PDS7X4LI9Q,0.029656244
CUST_GHNTIPO486,0.027377002
CUST_G06AR4QSJI,0.06026062
CUST_1X365RX8YO,0.08639105
CUST_D2AKTD16UC,0.023109537
CUST_QDQP34WD00,0.03840159
CUST_W7UFRJBD55,0.036793876
CUST_4IBSJ44PQ0,0.0967189
CUST_96JZX0ZVKI,0.08420792
CUST_Y9771EEW3R,0.84806174
CUST_FZ2SNBJ6SB,0.025040358
CUST_YGQS3NSBIW,0.023809016
CUST_KE9CNLWZ0I,0.0970551
CUST_RLFD0JUKOR,0.01909302
CUST_8WCRDLARQI,0.14016709
CUST_M9QJ4LG8A5,0.025509207
CUST_OS4746DP06,0.8566982
CUST_REVQRACDT8,0.08532779
CUST_RAEGZMZ425,0.13521379
CUST_GGC881164A,0.023750843
CUST_TMOY1Q7PFB,0.020443564
CUST_F5LSBA4EQ4,0.06426001
CUST_BJRAYKQIY9,0.029363967
CUST_WVJU51UMVW,0.033288322
CUST_Y8IYS3Y4VB,0.02756855
CUST_GAZ0VH6ZME,0.035953734
CUST_918PDWMAEG,0.036998168
CUST_10FM96O5RP,0.08317814
CUST_8FD9PCDDO0,0.13545771
CUST_3IMGNNGN49,0.12071122
CUST_8U5R3EM46E,0.08510233
CUST_T5FMSIX65O,0.07008407
CUST_E3QWK3X837,0.08018622
CUST_4MXCF4I249,0.07458062
CUST_8T7Q19OZ3C,0.13855489
CUST_4KMC61BTPF,0.021752447
CUST_EN1QECV1XC,0.030504014
CUST_WC3UYNCR7L,0.027384063
CUST_WZMSH91QAB,0.02661746
CUST_KNBGOGG9V5,0.035006206
CUST_56WTD8OH3R,0.018818734
CUST_KP9UR89VAF,0.70751196
CUST_XZTJU1WF2F,0.032694917
CUST_OEU8VRYCMO,0.034765687
CUST_TAJFBUMAJL,0.025024304
CUST_572T8SI3X1,0.041873027
CUST_CSS5OOM5V5,0.023936667
CUST_0N0LIGO9BG,0.11435737
CUST_WHWK1S2OY8,0.091991745
CUST_RHH0ZAL45C,0.032372225
CUST_T5A23M1WA4,0.030999161
CUST_224CVEUC7J,0.13354088
CUST_GTG1F7AQKX,0.042453744
CUST_0I26JXBE2P,0.11976422
CUST_9M2W9RMSAP,0.07666344
CUST_VXKFYEFNJ1,0.0799778
CUST_ZEMIKF7EMF,0.037010822
CUST_NB3S88RLYP,0.021146802
CUST_2EKM9VKPXZ,0.1419152
CUST_0DZKGX1T82,0.8330199
CUST_X3BRZIO38Y,0.026926955
CUST_XOTKRRRC58,0.13505377
CUST_7HKC2E5BIC,0.07114808
CUST_3EDMONIG1R,0.11886772
CUST_PK2WZUMQVG,0.037404045
CUST_QDJFWDA5JW,0.03223949
CUST_EZSJY3LKKC,0.8723425
CUST_HEN4DSTJSY,0.022233082
CUST_DCZ3UJC3DG,0.100422174
CUST_PZNCPC9L61,0.054739792
CUST_CW8IXWTJ8X,0.025938248
CUST_DQMOAQLQP6,0.08915963
CUST_6L8DFC8SOS,0.07425472
CUST_VYB6DQOCJB,0.14062047
CUST_QNTIIDL5NO,0.09033774
CUST_3RNPXTBAKB,0.08971938
CUST_A6US9EFQKY,0.873755
CUST_C34G94DA8C,0.78147113
CUST_2CDMZ21XV6,0.07962113
CUST_V3R3FCGUKG,0.08458414
CUST_TF86GR3UQB,0.080420166
CUST_AKKO8RU863,0.03961971
CUST_QBL3TYQRKM,0.11985811
CUST_B6OC0Q3AYU,0.030646676
CUST_59CTDVIPXT,0.030343797
CUST_7WBU76XNBS,0.12944481
CUST_LH712P632E,0.113107115
CUST_R8CY5DEMJC,0.12564494
CUST_EMZSPRXJ3S,0.039525554
CUST_K7BJN0CPEJ,0.020313859
CUST_E1ZNCF47F5,0.055426463
CUST_KELMBSDVXO,0.025928322
CUST_UKV4WI8F54,0.023536429
CUST_WDS7BODEBU,0.033812094
CUST_K6JMUPWBAY,0.09793381
CUST_CR8R7VCR96,0.031242931
CUST_SIH0LY2MLN,0.032486606
CUST_TW3DD14RRC,0.11357858
CUST_T1M1BAULSH,0.036086902
CUST_6GO21DAGKK,0.0246044
CUST_OKCH7HF0EV,0.16194561
CUST_E9CQE5ZCTN,0.18895745
CUST_76U5FV46KO,0.02477004
CUST_91W198ISTU,0.026152425
CUST_SQIHY7LB3F,0.02439649
CUST_0QRAYY6M7S,0.03506885
CUST_5S42B1ITUU,0.023701858
CUST_JS5X9RALS9,0.025899256
CUST_NSQTYNW6F7,0.08190935
CUST_OG40AE48ZO,0.024200572
CUST_HQWAEORHI9,0.12180973
CUST_ER2D14QGMJ,0.028169965
CUST_AYACJB266P,0.021271646
CUST_IJ349QXPUQ,0.029746823
CUST_G5XGWA2JZC,0.10765075
CUST_GE3JG3GEH8,0.104771286
CUST_63CVQIJ9QZ,0.104825735
CUST_89L34JI0BH,0.023281686
CUST_0NGYSYSGL8,0.08675891
CUST_DDL91T6VOF,0.84870976
CUST_BJJW8W9ZLI,0.022253895
CUST_SG65RKRZID,0.11214628
CUST_WPJ2N3SFDK,0.040293407
CUST_O7CTJBPB34,0.10737782
CUST_GRZLS0VOY1,0.105324835
CUST_ZX85FE4V7C,0.12196031
CUST_E39ZPV4F3H,0.13319382
CUST_88DM91PCXF,0.019316688
CUST_8ZPJIC6D01,0.025715709
CUST_DW1MDRP62Y,0.0917082
CUST_5DFII5JHMK,0.026396707
CUST_5095BDE7RD,0.1525948
CUST_2Z2U6TOU7I,0.03186524
CUST_F47DO5TV2I,0.027589632
CUST_VCAH9JR9RH,0.022804882
CUST_6P6EIOQT2P,0.03240756
CUST_WX4N4SD0XY,0.034314863
CUST_0HFVMV2Z92,0.033618487
CUST_RLJSW3EYWG,0.025421653
CUST_8BS1S9UJGY,0.021225618
CUST_WIC54DNSV8,0.021943225
CUST_BARK6AJCZ7,0.030553775
CUST_LNU84PT7EH,0.032971393
CUST_950C15UDOQ,0.02728507
CUST_4QX7ENUKZ8,0.027883036
CUST_1W19HM57R4,0.021536384
CUST_GLDXZ4AQKK,0.028052606
CUST_9X81XJESBY,0.152426
CUST_5FVNCH8NLD,0.023133192
CUST_NC7J6WRGJZ,0.03252335
CUST_EZX8H4B932,0.15311234
CUST_IKA8745QKU,0.092910975
CUST_5BHLUQJAT0,0.02494124
CUST_0RAHUL1FYH,0.8245995
CUST_RY56B5SU2B,0.029635139
CUST_FZE98B0KAV,0.03086295
CUST_LCHFED8REI,0.027698958
CUST_971PN21MY5,0.8528736
CUST_20ZNH78L8I,0.041899275
CUST_JU288M6080,0.09682004
CUST_F1WFVVKRBG,0.12226566
CUST_9Q1VA2RVFD,0.060513683
CUST_PA0T60B9SX,0.8440329
CUST_1AGQA3NUHP,0.06866017
CUST_5H3TGBX0VG,0.7129562
CUST_XHW6WY5BP4,0.029964136
CUST_JZ4XBGHP7L,0.76110953
CUST_ZUSOH0KW0P,0.023804788
CUST_J9CM9ISEZY,0.12253977
CUST_SUOGQMMHBB,0.021075148
CUST_EOBJFEJQWB,0.0249435
CUST_DSUHLERQF1,0.1753738
CUST_33FS7U9PYL,0.15785125
CUST_F5EZHCF2MC,0.11239282
CUST_SJGHXQB8ZF,0.12664205
CUST_PO8MA1Z7IF,0.025537148
CUST_U8Z1UJIL42,0.10907825
CUST_OEEDYOPS0Z,0.81282735
CUST_C9T28FP517,0.8013596
CUST_A7KOAWVSY7,0.043780733
CUST_5D6XULQ1RM,0.026293594
CUST_N70FTAB0ZT,0.53775203
CUST_1KQECHCPLN,0.01950582
CUST_TOZDLEHXA3,0.057053104
CUST_WHHI742PQL,0.16245057
CUST_O2UZP7EAZV,0.09345671
CUST_ZNAHTOQQNW,0.033269417
CUST_P8LFGSZ5UG,0.017621187
CUST_KQA4FCQP66,0.78792757
CUST_81ZML2IKSX,0.17999221
CUST_ZPZYN831YQ,0.11677754
CUST_G2MVIDW2PD,0.026731903
CUST_SNWTUORBFX,0.105895266
CUST_X871GZQWDB,0.084708005
CUST_PQ366S09ZA,0.02390058
CUST_FNH0XKYXEP,0.08521004
CUST_WB0R4Z3LBX,0.028489051
CUST_CNJF0RM9NW,0.04301546
CUST_RAJ6Q9Q1CC,0.022819823
CUST_W848OT5948,0.030982437
CUST_GCVV00PTX8,0.02222463
CUST_ENQNN8XFBZ,0.034860436
CUST_PEP2O228TP,0.024317391
CUST_RZ09SO9L71,0.02283662
CUST_31KBFRTTAZ,0.025608648
CUST_VTALGH8GME,0.09263834
CUST_J84FOR0PMR,0.026074115
CUST_CE6BWB1KW2,0.023360813
CUST_14QBG91DXP,0.02960672
CUST_SIY0GG2GDA,0.16048498
CUST_X51U827VNI,0.029837523
CUST_IEK8K3ZQIE,0.026635578
CUST_MUU1CXY18W,0.03770654
CUST_Q24DOJ4UR4,0.069490746
CUST_5WVGQHJVTR,0.039250657
CUST_T6E6YVFOCN,0.03017131
CUST_SBP14Z52VS,0.08047094
CUST_O0VWAN1EMJ,0.02884817
CUST_0DCR2X81YN,0.028017506
CUST_ICAVS8SWLZ,0.12261761
CUST_9BKK0F8909,0.024644881
CUST_XSIOYZEQPH,0.14962856
CUST_ANBB2Q7FZ6,0.032977972
CUST_KOYK5D63Y1,0.025915135
CUST_5TAAAB7Y4T,0.086724795
CUST_CT2UK38FBS,0.025675645
CUST_LGUBM1OCQ3,0.09423684
CUST_TQYDSX6VL6,0.025731841
CUST_WQLLY5OT1T,0.04423862
CUST_V5U11FEQZV,0.03811003
CUST_G8HLZMPELH,0.03074395
CUST_BGI1RWSDYI,0.1422137
CUST_V678VVHKL0,0.020146392
CUST_1IDK2KJ24N,0.02430474
CUST_HT5T3DVEU1,0.025788236
CUST_K0VTZHI4LQ,0.032034658
CUST_JX1XW3MSO2,0.14914936
CUST_5TNXDZ0KH3,0.13380015
CUST_EFQQZ58KK0,0.024288509
CUST_OMWBQJN271,0.13123561
CUST_VY887YHMXA,0.12997903
CUST_B8ZP0UC7SF,0.026175352
CUST_3GFWPH9IGR,0.09579845
CUST_WG7SGV0MDB,0.118910976
CUST_JM74KK9GR1,0.120712526
CUST_125XNRNC7D,0.07289761
CUST_8CRQY1OV1Z,0.11551845
CUST_960LWY3SP9,0.033982232
CUST_3YEO7RDQ3U,0.025700307
CUST_V2O99ZUW1U,0.08899339
CUST_KDSXSJSMGM,0.078400195
CUST_PK5C4BU54T,0.07938342
CUST_LLO2TSOMAG,0.023745196
CUST_KDBLD7XWJN,0.11551408
CUST_SD4N5JBW79,0.07404706
CUST_9WWQ21320M,0.08541652
CUST_ZWLXB77DLN,0.030598586
CUST_BDBU867007,0.09745011
CUST_R21597G7NN,0.15946558
CUST_IP0P3P3DNZ,0.11860006
CUST_C8LTQKM5XJ,0.06737807
CUST_3NJPVEFZXH,0.0711869
CUST_BD2B4VPRSE,0.020026319
CUST_T5ON9JSEK6,0.1357799
CUST_0RDBIMD0BW,0.032396488
CUST_H9VNAXRI81,0.8440567
CUST_NPMRQ8MGUB,0.033431426
CUST_A7P1NVDGY1,0.032736935
CUST_7X409Y9ITO,0.099820755
CUST_9D6GMHO5VB,0.18463787
CUST_KI3UFHPIIY,0.12210725
CUST_MEFOA7ZTF3,0.03682829
CUST_QL0UA0P8E9,0.77498007
CUST_4SUUCH7OYT,0.12748785
CUST_2BXA5LCBNK,0.6931327
CUST_UTZNY3EZGO,0.03185846
CUST_723ODYKJ8K,0.16291651
CUST_GYOURS5IGA,0.051772337
CUST_YXBVKSQXVM,0.10832427
CUST_ZXKSVFNS4T,0.14036128
CUST_CTESFSQ6LD,0.1274211
CUST_BFMWY9MV0W,0.103889406
CUST_WZC8TQRWGO,0.019406019
CUST_XU4FS43RNX,0.105151094
CUST_QU7UTGP0CG,0.025197487
CUST_X44Y4LNN3Y,0.026273776
CUST_9Y1463GU0H,0.02701346
CUST_QH0M7PI8MN,0.08959447
CUST_CZTRK68FFQ,0.117895685
CUST_6CRWIW9HMP,0.15069345
CUST_V4LXAE2UPD,0.0918764
CUST_QSYQ1WCR6I,0.12835565
CUST_49VFQQQ36L,0.02849094
CUST_CV2U8ITZ3W,0.09677165
CUST_T3MWEMXSL8,0.021578023
CUST_0DPS4SOD8L,0.026956318
CUST_AUSS18A140,0.08454648
CUST_0BDLKTDF22,0.05151982
CUST_XX8ZX5AJQO,0.85723406
CUST_5WHH25V590,0.12173711
CUST_JQ13FC5WFT,0.08209466
CUST_08UTQRJ6GZ,0.026791174
CUST_419BALRREJ,0.028901927
CUST_HSYAA18341,0.023069793
CUST_NR1LDNDX1T,0.10075368
CUST_JF28T7GK7L,0.035297196
CUST_9XHUCY27PM,0.04155345
CUST_00FRK19DMD,0.10784331
CUST_XNO4KFUY2H,0.11036628
CUST_2OYEZDKSDI,0.12673089
CUST_A9LMXA90SR,0.06252751
CUST_DDNYFGM3ZW,0.10844211
CUST_OBVB0GWAH8,0.020939006
CUST_39P45PJQ33,0.022532756
CUST_HSDF3W0JLH,0.026566803
CUST_UUA6TTCZQ8,0.07109498
CUST_AOFF0VFANM,0.028894367
CUST_D62PDMSCF6,0.025588322
CUST_5JFU1FIWIG,0.024570286
CUST_IC3N9SR5LT,0.09902854
CUST_304BRR6P9E,0.027843345
CUST_RV9FWMBHGC,0.02656062
CUST_FVYPJ4YFUA,0.022457687
CUST_0M6L07P83A,0.039312877
CUST_XRLEV7DKC2,0.79696035
CUST_BO4OIGKFIX,0.035553645
CUST_PU3COTS81X,0.03296073
CUST_I72SWZL5WY,0.029379178
CUST_CABT1U8TZP,0.87659425
CUST_YI4D6X47Y1,0.035863463
CUST_COQCLUO6OC,0.09023353
CUST_D3DTTHGBNI,0.083059035
CUST_4AYJ3T2LV1,0.06627374
CUST_HRGZURTOS1,0.09476713
CUST_DKABNV1Y3U,0.02185377
CUST_UP9SQQUVHF,0.74631476
CUST_IYM9KXRSKQ,0.089529574
CUST_Y100SM6QR5,0.03286851
CUST_G2UO80FTV6,0.8100643
CUST_E086B0M55L,0.064208955
CUST_F0PTZRPIG7,0.028988311
CUST_KD9QXYI0KZ,0.024254054
CUST_SB8S5AFDMV,0.8319002
CUST_E2PFHINFWU,0.14860038
CUST_94ZHYF74LJ,0.03508523
CUST_68HFL7ZQFH,0.09239384
CUST_3LYS4HEDAY,0.028617222
CUST_HL52UYUXOB,0.8890218
CUST_2TPWKHXZ6D,0.11879223
CUST_W9GINYDQ6E,0.030748367
CUST_W5S51XSEHC,0.12807399
CUST_XKB5KR50HW,0.03336244
CUST_0DMKH5JHV9,0.084302604
CUST_AVFBFABX7V,0.03681357
CUST_TDRZJMV0WC,0.115700856
CUST_AOFI6LW6MT,0.036927063
CUST_R2FF7CHLUM,0.10952678
CUST_UTTNV4KWEC,0.11330592
CUST_G40KQ64JNS,0.039545417
CUST_J8L3VWD0FU,0.082290664
CUST_HNWK80DOGU,0.099252336
CUST_OT4B54HXL8,0.10848916
CUST_D6XE43B9CZ,0.02706637
CUST_PBBAUKTLFQ,0.03143683
CUST_RB8B56VJT8,0.15185432
CUST_MZ6QECKQWQ,0.1358317
CUST_ZROYZTZ54K,0.0273899
CUST_0L18TX3ZVF,0.037985835
CUST_I7MDN0ES0I,0.042917892
CUST_389J8CRXZ5,0.03448863
CUST_KX98OUJ7M3,0.038902115
CUST_A7FU3UO3OS,0.02749901
CUST_QGCM4V6GFQ,0.030369088
CUST_BIB3MAZFL4,0.14313714
CUST_NQDOOTJ29L,0.033971444
CUST_IUPUN8TWQV,0.02591254
CUST_KK5T8UORGD,0.08860301
CUST_18I1HF8PY5,0.027021453
CUST_WYYLVBWWRL,0.068094656
CUST_MQ9SYP19T5,0.10480841
CUST_PZVGSCLLCB,0.028830428
CUST_34TEM95FAO,0.035805885
CUST_QI9KKBLI51,0.11970345
CUST_NX6RNP3J32,0.019138291
CUST_JDTN8TMPCY,0.09754023
CUST_N4DP0SAF95,0.8137658
CUST_JTSCYVZCG5,0.021197582
CUST_88JLCHFZWD,0.06334551
CUST_00Y4HDRK1F,0.084044725
CUST_7JB43Y180Y,0.07456
CUST_89PZQGM6BP,0.10342357
CUST_8OBP9A5SVA,0.107644625
CUST_2LXQZ6WNC4,0.08750966
CUST_7Q7Y0535A5,0.019510658
CUST_IM5J1OEGH7,0.026155915
CUST_R7VCUBM945,0.10802434
CUST_RKTDLSRO9Z,0.036523465
CUST_592GNXLB55,0.022702442
CUST_3ROR7A54XY,0.1337677
CUST_SZCMEIZIPH,0.022526136
CUST_ADL5GB995Z,0.025136607
CUST_KHLVZ17N07,0.020039476
CUST_EDW20KVE8K,0.09470053
CUST_PP500Q29IX,0.023553587
CUST_4Y0E8HXLRD,0.026267787
CUST_I39UYX0K3I,0.028595174
CUST_JCWYNGRVJ3,0.115055904
CUST_1B3P7MR2LE,0.041064736
CUST_DY47IWZCYN,0.10374206
CUST_OI486C5H3L,0.028202176
CUST_ZVHI6PMS5C,0.09207855
CUST_GJPN521XK6,0.09220912
CUST_I38746SM8D,0.024030847
CUST_3IW1LAU605,0.02395671
CUST_TPUSHJDAEF,0.022422353
CUST_S4FG3C44E6,0.022752682
CUST_VK7AS9SQ3G,0.058934595
CUST_LRLEJZPHZ6,0.035413906
CUST_4BOS177X7M,0.025195139
CUST_7O5NKAKJVK,0.07353844
CUST_KC4NRIHAF4,0.10423552
CUST_2EG29T5FGG,0.11112951
CUST_QI8EBRHZSV,0.034540147
CUST_O99L0B6MCO,0.02571133
CUST_LJC5EL0CDY,0.8078889
CUST_ARQF6L4XTL,0.027483094
CUST_INR5L6OER0,0.0841668
CUST_MTC7PP3ZFV,0.023870014
CUST_HSYNDK9V8N,0.7094865
CUST_LA6P4AJNHZ,0.15528648
CUST_5XLEZMIRCT,0.02525176
CUST_PX8QX2KZB9,0.02427504
CUST_UFB79C44NU,0.15048029
CUST_ONB3332TLB,0.18824862
CUST_WXHG0L2MGB,0.09690455
CUST_ZP9AAC4WID,0.025349265
CUST_KBRDALCHA0,0.8864955
CUST_JVHWX3IBIZ,0.09125558
CUST_9DRZIFT69M,0.032894824
CUST_GVDPWG1VE1,0.028719487
CUST_B9O2Q96D6H,0.02136847
CUST_P7XTVSR8JJ,0.13520905
CUST_72J2VXFUCQ,0.028020212
CUST_5K08XXZNYS,0.0464987
CUST_FF0JK2QNJF,0.12093026
CUST_XZOIGMLVD5,0.09132534
CUST_7N57F7YYMA,0.06974092
CUST_76K9D19DA5,0.025476942
CUST_GE1PB54H40,0.03528675
CUST_MNWBHS5VZ3,0.09774851
CUST_EOPJSA9D5D,0.05512837
CUST_HFZ2J23K06,0.022642814
CUST_P3ZJI4KT6N,0.032026734
CUST_3DS67ZCRBY,0.10169867
CUST_9IUNJ4VX3U,0.14293334
CUST_Z1QOWEPLEU,0.021653248
CUST_P4RCSODAOI,0.14394578
CUST_WUFP5A85X5,0.11767962
CUST_SPF84D4DVE,0.02263547
CUST_NOTCP2L0T2,0.027509235
CUST_4DRK7OJ1S8,0.03413649
CUST_DOU3XSHF0W,0.024844315
CUST_F89HHTB81A,0.09001762
CUST_8SHASZ5HLN,0.08519079
CUST_EX6CWZGV1I,0.12846012
CUST_1M5RAA0JT7,0.08642447
CUST_9XKX4D1OPN,0.10205425
CUST_SW06CIFBQP,0.07573489
CUST_KM8Z8K2DD0,0.042235535
CUST_77CSXP1L33,0.041103378
CUST_NAJSJ4UJ4L,0.025712198
CUST_7IX88DA7PS,0.12236308
CUST_ZN4HYZ1K4X,0.037973773
CUST_BRM652C4A1,0.076180235
CUST_HYFJM7EYIL,0.122571655
CUST_GSYP236G5G,0.12938106
CUST_ASDU3243PG,0.09634883
CUST_2PCJV145JP,0.024087718
CUST_3STTS6OGKY,0.025561163
CUST_V3Y4TDCR2Z,0.03334405
CUST_NRFGHYZ7JE,0.093151875
CUST_9ZOJAZ5J24,0.10825481
CUST_FQ9W4TBIRI,0.13953844
CUST_X5WC720PO8,0.026870897
CUST_UQ33NC7CAL,0.037245482
CUST_DLA5KYSOCP,0.029888146
CUST_AZ1VGBJIWP,0.037067547
CUST_QJEESLFVF2,0.119126044
CUST_TX6LNZKXKG,0.025097355
CUST_3CIXARSVGU,0.14922222
CUST_Y5PUCURVA9,0.030307466
CUST_BIEYIULOFT,0.029256752
CUST_CPCZSWUMVG,0.14444722
CUST_V46UFBYRGP,0.029210849
CUST_10WPRYR24K,0.027251791
CUST_S00F4FQZJX,0.026039233
CUST_P49XQRAQ0X,0.025275625
CUST_SWN6NEE9HV,0.0957995
CUST_XZ6NTC7NBZ,0.019540787
CUST_KBGCBIHMYN,0.019196223
CUST_DBKY6R6N3M,0.118240125
CUST_4AI980MDH6,0.1112734
CUST_BHUKK0JE5L,0.03737394
CUST_6KD531GBIX,0.025976202
CUST_881E7BWT74,0.067468315
CUST_KN3FO89VN9,0.019604588
CUST_PZAIMHWJDD,0.08028764
CUST_15M4M3L2N5,0.11298061
CUST_XODDJ361DN,0.10666394
CUST_HUSPQH5BY9,0.025149085
CUST_ZCW2PBCECC,0.023316132
CUST_OWJB7LRHPJ,0.030132066
CUST_OEN4OSDRVY,0.037125286
CUST_5KZS6PTSWA,0.026526855
CUST_Q0FUWTZVWD,0.032290723
CUST_AUQN1G7KY6,0.06908597
CUST_BC5IGR4U84,0.027454566
CUST_VRG921BDXS,0.028995937
CUST_JXJGG28QYG,0.07489123
CUST_RI7LW72XRQ,0.8094735
CUST_IQWUZZBLDB,0.03084709
CUST_UG1ZSZ9MYM,0.11304276
CUST_7DI09NBZT4,0.09659709
CUST_D9RRFTMPQF,0.025597783
CUST_29US2Y5LL2,0.02165198
CUST_SKIWIJ0SDB,0.026547493
CUST_S8OYT1MP04,0.088071294
CUST_7J7U13IDRU,0.029152282
CUST_SFGBSILF56,0.037866116
CUST_HZ64ILI7N1,0.032556575
CUST_7W336J65AV,0.029122066
CUST_P0O4HACDRJ,0.073927425
CUST_I0LXPBJ0R0,0.034221176
CUST_C78LVJIHCE,0.031490654
CUST_J9I85XW4NT,0.081278466
CUST_JLNRC067GH,0.036046654
CUST_OCC3135HDY,0.02430431
CUST_40EO4LI8NI,0.032705866
CUST_2DWE9RTJ3F,0.030052118
CUST_HGERY74ZR0,0.032116666
CUST_5ATUP2H5KK,0.020888725
CUST_9CL2E6O1HI,0.108337685
CUST_MNWG64D7A8,0.024276735
CUST_ZAI9B8AYXO,0.16262135
CUST_TKA251483A,0.022108082
CUST_SOH0RATQVF,0.09965435
CUST_HSKFM733B5,0.03430008
CUST_H7YLZCT15U,0.103435814
CUST_ROJNS6X7RL,0.11564041
CUST_AZPJWWUGDX,0.886462
CUST_E9CT78BVOF,0.028700922
CUST_75JPK935ZM,0.113026254
CUST_TR2784D97V,0.034765877
CUST_MYMUVC3AJA,0.07685134
CUST_IVCRNNZ893,0.7128003
CUST_B6FHIQ7P5F,0.023380073
CUST_XO3KIS6AH1,0.020854678
CUST_P1MGY83NRC,0.039042667
CUST_8I1DCUNJIN,0.14269105
CUST_H32EOHZ0ND,0.022524875
CUST_I49CHNRBNK,0.03314288
CUST_IR4TQQMGK6,0.027900271
CUST_8GNFDJ4GAS,0.03602406
CUST_872J1DV9UV,0.09199573
CUST_HWGU9B5711,0.0296933
CUST_FLN6TCYWR7,0.11579997
CUST_ZCPYTRQ54H,0.021509953
CUST_2URURRK1HU,0.81401503
CUST_FNIYT8OWB7,0.027574752
CUST_GRH78IM3IG,0.024276137
CUST_0ZPX5J4X82,0.13524552
CUST_T15PUULZCC,0.10568505
CUST_5100OR737J,0.04203495
CUST_XQFDD7Y7GV,0.02654674
CUST_GSV9IUQLQI,0.75827074
CUST_06TNKTDH3O,0.09982585
CUST_5ICHE7NSNH,0.02373181
CUST_EIFZYYWEEX,0.021827534
CUST_AWU85Q1UDG,0.04631063
CUST_R2IDS7W3DH,0.9018831
CUST_I10LEZJHDY,0.02799254
CUST_X2VV8GKHEA,0.084894724
CUST_2A3INXR142,0.031373598
CUST_QN453O5RVN,0.023080941
CUST_7FE9IMZZ9A,0.020154558
CUST_RSBKT6AREH,0.09152614
CUST_G0FS3KEM2C,0.02526147
CUST_L0V63IRPM5,0.091801256
CUST_B1RY70SMBU,0.02548821
CUST_O3O9DG46KK,0.029760646
CUST_NCDQJQGRUY,0.1362054
CUST_DH9WK1E0EE,0.03044838
CUST_BWMYKWV3AG,0.02503557
CUST_QYD9ANP11X,0.07684441
CUST_MUC9KT5P8F,0.022505714
CUST_CAFOMHEA58,0.08084785
CUST_3VKQ01VM88,0.9045549
CUST_BY0GUOSAWJ,0.09929738
CUST_WWNAXFJHGE,0.028955106
CUST_00RM4X9FLM,0.83479404
CUST_6VDLAF64GQ,0.026976502
CUST_X5Q8WNG3W7,0.03277843
CUST_L431CNTGMO,0.027818516
CUST_GOUOJC0F22,0.034403317
CUST_SWUJDRN76F,0.89966446
CUST_2OW39UEGN8,0.029862557
CUST_KB6VANJHW9,0.15966964
CUST_5ZFZKY2X7W,0.033949383
CUST_EA4DC3ZCSA,0.11749588
CUST_3O1F6T4VYZ,0.027640099
CUST_O97J913JR6,0.5575849
CUST_JOA25EO8AH,0.030010551
CUST_7LAF0APL4H,0.110986486
CUST_LTV9QG4UC5,0.07791854
CUST_R1NTGB95OU,0.022854868
CUST_2GRI2D8YCP,0.117421985
CUST_NNRT4FZCQQ,0.025252728
CUST_43CG9514FY,0.10860683
CUST_A72PQ5FJ8U,0.850929
CUST_PDUX4SCP0H,0.038135305
CUST_SDHCOAI8VY,0.025694827
CUST_DCSWU5DAK0,0.02158838
CUST_SLCUGC2MT9,0.029650444
CUST_CMO5OHVJ0E,0.038304262
CUST_DENZRKTCRG,0.023856567
CUST_2NT34UDKH6,0.12693398
CUST_TKEGA0CNRT,0.82350636
CUST_6R846D2C66,0.023147495
CUST_7FEQTYFZK3,0.10702338
CUST_GKK3MKFW0G,0.020547217
CUST_DHUSNF5X2P,0.1252994
CUST_FJ7BXMR4AY,0.027044518
CUST_FTWBBDHADO,0.024357976
CUST_FB93UZN3TO,0.028022876
CUST_B95WZOGWDD,0.026900524
CUST_QCODC1VIPV,0.12009152
CUST_08AN8T5JNM,0.7418535
CUST_1BLSOJTKHS,0.097786136
CUST_JM0HDBKANM,0.025513355
CUST_AOG7NQBQ62,0.028597817
CUST_J28VIPHZ6U,0.027870353
CUST_1IS1XPV9C5,0.109776616
CUST_F3H7VJVK4C,0.10191884
CUST_DORF7N2BPJ,0.026365956
CUST_44SQ3PPSEN,0.05575777
CUST_T2RVSV3H13,0.11464019
CUST_5PDC39IETK,0.8436497
CUST_SMN318YT93,0.033091776
CUST_9JHHM3AJ0Y,0.023598943
CUST_F2TZG0B0AB,0.12258295
CUST_C54GKB9XJE,0.094278835
CUST_ENM6YHOLTW,0.035603784
CUST_HJ793J7OZX,0.022570442
CUST_4UCUB4BSQ2,0.023913644
CUST_RUF2V5KN29,0.030402403
CUST_1959B7YEMD,0.026574964
CUST_GJUMOKFCZ7,0.081906624
CUST_0HYA2PFD5B,0.020931367
CUST_3RCPL6C1YE,0.03017297
CUST_V6E2FZUL73,0.08200011
CUST_7KJZEXTZ8R,0.028122017
CUST_9O7WJX3QQS,0.032772172
CUST_1047POIZET,0.06966755
CUST_AWKW7NAWHG,0.019969814
CUST_9KIP55I2MK,0.0324491
CUST_NH5BBM21D2,0.094167285
CUST_1NPJSVIYLL,0.021981088
CUST_YZDJ0CPFPN,0.019140981
CUST_Q5O0R1DXHZ,0.13347343
CUST_RA9DW5ZF0T,0.08264506
CUST_R0SOKNXXSX,0.095608264
CUST_2W0RJMJ0CO,0.85054094
CUST_VPCLS7JDNY,0.14403069
CUST_UW0XAMUW2J,0.075896785
CUST_ZDK2VELD5Z,0.08643701
CUST_5D8AI9GZ63,0.023472628
CUST_DF5NR8M99R,0.08735548
CUST_TIKWRZ3APR,0.026969844
CUST_PO3QN6OWB5,0.022174504
CUST_5FZ85B9FHK,0.025581717
CUST_BVF3ZGHQZM,0.76369655
CUST_PJ3ZFYPLSZ,0.033189148
CUST_56IROWXJM4,0.021062192
CUST_W5SM1WVA08,0.0308852
CUST_QX2SS48WVZ,0.86434054
CUST_L77DRS2ZZW,0.07329682
CUST_ME3319HNS2,0.072419554
CUST_BWCE7L7IUW,0.024182208
CUST_NOJK9GLJ48,0.075161785
CUST_Q3CL7HH1V7,0.03724572
CUST_JPP06SWJSC,0.080202326
CUST_WFD6VDG6OX,0.82787913
CUST_38RSPMUFU1,0.018255956
CUST_D8EDQR6FDW,0.032017276
CUST_AJHMPRSKFZ,0.034621548
CUST_TIYW9A4MZT,0.03761145
CUST_D2FFS88VS8,0.023453247
CUST_ZK5A2KL3BJ,0.14406137
CUST_V0VYNSZOZE,0.057133745
CUST_JVOL5USZB0,0.035434656
CUST_RK19ZPGPWU,0.9020777
CUST_6YZB458DQ5,0.0858685
CUST_CKVBCEJI8Z,0.119765565
CUST_S7ROIMQ505,0.78836346
CUST_GDV0HHGV59,0.082170546
CUST_KIX9CQEUEW,0.11909524
CUST_CUML39U2R0,0.10030437
CUST_NKQHN3XB5U,0.03858531
CUST_HW5SCUS1EP,0.14521472
CUST_YEMHYMN0I4,0.08598717
CUST_I2LGCKS45I,0.026879512
CUST_PDG2WJV1TT,0.030043242
CUST_NIY1EI1KIL,0.124937534
CUST_WK9EVZLN7C,0.13580835
CUST_0FD3XV7UHY,0.09237309
CUST_C4UNZ6HI0J,0.023099478
CUST_JNEANCHHNO,0.022568671
CUST_940UBZT7B3,0.020774664
CUST_CP6ATAS9BS,0.0338408
CUST_CD5JPSVVAJ,0.02829898
CUST_7L42QGAY2M,0.020840429
CUST_TKB1VKMYMS,0.106066845
CUST_IZS7NILVMZ,0.025100043
CUST_5FRVIMKCW6,0.12257283
CUST_JYLMOA4EBU,0.021458002
CUST_15SXF1NVGG,0.03626399
CUST_P7EC2P55SR,0.8297254
CUST_WVC2TYBLGE,0.021539187
CUST_SDTE89YNR2,0.02767347
CUST_0GETVX2Q8V,0.09558949
CUST_W4VJURM2OZ,0.024419084
CUST_FRRKJMKWY0,0.025146423
CUST_APU7HQD7IY,0.023613293
CUST_LSK80PT7CG,0.082764976
CUST_3ILET9EJB5,0.033310473
CUST_QFX2ED3R6D,0.020171393
CUST_YGF9E9ZXEK,0.058977444
CUST_9RSTQI1A8J,0.09592079
CUST_K6S669P9SY,0.020671599
CUST_UHVIZMMIBI,0.74608374
CUST_RW2XD8VN3Z,0.09019188
CUST_S7QU1KPW6H,0.09309377
CUST_GZBRBT68HY,0.022213414
CUST_SB3JR1HZX2,0.13050425
CUST_02O8TQ90WU,0.028940162
CUST_4DQN2XETT4,0.1377613
CUST_Z7P8IFA8O3,0.019232253
CUST_YKXNE3ZE4L,0.023558961
CUST_4TNG9LW988,0.02390378
CUST_YO0FJ5RIY8,0.023149319
CUST_0NUV600L52,0.03136797
CUST_P74GD8Z9Y2,0.8727671
CUST_NG4UUI5GPU,0.02422897
CUST_5U8F3GUT3H,0.022485618
CUST_ZWMMZUNCY1,0.020405294
CUST_RDB15HIAF2,0.034483653
CUST_EZAT2WKD19,0.037394293
CUST_IAJ3Y85DFM,0.024518877
CUST_GK1V7MMO4I,0.033596147
CUST_PUJ1F5AP4Y,0.020335224
CUST_03N9U100FV,0.031066043
CUST_04N1Z9YX7X,0.025856301
CUST_32X9CRGALD,0.03481211
CUST_55TQAX4TAM,0.13450657
CUST_8Q44QKWIJ2,0.026616681
CUST_FSZP8A64J5,0.02575621
CUST_3LWTFX23YA,0.022343887
CUST_C969IT3ZP6,0.03553437
CUST_MWQ4GR7CML,0.09931344
CUST_VN46QOMGSY,0.7404237
CUST_GPKVDH2MIJ,0.023292927
CUST_UF9QTPFX1R,0.026743423
CUST_FY38Q9SLBV,0.029634055
CUST_XWREMXE78A,0.02315394
CUST_M9GVG5RNYF,0.026538106
CUST_PZ5DCAY2HS,0.031792216
CUST_X1WXVIEI37,0.020420626
CUST_GM9SMEVVW5,0.022483205
CUST_WS2DH8YYQY,0.02265623
CUST_WQEV1Q96QB,0.07169587
CUST_FQVUCRN0YT,0.87470764
CUST_JV5Y95G0J3,0.023211196
CUST_Z738Y1MZOU,0.027778914
CUST_MUWMY1BQGE,0.10348203
CUST_X5EC7YY6NQ,0.10294779
CUST_XFR89IJS3B,0.031174745
CUST_PR23D0NZ9H,0.14137693
CUST_5LJD1UJZ7G,0.8697441
CUST_S1R1XZ3W8Z,0.09481015
CUST_DJBD2LMG9Q,0.028302927
CUST_4L2J0KO38H,0.02159726
CUST_MXQYXZXXMA,0.021816866
CUST_H61UGBR211,0.14635524
CUST_OS7PUT5O8R,0.022039806
CUST_W1VI3YMAP9,0.18841353
CUST_06XNZBIHQ9,0.02756444
CUST_QNMLIEOD4B,0.036232524
CUST_4T1ZCDB6G1,0.02225253
CUST_40CCA6TYFY,0.09531393
CUST_GL86MCIUIX,0.13445465
CUST_GHK2XUP5DD,0.03410846
CUST_WQ8ZFMV93B,0.021679632
CUST_5ZS4VQJ1TX,0.124839336
CUST_L8RSXZ1VUI,0.09734149
CUST_GV8I1CKBCV,0.045782533
CUST_WSOVZV8KOT,0.8376577
CUST_6MD0WFGN1C,0.7657542
CUST_6K9NEJWTMM,0.109833
CUST_258R76E0T1,0.10045959
CUST_81AE0T24O0,0.022023035
CUST_YKO3PYMMFD,0.12711275
CUST_B355TYW124,0.023111613
CUST_9TBNHFZ460,0.036015227
CUST_2KF561THF4,0.10898882
CUST_83NIL8I1NV,0.1319643
CUST_PK819LFE01,0.025649952
CUST_YPCO1QHI7P,0.10813907
CUST_OJUJAW702W,0.043261994
CUST_EXL9UOGWVH,0.07038986
CUST_FA8N1LJ1UW,0.137453
CUST_0MSEU5XFYQ,0.6927211
CUST_8L0AM2X8B8,0.12377763
CUST_VEW29KY264,0.02487226
CUST_SPUD25EX80,0.07780009
CUST_SPK42NQUIC,0.0380331
CUST_KKN3G2DYEW,0.021917755
CUST_W9C1SZUTLV,0.027796684
CUST_L5H2WV9YIP,0.14344412
CUST_BN0AGZ98P9,0.028052866
CUST_F9INADRBU4,0.023111528
CUST_VDGVLJ6KLJ,0.14512445
CUST_R777KACUCJ,0.10826724
CUST_6OVE1PXY1W,0.1715857
CUST_BLYGEFREVO,0.03834951
CUST_A7YUXKCTFY,0.109264314
CUST_VP8XEVM43T,0.064225376
CUST_D7P900LIPN,0.034685537
CUST_DUOJJOCFRU,0.10057403
CUST_Z7ROW7F5K5,0.04307012
CUST_VXUAPACGM8,0.7437445
CUST_VZSENKMUG5,0.024465038
CUST_3K2AEGXKNJ,0.03238116
CUST_IR4LGZP6CB,0.7869294
CUST_SMPVNPQ08D,0.09714379
CUST_7GX74E9CR8,0.13073993
CUST_Q8X3TUKV5E,0.09676129
CUST_YDLKD30BZF,0.10650051
CUST_PWK8PIK2A6,0.0327525
CUST_BCXZZVAZ7A,0.027243076
CUST_N2V4VV4G2H,0.024032418
CUST_WD50WGSDF6,0.026004532
CUST_6NWVTMHSY4,0.022804474
CUST_M0J03U2NU3,0.089917146
CUST_GSKOPE1L3F,0.024982294
CUST_O53TYHANK9,0.02822627
CUST_8SDU33QV1I,0.027404377
CUST_MB7IFE1FRM,0.87423897
CUST_4OOCXA2CGJ,0.13149063
CUST_59M0A5MA3T,0.78373384
CUST_ICD6TUQN2A,0.025417008
CUST_MLDIB88LFQ,0.022081608
CUST_NZLS6T04FQ,0.14454082
CUST_0E6FE7NBM2,0.11837378
CUST_DF3JA2K3ZE,0.032735493
CUST_UF98F6SGRM,0.030184114
CUST_E3K9OKKFZM,0.12057217
CUST_RGCC59QLFK,0.111430906
CUST_5L1HQK2YTV,0.022612834
CUST_BUC3FFJE7I,0.033024177
CUST_JQQ51X0AI1,0.09241854
CUST_TLRPEBQHL3,0.08052884
CUST_VRJDNS0UJT,0.04738294
CUST_ZALIM9T2U7,0.028503198
CUST_Z7ZQDCDOKV,0.09017815
CUST_8A7Z6EB1GD,0.09324166
CUST_SLMAYJQI13,0.14854938
CUST_IWIAYO2A0Y,0.0459429
CUST_04IKL7OGX0,0.89424706
CUST_FOMKKLX7XY,0.078354314
CUST_3SXMTJVHIO,0.030427512
CUST_JJXB80I61P,0.02030111
CUST_0WMTIG7KBY,0.024497857
CUST_PKCGYKL9AI,0.022165611
CUST_OMQZTR13T1,0.0270851
CUST_7ISSU46WBA,0.020510169
CUST_JAVXNOZRNC,0.023813216
CUST_Q2X14E7SKR,0.03794465
CUST_IJY9ZYY5ZS,0.022641322
CUST_URK0RPEZ8U,0.10781574
CUST_TX1NXESC1K,0.025821429
CUST_YBYYLLCT0W,0.035877835
CUST_RSX64Y7ZVD,0.03067324
CUST_CJV2SGULLY,0.08838406
CUST_6171MGS8OE,0.082364015
CUST_7K92BF49KE,0.024679594
CUST_2YOQWRBBPX,0.035992842
CUST_BWS6YNC5XF,0.079861954
CUST_0SEUOOPQVW,0.1454517
CUST_JFBK5N6E26,0.029859263
CUST_K7AMDAOMCK,0.035777785
CUST_H6K9594NQW,0.023322843
CUST_LXTCP7MMOS,0.024415417
CUST_LYG5AMZW35,0.026700515
CUST_KH2VYST6R0,0.044737823
CUST_C3NMNILM5W,0.024666684
CUST_EB0AZ6LJ25,0.024829736
CUST_79H5ZVPRHW,0.021753583
CUST_G8LEYTCUZC,0.036969133
CUST_CQZJUX0OFT,0.025495624
CUST_VYNDPL64R9,0.025826281
CUST_HP2VS6HTDY,0.028755646
CUST_DBO13SR8WY,0.026232062
CUST_DMU0IWMYZE,0.025721068
CUST_RWR8DYIX0Z,0.8425005
CUST_84CR1Z0NMU,0.8636754
CUST_S1W25FGBMS,0.020085134
CUST_3NZLTQ030U,0.1265932
CUST_KXAAHVWQKR,0.14423156
CUST_WP72NCAOE5,0.115390666
CUST_SGLDWWVFVX,0.0214113
CUST_EX2JKLST3K,0.027946535
CUST_EOG1BX2AUJ,0.0214748
CUST_Y5I9FHPEEP,0.09404605
CUST_V76DYFQ7FV,0.089968294
CUST_2X2ATTEGJ5,0.07578253
CUST_KLKUZG2EBP,0.022327272
CUST_J9OA64JSB1,0.025363507
CUST_EUM6FGTKBU,0.027785497
CUST_AGWVSKECWK,0.10563899
CUST_ATU4H4PJBO,0.09151465
CUST_3Q7LCWKRC4,0.81442165
CUST_GUYVK4M9G2,0.10368938
CUST_44OXXBHK2H,0.15821698
CUST_PGWAD3X5X6,0.025401061
CUST_L8TL5LH0LL,0.021847079
CUST_53MZ5GZ9PS,0.019343255
CUST_O2M92WTKPA,0.030856952
CUST_E3H7U7SB93,0.07968917
CUST_24RAO5RR5H,0.035568044
CUST_SCLIOU47UV,0.88404477
CUST_O5DZXN27SJ,0.098820016
CUST_Y8Z4824RMS,0.023489159
CUST_47TOKAQYMI,0.021874078
CUST_XWW5DHEBCN,0.02052449
CUST_I4I2HDUPTC,0.02915608
CUST_ZAMX8PW9TW,0.07879182
CUST_SNJZGMG876,0.022870071
CUST_7SC4ZCR0KL,0.025615284
CUST_EQHM7TRRR7,0.13304819
CUST_YR0PTINO6Q,0.058412526
CUST_KCK2XN44AP,0.08284548
CUST_40ZR5LYINZ,0.81174445
CUST_9F5UQ3GPW3,0.12586646
CUST_2MYSYIM9GY,0.7868353
CUST_0N1JA12BWU,0.0228319
CUST_2NKB13E6PP,0.09975616
CUST_1RUX2SO1AB,0.044766404
CUST_VIJCAF5AW1,0.029508598
CUST_R37GIURS2D,0.02892249
CUST_XJVY3SK8P6,0.0457343
CUST_CNOAN2JRSR,0.1185528
CUST_W6X2DIRETB,0.025877401
CUST_2H6LWA30GF,0.13001299
CUST_N2OH0P1S89,0.15862104
CUST_S89X6CNF8G,0.038290486
CUST_GGCDGPH8QY,0.122203425
CUST_YV05I7N89U,0.026663072
CUST_BUW4Q07G6R,0.030388255
CUST_E6JF7Z5QU4,0.026647134
CUST_QM82KURW4A,0.09244794
CUST_1FHULLWDZD,0.024016418
CUST_ALOPZ3J87T,0.025424315
CUST_395ELBDN5L,0.13143292
CUST_0WNBPFD8F1,0.02516769
CUST_4UU934F3ID,0.050628413
CUST_988I6MPUZ9,0.11385672
CUST_A9FA1HA2GH,0.14794894
CUST_CCYI6JAEKE,0.12087825
CUST_QZ85S1LX73,0.097104646
CUST_MSV58J4X5J,0.021961175
CUST_0WACBEK4KF,0.7928977
CUST_B1042S1UY2,0.14713652
CUST_GKFAN13UL6,0.022423998
CUST_5JDPPPGLZF,0.02592249
CUST_7NYJNGARC1,0.02410959
CUST_XTAQHTMBX5,0.020820778
CUST_W3TQ9TELN9,0.021496713
CUST_7APQ4CVGFF,0.024566837
CUST_1PYEADM28O,0.08126326
CUST_ZNAS616DGN,0.09198143
CUST_SN11PZ1ZU5,0.11450712
CUST_04GBTJAO6X,0.03094112
CUST_7UCU9VIKC1,0.15385425
CUST_XBJ2CVJ6PF,0.14330293
CUST_VNZV05ASFE,0.13558456
CUST_DQPOJE8WBP,0.07156511
CUST_GZS72L9BZ3,0.026094636
CUST_VPKCWCDXD9,0.08367881
CUST_SN2DSEYMPH,0.02686546
CUST_HYJCGF5DEZ,0.10670054
CUST_86P5U4XV0S,0.04585057
CUST_7HKVPPO8ZS,0.13138461
CUST_1KQHKO948S,0.03190493
CUST_2YFQP3AJ1Y,0.017956436
CUST_EJ2A4F9LKM,0.03252151
CUST_MECKLZ67GS,0.021295266
CUST_GOUQVCOXWJ,0.09067909
CUST_E1XDF0VV60,0.80648
CUST_2NCYGBKSEZ,0.024265533
CUST_7CNV8AYW7C,0.026602676
CUST_T1MMCOQQJ5,0.024467006
CUST_C983L16DIF,0.030335726
CUST_ECWWY0FR7V,0.021762729
CUST_BY3563CM2R,0.10982063
CUST_7LOHVT5Q46,0.10270041
CUST_SLYI3I0TLB,0.021161627
CUST_42BV0A8V1X,0.029897286
CUST_DB5JJZ6PF0,0.06503659
CUST_JPGD2GVKZV,0.14102218
CUST_JEZVMXKTTJ,0.08865455
CUST_F80L438IS1,0.8187338
CUST_67OV66AV8R,0.12687482
CUST_7FZ5KGOSSI,0.021214407
CUST_SGQKGZT5YI,0.038243927
CUST_UMZPJIRI82,0.10715104
CUST_6D25U5J2AT,0.122660585
CUST_DZJSQ5RIQE,0.070591986
CUST_JZO3CKTX06,0.12489374
CUST_A7B58IR1EX,0.101274595
CUST_PWIXBPJ6AL,0.022879919
CUST_VO3EZMI5O4,0.100836694
CUST_PR0OAJ976K,0.026189873
CUST_PP9XV156EJ,0.1412461
CUST_Z9SUR7J2TG,0.021084707
CUST_RRAO995FL6,0.028889569
CUST_FLAJHI8N9Y,0.054014288
CUST_K1BBNFUZ8K,0.028371165
CUST_JNU0WN7BL3,0.028446
CUST_4ZXI5IF07G,0.15053226
CUST_AXAZ1NB14L,0.024214527
CUST_AZD5HNQ03U,0.019897923
CUST_CG7H0P3QSX,0.023541776
CUST_7754A8KR6L,0.028291335
CUST_3K2QNA6B2W,0.082520664
CUST_T2J64OY4F0,0.026208967
CUST_YI23LODN4N,0.022078088
CUST_UHRWVWZPQW,0.14564595
CUST_XE6EXKWE86,0.86995834
CUST_6VJMEV79NF,0.07765136
CUST_8MUKNL9MZM,0.027880898
CUST_GNXM8XDMMO,0.1195898
CUST_PYAW3YZNJH,0.029448604
CUST_UQG2H6C44E,0.029127337
CUST_NQ80LQMPJE,0.038699627
CUST_JWRSBQ2LXL,0.024542356
CUST_HZMN1AKJ2Z,0.7413308
CUST_M5XMYH61ZF,0.032790143
CUST_84I5ZKZGTM,0.038509894
CUST_5G0XZ1672B,0.055837452
CUST_FUE73C7EAP,0.04322921
CUST_DLIRYKOIGN,0.028257037
CUST_42BJBFAWSB,0.040407445
CUST_F2W5XXQOH6,0.027513698
CUST_FJHN1VC3VV,0.13040088
CUST_F766P4TEBY,0.094041966
CUST_3QVQNT7JK7,0.024973713
CUST_CQK0XHSWV1,0.04898845
CUST_1XSC4HXXGH,0.035968132
CUST_LQ5G694J9W,0.13984993
CUST_DR34D9F54E,0.13148944
CUST_WQXWBA1YH8,0.042199977
CUST_V9P98063SO,0.024446545
CUST_8T9A56ZYK4,0.02634219
CUST_Q0LFP7K3QC,0.098955765
CUST_JN7NPHQHJ0,0.14052871
CUST_RV0GDL6H2E,0.03302338
CUST_M0L4M6P77H,0.024021368
CUST_1C6CR67PMM,0.0906108
CUST_LDOVRC5PSP,0.088078454
CUST_7I8BOAWRO8,0.026639031
CUST_RZE6U6DKFK,0.110591725
CUST_AJYA8V93ZD,0.0414452
CUST_TTESDN8P7D,0.12588361
CUST_H8RVE17AD4,0.036048684
CUST_YRMC2ZCXSR,0.025090652
CUST_4NS859NDBH,0.079362735
CUST_NLKRSV00GS,0.1480041
CUST_M9YSEHVYSX,0.0315751
CUST_0ZJ8MNMLC1,0.031526223
CUST_O17U9A9P9K,0.13919346
CUST_VNQJUB0UFZ,0.086645044
CUST_03XEBT1WOB,0.023854347
CUST_MXSA9RE2K5,0.16356613
CUST_20ULQRML6Z,0.020230608
CUST_GY3KRCG996,0.117356196
CUST_FMAVEZUXAP,0.13564293
CUST_01SH5SY5A0,0.023340799
CUST_MSA11AV1AK,0.035510194
CUST_SWFMRZ7CFW,0.8068298
CUST_SF2ZBY3BBT,0.028049868
CUST_BMFNJ5X77W,0.025351217
CUST_IGRA299CB4,0.02484063
CUST_CQ4GVUU2TA,0.033186927
CUST_XUFGVX1T2U,0.036349062
CUST_6OMY2J491K,0.024181796
CUST_KPQBQLV093,0.13865988
CUST_GT81WJCWWG,0.10138039
CUST_Q9J1SEPXJM,0.10782283
CUST_3EZHG8TSP5,0.14663787
CUST_BVGTSO2J4E,0.026486557
CUST_4W7VN2DTGD,0.027583856
CUST_KWYG7LK99Y,0.038583107
CUST_EHA3K82TM4,0.021396905
CUST_LDDI9GRF0J,0.027592773
CUST_3FC5YHUY09,0.12556612
CUST_MV2BBCYFZ2,0.872924
CUST_58XLLG97PZ,0.0915025
CUST_4BWEMFB59A,0.1841146
CUST_OROOMLR4NS,0.03378809
CUST_9E9WTB620A,0.15627834
CUST_IOFYLO35Y6,0.15464838
CUST_7INJT29DMU,0.026327128
CUST_2PLSQ92OR2,0.08694026
CUST_11QMJFKNTN,0.03693562
CUST_90W9J4QUM1,0.03985287
CUST_0KVLGY3JHZ,0.082697324
CUST_3B09KQMWBG,0.024558004
CUST_OGXHTYTXBK,0.031208146
CUST_M5ZKNAX2U4,0.13040464
CUST_P55RITL7YF,0.01974816
CUST_9EFOQZJJ9F,0.0987783
CUST_DK7SFWU2I2,0.13858977
CUST_0FKEJEISFA,0.087588206
CUST_R2MI28ALM3,0.15159672
CUST_DWSCT3F43G,0.11892902
CUST_NI6OI87LTZ,0.020494742
CUST_ZEFHJUXEUJ,0.018057287
CUST_QN33961K7A,0.044376347
CUST_LZ9EXV0FP5,0.10697825
CUST_GI7OEK2R1Q,0.0759767
CUST_S5DI9FRNRQ,0.034221113
CUST_L9ZQZX33GM,0.02387509
CUST_VV2JQGGDWF,0.056127544
CUST_G8CQJUMNQV,0.047503874
CUST_43EBJ862WD,0.10760028
CUST_U97CRKPEJX,0.13566814
CUST_AVCOIPOBA1,0.6701877
CUST_GIQSP1OP29,0.028104998
CUST_MVY6BVCCH4,0.1459894
CUST_08I3OAD4XO,0.038218603
CUST_D3WN089NAP,0.08501568
CUST_ES5YGKLRBC,0.029477103
CUST_B1BQGFWNJR,0.022696584
CUST_JM6FVJS4D8,0.072319664
CUST_2RHIEBFIFX,0.8903753
CUST_25U03N3AJM,0.06657034
CUST_WDPN6WXLC4,0.030724052
CUST_HT65TC9MNK,0.10952834
CUST_NZ9JSLYT7U,0.78547275
CUST_9NYXVLF508,0.033197135
CUST_CU6ZW7G09E,0.8722909
CUST_WV3ZL621C0,0.0345832
CUST_PA13NEXCDV,0.15309256
CUST_PQGF7Y5JNL,0.021390792
CUST_KDSJYR13X5,0.025834229
CUST_0UCSJ745T0,0.0750143
CUST_G7O6G3MYDW,0.13510029
CUST_LXTG62X69D,0.10522723
CUST_BYS2PBTD1E,0.020488277
CUST_S1F8P89KM3,0.08162965
CUST_CIX4LE63L8,0.022386461
CUST_36WTK9IATR,0.026819564
CUST_2MCMAOJCCT,0.10217899
CUST_62ML0ENCNR,0.11004584
CUST_XIDQ1DR4PG,0.07039842
CUST_Y7T63D5V95,0.0905336
CUST_9RV8JFO0KI,0.022284498
CUST_YN9I3EENQ9,0.028244155
CUST_BOMUKKT45V,0.030334027
CUST_0ODM24UHQP,0.027007302
CUST_KI2YR58XI5,0.09612371
CUST_RBNSRCNFX9,0.034353524
CUST_UJJIIT9SQ2,0.020828014
CUST_4J9HHM0YKO,0.020878395
CUST_EZRE2F5GA3,0.026619066
CUST_NRA3ZSCICA,0.027637394
CUST_Z1WBYY70R3,0.09733358
CUST_TAUKOAXR99,0.03844387
CUST_75O1ACY46P,0.026110712
CUST_3G45IPQBN9,0.030924272
CUST_7BOWB46UN3,0.02283765
CUST_J9GBN41Z1P,0.13733558
CUST_OFDI3B18HN,0.017641712
CUST_VQO6QOHU66,0.121640936
CUST_5OAB8FDOGY,0.025875555
CUST_B2JMSK1Y6W,0.024422698
CUST_K1X4TW1WOU,0.019900376
CUST_9U8EWL4BI4,0.06595196
CUST_NGQN6F2FA8,0.025362723
CUST_1U4LANCRZ6,0.02197
CUST_YSN9VPJY5T,0.08398427
CUST_P3WPDWHFHU,0.02626188
CUST_G83PWN49H6,0.10263416
CUST_LV7MA9IHGH,0.024606388
CUST_CZXR2CCASH,0.093665875
CUST_O5N373SJO0,0.033922
CUST_L62W7ULK52,0.82620287
CUST_U14EOQ8CES,0.09248365
CUST_G3RPCOO8IC,0.12111141
CUST_TJU1YJF4B8,0.13427572
CUST_1J4KF24L3O,0.0236549
CUST_5GTS0AQ8XU,0.025516532
CUST_23XLQSMXKX,0.022055244
CUST_VXGKHSZ4M1,0.034090392
CUST_ZGEWDX3ER4,0.12410745
CUST_V9JFE9LPRG,0.13762155
CUST_IP7YPPK3KP,0.02411473
CUST_SP4KQ1L3FD,0.1708637
CUST_SFQWZK4G3H,0.09167915
CUST_0NXFYPLDON,0.0746728
CUST_35ZVWOGOFD,0.0199258
CUST_A663ECJOAB,0.07323266
CUST_BKYK8K64GN,0.0741673
CUST_MEX7SI60EB,0.029917143
CUST_CDFWDC9AOR,0.03288784
CUST_1KCDQXSENB,0.03106584
CUST_REM10A0E5A,0.052378275
CUST_NHEQ87AD2I,0.14759095
CUST_7XAPSC7937,0.11550812
CUST_6HPUK8U5TT,0.11628242
CUST_ZC6K0V0DQS,0.028010435
CUST_4E9XQZ0ZZC,0.08875922
CUST_UNSSEM0VPX,0.14838584
CUST_Q78OEXBVPF,0.02763134
CUST_87MJ321IBJ,0.052067447
CUST_8K0MU2WFSP,0.7718514
CUST_ESN7INGOGT,0.025160098
CUST_H379YEWIHC,0.021025507
CUST_A9UP8W75T8,0.048915356
CUST_DTVFHANU9M,0.107328944
CUST_K2ECJKQIUL,0.033319056
CUST_E4O5ZNK1PP,0.03199476
CUST_HTK1Q6GLIQ,0.08861638
CUST_YK4BNSMF0I,0.10484524
CUST_XPBPS94V4U,0.02528797
CUST_XC63C1O9NX,0.13612214
CUST_S3Y9UNLXFM,0.14120048
CUST_GQ5WG8NJKX,0.034344707
CUST_BQKV1WTANR,0.029711496
CUST_GWMA7ZY3M2,0.030103184
CUST_HNY07MGZOT,0.041754197
CUST_6AY7MCY57K,0.11934452
CUST_KXR5SEWTB7,0.019552741
CUST_LFV1IKFUJ7,0.088353485
CUST_JSUQO3MDRR,0.14305232
CUST_8HV8RPR6WW,0.13313322
CUST_Q9370IDWQ8,0.09454214
CUST_5PUNMS4M7O,0.7284147
CUST_WNYGYVX9NC,0.15718721
CUST_1JHUEIKSJH,0.09907292
CUST_5XHF29IZT6,0.06661633
CUST_TTA5E2PMZV,0.02396217
CUST_TFDP82THKU,0.8156576
CUST_QZNELPNUTN,0.78569007
CUST_G6366R0MCN,0.071951084
CUST_3OZ8NBAMTM,0.023927074
CUST_2D55I97H4X,0.024557805
CUST_4KM4A22KDX,0.85796815
CUST_E72NGKQEDO,0.025014017
CUST_NALV54YV1S,0.024766779
CUST_FRZ496ZTZA,0.02786102
CUST_DU8WD6CQJJ,0.037098024
CUST_MUSXHW1CRH,0.026378207
CUST_N707T4SX2B,0.083662525
CUST_VHCL4Y3RN1,0.087011755
CUST_HKKY29UW36,0.7283344
CUST_TD035PY97X,0.1453019
CUST_W3V682AFVU,0.034813795
CUST_AGANI20X9O,0.13202402
CUST_5BJRIS4G2T,0.027914526
CUST_K5KSS5US8H,0.023277951
CUST_F7IGRYC81C,0.09469
CUST_DR0JF05SJA,0.024862522
CUST_LNQYBLC4KJ,0.07344765
CUST_1E6GCVPCJM,0.027852213
CUST_A5PSFBLIJY,0.023538435
CUST_6I2SBX6UD9,0.027589804
CUST_T98VF58APV,0.08381657
CUST_9FPKYD12FS,0.14314526
CUST_2ZS83XN5NY,0.027528962
CUST_D1JOC9MCBJ,0.09961514
CUST_JV5W7WK5I7,0.026015073
CUST_99E6BNQ6SF,0.03223996
CUST_U9QH4EZGYD,0.033324182
CUST_O3TDXWBBF7,0.76832026
CUST_ZTIE43LCLA,0.9206034
CUST_6F1XAE2KEQ,0.028135594
CUST_PFY491UF8L,0.026475152
CUST_NRXPSIEKFP,0.07303047
CUST_PGN0KIEODO,0.030853523
CUST_3C80F4RVB9,0.118110485
CUST_HB6N3VRD73,0.028946638
CUST_EVW2K5WEFV,0.019371966
CUST_QOA2M31OA9,0.032845333
CUST_1YW872VA9B,0.020743094
CUST_PYK3FLPBS1,0.022618461
CUST_PB6X6IBRZ0,0.033014745
CUST_ESYSECP21O,0.031056816
CUST_UPLLTHH4U5,0.03769511
CUST_5T6QCIOC2Q,0.02489653
CUST_NMY69GQUAZ,0.024445157
CUST_8X4NGQGI74,0.025742296
CUST_HHROCN9RPB,0.16143
CUST_GZJ8TRJDZV,0.113010466
CUST_4G9OQ1IUBF,0.05487109
CUST_APC4FDC0J6,0.07995414
CUST_NJAOBM5O51,0.09873622
CUST_59VY8QX6BZ,0.025121491
CUST_QHQ000XBFC,0.023039095
CUST_GYPIN14V8R,0.033836
CUST_1932379J87,0.02809519
CUST_0PYHY5DMCK,0.09857406
CUST_YDAFNWFX97,0.03054195
CUST_A3E7J71549,0.023556525
CUST_T08BJL4DZL,0.035587184
CUST_OCW9IKU0SW,0.8712329
CUST_FZO3P33U1V,0.02168198
CUST_JQIDMYSQQV,0.02391632
CUST_NK12TG1SZZ,0.029741365
CUST_V0JUDCBHCU,0.025662966
CUST_WEO739CICF,0.0308864
CUST_JMNFV7C3VK,0.15641727
CUST_DB3V3ZL6NM,0.023537131
CUST_NZYPE0QLOV,0.028578231
CUST_MQFLL2M519,0.022655744
CUST_T2Y39ERK7P,0.02426498
CUST_T0V92TDR21,0.023714377
CUST_7VAK6TLF2Q,0.14932367
CUST_OY9KI3GHHO,0.111192234
CUST_8CSPEDUQI2,0.02168817
CUST_XXROBYCS9J,0.033213016
CUST_OMN2KJ9EW6,0.025361557
CUST_DBFUIG3VN0,0.025598245
CUST_1PTQASKKY8,0.031117748
CUST_WHM0U5GXBD,0.029414382
CUST_3Y2DE7X87U,0.11911964
CUST_DR83YJ2Y35,0.039197944
CUST_LIKAL28AC7,0.02608048
CUST_QRST8NSB8L,0.017871397
CUST_MAL1P4P9FR,0.10473682
CUST_QTWZAYL0RM,0.026371846
CUST_NAMNHS4DUQ,0.034318257
CUST_PKJ6F8EVWF,0.8875286
CUST_RVFBIMTU9C,0.021416131
CUST_O82XLO5W8G,0.120570906
CUST_RKWR5O39P3,0.03292781
CUST_I3THYW66HR,0.021739488
CUST_IL3IA3MK87,0.02121998
CUST_GOPPJTH4LL,0.8630951
CUST_I2RJ0U3GN3,0.11202661
CUST_85XGONQJEO,0.10296181
CUST_FVYJKEL0I4,0.147891
CUST_F4HZCA7FBW,0.13272569
CUST_S14G9MEZ2Y,0.028020563
CUST_00E24GZZ7N,0.035878103
CUST_BP45GK2JP4,0.76639
CUST_WX6A2NDG7T,0.097840436
CUST_O0W06DUFJM,0.023019949
CUST_VW7DKK3NPB,0.10382294
CUST_ZBAXU8680Y,0.12094877
CUST_TIWM3BM56J,0.033650126
CUST_U4U8Q027S8,0.09601334
CUST_V4LQY803E8,0.027904622
CUST_795HYZ8DBI,0.167108
CUST_ZM3MDWMFNJ,0.028275812
CUST_NY854D47N8,0.06756366
CUST_8X9YUZ36V1,0.036859166
CUST_AYW96C695I,0.03171734
CUST_MBHXAZO639,0.12088226
CUST_FHMJ7O5EFJ,0.024504593
CUST_0627YUV5P7,0.027614884
CUST_01Q79TC9DX,0.030835181
CUST_WF0EQGOODZ,0.08518499
CUST_RE2CUCS462,0.023285503
CUST_VUOJHLQXM0,0.8421184
CUST_EVYP610194,0.1465216
CUST_0XWLOKNWV3,0.028190885
CUST_QF6HFE0LQ1,0.12820858
CUST_F0YIVRH6X7,0.023990879
CUST_2ESQMNXRIA,0.021696605
CUST_YEZ995NNFT,0.1387854
CUST_ZDRB4DPYCK,0.024235277
CUST_LN3YUZP2AQ,0.023653947
CUST_F22Y2AZX92,0.022343287
CUST_HP5IHNBU4E,0.027912145
CUST_E2EIWC270B,0.11312963
CUST_C5R8QSDPXG,0.021305088
CUST_G8LVNRKOVQ,0.13333726
CUST_3HTHLXDJDX,0.81284016
CUST_U801K9A954,0.023669671
CUST_KAIHIR4BNJ,0.03658507
CUST_4A4JT4F8K7,0.029355284
CUST_FTBBHCQMXA,0.074046016
CUST_C1ZD5T22EF,0.026397435
CUST_EO463TL28B,0.12518981
CUST_ZTBBVKGR4X,0.029607255
CUST_6XLMQBXUIE,0.099162124
CUST_HSE2XK7KQ7,0.12491569
CUST_ER97YZ5PVE,0.03203052
CUST_0I7VVLA9ON,0.026021428
CUST_FP2VEO6JIJ,0.019350808
CUST_MULNSWXMT5,0.032336205
CUST_ZZ0KZMPOUT,0.112704106
CUST_MSZH8WQWRW,0.7794432
CUST_LJUVSC9GKU,0.098991014
CUST_4DJ9Z1EPZI,0.025081228
CUST_VONJPHQ1B5,0.13026157
CUST_NOQMWPAW67,0.09409741
CUST_GSZX2EIGHC,0.13718328
CUST_YU3CMR3XR3,0.030078322
CUST_XTUKC9EAHB,0.022673145
CUST_TA3PPG9RYZ,0.027048288
CUST_MGX83SPFM1,0.018728545
CUST_QIPLIKDJSU,0.11285758
CUST_OVHE2QKM9I,0.10630297
CUST_UHH9KI3F1Y,0.024058085
CUST_VY9JRM5TVQ,0.032827266
CUST_R1WZSAGD3O,0.82635516
CUST_AH9PCN3S4E,0.1290129
CUST_6WN5TF0O6S,0.13341764
CUST_N6Y6BTNKW7,0.026526023
CUST_YNMU1IRYX7,0.03406668
CUST_L4LA01HCQ1,0.10733235
CUST_K6ODHQTI6R,0.031111838
CUST_GKDFXWDSCS,0.093626335
CUST_L1RZ3EUPRO,0.07791015
CUST_2DP97H5BEX,0.09514187
CUST_XC8UJHTAAL,0.02089326
CUST_72HQJFP5YC,0.026461126
CUST_SUQTJN4W8A,0.024706552
CUST_0HI7L8ICC2,0.119395725
CUST_JVUS0P0B3S,0.042769443
CUST_XIL2DGI374,0.09213601
CUST_4T7BFIDB83,0.031161916
CUST_TI18EOSF9I,0.03119393
CUST_MF9FJ5S4SF,0.11326974
CUST_3X51ZPVLFO,0.025071932
CUST_ZUEHIQURZO,0.024838958
CUST_THAIXYBA4A,0.103916325
CUST_2ZB3GDZLCM,0.025435911
CUST_HC1G2VNNXA,0.07879047
CUST_VWKZPIPY9B,0.15570547
CUST_H5HLIZ66FS,0.028328437
CUST_MCRQYRB50Z,0.02258289
CUST_WBQFALDC8G,0.07209235
CUST_EW2FX7BE3W,0.78228587
CUST_J5AKB1I9JJ,0.08380852
CUST_HXM9HBC0JD,0.03005419
CUST_II7DKFS7MI,0.03265083
CUST_8BK4KWDOA3,0.02106788
CUST_MXTOVEDD5D,0.7602201
CUST_G58R9R6IHU,0.119716525
CUST_WA5N2PTXRY,0.033736624
CUST_8BFQTCMA4H,0.09448839
CUST_XEASZULPPJ,0.03583887
CUST_7ZW42OXXBK,0.07433361
CUST_GMDT0UYM0N,0.14306223
CUST_MENQ2H2JM9,0.12378498
CUST_1C5THY0M58,0.121246025
CUST_7OFGSUDGKG,0.027406953
CUST_JID735ZKJP,0.1004002
CUST_NZE5TD30ZV,0.13136813
CUST_8X2WVV9BAT,0.070902176
CUST_DT033MIHA5,0.023900991
CUST_OH29WLXWMT,0.025572864
CUST_QATKHTYROL,0.03161954
CUST_RNBUORTGVY,0.032907985
CUST_L0O5O9TTE2,0.10699635
CUST_8JTO5DDUTJ,0.74989045
CUST_NZD757JARY,0.02994358
CUST_KX8SHJM7NR,0.032957446
CUST_GFJSN8N55U,0.09163156
CUST_KK1A8TDUXO,0.10843348
CUST_82MFEVKQTN,0.032875117
CUST_AQTT4PE0SM,0.10203264
CUST_D3JG7OQB9P,0.041814677
CUST_WYF9SXCCXD,0.03501873
CUST_IZOAMM7X43,0.019562487
CUST_S5F6RXLVF0,0.12570706
CUST_6J0CRE7BHS,0.7263043
CUST_85LZZ2X1Y5,0.0302379
CUST_KMODKEVG1M,0.06923473
CUST_064HK7MB81,0.037904046
CUST_61RJCW1Q1Y,0.088628024
CUST_OUOLHYT9JV,0.08487661
CUST_7YXOUF2DVK,0.026947241
CUST_HE6CPLWZ05,0.81604344
CUST_4EFC3FQXNZ,0.027411738
CUST_SX14WZXDJB,0.028733548
CUST_24NHHG2NBF,0.072261944
CUST_RI19RQUIAK,0.14394823
CUST_VXAD23CJB7,0.022755958
CUST_EJ9FK4226B,0.02395001
CUST_I3ICP4ORN9,0.093135945
CUST_UIBCPMXD3B,0.018829038
CUST_3PKWO1S4O4,0.11872273
CUST_OE1NHIQ9PL,0.09549255
CUST_EL3CKCMFKM,0.116307944
CUST_0YOOELRW9E,0.022065213
CUST_344A4XKO7V,0.087459736
CUST_K6F6I5Y3YD,0.7214933
CUST_018WV908IY,0.036685176
CUST_E3OXSDU2J4,0.12582356
CUST_O68IDPKNKP,0.033678018
CUST_5LA8D5POS6,0.02262589
CUST_UA17WFML74,0.83812684
CUST_OQA3VRC67A,0.034293797
CUST_L87WCRXJ0F,0.02442709
CUST_O6E1GEKQA1,0.09997781
CUST_F9879M80GF,0.09987242
CUST_Y4AFOOCT09,0.023845704
CUST_WCIEB4FKDE,0.030129863
CUST_XYWTPOV7JB,0.023000037
CUST_M60L8TDUUW,0.86265665
CUST_6H9XWMNJPM,0.037879426
CUST_0DQKK0MCVH,0.10686262
CUST_UWJVGZ82Z4,0.032072756
CUST_JT5AI9JWRF,0.077480465
CUST_SDCIAG5LFV,0.029157925
CUST_VVB5FTVTIY,0.028875634
CUST_D492YO8R6Y,0.07150833
CUST_DYXM9H6953,0.05643014
CUST_PXQONSEOXM,0.11130182
CUST_VEUX2S6J3H,0.12049707
CUST_Z74WKV0LW4,0.08244184
CUST_3A8QY7I6MM,0.02394912
CUST_O0BE1MBZJC,0.036652792
CUST_XZXVT5AS8H,0.029161561
CUST_43W12BKQ7C,0.10889488
CUST_XVGSWGDF45,0.11558887
CUST_J2R2YOSOW1,0.041118555
CUST_4QUOD1GDM6,0.06689179
CUST_P5UC7SYV36,0.032618523
CUST_LBAQRYDIY6,0.14171094
CUST_N2Q267A17P,0.07718256
CUST_4X58N414KA,0.030298337
CUST_6L0VX66ZIR,0.026692992
CUST_NKGPK8UQJV,0.08828129
CUST_8TAJUA3LUV,0.06886205
CUST_6RRO138L49,0.027964514
CUST_MKEN5QGCV3,0.09658689
CUST_W6Z9E9X9JC,0.027695395
CUST_55GZ8ONKZN,0.026179867
CUST_TQIOB02227,0.02613553
CUST_4OJRRS2HEO,0.1205556
CUST_V207FKNMON,0.026923837
CUST_UQRIDFS9VR,0.6826447
CUST_55Y8MGD3I0,0.099002466
CUST_SRSQSAVBA5,0.0719811
CUST_UF6J27UEBF,0.022432618
CUST_VQURG79UMQ,0.032206077
CUST_KI4RXECH2J,0.09643852
CUST_NM91H5P879,0.03472261
CUST_TCSVW56L3O,0.10898549
CUST_H6W5DMRGOA,0.031203458
CUST_A04QY7047X,0.11996297
CUST_6E3DGZX4S6,0.032717984
CUST_KNJVPJ9U03,0.03022399
CUST_4JOFRYSW7Z,0.09219909
CUST_VNBU8XI10H,0.08990938
CUST_H6WI5FEKG3,0.10774533
CUST_FC5N0O7KJT,0.10090728
CUST_8E6Q4S5Z2G,0.13486496
CUST_APE1UWI49C,0.028457947
CUST_J9HLVC6T9P,0.027088536
CUST_XZNWQORACL,0.12255673
CUST_F49EGU9OQY,0.023891667
CUST_0M173T5Y6S,0.021871855
CUST_WJIRUL27O9,0.04432864
CUST_PSWDZ5T5ZF,0.022666363
CUST_I2DJ8PZQ0M,0.099744685
CUST_TD2AFD8HXD,0.10810506
CUST_27699TV0ZI,0.8441184
CUST_L8E3JAWNMQ,0.02360681
CUST_1HFC66145K,0.018042434
CUST_I63CYMCR6C,0.033138793
CUST_LLKLKS5IV2,0.8581059
CUST_FTUTK3EY4L,0.11462681
CUST_J2LFOXXEQM,0.033309113
CUST_E90QHAJOE1,0.08864106
CUST_D78SZ2CGKA,0.14001018
CUST_3H2YJ28SOO,0.07094003
CUST_RZ5MIVP4VJ,0.75700986
CUST_UD5BQBI4HG,0.036994375
CUST_EG8JWUYJGL,0.025916856
CUST_94028WMWDK,0.028593512
CUST_D01G2O2HIO,0.84477675
CUST_RNLPIZ1HUJ,0.1343645
CUST_85QY44N614,0.16305716
CUST_T2Y0T5GBEM,0.03677533
CUST_3KPNSD4DQC,0.10359122
CUST_ZREPR6SJ2J,0.036556523
CUST_VCH0GQVO7W,0.06743747
CUST_FPK1P5O390,0.03196791
CUST_WBEAWT718Q,0.03218501
CUST_8JTTZ7JDU1,0.09234923
CUST_IFK9WZMSDS,0.0751328
CUST_PYDMZJB5KQ,0.10081776
CUST_FZ26T5ZXBJ,0.11190368
CUST_RUFMZ3CN7M,0.096390754
CUST_URJYWRXSYC,0.87440264
CUST_1WHOEAUMNZ,0.099172644
CUST_G0COB1IJCS,0.098844744
CUST_FE1TIN7BLT,0.8419623
CUST_OE9KZYPCB2,0.03771504
CUST_J7AU86NCMC,0.13750312
CUST_8C3483E373,0.032480493
CUST_R8KIVXIV5Y,0.031520933
CUST_WOXC0K23EV,0.10595671
CUST_IDTAOGJP7C,0.022751024
CUST_3RWUCHOFVX,0.02259337
CUST_MV74WXEGV4,0.83617103
CUST_SBXVX7H06W,0.8556272
CUST_SJ0LNMT5Z3,0.026709251
CUST_HHLQTG3V3A,0.02291962
CUST_DPXXS566X1,0.8216721
CUST_LLON2QEW6Z,0.020806534
CUST_BERJHR89MF,0.03116688
CUST_DIRKMN7YDH,0.13980547
CUST_Z73JC5ZVPD,0.12618159
CUST_A7YXYDJIFW,0.023152785
CUST_TROOSWH119,0.0863741
CUST_DI8CY8ZC85,0.04695123
CUST_BHVQ3AFQNY,0.024217011
CUST_6B2VMV8STO,0.030660676
CUST_1PIGLWIT8C,0.0346012
CUST_HUPD3LMX2I,0.10732361
CUST_KPLPWSXW8U,0.84717304
CUST_TFH0GO1NMC,0.073953904
CUST_AOT40IO5UL,0.030965941
CUST_LD8BWLPB0G,0.028697785
CUST_JXS443JZ9O,0.15020126
CUST_CC2JYYVWGL,0.082044795
CUST_PYQ1Q07A2X,0.09001463
CUST_G3S5DON76A,0.032771252
CUST_PO63OEKRDO,0.8037077
CUST_5YTXIHY20G,0.81876993
CUST_6DVINZO7ZA,0.018443054
CUST_KMIR3WNJXG,0.022675138
CUST_89F0HCVC11,0.031516355
CUST_8OVPFZD1NL,0.13560955
CUST_VGAN3819YZ,0.05781983
CUST_ZL54D4N66Z,0.04167493
CUST_R1VBLHSQM1,0.13007113
CUST_ZY6KU7WBFA,0.027788825
CUST_DVO128OAZR,0.09854651
CUST_PIV2KZ7FRZ,0.029530091
CUST_LL95X54W5L,0.032529175
CUST_DWUW4KUMPV,0.11333717
CUST_42Q0QCDVHI,0.0935418
CUST_PNK2VKUWW3,0.028143995
CUST_9R69HAMEP6,0.07858064
CUST_YAHFUT6W5E,0.025438394
CUST_Y364AHRAJ5,0.028019296
CUST_CLDVTJS9VF,0.023297295
CUST_KAGA6T9SJB,0.10824031
CUST_W6F8IU47VP,0.020626025
CUST_DR4GIYU3QN,0.028178543
CUST_OIGUDNGYRF,0.025412932
CUST_7IT8WAYBIB,0.031530067
CUST_GWFH31IN2F,0.02642701
CUST_M34PRUUS3Y,0.025379008
CUST_LZIPMTASUK,0.025983687
CUST_D99ALEIYTL,0.13219826
CUST_I1FMSLPBNW,0.109356984
CUST_I5G7J96ZBX,0.025237508
CUST_XHFBJ7L0NM,0.077565156
CUST_0721X49C18,0.08838814
CUST_S2WA226K4A,0.037303362
CUST_XMF4K8ZRCQ,0.020145677
CUST_YNGT1WZ6XF,0.058173656
CUST_6G9XFNO8W6,0.10660119
CUST_TT8OGAKKXV,0.12033764
CUST_IUY3FZYWG6,0.09067834
CUST_NPRGO78ONN,0.027671682
CUST_7V91YCVICX,0.024924343
CUST_CCJ3WQPL8K,0.093758725
CUST_FT3W7Q7LE2,0.100543156
CUST_JDRU5QY44U,0.026435465
CUST_CUEGG86NXB,0.20196018
CUST_1I5W54TD1O,0.025904061
CUST_FF4EF18UC3,0.02923565
CUST_R7O38GH887,0.16213438
CUST_OZN863KGJN,0.026213726
CUST_P0CY5HYU0J,0.030080698
CUST_OPT5YH77DI,0.15206653
CUST_6YW7A130VC,0.02520847
CUST_X9BSQ2YZNS,0.035370924
CUST_O2N5T3F37Z,0.019844031
CUST_IQBVQU49K2,0.0771813
CUST_C4VEC712P1,0.025710452
CUST_D9ISPSF7SR,0.09051283
CUST_4FY3HRUZ0G,0.026823934
CUST_72R5ZU2TZE,0.15258962
CUST_B4YCCLO4ST,0.025087146
CUST_2PXTIUJ74T,0.024436403
CUST_6R8HIADJMA,0.1035896
CUST_0T7DAI7NW2,0.028063113
CUST_H4NXQ30VVC,0.07037671
CUST_4QF24J2AD0,0.08575583
CUST_JOHPX76GVY,0.099566355
CUST_P4SY413RRP,0.9064649
CUST_IQVN8X3JDG,0.15144143
CUST_F5I6FV443R,0.025504192
CUST_V10BC6BUB0,0.029980458
CUST_EL5SFSHVIS,0.08939898
CUST_R5EFADYKTN,0.12905167
CUST_OL9FK587BR,0.024221526
CUST_W648TJ6JNA,0.09619624
CUST_LCHWNA82SU,0.025740994
CUST_8YWKCTMAHC,0.11059428
CUST_N1D64565WS,0.020032529
CUST_4916UWR667,0.023287905
CUST_JE2ZCORO3V,0.067164324
CUST_ZRTBQI2SHE,0.026488833
CUST_OS67TZ4BTN,0.034861628
CUST_SXI0QDNV27,0.11068076
CUST_1PHYZWF569,0.07824188
CUST_E4QT4LXYIV,0.025433792
CUST_559FO5D8IN,0.049966197
CUST_OGMBE5HEKY,0.66153884
CUST_SLVNH2KOXW,0.028216377
CUST_NPPBSOUMSX,0.13432597
CUST_VOA5NZMOE5,0.022264205
CUST_5S5HPHPBXE,0.06960217
CUST_OFTIB6PZPU,0.14252065
CUST_YMYJ51BNLU,0.8641904
CUST_LBQTDYUQQH,0.78682935
CUST_0BNKW0QMNA,0.02931572
CUST_MELOAJDTX6,0.78845155
CUST_298HK81B44,0.018880844
CUST_6C3T2Q29TA,0.021273507
CUST_WTZFO42082,0.03147038
CUST_MN0HISO6ZY,0.033014737
CUST_G2WVTI80LR,0.022679692
CUST_7YHUUPQYMA,0.1039342
CUST_4LXJHTH342,0.07792418
CUST_HYE0AJHN0P,0.112782426
CUST_W935RAKGE0,0.02654617
CUST_0ZL4U1K0AJ,0.034087528
CUST_E3UEV63V34,0.030911786
CUST_6ZQLGB4K6T,0.13461854
CUST_VRPZ7SDP4A,0.076559685
CUST_T1ZHUZ8Y8G,0.029382197
CUST_FH6BWM4PXS,0.02009371
CUST_1ZXZSLT68L,0.024595253
CUST_6N2GGWINCU,0.03692452
CUST_2NKZ9RH7R6,0.10366142
CUST_EYL8HYJ2VO,0.028592115
CUST_AT40XD8HWO,0.08377001
CUST_0DW4BR9MC3,0.02267958
CUST_5JPYJW32GC,0.12923686
CUST_XJYNPR78SH,0.036122713
CUST_YH8KRZYPK7,0.031280108
CUST_NIXP6ZGRFE,0.8027181
CUST_5BKVUBZI2Q,0.034001995
CUST_LO58CYXJ8F,0.02297464
CUST_F35UR4PQYW,0.14166257
CUST_V6J0TYQ58T,0.0911217
CUST_Q6YKOE4WGJ,0.87325555
CUST_IDCZDAJANR,0.7232683
CUST_9BI201NS95,0.06833028
CUST_BGUIB0LHSA,0.024223993
CUST_HZYGKXDHI4,0.032268573
CUST_MMRSDZP50T,0.021562183
CUST_5F5LTMYXKL,0.08205477
CUST_VU4778OQ3A,0.049696792
CUST_2AFPVSAUE4,0.034401152
CUST_SPC40OW806,0.02857737
CUST_VFV1IMVZ75,0.01916096
CUST_JSGJ4GLHDX,0.036080815
CUST_I9SLTDPIGY,0.06104653
CUST_TV4J911N06,0.027916027
CUST_Z6K1CDRVC7,0.12086975
CUST_WENLIEP366,0.018541388
CUST_ICGFJANE5L,0.109517165
CUST_B2ZELBFEIX,0.025206748
CUST_G3A0HLXTZN,0.021020737
CUST_YQ4CUU3K15,0.10168033
CUST_QBGC5X50D7,0.111771755
CUST_KWEF2XSA8M,0.022105176
CUST_F1X723L936,0.1065273
CUST_SJFBLCRMZJ,0.11268616
CUST_3DEIHBZPLM,0.02228429
CUST_N05M5YAQWP,0.09304411
CUST_7KQ5CPX1R8,0.026323264
CUST_GH0UEPK8ZV,0.027131774
CUST_CZK2CA07KD,0.03135871
CUST_FT906SQDP4,0.036658164
CUST_CKGNDHL0NE,0.085959025
CUST_3VX4XP6Q0M,0.75999296
CUST_O9RDZP0F7C,0.8759759
CUST_644GY7H5YL,0.053170454
CUST_G69ALJ58E0,0.11300728
CUST_JY43CPX89E,0.029410614
CUST_A0FWLYWH0I,0.80891436
CUST_AYMJYEUMZL,0.0751243
CUST_QKV72G9RGJ,0.14205964
CUST_NSTWOP83X5,0.03102547
CUST_TT56IOGUTN,0.018918896
CUST_SN9O94GT8G,0.02185327
CUST_Y6EB8HBIEK,0.04427871
CUST_C1XMWPGL4M,0.12573127
CUST_JAC0OWUK22,0.024328202
CUST_PY2S6ISNN0,0.02548994
CUST_2R9SGOI3LU,0.021651115
CUST_WVF24P0PDV,0.8809696
CUST_S8VG625B44,0.025630778
CUST_ID9IBTN02F,0.02690643
CUST_TCB0G51JKE,0.8940924
CUST_ZCC33LA3SE,0.091404706
CUST_HYVNUKHYPP,0.03757992
CUST_9DR9XMFJ88,0.10071471
CUST_AIAZYU8R5U,0.023612823
CUST_8N3M0W92ZK,0.023000149
CUST_MSA495K9NI,0.0271407
CUST_0LBTG1P6ST,0.092507064
CUST_EEGSTFQC3X,0.06653992
CUST_2NLBS96PQB,0.03770364
CUST_VO1UN14I71,0.10454684
CUST_F6C5MPKS7Y,0.032705225
CUST_GNNWEVIMW9,0.024050664
CUST_9XWMBCEMRC,0.07423122
CUST_TPAVNH0WWY,0.02303384
CUST_J1CVLJB637,0.05978411
CUST_XR3QXFO7KY,0.10945976
CUST_Z0JVE0YK14,0.124573916
CUST_AN36GK9800,0.077874266
CUST_TCZ7FVROLV,0.07926879
CUST_W1UXWJHU23,0.021854473
CUST_OSRI0ALEFF,0.1359187
CUST_BXV09ZG2XU,0.017746694
CUST_KVPM3R7E4U,0.02165661
CUST_73ABTBCVYM,0.02242683
CUST_TMG630XHX0,0.028640348
CUST_SFJNAMFQMQ,0.031172108
CUST_TDXN12HZA6,0.019218707
CUST_4R2CTX461I,0.025497476
CUST_87JVEOD7HZ,0.03233686
CUST_IOB7UZ39P1,0.12120101
CUST_EYGEZ58YG2,0.022127155
CUST_L6PFSW5U42,0.03303452
CUST_F301GUK3G1,0.024332907
CUST_OOZZ3W0HD4,0.042294275
CUST_MDS3XBU805,0.017724888
CUST_7D3NE2GKCB,0.814359
CUST_4A3CWWIUNW,0.020453932
CUST_EZ6UQD278O,0.7045032
CUST_0SYF96EV4G,0.036823142
CUST_82RJQMK2HL,0.8721003
CUST_0GJ7L6XSNU,0.033973664
CUST_D92PO8R59Z,0.18490091
CUST_NJT24FRU3N,0.15146193
CUST_AC9U60YR2K,0.1006787
CUST_GHF8Q5USQ2,0.03336608
CUST_Q06SXHWG87,0.10180228
CUST_30UWUQPVGP,0.09026081
CUST_VZOIPL71M0,0.11712449
CUST_06ZUIK9OHN,0.11092663
CUST_9GWBV4BDKW,0.13696134
CUST_ASZJRC1JGG,0.1054565
CUST_PJDYEWIZC0,0.13423967
CUST_01RVPGVSP6,0.047791958
CUST_CKJDNT0DON,0.032703575
CUST_RBW2QPCM5K,0.0950136
CUST_NJTWLLE8DE,0.034484096
CUST_ERFBFPYYNJ,0.020886537
CUST_KVOXRRANDU,0.18511108
CUST_RSIT2XIYMG,0.023292454
CUST_C547AG2AO2,0.02474506
CUST_01M7P86O53,0.036048386
CUST_3C5QSYRJWL,0.02568839
CUST_CJG8MPQFGB,0.01992013
CUST_0H2425H9SB,0.86831194
CUST_3IXG1IZM7J,0.030301685
CUST_6MD3I94NR2,0.07576794
CUST_JDKIHGXLUT,0.08102065
CUST_TOL79UK88M,0.06984782
CUST_Q9HZXM8XQG,0.033145614
CUST_MBTIM6T1UK,0.024654808
CUST_DT7TAZMRM1,0.06426416
CUST_O85Z2RMIKM,0.14506827
CUST_2SIJVCFCPJ,0.024196686
CUST_NUVXT6ND0O,0.14431004
CUST_220V7U9O1Q,0.034173045
CUST_J3X2GGHAPU,0.1508117
CUST_GQMYVZOKNQ,0.026943415
CUST_D1M8NA5CUR,0.08322963
CUST_CG7MT4GRP7,0.024604522
CUST_JO4IF89IQR,0.8128351
CUST_R0BNMU6ZEG,0.024172373
CUST_E6LQBLIW9U,0.021375297
CUST_AMMIUZTQSX,0.073695526
CUST_UHYKXHVLGO,0.07568317
CUST_08WCYEW2WU,0.80672574
CUST_R8QXDEY8QW,0.10993169
CUST_DB2H37B2S8,0.01807114
CUST_JWDNO9FKLT,0.09671316
CUST_YQ9CL46JQ6,0.7846983
CUST_R80PDY7IJX,0.101493955
CUST_SN14PJKXLU,0.029441893
CUST_EFQQEH1A3X,0.016909182
CUST_QV48HMNMSW,0.024032233
CUST_2AN06AFDDV,0.028874699
CUST_7496DMHEDH,0.11633728
CUST_XF3ULM6AJL,0.020009711
CUST_11W36O3NV2,0.13219638
CUST_LW7FO21XO7,0.11787551
CUST_5EUPXL8CL7,0.025604831
CUST_LX05LQ1UA5,0.030484434
CUST_XLT5JGX4JN,0.024792613
CUST_GE2A7URKX6,0.02698735
CUST_J3LUX3123Y,0.02352698
CUST_29D9EP8U3K,0.08783758
CUST_MEIMEAZVTO,0.028012415
CUST_CK3O6B7LZL,0.1134804
CUST_PG01B5VJN9,0.026025658
CUST_VM1XP4R9KI,0.03210582
CUST_7OQDL5X1E0,0.05614629
CUST_CNWHDV0OS1,0.047077972
CUST_YUGY2RYUQK,0.15583223
CUST_KFR2AJUKBB,0.029373726
CUST_OGYVEF0V2R,0.03864548
CUST_QLFIP380KA,0.10278723
CUST_7CYMHCNMAW,0.14182372
CUST_AFN1E33GCG,0.023054034
CUST_R42TDTZE6I,0.07380195
CUST_021FPCEVLG,0.03436183
CUST_AL3WZ6ZI1X,0.02295865
CUST_5L23CRLH6N,0.028130746
CUST_GE8TM0PJHX,0.7562947
CUST_RP8TTENPOB,0.02180087
CUST_VX9P6UU47O,0.036106627
CUST_FQGQ7SY77E,0.119697124
CUST_CQU6BKUYRO,0.13707854
CUST_NCNBCR8580,0.7629292
CUST_8RUKEFWNNB,0.023840604
CUST_VF1IU0PN5R,0.031975906
CUST_1118R1PTIL,0.07831071
CUST_GJIGFGFTCL,0.82429314
CUST_C8ZIGHAST7,0.022826852
CUST_ZLQJWI3K8X,0.8088766
CUST_AAYOSYEWXQ,0.04000067
CUST_AYG16POLKP,0.024635576
CUST_1IF5TAES6J,0.092489086
CUST_YGNCKJEW0Q,0.022485165
CUST_0JZDZCTPBR,0.020012155
CUST_UKQSUHBOXI,0.034223482
CUST_0PL8BIWNWB,0.12257217
CUST_4Y1SULE7IL,0.031524293
CUST_W0JVBXF8GG,0.03619268
CUST_DQJL6NLLRW,0.025584739
CUST_K13PN5OMWD,0.030790878
CUST_MPCSMEYU3L,0.10180354
CUST_3CVJ9GFC9K,0.16733323
CUST_LF50IYPNLG,0.022683058
CUST_9YRI0YPBXU,0.023981884
CUST_KB0STLDNNS,0.16218977
CUST_LJ8RTDRRSO,0.022779442
CUST_GTU99Y3D2B,0.06495897
CUST_K6P04Q7E15,0.029294293
CUST_CPA4TG3AMD,0.04233183
CUST_LA8LCEOGY4,0.03473086
CUST_P54TYS7UI8,0.024382778
CUST_YN14ZBESAW,0.024770387
CUST_QNFKTFJZW2,0.027091602
CUST_8F0RHKHWTO,0.12594262
CUST_3TVOOPWYR6,0.7972443
CUST_9G92GOEOCQ,0.78344405
CUST_4MT5KX3TSP,0.13007371
CUST_5FAUVVPAR5,0.022577371
CUST_47RCQZGLT4,0.022198843
CUST_0WJ7Q0M7PO,0.11482046
CUST_NNTRFO3XVY,0.02817695
CUST_YTCMLIH20I,0.022200892
CUST_ZOLHHR67LX,0.026804455
CUST_USLD38GP00,0.032099515
CUST_7AE0ARYVNY,0.82920223
CUST_4CASSAREWK,0.11677761
CUST_IAKF662RUJ,0.91507006
CUST_K3JMLE05GT,0.074573115
CUST_OQBQLUM0OI,0.0804732
CUST_VQX52866IK,0.03025837
CUST_JC2EYXSZG0,0.1346239
CUST_AR56CO7W0E,0.10469041
CUST_GL5ST2GZRN,0.020998934
CUST_PWR3I36Y8B,0.03737396
CUST_RUU1B0JLXN,0.07757534
CUST_67ET1HL3AF,0.020683156
CUST_W7SQRJ0LKK,0.075196706
CUST_XDEQIKJCB3,0.14669594
CUST_9RG48UG2CA,0.036210626
CUST_OIXWGNW9F7,0.029020403
CUST_DGV5R0JNA0,0.048508406
CUST_TR1DG4SJRA,0.023493433
CUST_ILEP50U04N,0.038205545
CUST_1I78MFEIPR,0.09435612
CUST_ZMW98VZLZG,0.028064603
CUST_REK3UWVE5H,0.024271049
CUST_NCZFOK7HKP,0.06399488
CUST_JC0RX8VLH5,0.026745223
CUST_QJ327J6WQW,0.02413241
CUST_7I3A3C3DRS,0.033159807
CUST_SDMNXC9SKR,0.07097835
CUST_AZOTAMC3AR,0.027561156
CUST_NSD20BVVRT,0.0280002
CUST_R1ADGU88MV,0.119071566
CUST_4M8XBNMI2E,0.09066132
CUST_1ER5M483AI,0.07732296
CUST_GXR29QOS3G,0.03450255
CUST_9OZOBL3JDP,0.03771642
CUST_V0L1YMB0L6,0.033363327
CUST_IAAM874J0B,0.114717476
CUST_FRXG58369Z,0.05847003
CUST_SE8O78Q8N9,0.094517544
CUST_STUVXBRP8Z,0.039461102
CUST_JQNX25MHY4,0.09376202
CUST_2UKW2D69R6,0.02269579
CUST_TWWOWAQ101,0.04129677
CUST_VO8YIHFS8O,0.022703173
CUST_KMXP88QMIC,0.063773565
CUST_YQZYN8JXMU,0.831605
CUST_XXSZUPUJE5,0.11824271
CUST_LBAQJF6XFI,0.14502996
CUST_4FTRTVZOMB,0.030103443
CUST_W3HKSW508T,0.13889728
CUST_L8TCA5JUL8,0.02577344
CUST_AEXSXYHGBL,0.15013772
CUST_W3056KRED6,0.024452522
CUST_5H9E14TKUX,0.110638164
CUST_Q8S5SA7MOV,0.028482322
CUST_9NTQ7V4HY3,0.026973855
CUST_LWOWQF86P5,0.03876283
CUST_7BA9OCTP30,0.08240195
CUST_R0H37ZSO1P,0.8010086
CUST_DX07285GHI,0.019411277
CUST_KX98D9FOK2,0.02729362
CUST_2MDK83HJ0A,0.035644423
CUST_IDG7FOU02A,0.7698372
CUST_3KHH82B7LF,0.025187926
CUST_BOT391KIIR,0.022953296
CUST_JCBM3PDMYX,0.7972937
CUST_T7JFFJELNH,0.04020041
CUST_ZVYCH2RQQK,0.15419275
CUST_R219XLG982,0.021143738
CUST_N5HTG3Z9FX,0.028429085
CUST_VTLOO1MWT5,0.09469121
CUST_40A31VDLNG,0.07889473
CUST_E2N65KT02Y,0.032852586
CUST_JFB75DSY5T,0.023626646
CUST_IOVPUF65YK,0.734251
CUST_NJVTN0QSUN,0.021348117
CUST_4C06LGRKK9,0.028403543
CUST_LY3Q9ENY3E,0.038952485
CUST_XM2BYAEPOJ,0.122962445
CUST_NG6MKC9E5O,0.7981962
CUST_FXCG6TK7J5,0.70358205
CUST_PUN1JYASSO,0.021049008
CUST_WTYUCJXRGI,0.09935027
CUST_SG8UF95X5H,0.08205443
CUST_BZN9UQIL55,0.12663691
CUST_STOWQBQZWM,0.09731987
CUST_W1HYKXMMBC,0.8455581
CUST_RNLF8R4CLP,0.036861178
CUST_JTLAT8OW6K,0.01860298
CUST_HP1BD6I0JV,0.01817866
CUST_7SXC1URLW0,0.09132178
CUST_EK2THS8XCU,0.75526613
CUST_UUO8IUGHNA,0.09028125
CUST_XTNP9XMN49,0.025177438
CUST_UPH6SN4ON0,0.02345974
CUST_XQT7RWJMO4,0.08460412
CUST_YNPVBSWL7E,0.02236878
CUST_V6FM7LPLFA,0.03489989
CUST_8OOHK9O1FQ,0.17248473
CUST_5KUEH08AXZ,0.6932391
CUST_ZDHRURS7KQ,0.07983643
CUST_C7VWF1KH5B,0.10150707
CUST_AZ0AEMTSEM,0.08651202
CUST_ROG2FL8RE5,0.037858672
CUST_3MKDBYM5FG,0.026709767
CUST_HQQZI5240Z,0.1362601
CUST_1SYFLLXQN3,0.8348593
CUST_758PXEGB5V,0.8500967
CUST_47PSSBMXEF,0.7241048
CUST_WBD4OR9SND,0.02563136
CUST_SDGCIY7H7Z,0.08398135
CUST_RC3J2CKTUW,0.78574073
CUST_LSKXYMYFP2,0.035280615
CUST_5YQITGZYAZ,0.034544248
CUST_HWUUN78IJ7,0.10022342
CUST_PRRCVBTPP3,0.026861092
CUST_77F3GOXPGX,0.10082688
CUST_5HEPU22KUC,0.08004581
CUST_5V56A4DKC6,0.02928727
CUST_5UW9WYVOOQ,0.0734454
CUST_57FF523YH5,0.03188735
CUST_PU6DK867D5,0.028606407
CUST_LFW3B5G8NV,0.024494804
CUST_C2GB5MODLA,0.023613105
CUST_QEPT5MCP3E,0.77167124
CUST_KPV3VOCEWM,0.03782645
CUST_WCP1QM8FS8,0.83396584
CUST_HJKDZ1U12M,0.08995589
CUST_7W3E67OO6J,0.03637502
CUST_EQUMKMO9XF,0.12512177
CUST_XFZN90RJ6Z,0.110583805
CUST_BZD9ZPVB0K,0.11622791
CUST_5GMBFM6XUB,0.06566027
CUST_HJN7ERT3LK,0.022949394
CUST_COL6NQRJ3M,0.022354197
CUST_YPVSZRD7TK,0.030219743
CUST_A9Z2C93RY6,0.022837996
CUST_SO7FCQ9SMH,0.02092876
CUST_OHRLN40RDF,0.7468167
CUST_T59LLXZODO,0.7825317
CUST_21OZA7IIM5,0.027485607
CUST_9EYT7QUGX9,0.023809375
CUST_J2CT8X5NLD,0.06020737
CUST_IBIC9FCHBR,0.12127145
CUST_ETXSZL1915,0.022138283
CUST_UU7VXOW54B,0.02174564
CUST_UCICB07VCJ,0.12729377
CUST_8YVN07ZB3V,0.030703692
CUST_HTWOVISFGG,0.085885346
CUST_BA06ME5TRH,0.09401298
CUST_KMEPAVDXX3,0.080484204
CUST_85E1PLTQ5O,0.112357594
CUST_W6L3YZQQ0S,0.028029058
CUST_QR21SK6FE0,0.024461873
CUST_J50V1Y6U12,0.10561316
CUST_MA94TO6WMW,0.7740226
CUST_4VDORUV8AC,0.10594246
CUST_N23DA6BDHI,0.058389712
CUST_UFOGK84S8T,0.022644678
CUST_66V4MR02UF,0.031122632
CUST_DYWH3GO1JP,0.024556382
CUST_WK4QT2ZKSI,0.03212081
CUST_YVVXOS620X,0.025067061
CUST_RU9FDJOWZE,0.119423464
CUST_0NAHZ6BS60,0.07796701
CUST_3JY9GEYCQ9,0.04062646
CUST_IG6U66O6TE,0.033950064
CUST_GEWGXTX5Y5,0.02960763
CUST_B6V9LTJRAX,0.029743293
CUST_ABPXH8C2GV,0.1363821
CUST_R35T6SMM4U,0.09508682
CUST_TGIWISGR2B,0.7458622
CUST_JG1CXZXMKR,0.023189018
CUST_24I2O29VXW,0.023370292
CUST_TQX72OCLPP,0.08762072
CUST_RGPBT9SDU6,0.021212168
CUST_FSF5GMWN3B,0.029198986
CUST_UD7J44RT3T,0.07257522
CUST_D4ZRZ3MORW,0.027109032
CUST_W1ROG6CEQH,0.032394327
CUST_9HO6EM79AM,0.025230348
CUST_NRZL6ACOWA,0.028057385
CUST_VODQ2TB1DZ,0.10798543
CUST_9FLUC4NYPE,0.032814655
CUST_B4S6KLJ1RO,0.025537746
CUST_Y3ZOV5URHQ,0.13340111
CUST_24KB12BX68,0.030084137
CUST_7O33KFIROC,0.8102686
CUST_EKW0953KX3,0.7533725
CUST_0B3EA2SQ1A,0.07541091
CUST_DG9MHMPOQF,0.041210625
CUST_TMLG21X3E1,0.87148273
CUST_QZI85R4CMS,0.026760902
CUST_EF66TPMWPH,0.028237404
CUST_Q1QVR9JMHC,0.026948635
CUST_LICBI18S6S,0.022880223
CUST_K6TG8V384K,0.09509956
CUST_9Q9EM48F6R,0.028318923
CUST_DK91AS3FWR,0.052915752
CUST_GT2VHAZDR1,0.14122719
CUST_325ULFWO7D,0.13964546
CUST_7HEBK7BX2G,0.027647605
CUST_VLRQSS8WND,0.14592771
CUST_4KTG0JZEE8,0.07477626
CUST_HIEM41AWT3,0.029469805
CUST_GB6FOB71UG,0.11965183
CUST_FZI93GVCC1,0.028204422
CUST_7EJ90FM1CV,0.09436382
CUST_VZ1T1T3AUD,0.028302664
CUST_6J0M98FX8Y,0.02752773
CUST_I2EEUF36NA,0.02154726
CUST_F4VVSI0BPD,0.023254415
CUST_8E4HENEV0B,0.024994418
CUST_L1SVJYB558,0.031181816
CUST_X4FEFVQS9Z,0.02550021
CUST_2N028P8ZF4,0.02684574
CUST_TVBJ558ZOP,0.030483937
CUST_6Q450OSTXV,0.032625813
CUST_Z3719O6TWA,0.02154157
CUST_SKO8E8EVRP,0.15749891
CUST_KGFWVOBLJL,0.035483826
CUST_UT4BDO4Y3Z,0.08463583
CUST_OZRQQE0PNI,0.11422426
CUST_01QXR0824F,0.1463658
CUST_6YCTUSUE8S,0.021596584
CUST_830PJ3U71S,0.03574975
CUST_RJX56JI885,0.023239257
CUST_JVO3DV1A59,0.037772566
CUST_A0HS6FAELT,0.026664203
CUST_5TFS488N31,0.03305629
CUST_CQAXDGE1K2,0.023340013
CUST_LUZ5EMCGLK,0.025601504
CUST_PS4GQX0XLE,0.0995458
CUST_R0P8OZRSCJ,0.16694197
CUST_DAOY8MEQ6G,0.033037923
CUST_39J28E29M4,0.0882071
CUST_IWV7N4VKG7,0.027090961
CUST_5C5WTJZHMO,0.032147184
CUST_0D3Y40FOJ1,0.058649637
CUST_6BEJ2K9DE9,0.12958609
CUST_ZUJ4B9NRN4,0.7625679
CUST_GEAHFTKWT8,0.1513036
CUST_KN1EW617TZ,0.030407123
CUST_2DU9JWUXD3,0.026463237
CUST_MWVJ0OKCZX,0.11026714
CUST_XE49LBSZOP,0.8310045
CUST_BTP0830V0M,0.041479126
CUST_TQJFZ6EW6Q,0.9034281
CUST_KHUE85FBOY,0.11023926
CUST_893I7I1O14,0.020635048
CUST_1HUSLXGUZ2,0.032934774
CUST_88PCRQV5IH,0.029402373
CUST_UJIE5BCCMA,0.069603786
CUST_QC9G6A1591,0.032643136
CUST_87PYWLA8MK,0.033733282
CUST_16BHAXHWIV,0.02212781
CUST_EM1ZNMVFNZ,0.865999
CUST_8HA89AM5XN,0.11121453
CUST_Z5YMA7UJZY,0.14789249
CUST_975SVEQ72T,0.024689069
CUST_A0OX4O9KDB,0.1251707
CUST_U2RN44UJS3,0.10513678
CUST_E1M3BN1YP3,0.16174518
CUST_9XF9MXS33X,0.08941451
CUST_E4BVRD1CTF,0.91173166
CUST_W0NPPQV07H,0.035765596
CUST_62DMNJO0LE,0.8899124
CUST_L0H9CFEDXA,0.13055176
CUST_VDQZ735AOF,0.029443879
CUST_55M8E8ZZ17,0.02359094
CUST_TEA8345VBZ,0.024502534
CUST_8OS1URJGDZ,0.044402868
CUST_2JEEM85RAT,0.13628623
CUST_LQ2931BO01,0.09293341
CUST_3Z4CTTE4LG,0.14319557
CUST_WI1EJPFXHN,0.10144451
CUST_82XUFVBJKU,0.85349065
CUST_TRW3M9HHUB,0.028596427
CUST_2Z0UBLCIOU,0.021891173
CUST_MYXMDBG0SR,0.022638282
CUST_X1PHDNXTB4,0.035070125
CUST_UTTCJTBMUH,0.028448077
CUST_3SYIKTYWHQ,0.17594737
CUST_9BKE62N1KF,0.07648198
CUST_IKFM5BINFK,0.11799635
CUST_MUUZQGXJNB,0.12967323
CUST_Z3PBWC4FY4,0.022280727
CUST_J3MKEIAOW0,0.10654046
CUST_7MHCMK292T,0.088495374
CUST_1TZVU321Z2,0.1314422
CUST_CHRTSDPTT2,0.13246827
CUST_ZG2MOXQYD8,0.071224235
CUST_931YW57M6I,0.15327686
CUST_0GF5Y5SFJ6,0.8378665
CUST_YI1Y46TMH3,0.02665902
CUST_3ZB01YFEHP,0.7715862
CUST_AQPIB1T2A1,0.029198322
CUST_K6FQ0K3HKJ,0.8133015
CUST_H1MXAPIGWG,0.08590339
CUST_3200SWXVM2,0.031715285
CUST_JBFRIKOOMI,0.022442162
CUST_LGO333A9TG,0.025109252
CUST_ILD30WAVJT,0.07674914
CUST_5IAB7QYEF2,0.07043399
CUST_6Q00SFKY0Z,0.08624537
CUST_MGIC9KGQ7W,0.03291433
CUST_2I5LMLE0FC,0.13498782
CUST_4V2Y8EQB2R,0.021486983
CUST_5R5CASYO28,0.070126064
CUST_Q727W19CV6,0.026619215
CUST_7Z2V539ZR3,0.19962709
CUST_TMQI9HLR89,0.036453858
CUST_DJLSGRCZXR,0.1339816
CUST_0YLKOXI98K,0.030184157
CUST_V7UHH7L8P3,0.024452424
CUST_IFYDLTGU0L,0.022324318
CUST_LI9IZKWOYR,0.033839524
CUST_4XURGTGC1L,0.032013807
CUST_POKC6HT3VM,0.06614852
CUST_H6NWL4LSZ4,0.08248476
CUST_JEOFYZFGA2,0.02326397
CUST_J8Z34JGS0Z,0.0317434
CUST_RD3AKXIZOY,0.14200914
CUST_XKCZS4BCVE,0.08991641
CUST_YOVVQWI6MN,0.04756726
CUST_T8IA4899R2,0.022789879
CUST_W5L272138Y,0.09321165
CUST_2JC2AJMSXO,0.16655996
CUST_2F4YPXSGBD,0.07824268
CUST_7017MJDXMQ,0.84483707
CUST_TKAW6G0TJB,0.8707404
CUST_95BXTWUPG2,0.026980406
CUST_Y47UXR7670,0.026169322
CUST_E3QR5PCSGP,0.09280052
CUST_WQGZX5DAK6,0.074607365
CUST_ZMMYPFRNSB,0.088666275
CUST_1BUTYH712N,0.023443665
CUST_8UPUA1CJYZ,0.18016043
CUST_SJR4HHKIG7,0.027795803
CUST_RBZFG87037,0.061644636
CUST_FOOTGK5NZ0,0.028241374
CUST_LOGUSL8I8M,0.10398595
CUST_J9PT7HEY9G,0.02842346
CUST_8GHML6EI2S,0.080324434
CUST_RW1NL6256O,0.025574327
CUST_9B8S44REYN,0.10068255
CUST_SRBMN6IFCL,0.024562154
CUST_4G4263ZC3O,0.06761637
CUST_JI0BBNGQQ5,0.025071872
CUST_HCV7QLNG83,0.06782299
CUST_MI3UPVM27B,0.08750369
CUST_BXAZCBUEMT,0.025826886
CUST_W840X60YBQ,0.02626153
CUST_BPDIXSG4UR,0.03745387
CUST_AU5CII1KIO,0.022916887
CUST_Y80H7VKHQT,0.1071661
CUST_8PLBSALXZK,0.029590141
CUST_2Q6CCNXO1P,0.026016988
CUST_GY2B8F5AC1,0.09295875
CUST_I728UJHVS8,0.031822667
CUST_RVELK2IGPT,0.08862304
CUST_KYESUGAWP5,0.02641669
CUST_T833IBWES5,0.86196405
CUST_RTYT5XQGTY,0.7461038
CUST_K78EBEKQLH,0.089081146
CUST_ZMXNT3OMXZ,0.02182375
CUST_ZRM76LBAVQ,0.090868816
CUST_0N82YK6OR0,0.026427628
CUST_LQ8VIAA1A5,0.12683405
CUST_1ZSPPMXJP4,0.13130938
CUST_NM036N6OPI,0.031343028
CUST_6801TBPMGG,0.11013549
CUST_VI7UC7JRR3,0.13641296
CUST_3VP0BS3KME,0.021244299
CUST_WEMD15FFO9,0.08393863
CUST_1TMFYZ0BGD,0.035929114
CUST_75HEOAAMA1,0.030335478
CUST_UB56PFPJEQ,0.12089344
CUST_QVWKIWXQKK,0.13802029
CUST_FMADJ0DKI8,0.14585932
CUST_ZG8YEM0COK,0.07053694
CUST_XAL3XUP5RI,0.026636276
CUST_A0W1NCA3U6,0.116420195
CUST_OBKQ24XXJ6,0.037205398
CUST_67Q5L4L6HV,0.024549143
CUST_HQKCSAGASV,0.032830052
CUST_VVGL0D6E3W,0.6031807
CUST_CUDZH8E384,0.025825104
CUST_F9KQ7VJP1U,0.03943015
CUST_O0YO03IEU2,0.026654666
CUST_342Q380EZY,0.024128221
CUST_BQB1M20E0W,0.024152784
CUST_KW55KTBB2D,0.022980679
CUST_DU44NOMXY1,0.104118444
CUST_DI840YMCXF,0.020169118
CUST_R6L2E4TT5Q,0.024409028
CUST_EXAK4EWT59,0.03311477
CUST_0QXLFHV943,0.039124228
CUST_QF8GJ499WA,0.09033419
CUST_XX38GD6MWE,0.026287302
CUST_ATE1MMR0MX,0.09098504
CUST_B2886HX3X6,0.032989673
CUST_PSC9YCL80A,0.02630953
CUST_BAMMG66OX2,0.10443357
CUST_ROGA50DYHF,0.08054258
CUST_A7ETCBE1KQ,0.036180925
CUST_JQ5FF5UYIZ,0.10992441
CUST_UCR5ON6YIR,0.0776224
CUST_G9X1LJKC65,0.1251818
CUST_AUM0PY5ZXL,0.09562016
CUST_FIAOIK8XG3,0.017798603
CUST_PLLM2APADH,0.07972721
CUST_F7V7NF163L,0.07397208
CUST_0IZCHGSJMD,0.035296228
CUST_K1GFJDDKKW,0.034776393
CUST_41XO76IXNC,0.020809785
CUST_IOIK49KCU8,0.024623737
CUST_F0DNYVQNIG,0.13274692
CUST_SDHRTXLZLR,0.021222085
CUST_M8HK4SQR7E,0.14551845
CUST_ESKO14BIOD,0.041367006
CUST_39BMW9QL0R,0.027930276
CUST_9I8MXC610S,0.16256726
CUST_64EK7OSFDT,0.10527594
CUST_YPH1C4SCHG,0.026122607
CUST_0PAQ3VZRTJ,0.022508843
CUST_TXILCK7AIQ,0.02602949
CUST_X3CFIOPAW6,0.13290353
CUST_GM02B2L1IG,0.046235397
CUST_BYQD20RD9J,0.030839913
CUST_QWICWL8L53,0.041137256
CUST_GIRS57ENGK,0.021999724
CUST_B6NFMIGXSR,0.108771816
CUST_N8YSC6T090,0.027885752
CUST_PZM88WDTEK,0.8792644
CUST_ROD7468B2Y,0.034213454
CUST_HXYZCUMM6L,0.098846406
CUST_AMKZ2PHGQE,0.09053825
CUST_N1KYACEMQH,0.122583866
CUST_J4SJT5S1O8,0.79487526
CUST_BDTR7Z8JQC,0.07387325
CUST_G6VYYNQ4Q8,0.058940716
CUST_8GO44G9EGD,0.025179742
CUST_JJCMOTO1KP,0.11367565
CUST_V9UMSPL1HS,0.12271219
CUST_5HSVX4DVOT,0.023822462
CUST_7CP55QNUYJ,0.027845554
CUST_ZRXM6VP2RU,0.035724975
CUST_3XTOHF20CN,0.11783835
CUST_8LONQZGXGG,0.12130557
CUST_1W768XX4ZW,0.117380515
CUST_N5ROQ15NOE,0.12141985
CUST_SAQCM8NIXJ,0.020905325
CUST_08CE3MHDJV,0.03359958
CUST_KSRM2TN3DR,0.022890752
CUST_BLIDJ0UYXP,0.03623356
CUST_WVROJCQDHN,0.019196754
CUST_ISSUWUJ7TZ,0.027512021
CUST_7ZKGH29N5X,0.08623636
CUST_N6BD3BKQ94,0.028608158
CUST_IIGL7E8JDD,0.028017363
CUST_JXV0FDYGYJ,0.028993499
CUST_N9G0UY32CN,0.112905614
CUST_X7O2Q0JFHT,0.019428685
CUST_CSOXEU8CS8,0.021767348
CUST_TYW2AF9FDV,0.13782127
CUST_LCVBM3O1Y2,0.025323866
CUST_JO3RXCC61V,0.14801228
CUST_PHX0DBWFTC,0.120958716
CUST_RIONTNLABY,0.021670679
CUST_YUQAPZ06BJ,0.023302844
CUST_YNN6UFUZCN,0.10805724
CUST_T8K7M64HN4,0.02533999
CUST_6TVCNG6GT6,0.023321057
CUST_NS0TXARV3G,0.06432683
CUST_QZA0ZSQ2B9,0.086232334
CUST_0CI04Z0TTM,0.12726736
CUST_NKONT1LPV5,0.02561817
CUST_EL7B07C7T8,0.11011428
CUST_6SH82DJ65H,0.02399097
CUST_S2S9U3Z0IG,0.026618207
CUST_2D0FWFIVSZ,0.017292202
CUST_6BIDS3VHBJ,0.037562616
CUST_MTFMBUP64P,0.11832137
CUST_E04ANP90B7,0.106599465
CUST_HIDVIUWRWQ,0.02455423
CUST_LMTNQYLM50,0.0830142
CUST_QJR5JM5WPR,0.06938882
CUST_3U07ILUQX0,0.720701
CUST_0DRVAME753,0.027781663
CUST_AT1U6BT9A7,0.02301425
CUST_IESAK4HVA7,0.028350405
CUST_EJWZZ7QWH8,0.03887374
CUST_BX01H9ROFR,0.15215208
CUST_VQIBVIW77P,0.092694536
CUST_2VYJSMBIVT,0.021863032
CUST_MCALFWY648,0.1035282
CUST_2UK4SEF6TY,0.818545
CUST_ONFP4TSE5R,0.76437736
CUST_DCPFJPT2NW,0.12544192
CUST_0L86KSJ5YU,0.11025355
CUST_FDD2POZVE2,0.12674856
CUST_NPIVY78R00,0.02867085
CUST_BSEP6FLBFB,0.020209037
CUST_OX56267CXK,0.033336103
CUST_OSKD5V9LNH,0.026125956
CUST_RZ3LQHK8VP,0.030837134
CUST_4Y7U572O4H,0.022650175
CUST_RI1V54MY62,0.07219837
CUST_JTO3WYKJ29,0.12989902
CUST_L2D94JM1DX,0.13446407
CUST_0TWF0K0FXH,0.019900415
CUST_QDTUHL84QX,0.0246579
CUST_A2B4CLEDWF,0.8307757
CUST_7E3NZUWI1W,0.028300874
CUST_JTQMU2ECKB,0.028527657
CUST_YL1HVWD061,0.039503384
CUST_LHKAJCSSQF,0.12635034
CUST_ZLD7O67KBA,0.034967553
CUST_9I78VRWBI0,0.023921024
CUST_1T95DD1O53,0.033169
CUST_MTO7JSAMR7,0.0396401
CUST_67F1XO2UAR,0.8126221
CUST_GCRG0B21E3,0.023709755
CUST_KPRRYCI3BC,0.025984522
CUST_R7ABCZIBC1,0.15653369
CUST_5XIKC9WBLY,0.6419912
CUST_KXIBNXR6MX,0.02467809
CUST_HL0HBWFO77,0.15609513
CUST_31XDC9N8OB,0.850676
CUST_QPISCE9EUG,0.022642514
CUST_BWDKIF2V9S,0.63268965
CUST_NN1ZM5CCBD,0.097094424
CUST_S1C8DYQJX9,0.02932331
CUST_DGID4OO7RQ,0.13973175
CUST_VCKTELENVW,0.02806594
CUST_JU7FOG6NIT,0.022949228
CUST_JS1Y2KRWP9,0.03907276
CUST_JA49076BDE,0.023460412
CUST_1J36FTI80E,0.07999926
CUST_45NLMZQV13,0.02080861
CUST_4NTN6BUNB2,0.02732782
CUST_HICIN57QLA,0.099225566
CUST_1SJZA9U4IG,0.024764199
CUST_UB419598K3,0.027222399
CUST_7C22W7EPGD,0.07869652
CUST_RHFW6XJMPC,0.03424636
CUST_ZYV690ZWML,0.028902821
CUST_DAZ6VEUSQ2,0.027426844
CUST_INWPY3LL8F,0.030344421
CUST_FWWBOLXBP5,0.025096547
CUST_SHEOEHT1HL,0.028885959
CUST_FEK6RBL1GH,0.020399787
CUST_I66PE3T2VQ,0.031227924
CUST_MVGC2BIBVJ,0.024244774
CUST_OCZHLLZZIK,0.1299411
CUST_TXL4QL3CC5,0.034928974
CUST_U50RWC7V5U,0.051779475
CUST_J7WS8IWU1B,0.028819298
CUST_3LAWORKV5X,0.11114579
CUST_Z1GC6T1IOR,0.030433372
CUST_K9EEKMK1PQ,0.028138014
CUST_8VL2WTYL35,0.035592888
CUST_863LDSK7LO,0.020534793
CUST_4SBF7QUFUU,0.047003683
CUST_CBJKKNNOF0,0.78270596
CUST_47VWIPGR83,0.08847562
CUST_H8LQ7O0QM6,0.04042471
CUST_B1WGT5FXHE,0.07094228
CUST_VQFUYCYQTI,0.02706015
CUST_CUL4MBBNRC,0.022548331
CUST_C1QVWA8JX8,0.17786217
CUST_LAF016R7OZ,0.12189518
CUST_P0QKF0JXMC,0.1734889
CUST_JH8YYX2JQ7,0.024369493
CUST_PLXR2VUESG,0.084103875
CUST_GAB5M09IOI,0.024926092
CUST_W1CCT0AXC5,0.11794824
CUST_KT7HTBFFY3,0.08053428
CUST_XFZ94LI7T5,0.80586374
CUST_TL7XKZF0H5,0.05088954
CUST_OJNYUA6LE6,0.8764116
CUST_W8ZMKWATBH,0.021273626
CUST_MRXHDCUCH9,0.021665119
CUST_7GFWZKQ1SD,0.033533387
CUST_1C8S511HEG,0.057536848
CUST_GV9BG461BK,0.027058402
CUST_BQ42R3GY0O,0.022474792
CUST_2FTNI4ZMDI,0.027296454
CUST_MQ2RG71C9I,0.7999281
CUST_DNRG7SZL0J,0.024441684
CUST_AHLC4FPTK1,0.08251363
CUST_REKMW8BQVG,0.032743942
CUST_482N8JTGUN,0.035400536
CUST_8P4VQCZMHM,0.03073927
CUST_LNDRMNR2HP,0.021313012
CUST_DZN0LLYUUZ,0.14295487
CUST_T756B03SKL,0.022938918
CUST_V60YSNFOCL,0.07800677
CUST_IJFU2QI90H,0.10080555
CUST_TIM5W6CQ8M,0.02345968
CUST_JGMZA9MV4V,0.094452366
CUST_V4I49NLDKW,0.061633244
CUST_HAMQSRW75O,0.021426195
CUST_M6OL76851T,0.17318709
CUST_I3Z10E184I,0.1510103
CUST_VXZONMSR89,0.024154734
CUST_XTS295RAIJ,0.120042905
CUST_1LEKJLVYBF,0.026846705
CUST_XPBRY2AV88,0.096359126
CUST_NSS6ZOKOQO,0.024938706
CUST_KGZMFYMIW4,0.07328513
CUST_YVKW099VTD,0.037648126
CUST_0ARY24HB2J,0.024751
CUST_G1N6YV4X30,0.018878518
CUST_9QG4VHR3AI,0.031640247
CUST_TFQ1ZEVV3P,0.029727453
CUST_K07JILWHZM,0.063810825
CUST_KX9N53ZN23,0.022985978
CUST_W79V6BCIGD,0.020538654
CUST_YJ8G9S653R,0.15372518
CUST_7C7QC81TGB,0.026023326
CUST_H0J2PJAV65,0.026807727
CUST_E3XHKM6ND6,0.033840526
CUST_K1MIBN6QZ9,0.093646735
CUST_0H0BK26SVI,0.15422839
CUST_UAOQ9SVE81,0.7929241
CUST_KLXLRH89UJ,0.86884874
CUST_URHFUKI41E,0.16882336
CUST_LMJL2IX1XG,0.11498008
CUST_4U6MZBKUSH,0.03862462
CUST_4LXZLOR9VJ,0.11175234
CUST_7CJCPXNUBF,0.030078087
CUST_C8WU4TEYPJ,0.037730534
CUST_RVKY4PL9H7,0.13786206
CUST_DO9EZ9ONOC,0.022336388
CUST_LYQKN469X3,0.08240278
CUST_ET1GVRWELJ,0.030644547
CUST_SK82X47LUD,0.02762821
CUST_BX9TGFC3R7,0.031640828
CUST_ZOXAWRY8D4,0.020443369
CUST_NRFHE8FP0K,0.10920352
CUST_XE1EWEBVCX,0.074798085
CUST_XROGN2M64E,0.025719455
CUST_B539CQHB51,0.029223988
CUST_2IF1WRCC00,0.03079001
CUST_QA636NTJ8E,0.14642717
CUST_UJ5XGB3SSZ,0.029301824
CUST_MAPRSH3ZEW,0.7412192
CUST_2ZOR12IOAW,0.113372415
CUST_7MGUPNCN07,0.043643508
CUST_11ZIXX5DJ8,0.7921996
CUST_0ZQ3FWJQOJ,0.022819776
CUST_E01MCI0V3N,0.10280911
CUST_8LVB8MQSU5,0.08065221
CUST_IQLOQ4D4KS,0.0745589
CUST_EPZC437I6V,0.03182975
CUST_FAZONSFSIL,0.02200097
CUST_O2AYFDTOVW,0.10105762
CUST_3DVT80NWB0,0.025755905
CUST_B1YWWG92F3,0.03536726
CUST_OI28R15XEF,0.034074802
CUST_DPBSBZBD35,0.023892416
CUST_O84H7PVCS4,0.8851387
CUST_3QEVTN1KJN,0.8690124
CUST_JK1CJZ0ZSC,0.038853545
CUST_WJVEACLHU3,0.110697046
CUST_KUM3DKGUCN,0.024460336
CUST_UQ28UU1KKK,0.025733909
CUST_DUXZOAMQY4,0.020766973
CUST_64KXGT2416,0.7828433
CUST_0VECA9E2ZG,0.11693925
CUST_EAS5LXRHOS,0.02712972
CUST_M2472V9ETG,0.02211219
CUST_QVJQ7BZ412,0.10675247
CUST_GFSMKRZRBS,0.01999313
CUST_AND9D5M2XH,0.03409551
CUST_1AXG928N8R,0.036092743
CUST_A7P7FIZ113,0.12773976
CUST_9IRD1R362C,0.051205587
CUST_8UJPLAPM5Q,0.10211902
CUST_XRMUCC99V5,0.11342937
CUST_HARYMYIOVX,0.10487582
CUST_2YICK6OAOO,0.026769336
CUST_132K52Y84G,0.80590934
CUST_UBZCYV2I65,0.023139082
CUST_C6FZNJM59F,0.021984028
CUST_4G7HLBSRR1,0.10384082
CUST_V580V2WP61,0.024343567
CUST_Q72ML9G8N5,0.06446196
CUST_3DBBT43C6X,0.09899883
CUST_VXZF5ONYOG,0.07151907
CUST_DXQ10D4D58,0.024257546
CUST_4XD0RDX35Y,0.7967494
CUST_SMRCJDY3DB,0.06855326
CUST_KB8Q4LAZAS,0.8443276
CUST_82FQTME4YN,0.081737384
CUST_B8V94AIC1P,0.03762473
CUST_XVDK6HS017,0.16925247
CUST_9EEJ28ZLIC,0.03884094
CUST_P2WJI02OC4,0.027161758
CUST_P3ES634HXL,0.072470255
CUST_OEQPBSZ2MB,0.10969192
CUST_8R53ZGZQQ7,0.025398452
CUST_GLFUA01EBO,0.11962516
CUST_YSJGJJE58Q,0.038391817
CUST_578IYECWU4,0.16155836
CUST_I09OG57I9H,0.033016883
CUST_UQ7W4QXZB1,0.05649855
CUST_E39PTG08E0,0.033628684
CUST_5MM69TY419,0.13106133
CUST_SUAMX8BN1U,0.08926782
CUST_X5NS3LVH7X,0.0788898
CUST_V8POGFPQ20,0.7643428
CUST_RUHE8DAZ60,0.028190846
CUST_LUFJW2PBF7,0.12124241
CUST_5MQ6U2423X,0.036116388
CUST_XARWLVLT6I,0.17581622
CUST_DGIZ74PNHM,0.028723331
CUST_WFLI9MNDBF,0.024799457
CUST_B4QMUW3OEC,0.032562748
CUST_QFDQVWSW1J,0.037293103
CUST_BQ52WWLO83,0.031522263
CUST_74J2ZXRIZE,0.10942417
CUST_SRCMT61FK1,0.025563609
CUST_DP8LH15KSF,0.066545404
CUST_WG4U4BAR0M,0.024798298
CUST_2I6HMG7CTN,0.027248006
CUST_ZWEHQKM8ZW,0.023696646
CUST_5GC0Y00DNR,0.85223377
CUST_UEF64WLXY5,0.03575509
CUST_NLJC4ASUQ0,0.030530628
CUST_495ZJRQSDG,0.029800262
CUST_CSJ3NKLV0P,0.019932132
CUST_WR9XQEADLY,0.023854796
CUST_SY5DIV5SF7,0.13256156
CUST_GTNLQ3OI62,0.02321671
CUST_YHK1LOMVNY,0.025947882
CUST_D20ZOB5IVT,0.022671597
CUST_SW0B6IO0GO,0.028471269
CUST_03HFGDZWPD,0.10934605
CUST_VVPWVBD9RB,0.11717294
CUST_SKKYCN5D3E,0.05092132
CUST_6U83OJQNRJ,0.07754059
CUST_56VMCXTKHW,0.02438818
CUST_AIX80XZ7DG,0.030233286
CUST_UU0ZOJ9N8Q,0.026935197
CUST_44R2C3WMML,0.022953516
CUST_6Y7WKG1WM7,0.027809607
CUST_N4J3742MIW,0.025629444
CUST_WGDBDYESME,0.02542247
CUST_X6EMNQN9ZP,0.14996667
CUST_6QG754J9HY,0.022601005
CUST_N11S9XY039,0.122635506
CUST_FSYBYDFLQ9,0.024511399
CUST_9R0EN0X8HM,0.02964612
CUST_U5APSBVIQ8,0.027614174
CUST_C8L0AP0IUY,0.02682575
CUST_33IUIK6ITL,0.023305988
CUST_BJAKSOQ53T,0.1445194
CUST_D65GY4G4CY,0.11982947
CUST_7HMO67EZCO,0.025132341
CUST_5R1GVWG10Q,0.024901101
CUST_JK2JD5EOXD,0.10387484
CUST_70M8Z5J40R,0.02376786
CUST_Q6ZSVDBRX5,0.06755349
CUST_F2B5HCFEO2,0.023776244
CUST_VQA4ZEZBIB,0.019857006
CUST_MMLOB3EEL6,0.026119454
CUST_Y6OJIUT77W,0.021423861
CUST_TFBRFXFPX3,0.023185993
CUST_ANHVCYDZE7,0.022923805
CUST_AXLJJOPI7M,0.102110066
CUST_B4DF922EKP,0.095390774
CUST_3AJ77EUJBS,0.11394761
CUST_V5N2YNZWG0,0.07166606
CUST_G4I01G2L25,0.037013415
CUST_5FPYEGX2OD,0.089842334
CUST_SXQMX493O9,0.019685227
CUST_NK2DTPB7I1,0.039708648
CUST_LEZV4ETPN7,0.028835932
CUST_C7EP64WR36,0.027579062
CUST_TKF5I1F0RF,0.023994582
CUST_MUQWLSDYXR,0.030019945
CUST_Z8Z2KYCZXE,0.028170437
CUST_EN3KYFJV1Q,0.027379079
CUST_91ML1XYRTX,0.13214691
CUST_8MO7SVUZ2Y,0.13228358
CUST_YJCKQLBMZ8,0.029426023
CUST_YXT2EJ3B9N,0.08328947
CUST_U6AGQLNCSX,0.77897495
CUST_NCWSSH2IM7,0.020221042
CUST_39HMUM8USF,0.17203133
CUST_ZD6Z0HEBP1,0.03123974
CUST_QISC1DE1CR,0.13104299
CUST_CZ7PA2FWG1,0.024032742
CUST_LFJ704ILSA,0.041358612
CUST_NEWH95UMXP,0.022585185
CUST_NZV38XSYG2,0.13514316
CUST_CCXJETZNEW,0.020579841
CUST_QA6Y0ZQL2C,0.03068155
CUST_1FRCZEJERU,0.86526024
CUST_CPIMBB8HQT,0.1054316
CUST_BMH4XFZFZU,0.11791836
CUST_T2GAVJPLLF,0.07589003
CUST_VFSISFU7FK,0.09619985
CUST_N9QHPXFDY0,0.020847255
CUST_PA9IHUX7LD,0.10736526
CUST_WEX5PIXVWF,0.024576351
CUST_2G3PEDZSK4,0.025781449
CUST_VP9UYY9G4Z,0.03848536
CUST_WUD8RK7U15,0.16502878
CUST_0I91FNIDDF,0.10903889
CUST_6TULLCGC98,0.020313935
CUST_X32II9V8SH,0.109592326
CUST_CR1X4I0D6S,0.7999065
CUST_GFVIBCTUFZ,0.02785067
CUST_4WW4R7IUPC,0.032408234
CUST_83IY17KTPD,0.02173587
CUST_V6TVN0IXDO,0.67963487
CUST_V21CNJ6UIG,0.038243465
CUST_7WOOR2J6PA,0.032963917
CUST_J18KQ9RPTR,0.89033085
CUST_UOGPGB0RCC,0.03535172
CUST_D8EF2MHORQ,0.8372603
CUST_N5D9G477XI,0.1041977
CUST_0IFFY9JDAE,0.07714833
CUST_2I4Z0457IK,0.1371312
CUST_6PPM7MEX9G,0.028468354
CUST_ZK3NJ7NTQO,0.029850665
CUST_0JQF7010TW,0.08145353
CUST_06F289QHA3,0.03177138
CUST_YCM0CGO8NG,0.02191353
CUST_ZPV6IHZ82I,0.16787522
CUST_G3D2NQO5J8,0.104883894
CUST_1FQ5OF38Y2,0.14059597
CUST_0HQNN8PIXA,0.050628047
CUST_11CG7AQO8P,0.17063683
CUST_7069EO9ODG,0.0263429
CUST_T5J6V8D0J6,0.072294824
CUST_8KBEJPBNBY,0.02716213
CUST_T6OIPZ9X2T,0.09220183
CUST_UR11E9JA18,0.102756366
CUST_UJ5BMKV28D,0.07296677
CUST_OQGKTD81MS,0.029963283
CUST_FVNSS64NZI,0.029651249
CUST_Q3U2TP3HNH,0.023705892
CUST_7RMYYL1HVF,0.8635843
CUST_OYYKN4AKWV,0.027652053
CUST_EDQYMF51JX,0.02659791
CUST_N4JGIO84BE,0.023748932
CUST_JGQ5BZBLPP,0.023503428
CUST_4OZWJQT06P,0.16591482
CUST_4SR8DU2V22,0.021188974
CUST_7EPVXJVVA7,0.03312945
CUST_OK57JYAFWO,0.85009396
CUST_CNHB1EMKUS,0.9275455
CUST_XOOALJCMFH,0.024163557
CUST_D36XIBMJJK,0.026352031
CUST_7G5ZSTARF5,0.021045258
CUST_JMWD69FVZC,0.023693977
CUST_LTVSLCVZD9,0.073550925
CUST_WXOA43SX1Y,0.041337963
CUST_7836JKTV0E,0.86343956
CUST_A30ZRTNNJA,0.09731967
CUST_90AXZF9X60,0.03288322
CUST_CJG9RGQGIT,0.024393959
CUST_S0XMLEG03S,0.026821308
CUST_2JWZEO6M1A,0.030161915
CUST_BX8N2PUM2T,0.08323402
CUST_YEITWFPYXY,0.032341838
CUST_KON0O28FJK,0.028100412
CUST_ZZWXUUOJCS,0.023157245
CUST_83066RNXVP,0.84884167
CUST_2C9RUV1ISS,0.11568252
CUST_P4LK2EGS2D,0.021420693
CUST_A0D6YK57RR,0.023655886
CUST_3KU2JO8S7R,0.072161645
CUST_G6SYIZI6W7,0.027281273
CUST_6JXVIFYYMF,0.026837494
CUST_KG8YRYLWAT,0.031405624
CUST_2WFAE3T7Q8,0.022709781
CUST_ZBRAN6IMD3,0.15024357
CUST_5FY1PQEYVI,0.09825356
CUST_G7TSH531KQ,0.06635969
CUST_X60Y08CE8X,0.14949545
CUST_OA7Q7KQKPT,0.02773619
CUST_B0PL64S63D,0.023643114
CUST_0CQ8G5KZAL,0.18449052
CUST_GKF0311AHF,0.081839
CUST_OOEGMUTZF5,0.02809176
CUST_XYAP0CL7L8,0.11637378
CUST_OOWKYRQ5BN,0.023860736
CUST_VTWYOH77KW,0.024426589
CUST_WVFU9KK5S5,0.026110608
CUST_0M9VOHN8MF,0.13948023
CUST_0K9LNG8RF6,0.85261285
CUST_IJEXXAJ31X,0.03342115
CUST_A1XJRL673Z,0.028291414
CUST_9IS72IYXJ7,0.027557075
CUST_IDIYLSOE45,0.08900812
CUST_8M5KSPQRRP,0.030619448
CUST_PRXO4V3PHM,0.0817089
CUST_RXLLY59RR8,0.021041408
CUST_9BGQURKTW0,0.15454434
CUST_PRXM9VN3S1,0.10768898
CUST_X6KZ2UBQEY,0.13166863
CUST_UH2CED6CSA,0.09110026
CUST_YAIVFVFS62,0.02385222
CUST_OQUKV4J7BH,0.089817405
CUST_BZTU2UV557,0.03408156
CUST_Z040K8YOAD,0.024435148
CUST_HMUQWKDWS3,0.02013336
CUST_S1C1SB1T0X,0.027866064
CUST_FOB55HV5FG,0.09893071
CUST_4GRX37E4CV,0.04473819
CUST_RN1H0HUR06,0.111242995
CUST_DXNCKEVBF5,0.15202954
CUST_FRMZL5020D,0.18034683
CUST_I44NWOYL2B,0.023179358
CUST_LPHEBF4UUZ,0.8550181
CUST_BUQQ925CIF,0.017692043
CUST_3JR893FEJU,0.14498103
CUST_ES0FIDQAG0,0.023073433
CUST_FEHTDE0L4L,0.03718377
CUST_3U05WSUVO6,0.113243654
CUST_2YFKEMN7R7,0.026103133
CUST_6XAQBGBNUH,0.023179054
CUST_RBKDAFYNN5,0.03431036
CUST_CW9JMDOT7I,0.022754388
CUST_KI0V75RBT1,0.021163873
CUST_RKR5BHAB63,0.02626
CUST_H3I61V0NVD,0.0229706
CUST_EOBVSDR1S2,0.14800858
CUST_VTF1NTCEWX,0.03459168
CUST_QBGKSPDWME,0.08265766
CUST_GVN8J1XQQ4,0.075799234
CUST_FTHC6KB76E,0.7318269
CUST_1Z6TEB6Q6U,0.8624405
CUST_I98WA5F9F5,0.110190816
CUST_HNXMO70PIC,0.097530484
CUST_Z9R53WRXEJ,0.033015694
CUST_PNPTJDAH83,0.022286871
CUST_Z2YWTUB9EO,0.0663295
CUST_HROW68N3UJ,0.025154872
CUST_3TZ3UL2QKO,0.8664614
CUST_FCFXSUE4E7,0.029007686
CUST_25743HC5FH,0.023605628
CUST_RBVBTTBAGH,0.085583806
CUST_858O61V5W3,0.025899816
CUST_J6DC3YP4TS,0.03907687
CUST_6ZMKUSHWQP,0.03254339
CUST_2N3DMVUAJX,0.031343725
CUST_76W0UR1014,0.08629819
CUST_LNPVZA0CZ6,0.0274501
CUST_BRZNQ7Z6G7,0.06908512
CUST_ZWCEUM7K5R,0.11208375
CUST_KUQ35DCDZZ,0.09200505
CUST_6LDTX3ARB9,0.022820339
CUST_5UMSGC89BC,0.03773294
CUST_G9FOTOWKI7,0.11698217
CUST_E5FLCJWV6I,0.11571809
CUST_2GLJ4VXEWP,0.090403885
CUST_5GIHEJNL7J,0.027776668
CUST_IKLFCKQ3QA,0.021394825
CUST_HDKJ35KDFY,0.1149711
CUST_HL5ZKO66TC,0.099232726
CUST_JUGZFDICXF,0.07787095
CUST_71797ZNFFZ,0.02121055
CUST_SBTVJC2PR0,0.76818
CUST_ZYP0MIYLQA,0.05127817
CUST_77WLKRQQX1,0.07124771
CUST_KR9ZQSZ1G4,0.11168687
CUST_SE8VMTKZZG,0.09777244
CUST_373KKI2FHI,0.021421472
CUST_VJ8GVTVD3A,0.020614801
CUST_TL1PJT1INM,0.7856863
CUST_MUFRVHISMB,0.042941734
CUST_S5DQQC4UBA,0.08934487
CUST_6TTY3E7N1O,0.0387162
CUST_JAH0PWHO09,0.7449178
CUST_PACNY6B78R,0.043125946
CUST_0NXQIAAZ8Z,0.02731117
CUST_N99LU96WK2,0.11533685
CUST_BNXEC1O1VL,0.8165836
CUST_JB43PCXSTN,0.02460103
CUST_F43UODOQKB,0.026828112
CUST_7XE4H5K1D9,0.8208329
CUST_06F91NNC9G,0.030642377
CUST_E6QJ1MGZOA,0.831603
CUST_BW152UKF4O,0.16219692
CUST_XB4QHXONEG,0.023916753
CUST_K26YDCJ32K,0.10685542
CUST_HQSEI5P2ST,0.028009385
CUST_Y8IPG5ZBR2,0.84334564
CUST_A2TAA3VDOZ,0.8713467
CUST_67WLR80XP0,0.121322915
CUST_AJWKFXWFH7,0.022540282
CUST_38TSH4CVTK,0.0329619
CUST_WYRFEEIPRT,0.03034752
CUST_0A69FY98WV,0.024487507
CUST_2RPSYBSDUA,0.14351349
CUST_RML38B4H8M,0.030747952
CUST_QYZV6J0KB3,0.094463915
CUST_NVDL4IX9JK,0.028470721
CUST_TVUY51JQQ1,0.088896304
CUST_O8J0P5JCP2,0.09230892
CUST_ZF2X196MTC,0.029582337
CUST_8HGINHY4RH,0.026507271
CUST_CRB3PNTE2S,0.8033531
CUST_MJ4VKIY1O5,0.10427282
CUST_GJXQMGUAJL,0.026083594
CUST_HD8UMZOP3R,0.07068458
CUST_S5I6BCQPII,0.85251147
CUST_XW8WWNKOPP,0.026461978
CUST_3XWB9QIPQM,0.04420283
CUST_POHD0Z7J0I,0.082379766
CUST_4RB0S33I41,0.04530248
CUST_CNVKTBUSYA,0.14650743
CUST_J4LYYKFI8Z,0.087208144
CUST_FWOQNT4WZH,0.034722958
CUST_9D5212ZINB,0.09575731
CUST_5CM2DDL2MP,0.02370506
CUST_G7YMXS8FIU,0.7425132
CUST_Y05G1UKVIS,0.026595514
CUST_4ZO8OR6GBP,0.039647833
CUST_LYHTQYHSAL,0.10817575
CUST_6RYESP57LY,0.03308847
CUST_3J8XMRNIK1,0.86149085
CUST_H8GZJ976K6,0.027637254
CUST_5EJH5C8QHV,0.029626941
CUST_3MMNE7MSMF,0.030475624
CUST_733CURZ2X2,0.026899911
CUST_185Q5UE6DD,0.030403359
CUST_CY7RUNOAE4,0.025494352
CUST_IWWG0ZN0G2,0.09221706
CUST_MA9O9W5WG8,0.02567502
CUST_IWTS762WWO,0.04918371
CUST_ILF8JG7DHC,0.16025521
CUST_8LF3LDHK36,0.03982691
CUST_H2EACNA9RM,0.021281939
CUST_THUAG6RHUR,0.026093667
CUST_5G9YBRO3KR,0.02216769
CUST_SGLWCC6ER0,0.024003819
CUST_A2HIH55B7H,0.03180176
CUST_ZJIRQMOBVN,0.032570478
CUST_SRNP9NB9JF,0.038209848
CUST_G2XIV7W7SM,0.11614464
CUST_9HL0Y2S0FB,0.026759878
CUST_ZF46VD1AS5,0.024753267
CUST_88KGV6KK39,0.13634877
CUST_XNF11JEEBG,0.14163813
CUST_L1JJSRCRQT,0.02866486
CUST_J6PRLN2AJC,0.10712119
CUST_SG63P9YPWJ,0.023484835
CUST_2MGMJVO3WE,0.024069179
CUST_UNHE5LYASA,0.021143125
CUST_4ZNU5X1RLM,0.09938467
CUST_04X50AVSYA,0.021217886
CUST_Y7OE1XF8JD,0.019040735
CUST_Y04SPKPUS1,0.024589563
CUST_I16I8NO9KG,0.024945535
CUST_GYFMKJVTVP,0.115757205
CUST_4XKTSVOXAC,0.022961238
CUST_VCQCNA61Y6,0.0348347
CUST_BBKZ0UQ50L,0.034655757
CUST_AGOT4OUDRE,0.023449915
CUST_NXBEGQ1336,0.024598107
CUST_25TPO7JBG4,0.021598881
CUST_H46XF0772O,0.10777568
CUST_73N41KN1Z6,0.031644087
CUST_XK05CH3UOD,0.070361316
CUST_4OZW16OIM8,0.85747224
CUST_6QHQBMMK8D,0.022261316
CUST_58DMZ128QX,0.78023314
CUST_AXILM7KDSD,0.8185369
CUST_37TSVZ0Q8U,0.049220163
CUST_E7KRRKTF5Z,0.08803183
CUST_HFN2A22V8V,0.024466677
CUST_A4RV54N9H6,0.04263235
CUST_68HXS1REV9,0.09039532
CUST_SPPO12T7HR,0.029503696
CUST_FQ13OQ2CS8,0.028461449
CUST_8WMC9LCEKV,0.08453987
CUST_IMNZL77KI2,0.025387077
CUST_0L0F9R9PNX,0.11587176
CUST_N57XCMU40G,0.85052544
CUST_PK73DXZYCI,0.13916636
CUST_THZID5ETEE,0.08424075
CUST_XS5VIAIALS,0.023938254
CUST_AWHCSB0N3F,0.02460218
CUST_CFIJJ83WW9,0.02704588
CUST_3AOHDEYO5D,0.026174815
CUST_QHHHP9B77B,0.031245787
CUST_UN8Q0GF03Y,0.03376702
CUST_71OYKLCC63,0.022692865
CUST_6PJBZ78091,0.026390662
CUST_LW72CY2A70,0.024701556
CUST_0DC37JQMBO,0.045972094
CUST_05ASEJNZ85,0.12088637
CUST_KRIV53GR11,0.030412618
CUST_8XX5EL8O88,0.12401188
CUST_9I3CDSECOL,0.022487765
CUST_B6BMK0VNPU,0.03314829
CUST_6G7P7J3IY4,0.022289438
CUST_V73DUWKGMT,0.023439387
CUST_ZZY49197Z5,0.036730804
CUST_RVEVYI5S3H,0.037164237
CUST_8P5MNGF3N0,0.026336314
CUST_DNQ5IJRR37,0.0248761
CUST_SE381ZD4TT,0.026128752
CUST_6O8BC09VVC,0.03476439
CUST_Y1BGD04KTB,0.8631458
CUST_AR2NRQW3OZ,0.027119784
CUST_GW388I605B,0.028703336
CUST_D26ZAZ61KQ,0.8484771
CUST_TEDTB0D7AB,0.11553804
CUST_19OM6VNTKX,0.024041679
CUST_7WX18DG9T3,0.066059664
CUST_8Y5GYGTDPZ,0.024826342
CUST_PBM6R1LAMW,0.20332856
CUST_OJ5LIXYW5K,0.025688073
CUST_VONFSXGVKT,0.036782768
CUST_ND5XN1ZFUI,0.12521397
CUST_45N4RRZ59X,0.8015693
CUST_KT2N22SE3M,0.13545217
CUST_PXI09HUYXB,0.10863244
CUST_U4CC4NW4MX,0.022959592
CUST_KH2OEHASDZ,0.14993887
CUST_KU0F20VJNN,0.027251437
CUST_2QMCJQC9K5,0.022288913
CUST_LSBZ9CJ05J,0.023721779
CUST_U3G7DRG436,0.062622346
CUST_XJY7A3W9DA,0.11577314
CUST_0UASWRERFP,0.022001749
CUST_QBALQJSTA0,0.035631556
CUST_SZNRIQBMLM,0.02144407
CUST_JHJBJSP5FQ,0.034238648
CUST_DE66JSPXQ2,0.07166023
CUST_5MQY8VE3P4,0.027022505
CUST_QSKCAECIL0,0.03071431
CUST_N7Z2NHH1R1,0.10136343
CUST_U0J0NL3MFC,0.096539244
CUST_DZTTR3D88S,0.11521828
CUST_WJ0WFKJ20B,0.021514203
CUST_5PBHEUKUNA,0.03418082
CUST_JN0HEOHAWK,0.024522386
CUST_PR4248OXE8,0.12571862
CUST_8282KFXMS1,0.74289817
CUST_RQZW8TBKTK,0.02309369
CUST_W1R0QW8X6K,0.026905313
CUST_04LML0S817,0.03043673
CUST_0NCPITZ9KI,0.10441911
CUST_XNJ6CZEWAS,0.08687926
CUST_Y3Q82J4NW9,0.14579824
CUST_E4F0YADGAV,0.027718907
CUST_1O8DF7K3N4,0.11700047
CUST_OTF1Y9BGGC,0.026815688
CUST_OMAGSX6PN3,0.09943247
CUST_DSXVEZNTB7,0.19580853
CUST_2PZC1HG5ZZ,0.07328591
CUST_7T8XF1PKRO,0.80923563
CUST_RIQYVJI07S,0.047272205
CUST_L7CF0JLS4F,0.0855698
CUST_GKCTH5NDZW,0.024909295
CUST_4N4GS2EIBK,0.022579812
CUST_02W8GFDNZU,0.023651917
CUST_IUFR1E26FQ,0.10632938
CUST_4LECSR33UR,0.0935751
CUST_XKJT0X4Z4F,0.028433602
CUST_6LFDGBH3BV,0.09711606
CUST_6OLIO4VOU4,0.13877983
CUST_LBKWUQ1IW7,0.08021153
CUST_PFYVP8X7A7,0.16501932
CUST_NNLADSQSPU,0.100205384
CUST_3E5VAKZFYB,0.029969407
CUST_QX15YQ7UFE,0.03530625
CUST_JV8K2WYKAF,0.086887404
CUST_5HOM585L5H,0.024514945
CUST_BE79Z3FPGN,0.053885106
CUST_X5LNHQF5F9,0.03987377
CUST_D0KB54DXVY,0.8470962
CUST_MRAVME7K4E,0.0851299
CUST_BNENC4L07V,0.028535817
CUST_LTUSY9PSIO,0.08756559
CUST_8MKZZ2X2B7,0.03891235
CUST_9C603ID6XK,0.08293094
CUST_KP7R6N8ZP8,0.021747151
CUST_5BNJUWJALZ,0.075710826
CUST_1WQO36LB5C,0.025637101
CUST_K0MR1WBMJ3,0.062999584
CUST_RUH8E06DPO,0.044529002
CUST_XGQM4Z7DNR,0.026297452
CUST_XXUSR2UQX2,0.07557771
CUST_Y1TE4JF9ER,0.021034155
CUST_KVEUNUTXYS,0.10949783
CUST_I4OCTAO7TP,0.13986056
CUST_KHG9VJ4GZM,0.5940946
CUST_LZ9W0AO6V5,0.022117373
CUST_7DZ8MS7UIL,0.026885426
CUST_JC3B8XQ1M1,0.025761869
CUST_4UEL6DNPQU,0.1316406
CUST_DKV9861F3B,0.0392815
CUST_PO2NBZ4DVN,0.8042366
CUST_VD0EHLY4ND,0.027256628
CUST_CNYS3YG1A3,0.05556449
CUST_PBPBCE4EZ4,0.022778196
CUST_O16LBNF14N,0.10497973
CUST_HRY205IY13,0.03779094
CUST_Z5WYGEDEM2,0.79763216
CUST_YL4IHKNWS3,0.03559662
CUST_ZG7MNCKQNY,0.8936568
CUST_JRWEUBDNGX,0.06262832
CUST_G1W916CAE3,0.024649335
CUST_X2HPN1KA61,0.04723148
CUST_HYWEBCK3TU,0.02702586
CUST_IC8MXPJ7VS,0.14973307
CUST_FPEI09ACW7,0.023227531
CUST_9K50R8NMYH,0.10350732
CUST_8LL4Q01M5Q,0.12202418
CUST_F5QOJ8AQKK,0.025220066
CUST_78ANPHP1EC,0.03136797
CUST_MRWY1WKQQR,0.091113806
CUST_JHXBY59Z6T,0.043173473
CUST_GC7G31RYIY,0.02349396
CUST_KP7YM20IB4,0.023745393
CUST_5C9K5VRDVX,0.029529048
CUST_38PY1IF1TD,0.08929213
CUST_ZHY9WQTURM,0.03313301
CUST_T4Q0X7AKJK,0.02827132
CUST_CRPZQ0LDYE,0.12578061
CUST_HIX2LO9030,0.01947388
CUST_TH9DL3CYQZ,0.026074564
CUST_6G2GOV84KI,0.037756424
CUST_9Z3EPXQN0Q,0.039242398
CUST_G2CYTNA7JQ,0.025375538
CUST_X8H0FK73YU,0.08426376
CUST_3AV7PYI48L,0.017715434
CUST_Y307Y0XTC6,0.0710622
CUST_N5BP2LBSF6,0.019822188
CUST_M2NMJKBNRB,0.029752262
CUST_LIAPZRBTAT,0.14375423
CUST_B08UVJBFT1,0.024307262
CUST_93NZMN9Z4F,0.10892912
CUST_9VSEYHO40S,0.16459495
CUST_ZJM5F43MPT,0.032352585
CUST_1LAC4ECMC5,0.04094849
CUST_BHWYXIJPXX,0.026379101
CUST_353D4GZZPY,0.025635684
CUST_PZY2A5WN4Q,0.024616431
CUST_RC08WXZBN8,0.7938624
CUST_6YLKQRMYM6,0.023441613
CUST_MK1FYBYQ2L,0.067709096
CUST_XRXVP3LMRW,0.017334955
CUST_7LVUKBLVBI,0.018986778
CUST_YCVKME4SI2,0.08598251
CUST_UELBQH4WNQ,0.087689206
CUST_DJGISBK7KT,0.028198073
CUST_E7V16BLDZJ,0.021943832
CUST_IIKI8PWDLK,0.12282489
CUST_JBN3OVZYUG,0.08758611
CUST_OOMYUMJXSQ,0.13414496
CUST_LY7FR56C43,0.11257599
CUST_XZOKF3E6NL,0.033616967
CUST_5TGRB2IWFX,0.06140462
CUST_9SZ7ORD5NC,0.88332766
CUST_SNXP4847KX,0.11921711
CUST_X8DAF26EFF,0.03226863
CUST_ZGKCG909JC,0.028160065
CUST_FAVBQSUVCA,0.11887708
CUST_7UAUULOFR6,0.11531278
CUST_Y57KELGAQ8,0.10984765
CUST_PDJOJ4SO8O,0.11375255
CUST_FHAFLZUVAW,0.084751606
CUST_FXEL4MZQ46,0.83257616
CUST_DC1VLEI31M,0.024333268
CUST_1C3YTS0NTX,0.12434966
CUST_EC7YY3DIES,0.81648123
CUST_4SG986LKEZ,0.027768942
CUST_1PVI37UG56,0.025963265
CUST_3FNW7SPWDR,0.029072378
CUST_H2XH0DPW7V,0.11631421
CUST_4OSHAGI9QP,0.110017836
CUST_6QPS12WDQV,0.11214101
CUST_NDV2OPNWT2,0.14025716
CUST_28YX2MEQYY,0.023366008
CUST_D6UJ7KNYVV,0.09760692
CUST_F5U27XJC8S,0.031702146
CUST_4X7ALNRX82,0.025353208
CUST_B4F3CENCZ3,0.1176797
CUST_F80YW04NXK,0.82050145
CUST_OOB6CJE3UQ,0.085591346
CUST_EGCIQSGTO4,0.06692587
CUST_80SHAGVXGH,0.6697883
CUST_P46GFVUOL7,0.028203
CUST_DFA2FK8H27,0.88086456
CUST_QO7058SR5M,0.69916594
CUST_A5ODJZFRTX,0.022337597
CUST_Y0MR0RBE09,0.023840083
CUST_63TNAGY5R5,0.8273995
CUST_F411AARE2H,0.023696221
CUST_8U7G8K7FKY,0.026619744
CUST_5Q60AECZBA,0.032961804
CUST_T0C55M77GL,0.107558504
CUST_C8RA4F8QFJ,0.16272962
CUST_7YZUQIOMIM,0.034215566
CUST_4GIQ43861U,0.029412465
CUST_K2RX20X1ZD,0.035995744
CUST_GSPHL5DDUD,0.022015015
CUST_X82H1OZT3O,0.02421193
CUST_P1S0BPAIQY,0.030069206
CUST_F8TSGBOJKB,0.0301034
CUST_N8KJHSQ7GS,0.12388305
CUST_ZZ70QQ76G4,0.03065051
CUST_SW4QRNF0CN,0.089692645
CUST_OIUB2Z1DLZ,0.027981615
CUST_U6L1SRTZXP,0.86409444
CUST_411E2PRG4V,0.12392163
CUST_W7WB3DUKAD,0.07763049
CUST_4ZCDCN5XV5,0.8176341
CUST_90NX1NBHK7,0.02479996
CUST_CK4YIG0ZX2,0.02486425
CUST_0ZVO0GBCZ6,0.031745356
CUST_MH3GA6J3IC,0.076742634
CUST_SJ55B0RIX9,0.09361361
CUST_AYVXYJ7WO5,0.8640638
CUST_J437OGU6ZQ,0.124743156
CUST_TWVLV4ZUTJ,0.03302427
CUST_371D9P9EK7,0.018939098
CUST_VZFN89U7F3,0.08455544
CUST_D9MTJYQDVR,0.08259279
CUST_263ZDN6DZW,0.027496887
CUST_ELPB1GFY1Z,0.028060453
CUST_XFFS383VOY,0.04454543
CUST_JDTVJZPSAS,0.16489883
CUST_8Q00SXJT7F,0.023025906
CUST_04PZIP720K,0.07886812
CUST_OGFB5DK2IC,0.022830369
CUST_IGMJVNCQEE,0.6709668
CUST_C8KWNAW3QN,0.037521638
CUST_SDCBYGOINO,0.036669213
CUST_NNDRF4EH8T,0.02713389
CUST_JSGUGFJCGB,0.78830326
CUST_GML3M4DZF5,0.8867201
CUST_EHK8SEEO85,0.03325866
CUST_69U6FP1WB6,0.0928715
CUST_NQHUBO4QMI,0.02088563
CUST_HMDBZOGZQQ,0.031007597
CUST_36BPD22FJ5,0.14293641
CUST_HTVK6TMHZS,0.036203265
CUST_DSO0EPVN14,0.022152955
CUST_0PB15S2KRW,0.034121674
CUST_UMDB60W88P,0.033249255
CUST_A0CXNM2ZBF,0.024807163
CUST_J4IICCC8D3,0.088310175
CUST_EYZ64M8X2Q,0.1335996
CUST_6JS3XTTSYY,0.019447524
CUST_LFJHEIRT5F,0.07589722
CUST_82IYP7I48H,0.10446936
CUST_6OMEGFQ086,0.026131002
CUST_90NYBE8YKL,0.030912945
CUST_C7Z7BO80IB,0.023200078
CUST_TS3NDPRWDP,0.09170039
CUST_I2X3SQ7BY9,0.023045894
CUST_OZK924ZXXG,0.020052614
CUST_N7PSUJXF6U,0.023745274
CUST_Z7E09F9UL4,0.7853142
CUST_OJH9OAZ4GE,0.0904728
CUST_4PFYZW5FGF,0.8674471
CUST_BAQ7CKZE6E,0.033576313
CUST_QULE323RWA,0.022642085
CUST_UJNIH0MV9O,0.845367
CUST_26W9IHOR9D,0.024967581
CUST_GMPLVOON1U,0.070233725
CUST_FDCH5KBIOK,0.102316245
CUST_93ESZ98GX2,0.17453954
CUST_MHRDBYZQOG,0.097998
CUST_CTQA565I7A,0.027363878
CUST_2L38ZUULO4,0.11107186
CUST_9I55PS18O6,0.09683971
CUST_1JKOF3FHKI,0.030704936
CUST_P0G9NL43GL,0.13806772
CUST_DEZ8IQKS34,0.02513708
CUST_EIGU1XIHQC,0.023101395
CUST_QIPUNH0G2J,0.078008704
CUST_JAHSE06Q4G,0.0346468
CUST_4HAQIDQJC5,0.026849912
CUST_AG43TP86YJ,0.032226343
CUST_RJVFBVZQZ8,0.030074684
CUST_3EYRJCOVEO,0.020486124
CUST_G3IZLBC3V4,0.08379377
CUST_49JCNP3LYR,0.032432493
CUST_I5COITY8GV,0.07695523
CUST_ZP7VQDJ1MY,0.034178186
CUST_YDW6SCYKVN,0.02519292
CUST_ZYYYYGGRAP,0.11832486
CUST_EDAKQGZT8F,0.088241205
CUST_MMN8YZ3EAU,0.024927408
CUST_MR7TAHML00,0.029480359
CUST_UYZ4INP0TP,0.028866269
CUST_QMEMQSRV5C,0.100188464
CUST_EQJDYQP974,0.12922136
CUST_16561SYZTW,0.1292834
CUST_U3IV40WQKM,0.094857916
CUST_SXIOFS136M,0.024205577
CUST_1RM2BP1UN7,0.040434122
CUST_PHBQBYIX9R,0.035189427
CUST_P7X0076ZNN,0.12474237
CUST_A0MUI788X6,0.028203351
CUST_0LKJ0SBHYI,0.019841198
CUST_Q5C05ZA3JE,0.037518036
CUST_MITEUMERFS,0.03603273
CUST_EXWBVNP7Y2,0.021287153
CUST_LRGW72W0MS,0.0341504
CUST_Q1A8M667V9,0.087896466
CUST_YLSHT0QDQC,0.14716668
CUST_8UO77ZGPTG,0.077662036
CUST_5R4A5J42C3,0.023647815
CUST_KW81SN4MG7,0.024248745
CUST_TIRE5D6C7E,0.028283529
CUST_1SSZHNBQL1,0.13268694
CUST_AC4NEI8SSX,0.733376
CUST_R8XT71C9W4,0.020798614
CUST_2TGP5RUQGK,0.11148737
CUST_7WJSHU6INE,0.023039501
CUST_TX93GOTTYF,0.12969385
CUST_Q6X2SZILLZ,0.03293585
CUST_H1L8VROF91,0.12677325
CUST_IHDH6YV7TB,0.084281445
CUST_TL20AWBTZ7,0.13096616
CUST_WG1UZE5ZEV,0.1165378
CUST_0M113B7W1N,0.80512094
CUST_ZP94B09C7K,0.07148409
CUST_F16W5UDPDM,0.021378463
CUST_SXIQRRN64S,0.025003865
CUST_XTD3P73ZI1,0.100568
CUST_2A4EN5CV3S,0.02284773
CUST_Q7811WMA8X,0.14141418
CUST_MIBFRM5XVL,0.12192075
CUST_WMF3D50XX6,0.027428199
CUST_U15J743K0Z,0.104099266
CUST_KMP8N3M704,0.12923278
CUST_NQO8H39HQR,0.023910811
CUST_WX5ROD1O6V,0.042732563
CUST_QJ113HTCFB,0.092007406
CUST_UFY7VV2WKQ,0.07367875
CUST_1UFDZV5O5Q,0.026809424
CUST_JNVMIO1WIA,0.03066398
CUST_WKCXGA23H7,0.09363939
CUST_E7ONM9M11E,0.034660608
CUST_1UNX1V5YJX,0.8657437
CUST_3JVZU1WX7M,0.03254989
CUST_WQMOUVBKGM,0.82455
CUST_N3A83TLJ3T,0.02226966
CUST_0VLOQJI5RA,0.09230607
CUST_7114FP8N49,0.0933445
CUST_2PBOGJI8LB,0.028728332
CUST_W00274D0FB,0.02881106
CUST_SP8NNVGUSK,0.11254455
CUST_7FLKT8I2LL,0.10287842
CUST_C2MPS189GJ,0.022039082
CUST_3JDKXHJVQD,0.024360323
CUST_2WKWPX4385,0.03668323
CUST_ZMW7XJN48J,0.15570438
CUST_8EZ829RCTV,0.038863968
CUST_YAUFD69OT4,0.12876119
CUST_YA38MN8T29,0.09226297
CUST_EM4M4NV9UZ,0.12520401
CUST_V4N75Q8KH3,0.03404005
CUST_4U9TNCL8YC,0.025074035
CUST_41RE98LMTG,0.10125813
CUST_C0FIP2L0NN,0.114772074
CUST_AKI3VIX6TN,0.02837727
CUST_ZW9S928RJZ,0.018690882
CUST_4TMF6QGQJJ,0.03656205
CUST_WX2CK2XW5F,0.022800384
CUST_25NEHUWIZN,0.025365805
CUST_A2IRKFW3OP,0.020515429
CUST_EFKWCND23N,0.03420288
CUST_T0KNII9BBE,0.09980081
CUST_U9UZ94U6XJ,0.14926174
CUST_O70TKQ6ZP9,0.027468048
CUST_ODYRVDKFUZ,0.023259182
CUST_LVJH9YVT8R,0.10654006
CUST_9ZCWBFX3PG,0.020395169
CUST_IWCK3BA08V,0.027368136
CUST_30B9XCUNGB,0.02918044
CUST_MSFF8IHM7K,0.11586381
CUST_2E8S1Z3PNW,0.045393683
CUST_IA0KM5U1LO,0.03296618
CUST_SDA1C7636L,0.096884005
CUST_OC3P3PW2KA,0.02332815
CUST_RRS7B5IM6J,0.14292872
CUST_JCQKJT54FU,0.022847125
CUST_A1AJTRXDIY,0.03337507
CUST_S8WXBTQOJX,0.025770519
CUST_P33ZJTTBEN,0.114659496
CUST_XT4E554KNY,0.024443794
CUST_16IJZGHZO5,0.02208166
CUST_Y4776VZ3MY,0.031195393
CUST_L7IIGUN6DC,0.018867131
CUST_J72087BMRV,0.026050314
CUST_RAMU06I0IR,0.10302229
CUST_T2M2FDJFUA,0.8612257
CUST_M4957477FC,0.077164255
CUST_4CRTT81FTU,0.021953259
CUST_8AU5M3BLX8,0.83750236
CUST_8S7YVPZTMT,0.030544672
CUST_EJSQOYGUNN,0.09730576
CUST_XPFMHGEKIG,0.027163498
CUST_O8P6LV5TUO,0.02386178
CUST_HU0FSCW7P3,0.09259062
CUST_Y6GTLGKS6F,0.028512064
CUST_O31J4LFS7O,0.022105442
CUST_GHWQH7WQV2,0.022618888
CUST_G2O0TLHROJ,0.030730592
CUST_JM0E7YEFZ6,0.13068385
CUST_09TX69LHTX,0.08471497
CUST_EXQ1O7OS4M,0.023725992
CUST_GP3ZGK9K9R,0.020834109
CUST_NVMB0KKCZN,0.034293506
CUST_1HO290L9F1,0.025294641
CUST_9AHC78J5XM,0.025102867
CUST_2FVY9FZL2M,0.021825701
CUST_7ZES9OQ2NT,0.055176657
CUST_GWP2YMI0LV,0.7327783
CUST_A7ZYREM7N0,0.15996027
CUST_C9K9CZNNWI,0.0249543
CUST_V5WBD5F6FH,0.07696419
CUST_BFNRLIA3OW,0.09838818
CUST_6IWVNMXHTQ,0.14386612
CUST_QWWL50AWAW,0.0246686
CUST_JJBJPPOF9C,0.019891843
CUST_SQF7TZUYSY,0.07840523
CUST_QZ909LABMD,0.8803266
CUST_EO0NPLX42M,0.029905252
CUST_ZNXP1IVS2N,0.068874896
CUST_LR60RI3TQS,0.09937347
CUST_VNTP7Z2DEC,0.02476782
CUST_FINRSLTKO2,0.03821876
CUST_8XAPHUMAFM,0.031195115
CUST_JTQS1WPMAG,0.057621937
CUST_F3D679GP7H,0.07965212
CUST_JI8MZ93F7X,0.10842278
CUST_GW5FPJH3BR,0.08312251
CUST_UBQ3RHN30F,0.021785026
CUST_2V3XZN6Z8H,0.19290042
CUST_2HE68TWTY0,0.033656694
CUST_FBQWVOCQ8K,0.05092267
CUST_0CIJVNE6S1,0.07693161
CUST_FY3N1RMNOH,0.86341226
CUST_OS841LJMN6,0.08555303
CUST_2N5U61L5TR,0.12536994
CUST_17QOBUDZ5T,0.025568249
CUST_Y4D1FRR49N,0.8471062
CUST_DNW6H2L76A,0.1194565
CUST_67NXQLYKFW,0.058824215
CUST_4ASFUM286T,0.0299018
CUST_IY04KPIRI6,0.031719092
CUST_GB8OK42U7W,0.119000554
CUST_7OOUR8EY9R,0.124645524
CUST_RAN36Q2L5P,0.023995759
CUST_UOFGY61PQ7,0.12712924
CUST_F8EWE6RHKH,0.022696044
CUST_NENW764WGK,0.019242667
CUST_O8P4DG5EAD,0.02768076
CUST_3D44B54CWR,0.031028911
CUST_BP0SF85RND,0.021977942
CUST_STP4SQ28TB,0.8784874
CUST_1388UV5RQ7,0.023233108
CUST_NR5UEOGE34,0.11244556
CUST_7XNCJC1FGF,0.025226345
CUST_GDC58CNMPM,0.024573956
CUST_TZJ8EER9DX,0.026850356
CUST_XOYFJCZKRH,0.0833451
CUST_YISUJ4G2FH,0.03486739
CUST_2H64FDGF5Y,0.019214282
CUST_HVII092ZBG,0.030590681
CUST_RHOETQ44SV,0.026481
CUST_RPG2UE9NOM,0.90824175
CUST_8P65QGYAP9,0.022733785
CUST_Y098PDWV65,0.027444739
CUST_W6S8P1N7P9,0.060291763
CUST_R5LNS5ZMAC,0.08337964
CUST_MI817GPW0Z,0.027422717
CUST_RKIY286EML,0.026924595
CUST_4YE0S2WBJ3,0.034465123
CUST_3QOR27LZLD,0.024903562
CUST_WNL2R73GN4,0.030012613
CUST_5R40QS832F,0.8415673
CUST_MV1ZECJY8S,0.08547741
CUST_1WB7VJWA1K,0.078854166
CUST_T1SQG2Q6C4,0.021626694
CUST_POEFPD258Z,0.07536386
CUST_NDFK2GV4IM,0.09635292
CUST_J34XLAM08M,0.020747628
CUST_Q6T94P558U,0.031487133
CUST_EN7RBAU1CP,0.10310869
CUST_SN0NL6FGJQ,0.023778113
CUST_MO1D8XCGUM,0.022307198
CUST_3JK7JMOGQ4,0.03499925
CUST_VKTC8KRPQO,0.11395965
CUST_A2HYX2RBUJ,0.02775267
CUST_FGFDOLRZ1B,0.024911674
CUST_VW56F4H4H8,0.042022463
CUST_E15A0CG5K7,0.15042569
CUST_A60JYL38CF,0.12592278
CUST_TN4FSONUYR,0.026554074
CUST_19IMQL87HB,0.11539021
CUST_OLAKT0Q563,0.025407696
CUST_KG7SCLQ1Y5,0.028983556
CUST_L8T31IXAY9,0.047583994
CUST_K0Q2FSY4AY,0.079489626
CUST_OWAVMNOJS9,0.03642292
CUST_QK7ERF4P61,0.023899838
CUST_MBRZOI0QCI,0.034153584
CUST_D7NZVF1GT0,0.8777322
CUST_MAZ74DAXHG,0.026182596
CUST_JPP129YLOZ,0.13392214
CUST_9CH9TM1DIS,0.08432023
CUST_JUTE6VBOR2,0.0257082
CUST_KPVXYEYKUJ,0.07064804
CUST_RQRWV4IEV5,0.08934937
CUST_64VBHGJVHJ,0.08797196
CUST_HIPH8M70IZ,0.028663194
CUST_XM8WCX7HX7,0.038192563
CUST_4N3KMUPH5E,0.02462822
CUST_MGHSP7FG5R,0.14169382
CUST_S01FS214EX,0.078840874
CUST_SGP1P22WCR,0.83445996
CUST_NP6CMQ82C7,0.09031452
CUST_KQ19PBFTAI,0.11477217
CUST_NNZEXPBTIF,0.027997002
CUST_YPYYFEZPJ9,0.032776013
CUST_6WV8JPP7PK,0.037141968
CUST_ZWLE66G340,0.10942033
CUST_67SRJC3LYA,0.8344213
CUST_3C1MUS9NU7,0.14449503
CUST_7JY7KI5RTO,0.1581424
CUST_8G9JIP28YZ,0.0211127
CUST_UXHHJ3T2SS,0.041201085
CUST_0IDQ2YZIL6,0.09907984
CUST_7H84JKTP5S,0.88949883
CUST_8O6AEPV3DR,0.103446536
CUST_OHMWUNH712,0.023162661
CUST_YQ0VAJUO3G,0.11657398
CUST_HZVG2WF7AH,0.64995044
CUST_QTHRLCDIJZ,0.031441506
CUST_YG4KIRIMCY,0.024041785
CUST_5UM8WKZUKO,0.02354418
CUST_XFS0JD533P,0.83495885
CUST_CIJRVJ22Y7,0.0682871
CUST_SWKL8AC36Q,0.039378606
CUST_V4QMPKQB1F,0.023140581
CUST_Z6KR933N7L,0.022884993
CUST_78G0AJK18M,0.0797994
CUST_6ZJYK0E9PS,0.108020425
CUST_C9RTQB0IMB,0.029372524
CUST_RXZ2CAW5FU,0.025347333
CUST_XG209F8791,0.87702596
CUST_1R4JVS8GJO,0.027066905
CUST_1NKDW5CBDG,0.0331964
CUST_IVEKCQVI6J,0.021768577
CUST_MLJOAMHNTO,0.02181154
CUST_BCK38E2NT6,0.02760118
CUST_JYEWY0W0A2,0.083750926
CUST_5Z8TCHQPC9,0.035019167
CUST_R8O87LV0TA,0.09379675
CUST_7XTRXQEVQH,0.08255488
CUST_XNQ6W1O2LL,0.035731643
CUST_3UMB17PC5X,0.027603183
CUST_QWBP135EXE,0.1331691
CUST_ZXJ3AC0HP2,0.026838228
CUST_OGP7UWSEHF,0.023498204
CUST_6X58C4TTRF,0.1155948
CUST_JAAACFUPXO,0.0854412
CUST_NBPK38QDQ9,0.034161173
CUST_WIWY5KDPD3,0.023414537
CUST_BGB6HIY07I,0.15774423
CUST_URAKXU9M6D,0.06364376
CUST_Z47OSYJRQ3,0.10605864
CUST_V3PYZNLX43,0.16194561
CUST_U275680REN,0.118491195
CUST_T6IKIJPQBP,0.03865967
CUST_RHTV45BG0J,0.10875593
CUST_8YUYVFAEJE,0.0811694
CUST_H3ZV3AR49L,0.02611815
CUST_EOJTZMKCRG,0.025282282
CUST_BGIOAUGBRG,0.028666275
CUST_696QT0RVCI,0.055669956
CUST_ZZ7Y5ZVAK0,0.1159281
CUST_9VTSAAVJ11,0.034297887
CUST_8EXYSM0TJ9,0.023313832
CUST_BLHIP9592D,0.021028781
CUST_TRRSWSL7D4,0.14188302
CUST_RHA7OPQ4CX,0.033788215
CUST_IIVW7FS6U0,0.1329436
CUST_WG69JFY6G7,0.018363839
CUST_M4Q04Y2TQ8,0.8382765
CUST_8QJ1QVJ6YK,0.03231557
CUST_Q4HLKFNOT8,0.034703575
CUST_02AHJ5FU01,0.094182886
CUST_94RFNLC779,0.83515936
CUST_DURZL11Z33,0.020965772
CUST_773RMMQBLK,0.025922086
CUST_4AFV1P3VHN,0.7621266
CUST_YPGP7A8Y9Q,0.09944083
CUST_LUXQBROC5E,0.10759149
CUST_JRJECIAFQ5,0.021673271
CUST_3KVK2QUAB1,0.02341976
CUST_PYEYFU0LFG,0.074591696
CUST_EBZK2CDZRS,0.048305403
CUST_89W94B44ZT,0.025360355
CUST_RVXSQAWMZ0,0.023618888
CUST_A7GAI3INKV,0.023232287
CUST_9FHVHJD238,0.10131827
CUST_FPFZD5DEMU,0.024084656
CUST_3X8J3H1R23,0.08597585
CUST_2UT16A43YJ,0.14248864
CUST_3GTF474E6H,0.037762254
CUST_JBGT0PZVMT,0.02396349
CUST_FU4FTWSB5X,0.14082217
CUST_U8HYYEP4JL,0.18725196
CUST_KSE4UAXHRI,0.11169622
CUST_3UCONN7AND,0.15335599
CUST_5F2NQJCYR0,0.13237761
CUST_15DWQDCHAQ,0.033943474
CUST_1HWACPKAN8,0.026766963
CUST_FBG4EVFQOT,0.11733448
CUST_IKZNHUYLGN,0.7515106
CUST_V9T50HMPST,0.113232404
CUST_KY1CZIVR2L,0.03243468
CUST_SUUWSW2CS5,0.025923615
CUST_UQFN0QUFV0,0.13083233
CUST_RFEIHL2B6B,0.08902838
CUST_3W3WJ8QVXA,0.8463801
CUST_3EV0R3IXAL,0.029950077
CUST_XZQSL4ADXQ,0.040153265
CUST_7H5F4NGI8D,0.11722437
CUST_GJAY6DDL0W,0.044198267
CUST_033MDQZO8L,0.07576123
CUST_K7JE2TB99O,0.15789829
CUST_O8YUAULKW3,0.8627868
CUST_CLW3AALRFU,0.074024536
CUST_DTVS4UWY7F,0.025752392
CUST_ZE21EQ5WH0,0.03581919
CUST_J2081ARURQ,0.15270941
CUST_O59R22JZDL,0.022987323
CUST_U3D48WUP1K,0.032998595
CUST_ZIX9N8T718,0.044368077
CUST_X9J7I7LAMM,0.8044839
CUST_70RVETWY27,0.018236456
CUST_1P5A2AW935,0.032630578
CUST_E2SAQDCH9J,0.042451195
CUST_94I46TWS7H,0.028363364
CUST_EROVFH1IOP,0.108831555
CUST_1WEPA1YRF4,0.70847446
CUST_FMHQY6TIAG,0.10958949
CUST_XWHY6QIF7W,0.03811841
CUST_5EL72O6XKN,0.026650341
CUST_CTN5R6K212,0.0459399
CUST_3EPVIDQYJA,0.030565988
CUST_0BBOAFJ9E2,0.14533442
CUST_Z02NDRGBIM,0.15706867
CUST_ZROGZC6D7X,0.025469108
CUST_IYM40BW1NQ,0.16541415
CUST_9ZFCSFJHGA,0.12444201
CUST_PH8BF7ULJD,0.023203269
CUST_H50VKVTOKR,0.025041413
CUST_T057AVO4HX,0.113676265
CUST_4VAPX1K0R5,0.07350167
CUST_17S5JIYROZ,0.8369812
CUST_QMV3B631IA,0.026461193
CUST_XGXBGYY99H,0.035972837
CUST_33TXM79CTA,0.02840548
CUST_PY6EJRKAXE,0.02493372
CUST_IJSDNVVLJ9,0.025388991
CUST_KEBYN75OLF,0.02387514
CUST_U4JHXVCWEK,0.08865727
CUST_1J0PX1U2DU,0.8487829
CUST_143ZJGT7L2,0.025732445
CUST_S76J8EKTLQ,0.029120516
CUST_B3N5G6DJU8,0.09254898
CUST_UIRRRVIX11,0.077667415
CUST_HLD8K8WQLT,0.032129712
CUST_135R3PIPDB,0.10654736
CUST_GP8WR4TLEV,0.026559899
CUST_G28KYHPDBZ,0.017670145
CUST_B3CXJL0LX5,0.7196447
CUST_YEY6JM7UYU,0.0696767
CUST_ORGMGZEKG4,0.030572277
CUST_KCD7PMQ8HI,0.025680542
CUST_JY39BET3RA,0.030712418
CUST_46N0RZZGX9,0.10731915
CUST_Q7S0PX50YQ,0.019571146
CUST_YU0Z7KMZKI,0.025426198
CUST_MBUY3V38O8,0.8071795
CUST_5GYVW715B8,0.028229188
CUST_7FQB4HBHSH,0.09115186
CUST_RYZBEPBUT2,0.67746
CUST_IIF9H9AMY3,0.11462691
CUST_BVMFQUPECD,0.023784954
CUST_OJU6JT39WA,0.039972972
CUST_AX74C0GRK9,0.028586876
CUST_W7YMM847XX,0.092101276
CUST_MB3A8CJ1MR,0.109733306
CUST_4XKHSE9YQO,0.10907083
CUST_4DFZJQER6V,0.15273848
CUST_B0B2GWGPF6,0.030032476
CUST_J4HKOJ598H,0.09235624
CUST_PYDRJNYD58,0.117749065
CUST_GI7A0QVF27,0.032403104
CUST_XT8262HNKD,0.038803127
CUST_AJNF4NNTIH,0.028770538
CUST_3BHKX8PK72,0.1485548
CUST_LV8O3W5WUS,0.021679536
CUST_CGXYY0BKHA,0.16158718
CUST_LAG7I04D75,0.089578465
CUST_3IEXL3592E,0.028620007
CUST_OAEY2R7OJM,0.025964664
CUST_5B51XEIK9R,0.023886634
CUST_KBJD2UFZ64,0.036549028
CUST_APYDCZX2RW,0.18018934
CUST_9ETONTBWMY,0.020694299
CUST_EO9B3VRL6M,0.10203367
CUST_JKAI1SSBN6,0.105986364
CUST_BGQQK1O97P,0.029736644
CUST_PVL4VPFBC9,0.09487046
CUST_U61Z9R5SL5,0.12788464
CUST_403AN94ACS,0.10436704
CUST_2T2ENWQSUG,0.11699618
CUST_N8P52JTCES,0.076715104
CUST_MO696MFZ3J,0.11336982
CUST_ATISSNAYPC,0.025230074
CUST_HCIAVJ2DQ4,0.0383553
CUST_L3DEDN4CMK,0.12941484
CUST_0TJGE46JDY,0.12641937
CUST_4UOTIBO62H,0.57584536
CUST_IQV8Q6NU99,0.025997195
CUST_WHGIPBAR4X,0.026138317
CUST_JH6DSPBOKQ,0.12825902
CUST_Q4LSPTRYXP,0.026231606
CUST_YNAE1I9YEP,0.02833689
CUST_JIQRTEKOJA,0.02572765
CUST_LTJRZ6BE66,0.028229915
CUST_YTEOP6GRX8,0.117558755
CUST_JNGZX0SZVU,0.032723054
CUST_1JENQ7JMTO,0.029336683
CUST_0BVAS0EZ2J,0.020118788
CUST_RAYCZ91Q1M,0.018156238
CUST_LLNATMS2AV,0.0974418
CUST_3IB4Q3I4KN,0.02322943
CUST_RT0USO5CHI,0.13144422
CUST_8PKBP4OZTX,0.023797387
CUST_HAX7YLKQZV,0.16635959
CUST_KQN3XPJJ6U,0.20428391
CUST_K8IC911M03,0.030834181
CUST_8UBQPOTRM1,0.06534738
CUST_7W1UYERY6E,0.021972096
CUST_1Q0W134J6B,0.8351212
CUST_LB8DHPDJCW,0.07601775
CUST_WS6Y3M6GZG,0.038382385
CUST_TOIAOPRX6L,0.023629755
CUST_CC1WI4742J,0.03234743
CUST_8I4ZNF2P3X,0.8186421
CUST_0LBEPNJMPS,0.024095621
CUST_K9LD7E4UFU,0.1128602
CUST_AQWHPVMQKV,0.13596493
CUST_S8GLF1RZZD,0.020034753
CUST_QVPSSOWR1S,0.024389472
CUST_YB92NVNOKG,0.023162056
CUST_JMC4QBWHS5,0.030189078
CUST_K0MP19M0N3,0.03135055
CUST_EIMU1V39IU,0.029460886
CUST_CEFW2MYFJ2,0.022788817
CUST_751V5F63BF,0.118045636
CUST_NJJUFY9RXB,0.11754473
CUST_OG541YRMCP,0.02563104
CUST_C2H0E8EX6D,0.035872143
CUST_K0KVVDK5IV,0.79307514
CUST_WNLBFF2M9G,0.023155143
CUST_9CPXST1X7A,0.8099138
CUST_D1F7NL6S2N,0.073687024
CUST_KSX8FAEW8Z,0.038569648
CUST_TD0FPAQ6F9,0.80573237
CUST_GRXKJZQHAO,0.08872377
CUST_38TJ2SFJFA,0.77741754
CUST_YL7B1BM43Q,0.029183796
CUST_I5NIGT6P6C,0.024098717
CUST_ZAH0ZO1NKP,0.023255222
CUST_KFE1KQPXBG,0.06830076
CUST_7N5BQ0Z2OF,0.027550666
CUST_88P276K31W,0.020288471
CUST_867VEEEY2J,0.03226866
CUST_Z66KZAKI8A,0.8855087
CUST_E7NSJVGYFH,0.072645076
CUST_7QYXKL8E8X,0.027692588
CUST_VVTSBEATPK,0.10749961
CUST_ASVRO8BR1G,0.06930789
CUST_FT3QVT75HL,0.068329096
CUST_LPCJMEUNKH,0.023446137
CUST_7LJMBSOR0S,0.034403775
CUST_8CXCP3XSS3,0.56819886
CUST_10MKRBJECD,0.10749099
CUST_Z84XTW0D43,0.07967448
CUST_1ZBV0FQL6E,0.02518205
CUST_5BMXHEAA1U,0.019642066
CUST_K1SGNAZSR2,0.019718243
CUST_HQ1DZ15A6Z,0.13820662
CUST_IQDLD6CMG3,0.029322727
CUST_EGFJE0X6AS,0.018751957
CUST_D7G4S9EKUL,0.021916581
CUST_IM92ZT7RMD,0.09098705
CUST_BWIT5R5V11,0.16862151
CUST_5WEQ8JDFOG,0.03183633
CUST_ROFMA5Y0KJ,0.030243011
CUST_DVDF1Z070I,0.023462007
CUST_ZLWHAOGJLS,0.027460247
CUST_P1LU0BCHA1,0.026083743
CUST_JZYK5R2O7V,0.033546858
CUST_DVD4CVPZHV,0.023400288
CUST_REX7SS9HAS,0.7696592
CUST_FZ9EYH762A,0.038060844
CUST_W1FT2L235Q,0.08676533
CUST_BWXJK71N6C,0.086788476
CUST_65QXQCD1DN,0.025119383
CUST_1XXMCHLITW,0.035706747
CUST_V02Y1GEJPR,0.035669997
CUST_UR7O1A1XW7,0.09289577
CUST_YENUK8LCC2,0.028451813
CUST_GHS88COUX3,0.073925726
CUST_SR2U2Q294S,0.081558965
CUST_ICRUCWBCL9,0.016916024
CUST_GCED0M5WV5,0.026616199
CUST_DEN0YCRCBX,0.094760954
CUST_1BC8KML6BV,0.7587578
CUST_UQEYBGLGMV,0.8220739
CUST_HM9WFBYY4W,0.15485983
CUST_FIYFWALUX3,0.12479396
CUST_V04JR40YV6,0.041350897
CUST_UYIB136YH1,0.02515095
CUST_D942DBR1UT,0.023023633
CUST_UUQYN5KO4B,0.8617898
CUST_2X95LXW7C7,0.09765217
CUST_GXXGTUJC0A,0.12474863
CUST_JJOI6X20RP,0.13956603
CUST_07NLKQD72O,0.16642119
CUST_F6CMTL2GLV,0.7543765
CUST_I9ZWG9U04B,0.11774067
CUST_1ZX2R9KZW6,0.034862105
CUST_RRSJZQYCIY,0.03737143
CUST_QTHGUX6K22,0.1084266
CUST_MUEJWP46KJ,0.08269919
CUST_BNCQ1I4MS4,0.15187791
CUST_GW0CP6O5LG,0.037769012
CUST_1XC342RKIA,0.14645818
CUST_119FFAAHBK,0.032084
CUST_3PR8Q25BYM,0.042064443
CUST_1HQDSDX67W,0.096307255
CUST_VZ9ZL4QGVN,0.099255875
CUST_FJP7W0FV0V,0.091965266
CUST_UCV6EBZP8E,0.026352452
CUST_37L3NKRODZ,0.050536472
CUST_UQITMG4EDS,0.11941865
CUST_ZEZ0JJBS4S,0.850241
CUST_DOZGHSFCF9,0.10811592
CUST_4WGCZ25YF8,0.08368223
CUST_9I425ZAFHC,0.021009559
CUST_WEEIU2U2B3,0.02487445
CUST_5ASPLOJZ9X,0.04355487
CUST_E6JWL7QIQ6,0.03511477
CUST_B75K266LZ5,0.032895885
CUST_Y2BNS0RY70,0.03556218
CUST_GPF8F1XC0A,0.01813489
CUST_JI6I8QTBFV,0.105126485
CUST_2DU7I48I6W,0.03342875
CUST_75BYCGFSAE,0.024250653
CUST_OXUDA3EHTV,0.09268307
CUST_NZ1XZAQF1P,0.050944973
CUST_BS73UWSCUW,0.1005964
CUST_RZB71ZJWI6,0.0327335
CUST_EWV5YDMFO4,0.8077245
CUST_8X5JUHT7G6,0.03471672
CUST_YP1EGIWQB9,0.099852994
CUST_ILI6JA0FUE,0.03153396
CUST_WOIZJRW5R6,0.12655337
CUST_UM4QGS3NSA,0.038616464
CUST_T82Y9X4IBE,0.039347477
CUST_3HC2OWTHWO,0.026414689
CUST_OI53KWHS9N,0.026485017
CUST_XE0H5C907X,0.023013359
CUST_8N10QN1C7T,0.026255064
CUST_6FM4S5NPTJ,0.029736063
CUST_JVV4RD6O2L,0.036100324
CUST_4VGG6P9WEB,0.024452545
CUST_8E6S2W91VT,0.8728248
CUST_3WSX1GKQR2,0.14314553
CUST_2CM87CAZ15,0.023046821
CUST_1Y6IBPTBPZ,0.10730446
CUST_8WB97EEHFR,0.07590809
CUST_SKI13YE04X,0.036658943
CUST_HRHRTIYWY4,0.02237196
CUST_5WI9ZHPNJR,0.082292914
CUST_2CCACNP39Q,0.66669554
CUST_OMV1PPLSU4,0.08084507
CUST_LEHPDPOU8Z,0.122866616
CUST_38PN4TPZS7,0.024609573
CUST_M2VAL1BRYZ,0.08154709
CUST_S8TE5CDQFH,0.10735805
CUST_9VBPOP7KZO,0.025689326
CUST_PVH0E2F4RJ,0.028326442
CUST_HXAA3QWPE8,0.11500288
CUST_5IN5ZCORBM,0.105200194
CUST_057ZOCK92Q,0.025481991
CUST_RUFJFHLKQD,0.06199739
CUST_7WA826NH1L,0.026168466
CUST_1X6AAD62JF,0.024710977
CUST_MW794MBKEX,0.045566756
CUST_76VHPEHM8G,0.1023948
CUST_54HCBV2WFN,0.1819612
CUST_YXIQ42IKU7,0.025238566
CUST_51XC5UNHXX,0.023446804
CUST_MGBXBX0ZZR,0.026003813
CUST_6IUX7327Y2,0.09888082
CUST_3BV8SIBWJY,0.026857302
CUST_CWBFOL88GC,0.024693744
CUST_AVMV49PKEO,0.102955595
CUST_CNYZTC3YJO,0.024011472
CUST_ATG1SPC4MV,0.033110794
CUST_0X85IYY7C7,0.032946706
CUST_MFO33WKJHI,0.042960394
CUST_ADYN84MRMP,0.0276928
CUST_29F03TWCCQ,0.11511994
CUST_0NU8WLEP82,0.06767202
CUST_IPYATC3L40,0.077455044
CUST_JS2OSK9L7Q,0.025633922
CUST_GCD77DEGI9,0.09954176
CUST_9V10LXQ9TP,0.03783851
CUST_6TXZ6F6LIG,0.022445546
CUST_BUWTQUUBT9,0.023875976
CUST_VT7Y2EQI7X,0.03150147
CUST_LYHHRPABBB,0.04013557
CUST_C20SI3PMQC,0.02609709
CUST_712IWPR66K,0.078431845
CUST_4POCQCYQ6V,0.8655696
CUST_P0L7PS0VBC,0.025638383
CUST_YA8B6WHDCN,0.063918196
CUST_P0EVYNITZ8,0.03745473
CUST_XEJSOU23WU,0.024334503
CUST_9J42JFSBO6,0.03170088
CUST_RR0O62GYIY,0.76324576
CUST_FPBLKK5VD7,0.14060263
CUST_K30KO62BFL,0.11558694
CUST_Z4EO04J0FU,0.036933515
CUST_G99CFP27DN,0.088642955
CUST_C5S43R4O9F,0.035170134
CUST_1CU3FB2HCI,0.024188885
CUST_0XQZN7I6D4,0.022130303
CUST_9UH5IV3VA7,0.028190846
CUST_ZGYU6HZY9H,0.026182555
CUST_TKKN4W4ZAF,0.022585534
CUST_0SA4OA12R2,0.02869905
CUST_8PI8T10OM5,0.09056517
CUST_YLHCZF2SAT,0.031476926
CUST_IYCQ6TFOAP,0.062372476
CUST_FU5UR16G89,0.074323915
CUST_RWGBPDOJ51,0.02901823
CUST_3SVWJB4ZJD,0.026193297
CUST_EKWUPYWLJN,0.0327404
CUST_VMXCG1E3TF,0.080696866
CUST_MATUY8PQ6Q,0.025772087
CUST_C3KIXRB0DG,0.14257096
CUST_TOYTG6AHPD,0.14471196
CUST_BRFTRKP1S1,0.027708387
CUST_6S766FX9CL,0.82966584
CUST_K3RQ31NS7Z,0.09190876
CUST_T5XMPUH3KD,0.024742972
CUST_QA17R31RXX,0.026480842
CUST_NKYARXLS85,0.12465227
CUST_5L2U72KWMI,0.021682581
CUST_0QICBOHLP7,0.12294592
CUST_56PC2DYBHW,0.82352316
CUST_B360YO0H1L,0.11683221
CUST_VSK1Q0Q7C9,0.039731827
CUST_6LV2REFVXP,0.81626993
CUST_T28XIA93IH,0.02624558
CUST_TW1INT4GTO,0.06532611
CUST_S7RU50XGPQ,0.034204803
CUST_SOJJHX8RCL,0.022126367
CUST_5DNLP2928V,0.02266162
CUST_UVGWANQ44E,0.8528935
CUST_FNSNOI4EE1,0.029847868
CUST_0NZDOIO5NN,0.08960145
CUST_J1JRFOI1OU,0.023550624
CUST_94RTAIDWTP,0.122334674
CUST_CVF50OJIVQ,0.14909074
CUST_QF09QMN0K8,0.07526029
CUST_RWANBZNHRZ,0.023811232
CUST_RY9PPT5IZV,0.027105123
CUST_WT2U8T40M8,0.032331806
CUST_RBEOQJK0HQ,0.0228207
CUST_R2E5WO4ZZH,0.040856663
CUST_59T56399HX,0.04367362
CUST_RHXC8DKPB6,0.7212386
CUST_MY1NLQPK0W,0.022789013
CUST_BGDDTDC3I9,0.092578605
CUST_VS8H49BTFW,0.029914327
CUST_Q0CCYZE9HD,0.022218429
CUST_IUHG5HLQPK,0.021963174
CUST_YBC30YCILQ,0.02744565
CUST_TFM7ZA9V1O,0.032025795
CUST_BSSNZ7UZ6R,0.025534175
CUST_9NZ83BFSX7,0.05945543
CUST_2336PMWYBK,0.089678176
CUST_716YTREX0V,0.12965277
CUST_O9SALB74WX,0.02609248
CUST_RXPQMWA4I0,0.03178414
CUST_GJ902R8ELW,0.7567578
CUST_AKUR3T3KR0,0.021842524
CUST_38QJOFL040,0.03566012
CUST_BBXTSN2CSV,0.027494803
CUST_17VRU3RXOK,0.032568406
CUST_4ELNF58KON,0.02444882
CUST_RHTGIHEGJ8,0.05971614
CUST_C8PODMTFIW,0.08309331
CUST_6J9CCEOHNX,0.028988622
CUST_I44OKBSJ1L,0.0274896
CUST_DE6MFY24F3,0.02503206
CUST_RFYI1I464F,0.03403026
CUST_OP5GCQBDKZ,0.023028933
CUST_CVL3J27JI1,0.023463378
CUST_EFGAV3YP26,0.13330746
CUST_8VQEOO9RGC,0.08992095
CUST_O92CXMXRYN,0.034771238
CUST_D484U1PEXL,0.026062137
CUST_PVZ1RXKCRC,0.038832027
CUST_52G3YKSJ50,0.12089719
CUST_RI8J9VHDNP,0.09256517
CUST_C2ZB0C4ICK,0.03109043
CUST_7MH9BMGHZ2,0.8308494
CUST_Y90OSL47BG,0.032878216
CUST_9Z05F9XQTD,0.04040128
CUST_5SEVKZ1SJW,0.021343673
CUST_H3AL6NSSJQ,0.023696138
CUST_M2XSB4FXQO,0.11040896
CUST_AZCIQ6DP2P,0.019372359
CUST_9IZXK06V1K,0.02440661
CUST_XJ17N85SA0,0.02377399
CUST_CWG27OSPI4,0.10902993
CUST_IQNAU8JGO5,0.030577626
CUST_BTN1S0HSLI,0.10214196
CUST_VDEZQ5BK2I,0.06918053
CUST_NOBQX14IBO,0.021781655
CUST_8Q44BBGA2D,0.08361277
CUST_CEZ3JA2Z4J,0.024719976
CUST_IQWB4AXXCO,0.02835838
CUST_G9BUQLDW47,0.029759832
CUST_RP8FR9HW93,0.031522933
CUST_R66ZUZI877,0.028646387
CUST_0ZCUDDRNI1,0.6081026
CUST_K7I3A7XR9K,0.026517639
CUST_6QTCEMFPNI,0.018191235
CUST_XO6R5LOED5,0.14542532
CUST_YOA4NPA46E,0.13590463
CUST_USBYMXIKNN,0.020074757
CUST_EHRN77NQD6,0.031117193
CUST_56LD3YDDUM,0.8751598
CUST_KFXBQERZ4L,0.8415541
CUST_MX935ML149,0.79728496
CUST_G1VXPFOKMU,0.109498955
CUST_K004910FHY,0.17360571
CUST_NFOXWZ9L1Y,0.023456065
CUST_D0GLSMYTWT,0.14541765
CUST_KGPCB9M5KK,0.15865894
CUST_ZPZRBDRUT4,0.027617175
CUST_F1ZIPWCMXF,0.081469
CUST_COV6D4NMWA,0.026471753
CUST_9A18ZABUQQ,0.027057119
CUST_TGECM4NNHY,0.07881862
CUST_6GFAQPCFSB,0.019971121
CUST_1XISKYL9CO,0.12685111
CUST_ARR4J58J6B,0.024098627
CUST_UTLTSXFC6N,0.096890226
CUST_I6ERCDTJ84,0.019514622
CUST_LYYG9E8QBQ,0.024245502
CUST_QCT8AKKV92,0.03418686
CUST_ACA26Y04NA,0.02536006
CUST_35OS8CVJLJ,0.03049425
CUST_ACSL9QB1MV,0.023614934
CUST_LMKEU2ODWV,0.90971684
CUST_4K4NCL114N,0.031688727
CUST_KERU7ROO98,0.025316278
CUST_MGJS9QCABB,0.034364235
CUST_FVNNIOVSWX,0.026123876
CUST_VPIMBV1Q1L,0.030951587
CUST_TBF8P81L7O,0.08602194
CUST_1ZK803RR11,0.09548967
CUST_5TS426DMEU,0.17641196
CUST_N30287RYDA,0.117962904
CUST_W6KCDEU44Z,0.08745658
CUST_BYFJQYS9VD,0.021801028
CUST_88W38RMFHQ,0.03361139
CUST_M3GARLIU8N,0.123038694
CUST_7ZC9ZYVWVV,0.030178959
CUST_7LIIU63BH6,0.12528493
CUST_L342ZL476J,0.02189344
CUST_Q0TVXCUW9L,0.13219526
CUST_KGV5PUBSXM,0.10683151
CUST_DREXNJDZGX,0.10799272
CUST_7YEOLZA4AP,0.024153946
CUST_6EP1CO3R62,0.02659673
CUST_XI6OVEAEKF,0.028753558
CUST_HSINO7YTLZ,0.09899647
CUST_29FE6Z48HI,0.065350115
CUST_EPVCNNCMRZ,0.08865559
CUST_1VPYJZ97OB,0.02231011
CUST_L2Q3RDS5MY,0.09261536
CUST_YESY77R03N,0.028147476
CUST_CZNH05GTFX,0.035499
CUST_XIMJ77EV37,0.027667651
CUST_J51FYRGB48,0.0186696
CUST_6A1IU8S3DD,0.081688575
CUST_1179GH260U,0.06851969
CUST_NP8GBKG5Y8,0.061738975
CUST_M3WES6F7VR,0.02434403
CUST_DTP9N4FNHK,0.0978538
CUST_TEG4ZD9WGU,0.025287753
CUST_K9SJT1V1PQ,0.15191582
CUST_NLVBVMDBB2,0.038232636
CUST_DSPSO8IDOP,0.026435629
CUST_JUZ63R33FB,0.027443482
CUST_TCPPY9O7ZZ,0.7880369
CUST_G5IN2WNI4E,0.021268059
CUST_GFTX36HSPT,0.12753601
CUST_PA4K6YKJG8,0.040276818
CUST_5CANEOWPS4,0.88600045
CUST_Y2033QR12L,0.61544883
CUST_66ELFFRNTC,0.033461254
CUST_1BSP5FRK1A,0.8356891
CUST_1N7L12BZXL,0.026138788
CUST_WRNWKLT2E7,0.02767979
CUST_HBJMOXHXD4,0.08975628
CUST_QZ4QD4VQ33,0.09327566
CUST_LJ6J64JZSG,0.17642173
CUST_T58YIPQQA1,0.024255596
CUST_Q6M8LE8N8F,0.10570508
CUST_RR6R2NTCVU,0.15843625
CUST_RQLDKR0FH7,0.022396335
CUST_FH4LAKSRAL,0.08907174
CUST_O9EE2X20KN,0.111975886
CUST_1MLTFDDPRZ,0.018731494
CUST_83Y501N39W,0.10714929
CUST_L35EY7LEYW,0.13228418
CUST_K43YF4EP65,0.09956283
CUST_PNQ62JV55R,0.019550323
CUST_NWN01W8LPC,0.102232344
CUST_4PGYQINQUW,0.100761004
CUST_XKSO99HXG8,0.12763347
CUST_7AZZ5S74YL,0.027514568
CUST_QM6AAKF5QV,0.06322265
CUST_7J54PX7VVO,0.028765136
CUST_2DFV15CRY9,0.7572609
CUST_M3AE4G5O3Y,0.090126045
CUST_TTSM27UBP9,0.028783994
CUST_WQEJOLS3VU,0.03456567
CUST_AYHNIEFLXH,0.02689031
CUST_X3NBBH0VJ4,0.06393745
CUST_F3AEKTX3WL,0.06757602
CUST_BW46E4SUB7,0.09027575
CUST_M4WWEWQBYQ,0.028318869
CUST_52S2VR2MIZ,0.12791435
CUST_7UOZDE075H,0.030029694
CUST_ZIKOU894D5,0.089993075
CUST_SBJ8LIGZYY,0.094098166
CUST_41IL7PVBM4,0.861989
CUST_O1TD5M00LF,0.026715359
CUST_HNR6NDS307,0.025162444
CUST_2ZV0MNIDYQ,0.037016034
CUST_MYGE2OYUCA,0.034634236
CUST_05NBI2BZMN,0.1785684
CUST_4EAO9ZT4FO,0.06572393
CUST_OFM7APE2YG,0.024035867
CUST_0BONAQ6WNZ,0.035221685
CUST_3NH0KEGDVP,0.023668174
CUST_KW1UTFCI4W,0.033655316
CUST_50KO42FDD9,0.025726499
CUST_GZF0Z7Y7WA,0.024862785
CUST_UJ4W1KX91S,0.06531526
CUST_OC19UT0NB7,0.07237262
CUST_QCWAH55O9Z,0.10644284
CUST_ONN764QQF4,0.02601143
CUST_RH7OSZY1R2,0.08165687
CUST_5AK8ZTVJKH,0.038437378
CUST_Z59G8XJL0C,0.028600328
CUST_86EDTHCVJ3,0.08851936
CUST_U0VY87KDFI,0.027847832
CUST_TTYWJGB1Q4,0.102811344
CUST_ZYC3A05J8J,0.7729974
CUST_HCZD2UVEIS,0.11119299
CUST_ZJC3P3R8CH,0.024770638
CUST_4KV4L9Q1LF,0.6829761
CUST_RW7MR62TXO,0.02322113
CUST_KG01R9PKLV,0.16076845
CUST_NE46U7IYM2,0.12276448
CUST_FTZH61HNW3,0.07262788
CUST_L0VAFIXGME,0.2008767
CUST_RCL4RP929B,0.091675095
CUST_G6VOQ9XP0R,0.11805742
CUST_XQZKIAM0OX,0.06553603
CUST_M0DAEZICG3,0.09601448
CUST_R9G0N243VM,0.07396656
CUST_XIBR33L86W,0.029177612
CUST_PS40LO24RT,0.028618203
CUST_GGFLJT7AJU,0.053686075
CUST_ZFQV2BTGAB,0.15332681
CUST_XMOH0FOPEP,0.03645457
CUST_IS6JIM26FU,0.12152353
CUST_YAWVO8NM5X,0.025081182
CUST_ZEP4UJ9Y3G,0.024538897
CUST_N7TVE8UOKN,0.065342516
CUST_BE5KOHQ4GT,0.10391575
CUST_BOGT0IFF1R,0.12361202
CUST_8CYP6XVQUD,0.023188693
CUST_ZXOTZC83S8,0.030704755
CUST_P62CGOKS9E,0.025154404
CUST_0IRCXEYJQ3,0.027421974
CUST_OSKTEUTVQY,0.12589872
CUST_QUHIHTJA2K,0.8898827
CUST_NKPOQSODRN,0.12011679
CUST_GEY4LCQNS7,0.021496795
CUST_PEK9JFEX1C,0.029849635
CUST_MCQPY0OBIL,0.02929756
CUST_8DLUDE8TXW,0.018670449
CUST_JG30M071Q3,0.03400558
CUST_1FJYAGW4C7,0.025043229
CUST_FNJUTLEWC1,0.082123876
CUST_JZ2VQEU9J3,0.12741016
CUST_H8IN5G5Z8D,0.023968276
CUST_DJAJIQLWB2,0.0274453
CUST_JX39AZU269,0.12398624
CUST_GHI5GL3CMR,0.09821367
CUST_WH8DQAXG92,0.119605266
CUST_BK7SD9N0KC,0.03032891
CUST_1TAINB06IO,0.7511914
CUST_WMCV3FZ0U7,0.033850867
CUST_7O6OXY12W7,0.030031534
CUST_EICQ187PGM,0.020379279
CUST_0I6P9TKNZG,0.02591166
CUST_JGUQVF6W7I,0.026326833
CUST_02MJRWM2Z5,0.1182536
CUST_G73NCR7HJL,0.8518619
CUST_XNGT9S9J7U,0.02440564
CUST_II66MV32UI,0.035438616
CUST_QN71QOA8B7,0.053891774
CUST_YXNDXHO26Q,0.025292367
CUST_GY3QBPYF16,0.023268716
CUST_9QRCY6ZPQ7,0.050673276
CUST_KB9UVSVFB6,0.03462087
CUST_SD1HJT8NKJ,0.81658113
CUST_8QDI0YP2VI,0.11137379
CUST_Y38Z3LTXIN,0.10741153
CUST_O5IQFGFHGM,0.113980904
CUST_TL0NJ9S5W0,0.09876092
CUST_YKGIQWB1M7,0.11860107
CUST_Y5SF5VBHVF,0.122460686
CUST_RL7JSKMZF1,0.07440579
CUST_5MG8WB0F1H,0.086565346
CUST_3HRA8Z37CB,0.16859378
CUST_6KL173AVIW,0.10977397
CUST_IQO0VLVI2K,0.050874077
CUST_001SJ74K0H,0.10286586
CUST_1TC6SJS59F,0.80249333
CUST_RU1S6XWM3Z,0.026546132
CUST_T9GV5GTQZK,0.031932313
CUST_4N73T18S0C,0.0240523
CUST_XUWAXFY0ZR,0.07899878
CUST_FVQ8PFBBGO,0.032176595
CUST_19JL6M1I21,0.12307763
CUST_2H39SVG3KL,0.7158279
CUST_92XXP6QSLW,0.10930315
CUST_1D6LGSC49D,0.02770355
CUST_4TVOZNVLAV,0.13037774
CUST_LAJ07RDVBI,0.026163368
CUST_OFPGHFAF7F,0.028605502
CUST_5TU8VXDXDR,0.04376665
CUST_DD5IJYXW10,0.10316522
CUST_9SE46KEYH6,0.031696692
CUST_XYYANQL88V,0.04190276
CUST_TYF0ED6E9O,0.093104094
CUST_QF09W9NNGD,0.12171115
CUST_SLVVKWMRDE,0.022645062
CUST_VQKPJCWJTA,0.11970065
CUST_5EVH23Y8Z3,0.02803237
CUST_3LGIXPZN65,0.023851745
CUST_RVI26PO7J3,0.02444711
CUST_FMLUYOADLC,0.03405083
CUST_6F9V9R5L4J,0.11461312
CUST_EMP52J74PH,0.116180375
CUST_BS1NIWMI9Q,0.086757325
CUST_PGVURLFXSP,0.02500854
CUST_8MSXPLYE1Z,0.032814868
CUST_S4SYME40H4,0.025974615
CUST_AZV9Z6TVEM,0.024525044
CUST_1MWQFM0NKG,0.027882015
CUST_V488A1HY7Y,0.8514353
CUST_TFMVZ0W41D,0.091952406
CUST_RET473CRHR,0.13022915
CUST_4HC09QKUWL,0.1104704
CUST_A5662CMHIV,0.14930211
CUST_GHD2AUE18A,0.08500554
CUST_74LN42J53K,0.08025856
CUST_9QMOJK1GSW,0.032937508
CUST_HIAVTHFSPG,0.019734139
CUST_2HO3EIVXEQ,0.033455554
CUST_WPKKAECGZR,0.660786
CUST_9Y9OFA8PO4,0.12160677
CUST_40ZV90L53X,0.028158233
CUST_7LX5CYOSRE,0.03694003
CUST_6Q28WK2AK8,0.020343175
CUST_E2GP4011JG,0.027039079
CUST_OFS3INLGPR,0.028858405
CUST_KH0EFOT5Z3,0.029264864
CUST_VGL413WV0Q,0.15354799
CUST_YONEXMSBJQ,0.025987387
CUST_OJN9V8V525,0.86673087
CUST_EFYH5SWOW7,0.03168163
CUST_8HLHC8B7J8,0.0227403
CUST_RPEIGBESE9,0.022923538
CUST_QY5HKUFY3A,0.083706565
CUST_2PN8L0VUWK,0.08798382
CUST_PD5B2V725C,0.09821559
CUST_6CI9BWFEGR,0.08834421
CUST_1TWSJEV6NU,0.029502003
CUST_30Y5QTRF6C,0.032446906
CUST_DWWCAPAPKM,0.023209045
CUST_62LK7DQMT3,0.026498597
CUST_G9ZVFK957V,0.022528509
CUST_1UW7M6ETXM,0.032786988
CUST_XCBLKZJIB3,0.034956507
CUST_P07QXHZT9Q,0.020781688
CUST_M2S9GXW9P1,0.08851043
CUST_QZUPQ52KNI,0.7822274
CUST_6VBP9S30BL,0.026823653
CUST_SHNFBOQ8QY,0.78941137
CUST_PVOV1L9LRN,0.023342159
CUST_XFU2B86TGH,0.029719753
CUST_L7FZ4F9G5G,0.12542811
CUST_08YOAAADDG,0.030866297
CUST_TZND29M7ZW,0.02544045
CUST_98NMCQW7EC,0.88410795
CUST_VR299QDGMN,0.093414515
CUST_X7YY19VPWK,0.033563543
CUST_QHSD38T4OY,0.05911417
CUST_CN4SHH7DVL,0.027124783
CUST_12G01WOGNZ,0.13301016
CUST_U11GUAVHD0,0.08238546
CUST_P1VLMBK63W,0.12341636
CUST_87VVO1GR62,0.10041788
CUST_SEXQS4EZTT,0.028975995
CUST_KFKPA9PVUB,0.106558986
CUST_JG0COO5AO6,0.104563996
CUST_2EWQZAZRSE,0.76504683
CUST_MB74WHVUTR,0.029109497
CUST_BAHLBFY8OF,0.039483227
CUST_RLT5TM2YHN,0.052567393
CUST_PNA7WBI4B2,0.035289127
CUST_39UALH56WF,0.11016618
CUST_5VP5H0U4M0,0.01992031
CUST_6N48LT2QS0,0.09921924
CUST_LX8Q5SIRZQ,0.022596123
CUST_835DAME3IK,0.08603009
CUST_SJUGBXNPU5,0.038806863
CUST_9PT554KTYJ,0.024950925
CUST_D5O95YJU0C,0.026727673
CUST_0O8TN6I791,0.02547621
CUST_PZNMI7UURS,0.027801195
CUST_M4GXP37NLI,0.057459164
CUST_OIICPX2LVK,0.07665177
CUST_FLTW1JAEAP,0.034314886
CUST_ZES3PCI8CV,0.099562556
CUST_E0LTKIEN8C,0.026063027
CUST_FQJVZFQYUY,0.09134667
CUST_6I49ARK8JP,0.025641099
CUST_E3WR8WTYRS,0.08115044
CUST_QH7WDJAWAG,0.03014438
CUST_XYZW9DECJ9,0.02904381
CUST_311HAV89A6,0.025419563
CUST_0GOO2BUFB4,0.026196897
CUST_L1WYF9G4FX,0.12528591
CUST_7PEP4UNJMH,0.03882551
CUST_E0Q5L454L2,0.04593595
CUST_OLMVAP9QRL,0.02232735
CUST_SLNH18NGXQ,0.04919561
CUST_UYR3OQLNBC,0.033178147
CUST_W18DBCXD9L,0.0229281
CUST_1UZCVL4XF1,0.02621274
CUST_MMJC05QDO2,0.021037681
CUST_4EH82ZG1A4,0.029223481
CUST_AY08CS7G9V,0.022935199
CUST_2NJI7RBRKE,0.02343692
CUST_ICP32APW2Y,0.02906265
CUST_HFTDA4ESXO,0.094064675
CUST_QJF2JDTREC,0.12498298
CUST_PWVQK7CA5Z,0.20607448
CUST_84G8JPOZY7,0.10857164
CUST_E6L5J2VTY4,0.029060612
CUST_MG69EJQF1U,0.8201006
CUST_HSK7GMHD18,0.024157679
CUST_F2957Y1B6L,0.02603661
CUST_O01JGWXG4O,0.15414007
CUST_NAOSC6TVB0,0.018834922
CUST_R7TR6KH0PH,0.13202806
CUST_SBZ4RMCJW5,0.020202575
CUST_UN9JD7FV7C,0.08282628
CUST_Y79TZ0SKUZ,0.0845157
CUST_G7RUFRK8FP,0.026712079
CUST_PFM1VJAPA6,0.09773369
CUST_3V18BIDQ8F,0.20535253
CUST_69B8M9UEJ2,0.10499029
CUST_KRXQCW81AL,0.8413647
CUST_W626SFP04M,0.09268052
CUST_GUFTGLIO3T,0.023666393
CUST_CMYHMZ5937,0.8011771
CUST_CRX1S5I3CF,0.11626357
CUST_BNOFJT26C9,0.029502418
CUST_UN5I98ZN4N,0.08370855
CUST_AIHXB45QVS,0.030032553
CUST_153AL4MLNE,0.027230142
CUST_YTK0IGM8BW,0.02619627
CUST_3SL47VMDS9,0.115528785
CUST_FSNBB7C2PL,0.03218668
CUST_GQH3M4PZX5,0.034552306
CUST_NXH8BAODK0,0.85904086
CUST_37JPDI5G1R,0.027675627
CUST_G0QPCKEG0E,0.08465576
CUST_9N399ZX04X,0.08321848
CUST_YXRZL7SAU2,0.09017044
CUST_U2OAC30DQ9,0.038307134
CUST_OV6TO3REYN,0.033090115
CUST_XECOT8HYB6,0.86584353
CUST_YM7H6TBHJJ,0.08410542
CUST_FS1CLY68C7,0.0687635
CUST_GMZBR4GE8P,0.028226683
CUST_WP73ETWMJV,0.04061176
CUST_BYYRN87HUF,0.023325615
CUST_R3Z4RIDQ1S,0.043240655
CUST_SK328F86DX,0.02404045
CUST_P2VVPB5PS4,0.08095294
CUST_6G3554HO6O,0.038926277
CUST_I10G46I40B,0.043656606
CUST_2ABH6JO2PK,0.11745054
CUST_IWHE8KQZI6,0.039532226
CUST_7JNZRU954X,0.10912953
CUST_QWMB71ACDT,0.02385342
CUST_85G6C7NZ42,0.11180745
CUST_SQ9ZAN0W14,0.034590524
CUST_OARNSE856F,0.029040368
CUST_6SR8EXU0KE,0.02563584
CUST_YXMON0E5IR,0.019464273
CUST_6M3K7EJR5U,0.020833915
CUST_OVFH4W5JRM,0.10039532
CUST_RZNBB4T1IK,0.110211715
CUST_XXSF90HGYP,0.10212095
CUST_818JZEIQU9,0.10504785
CUST_A7EFWTIMEL,0.02286421
CUST_9NNMTULMN5,0.06715858
CUST_CG18UOM6FL,0.097221695
CUST_V2TZCKP5T0,0.02747685
CUST_9Y27F4ATNY,0.032916233
CUST_UC4ZP466ZQ,0.023800587
CUST_FDIG2XV3KM,0.027845062
CUST_8FEQPD3JE9,0.02821913
CUST_YLCQWENKIV,0.03522143
CUST_7Y7P4NV60A,0.032760575
CUST_NV2794DW84,0.10549721
CUST_VIQ1311KDY,0.038126856
CUST_3983QZ3UUU,0.026400436
CUST_YOR1LV72UK,0.09345123
CUST_YGY9BT618Y,0.068169475
CUST_CB24CCCGKF,0.033593044
CUST_M6NN244G9L,0.05773858
CUST_IVBX86PZYN,0.034202054
CUST_U6QJ4OEKAA,0.0202617
CUST_A9VR1ARH2Y,0.021538343
CUST_830EQZLI0L,0.07069192
CUST_1RYG1U2WSH,0.030252922
CUST_TJHFI069B1,0.77558917
CUST_4R0KB1IFQV,0.023631245
CUST_PLC3KECGP7,0.08830493
CUST_4ENK3DEEYT,0.034583464
CUST_46P9UAZOU7,0.02775095
CUST_7TESOM73M5,0.028257873
CUST_S9DZRU7HSA,0.028989729
CUST_P7DT0BVC6V,0.039749287
CUST_IMXZO7E9YA,0.035067406
CUST_JVHHU5ZANT,0.024289953
CUST_98XW1VIJ28,0.024397524
CUST_OJZFOMZL1L,0.023274038
CUST_5QOOGBHE1R,0.026914429
CUST_W7HV4CC04M,0.022770645
CUST_H54CRPCPYL,0.03359023
CUST_IN1JQLMU5K,0.04339842
CUST_5YOYQZX475,0.027498726
CUST_6AGL46ARXL,0.020886093
CUST_LHKT5ET2NL,0.035047434
CUST_MVI9ENVNZM,0.8353212
CUST_QU1OIGZM4E,0.022295248
CUST_NTR8T2OMLY,0.018586403
CUST_YOAUBGV23Q,0.068613045
CUST_4VGQ114CID,0.028750228
CUST_P2ZS064T8H,0.022962581
CUST_X4OA4GV0ZW,0.12712827
CUST_6O6G0JTSJ2,0.021071289
CUST_WLK05U899T,0.02524593
CUST_Q1XQXJJVWG,0.03179668
CUST_FC3ISQQZ8T,0.08314277
CUST_JZ803FI4S4,0.1325348
CUST_8TK295EIWW,0.024030952
CUST_OKHTC9CQND,0.105329104
CUST_2N1AI1335C,0.79730326
CUST_ZPOCXSS32T,0.12324403
CUST_OSF2YIZ4MK,0.12711468
CUST_BZ067G6JR2,0.02026602
CUST_YPRYTYDRQN,0.10673691
CUST_FBHVRMN1M1,0.10216656
CUST_TYV2KLHA2P,0.039867386
CUST_LGD9QCK5WY,0.116545506
CUST_MK1HAFBPUW,0.023527384
CUST_5L5FRKENNG,0.03593004
CUST_7I8QKJT4DC,0.023291398
CUST_8K0Q5W8ONV,0.094551116
CUST_J3D3H889EW,0.14808112
CUST_D00AW45R41,0.11751896
CUST_44VJFOEMNS,0.11693518
CUST_5TPFB94ZB7,0.02398933
CUST_FBAEGW5PBB,0.035562307
CUST_MIY93NTEUM,0.10213442
CUST_4QF2I8OV6U,0.02893372
CUST_N02VMIQHCO,0.086840376
CUST_KNPBXZTV8F,0.09093175
CUST_M3CSK5YDEC,0.029093493
CUST_5N9BTLP94T,0.022019235
CUST_Z1QMLNHJON,0.028655756
CUST_30DDAZG0SQ,0.03159738
CUST_VTBYGVTSFQ,0.14029637
CUST_53G4ZPLEC0,0.024292419
CUST_7RDWBZJOCS,0.023159474
CUST_AGQ9Q4MQL6,0.02271004
CUST_D5NJWM1UWU,0.037263207
CUST_V0EH3VWWOY,0.78204006
CUST_9W4F9PRO92,0.021716118
CUST_RK2GMO4TBU,0.101693094
CUST_L3Z088CPCE,0.09161849
CUST_Z2WKHBMH7X,0.026526602
CUST_Q1LR1P10RK,0.027372228
CUST_2T5HESJZ56,0.024583071
CUST_FNYEK9FACR,0.09184273
CUST_244YHEBVVQ,0.11247007
CUST_W5W0N71099,0.116506554
CUST_LB82URFHX2,0.020541882
CUST_CF6ZVV5DKN,0.023734566
CUST_T0VTISIOCL,0.023585899
CUST_ZGB2R5PXIB,0.14059077
CUST_SPMRZDMITF,0.06597711
CUST_HWW67E8TJC,0.02243769
CUST_E5SHJ3VDU8,0.034609295
CUST_3NB6KLQLC6,0.029969597
CUST_HAPI0WC16F,0.032602586
CUST_RARNXQOWFY,0.02855021
CUST_R6YQC8L1U1,0.095428646
CUST_T4C1LWKT2L,0.13205639
CUST_KZ4ATW8PA6,0.14768293
CUST_VVQTXUQRDD,0.08745666
CUST_ECG5YE6MGK,0.09294928
CUST_N2ELPMT061,0.0963138
CUST_4P1XF16FQ7,0.042573582
CUST_1LCRMLVHIT,0.022052478
CUST_RCM3BMATXY,0.02498161
CUST_5QUBZTBFOQ,0.122753054
CUST_MVTZIWFFW3,0.02063611
CUST_DI67492NOL,0.020639274
CUST_PBZHTNKD5X,0.096905544
CUST_B51BYPGNP6,0.09818189
CUST_JO1C32KKR9,0.023542868
CUST_2L2VUVB5QV,0.09661417
CUST_6J6W86T7KN,0.030684521
CUST_VHY09USR0P,0.12402843
CUST_KCMMK1IYRE,0.023433609
CUST_8VOXNFBQYP,0.072453335
CUST_O9Z2B3DTSK,0.7923411
CUST_6RRVCJ7BZ4,0.85520643
CUST_ZKBSPY1RSY,0.6875843
CUST_FASXG9L191,0.030338824
CUST_TIIWZCAOWD,0.09068385
CUST_MIQL19LJWC,0.02269203
CUST_6PCJSIDUIR,0.07478462
CUST_PLXQ81L3G7,0.110210896
CUST_T5IEIX5D77,0.020949213
CUST_T1F7NPVT6O,0.025668982
CUST_ZNQYUX3KBA,0.034678273
CUST_W8X6RDMIPE,0.06018497
CUST_46O9LD6YUO,0.031848267
CUST_MMYTOWQ87G,0.036221262
CUST_LETHDQ3QZY,0.026756484
CUST_R9VYGS70PZ,0.022471068
CUST_CRATGBHSBP,0.033834446
CUST_1MUTRTAH5C,0.027342673
CUST_EUDOW1UL8P,0.1407612
CUST_V3HSRT3TMI,0.0328647
CUST_Y19OJGB77Q,0.037370242
CUST_3SQR83XGV7,0.11060338
CUST_FR6B4UAGHK,0.032630127
CUST_3KAE0OIP00,0.026163721
CUST_U5WMBWRPWP,0.09575891
CUST_268HHHWZHJ,0.08501595
CUST_1JQQG33HZE,0.116948925
CUST_XMQAUB6XDE,0.020537784
CUST_1JU19PEAC6,0.028304
CUST_190BLWRCU2,0.023380682
CUST_Q3DVREHC7L,0.033045676
CUST_RYNJL003O9,0.12285837
CUST_OL3Z078QLV,0.026754757
CUST_6SFC2FR49D,0.093584605
CUST_41UOPYG1UB,0.028064806
CUST_4TYHZYYNO6,0.019136196
CUST_783CE8UHR3,0.02434764
CUST_DPDOYCWIB2,0.028521802
CUST_M8CE1TFGFU,0.03547302
CUST_HW7ZRVN8BY,0.022997359
CUST_IWHF90TQUF,0.027954381
CUST_OGBRZIPPNO,0.117631905
CUST_ZK7PYXK7OD,0.03134454
CUST_MNKM1WN5J4,0.029055927
CUST_87BIGHJHA9,0.047150724
CUST_OLD2FY19FP,0.04102761
CUST_Y1JQNIS2IB,0.027862595
CUST_2TC99MXABD,0.1146134
CUST_8F8ZC13O37,0.043554768
CUST_9GIGL5U51K,0.74550134
CUST_3GBZZ0L87Z,0.026944451
CUST_44BT52ZYAE,0.87196314
CUST_ECUGWVZPP7,0.82117003
CUST_Z8N2QDYPPH,0.07005003
CUST_FI9NHIIVWJ,0.864209
CUST_MGJAMVO1CX,0.033386517
CUST_FU9B6SNNGW,0.023470493
CUST_GJV8A0X2GE,0.023454668
CUST_ILC4GGYNC9,0.19196638
CUST_QA0J8LY3AA,0.10261603
CUST_1AFTBIAYIX,0.030049197
CUST_O1RL17Y2IM,0.07259182
CUST_NTXZFUI5VO,0.0798911
CUST_1GJ4E357ZJ,0.028634451
CUST_LCKKMWOR9F,0.15652159
CUST_YMQIA1RE7A,0.04134102
CUST_X1KRIBCQSQ,0.13838601
CUST_EETKWHCILI,0.021397635
CUST_0MGLE68RQL,0.022617277
CUST_XNGAEW15FP,0.102276966
CUST_Z8HJDD9RJY,0.020965813
CUST_64D81N0DDO,0.11178257
CUST_4LHXDZHEMA,0.106609
CUST_U1DTEFZW8M,0.111016035
CUST_4DYRBHQUNG,0.030310914
CUST_YET6VAR9LL,0.033336286
CUST_JWKDQC8NMJ,0.8744343
CUST_EQNDHAYAY6,0.098855816
CUST_NJ14YRB6FU,0.02048955
CUST_PTD9SZEEZ1,0.8865291
CUST_97XAUSUJON,0.0971561
CUST_WOZ805G5HI,0.102813706
CUST_8NORK0UWKJ,0.025630249
CUST_QFZVXYUTHD,0.026905857
CUST_56H18OWKSN,0.09699212
CUST_GJZGPVE4R4,0.021739302
CUST_PHLOM8WNU9,0.09835579
CUST_NUN7JFCT67,0.10210106
CUST_VTS98H6NR4,0.035951827
CUST_J5GQM7BJV5,0.7430905
CUST_H02F92IW8X,0.03765007
CUST_LISMVSW2N0,0.02225182
CUST_TXK1UJMMX1,0.7326131
CUST_015FSOSLTH,0.017954284
CUST_Q3HLF2UV5M,0.79014826
CUST_44PYZFKQYC,0.030024664
CUST_DHRG9BM2DX,0.16772008
CUST_QIJE7PYB0R,0.028724892
CUST_5ILX1U0ESN,0.12336174
CUST_GF0N25Y6O1,0.06811697
CUST_T0BOMVKJ7P,0.079970926
CUST_JMZQX55PKJ,0.064227805
CUST_CNKJTE47DP,0.09963557
CUST_I4DOJRC2EH,0.031189743
CUST_QDJAJUUB0G,0.021402048
CUST_AK3H34FTV4,0.087158546
CUST_DJBIO9W7TI,0.032615777
CUST_DP5T92D8SM,0.15113945
CUST_60F1L0FC9R,0.027070673
CUST_PV3USCIJBH,0.024388418
CUST_448Z9LLTQA,0.79468596
CUST_ULCP50UNX5,0.0276422
CUST_8Z2JLGV3SK,0.025763784
CUST_OSLMT1PXY7,0.09407827
CUST_CTDKHG684H,0.025305266
CUST_88KM48V4VC,0.02522801
CUST_B0JKC4T5HY,0.036108024
CUST_KA0VISRUAO,0.03867713
CUST_1MQMPRF9IW,0.029813003
CUST_DAGEHWGHDK,0.8395853
CUST_HQZ0TC9RHT,0.023623325
CUST_OWQ3WDNCP0,0.026644653
CUST_F1A98RXBEM,0.026563598
CUST_UVB8PLY1Q7,0.11688359
CUST_AFPAQKKUCA,0.04603276
CUST_45DLY06KA5,0.07936393
CUST_FNS5E7CCZH,0.09042489
CUST_QCIQU6WF91,0.12027969
CUST_4KI9A161VY,0.03515844
CUST_Q86JPO2141,0.035106294
CUST_TAIQYDLFN1,0.043815304
CUST_IC2E55766E,0.024979752
CUST_0V1YDYNPT9,0.025400298
CUST_POKWN8Q80L,0.0274368
CUST_V5OE1LV585,0.022785202
CUST_YU2VD4WE2Y,0.077467225
CUST_KKD7KQWXGT,0.028200384
CUST_84744AL2AF,0.055286516
CUST_02Q0D9UQY1,0.027546884
CUST_VLT9WRKF01,0.03239574
CUST_FRB66RAKZG,0.035053603
CUST_WLG0WIPY9Z,0.16799797
CUST_J9FR149P1Q,0.025542757
CUST_EBHUZAPS9G,0.12649134
CUST_3K6LVL7K1B,0.13009176
CUST_Q56XBHXGLP,0.040691663
CUST_HJA00N4NL3,0.10177061
CUST_8SJEYNUROT,0.029294237
CUST_64O01FT10Q,0.12170981
CUST_79NG2XI363,0.76202184
CUST_1HSORFZ6RM,0.10220552
CUST_GKOQIN4YVU,0.029550813
CUST_EAKPKQRXQQ,0.022171566
CUST_TCDT4LDLJV,0.027151423
CUST_ZH0DNULJOL,0.031248279
CUST_X7872C8SCS,0.12062958
CUST_XTTXXWXJCO,0.023991125
CUST_PEQZP5O1PS,0.9125562
CUST_7QGHXKHH12,0.02198157
CUST_Z8E2SCY0CM,0.028568741
CUST_8QC7ELCMJU,0.1039841
CUST_19W465IDCG,0.19648872
CUST_A02VMV1QBF,0.031008184
CUST_P6MYUEDENW,0.036444712
CUST_1MDGRM51KA,0.0528387
CUST_XCQTZJ08MM,0.12061104
CUST_61EQ2HDWHN,0.025208475
CUST_U8PNX2IDMX,0.024247894
CUST_UKHTYCIRCC,0.06505703
CUST_8J7QPJURK6,0.8700527
CUST_BQUUY7YO4V,0.0876074
CUST_XZ1ABQ4NZI,0.04880446
CUST_HSQDO1OT6P,0.022775074
CUST_0IGZNK0D6I,0.11426507
CUST_ZGSG5664S7,0.85300714
CUST_73B8656E75,0.028922241
CUST_HSV1A0JRLF,0.027807262
CUST_W49Z65DP7P,0.024032876
CUST_W6F3SK93WG,0.08606949
CUST_0TKQCNJ62I,0.031342443
CUST_EB3FI1X6TC,0.02892965
CUST_RJXRFAN8YS,0.17435622
CUST_534UQBYSW0,0.027768182
CUST_AYSVG4GSER,0.017398557
CUST_976HCBI4EG,0.12576202
CUST_380XVQB2LJ,0.07176197
CUST_U0CGHUWHG4,0.11062567
CUST_OYO9RJWOL3,0.12515765
CUST_Z9B1S3KB41,0.08274892
CUST_RGOWYBAVO4,0.09901971
CUST_S02X9OJ8GW,0.024459012
CUST_TSP6MKNJSC,0.12615778
CUST_7ELOLIYPOV,0.026914926
CUST_2BTR8KQPK1,0.030263849
CUST_QEC8YT6QWD,0.027653111
CUST_5KRBDJQ9OF,0.059182394
CUST_QLNQ104A5T,0.08079193
CUST_XTG6BHAQ5E,0.06640625
CUST_ID7JIF0BFV,0.033008534
CUST_QWMB9PXUFJ,0.06911784
CUST_SKWFM5K4TA,0.7788107
CUST_8JG604T9RM,0.16458982
CUST_K3AV94ZJQ1,0.03218783
CUST_HQVZF631V0,0.025292296
CUST_J2BJ3EDJQ6,0.077577606
CUST_U489G3QTFB,0.029429551
CUST_SKF5XE3FTS,0.08797982
CUST_M9PMRPBBLC,0.10471417
CUST_3D4XV5IV57,0.09704257
CUST_U73D6J3G1I,0.087885745
CUST_U5OO13AOH0,0.12054468
CUST_S0RTE71AB5,0.023111494
CUST_8MOR68ZZQC,0.023412094
CUST_FYUNS418Q7,0.027404904
CUST_8R54LH38P1,0.022484638
CUST_MWXGWOCIK4,0.025884163
CUST_YLHGZYOQJD,0.027394695
CUST_BSWGRWT1GL,0.030869227
CUST_AOHTXXQKD4,0.028016752
CUST_FM6YCHJ37L,0.025177766
CUST_GJVGK4GOFJ,0.12496027
CUST_4IQVD55FXM,0.12732603
CUST_1M1OGBBHU4,0.03948731
CUST_EA5JESM648,0.8520748
CUST_GAWR560N70,0.8646313
CUST_BBA9FGZ672,0.018639226
CUST_DBODM8GTLV,0.82724106
CUST_BMWG7N809C,0.7547418
CUST_25LABXOGMI,0.093167104
CUST_3FYLVWXPTV,0.047529653
CUST_Z6E39J82RE,0.02268689
CUST_U7O4VNOCDU,0.10542583
CUST_NUSWJ4I71S,0.09057735
CUST_S7ESRXRN9Z,0.1281415
CUST_U1C1UAWTFX,0.023794906
CUST_QX7FVPUZP7,0.08708737
CUST_S70R6M771Q,0.04573541
CUST_1HK86DRT0D,0.12949865
CUST_BUCDL1RUFZ,0.02593313
CUST_UKRVS3PFPX,0.101463005
CUST_MNROFMVN81,0.024834117
CUST_1UWMWCIEU1,0.035062693
CUST_4PD0HEKV7H,0.03391877
CUST_1C9IHKLG63,0.17530143
CUST_Z62JT3ZB9C,0.09622048
CUST_30KMDMY1GS,0.14620273
CUST_QWAN29TZ63,0.11457488
CUST_AQNMPSLIKX,0.022030944
CUST_ORWMZ9GBE0,0.102273114
CUST_3E7APBTKRR,0.028148675
CUST_G4C1VGFLI1,0.09677567
CUST_IC7BKFGDID,0.09100557
CUST_8SYOIH8XLT,0.030629916
CUST_OZZN9X2CII,0.024422595
CUST_MTJSFW3ZMS,0.093967825
CUST_E4FBNSXUIP,0.034446284
CUST_SYMQ7PXZAZ,0.0539052
CUST_15OQ4KO0AM,0.021775497
CUST_E5YBBKU6R2,0.0218368
CUST_C8SCHLGDU3,0.10201617
CUST_FGCFFO3U7L,0.034520417
CUST_I02V9HPV91,0.021625504
CUST_6Z33I8EHT4,0.02055035
CUST_2EY9DV5BK3,0.025051218
CUST_HR9UOOE6NX,0.1452194
CUST_7BFYCUW9E6,0.11066004
CUST_6Q2HC8RIAY,0.106321156
CUST_ABODWPR29F,0.03898614
CUST_Y29U9O52E7,0.14620575
CUST_AC4B5OA2LM,0.035868384
CUST_3WJAVTC292,0.8989413
CUST_5WVB5EMKV3,0.16320534
CUST_FA25CBU77H,0.101697564
CUST_58EKL7MDHD,0.12835011
CUST_1CGRGTDH6Q,0.15126401
CUST_5D79FZ5HL2,0.8673876
CUST_A2MBBFK18E,0.075603016
CUST_10L1IAYMLQ,0.020308208
CUST_C0ZE5I9HS7,0.024970353
CUST_L1RX1MEF9U,0.09786016
CUST_O5ZL7LLE37,0.8375665
CUST_UC8BE3NTVU,0.02491871
CUST_RV8SHR5WWS,0.067672804
CUST_0CTCN3RZN2,0.12906416
CUST_X0WEX1PDC7,0.029183032
CUST_HTEGTZN252,0.7824594
CUST_38TPQAEIZ4,0.09263815
CUST_ORAI0VHZAC,0.0835821
CUST_DX3J3L1MBK,0.03478006
CUST_7QVVQV1HMT,0.021277465
CUST_OPX47YN79V,0.11130723
CUST_EE0L2ZDE2R,0.02399829
CUST_B1L5QRF7NE,0.027479496
CUST_6HZ9HZITY1,0.021965109
CUST_MR15ST2QMK,0.042816643
CUST_L4IXQ0AV68,0.024249107
CUST_BSH8KM0RF0,0.0256847
CUST_H9R9L060IT,0.13967153
CUST_I33BOPVOE0,0.11859829
CUST_508XEBR3FA,0.02428901
CUST_2O6WSC9AFU,0.09839524
CUST_S78UKPHBUI,0.035631556
CUST_QKU82ELORU,0.028062282
CUST_P2IMRCE2MM,0.1438478
CUST_7NASXF2DJU,0.024576666
CUST_HWI3O8CLV0,0.12156663
CUST_23HVYBPQY5,0.03653917
CUST_WJHLNMBBHF,0.09248481
CUST_M1TIS9VE33,0.16460396
CUST_DHKHO8TWFP,0.02615905
CUST_OI3V5PVNDI,0.1808579
CUST_2K6WGOUM3D,0.074342914
CUST_S32A8TOTLJ,0.021682875
CUST_Q1387BIBG8,0.02207879
CUST_1SCV6V02HE,0.11102688
CUST_Z3438VEP4D,0.6358712
CUST_EFL9PMBH66,0.025025219
CUST_9ATEMYYFHO,0.025901295
CUST_PP37YL6UDH,0.032947123
CUST_2L46AFNDCJ,0.024678499
CUST_149HYI17N4,0.17899162
CUST_6FO5BJI9ZG,0.03508205
CUST_GU60RDS67R,0.10567038
CUST_AJ9OIMBSLK,0.028725047
CUST_6GH7759VLX,0.024410574
CUST_Z0IGYT4QW1,0.029498076
CUST_KZ9BN9P4HK,0.02732962
CUST_ASEVDALAXE,0.01928195
CUST_1OOE8PI4SW,0.06621194
CUST_94D8PMY9AU,0.021261437
CUST_YE7QRMFOTA,0.029664587
CUST_8H3KINVJXB,0.739289
CUST_P4EZHEJ5EF,0.06999769
CUST_6KDCEQ1RPJ,0.03833577
CUST_XJFV098C9I,0.09993798
CUST_21CEL9T3AB,0.029815424
CUST_OU5KVNBY8M,0.1629805
CUST_ATQQXQ8IBM,0.02846685
CUST_YGEF7DEZKQ,0.029365407
CUST_P4GTC59ZFG,0.11606584
CUST_Y15WEBK883,0.034284804
CUST_WIL2I3BG57,0.105394594
CUST_DCPPSQC0AP,0.023963891
CUST_1D8W7UJ8UB,0.039426543
CUST_FE1R4TWOGA,0.022372486
CUST_5K8YIXH4XZ,0.13414371
CUST_VREPQVIVXM,0.1417249
CUST_XOUXEOT773,0.08563827
CUST_1413RWTCZH,0.104088746
CUST_6Q8733U10C,0.033225972
CUST_O16C4OZQ66,0.029620174
CUST_AALPNYLSNZ,0.076819465
CUST_PPOONVX8Q4,0.15570323
CUST_QE46LOLTGY,0.025648998
CUST_2BC61R9M6T,0.7505555
CUST_ZUU1HGVTH7,0.023096547
CUST_RSHV5KMXZM,0.02048213
CUST_VD3W8MAMK6,0.7934234
CUST_FITN8IXMNV,0.071192496
CUST_DP7S2D9CHY,0.037321784
CUST_XTLJJT9W1M,0.12170242
CUST_WT8DOC79CZ,0.14470239
CUST_2A1TV4IIE9,0.024891267
CUST_U8GLQM7M6Y,0.023015736
CUST_DW6W1S2QXX,0.11735414
CUST_BU4Z05VMF9,0.031501535
CUST_DCNZI5R0IN,0.024326997
CUST_S4G93FYNRI,0.042011216
CUST_RQJEQ3GTSG,0.0889985
CUST_LLJIT668HB,0.14214794
CUST_32K3DD2U3S,0.0401419
CUST_AUD0K6XOMS,0.02205202
CUST_3HLHKLLMAT,0.02631799
CUST_1X995C5ZO6,0.08739248
CUST_IJPTWLGUBR,0.19207294
CUST_8JWX5S3O2N,0.12532495
CUST_MZ2SH2CDXF,0.08988832
CUST_INO52B5RC4,0.8840355
CUST_OWITE0QB9Q,0.034594353
CUST_I9GN2ZCWVH,0.03637532
CUST_I0V6C4JADV,0.11634919
CUST_STQ8ATF8H6,0.16848631
CUST_XOMNUTDR9G,0.08515787
CUST_BK1ZUG962A,0.03943741
CUST_9TWP2D2SUB,0.12572894
CUST_WHF1PWZDP7,0.7964225
CUST_CGJFXQ5TSX,0.028879019
CUST_I4Y1C1PX0V,0.030680474
CUST_YX1W50N9X8,0.028206598
CUST_0K0NG1VWWQ,0.023312027
CUST_QL1613H0VX,0.027636651
CUST_4VYEFBVX80,0.8356264
CUST_0C2E3ULN6N,0.0267378
CUST_6ROV49WGXF,0.023148445
CUST_HOWS8SCCEB,0.7717822
CUST_AA829AAZ53,0.79925734
CUST_DP2WE116T6,0.122958936
CUST_2DN5G52AVX,0.03529752
CUST_PCNP1DHJ1N,0.09317212
CUST_5NLVU3GVV0,0.11305048
CUST_T3NKWEG7DI,0.033029743
CUST_XX64ZHKC1F,0.0347616
CUST_3RSC1CRNU3,0.14552781
CUST_4VY25YR7CW,0.114230834
CUST_QUBY9F4F8D,0.12892684
CUST_OKP9HD6GQD,0.08721276
CUST_9AD8R9PUNN,0.09731743
CUST_9XJCTQJL88,0.110779285
CUST_JPFFHWO1TU,0.035015397
CUST_J944SYRBO6,0.038285695
CUST_4B1G8QEBUN,0.10875097
CUST_H1AYZ3S0OE,0.80592465
CUST_2ICN5IH6HV,0.07985897
CUST_5XV0VMJYDF,0.11290881
CUST_7PP6TWQX9N,0.023013478
CUST_3CGMR8YPZ2,0.07743804
CUST_MFDXT13H63,0.031653978
CUST_42XUE2T2AX,0.10103772
CUST_C5JS7S3U78,0.027838519
CUST_26IT6N5CH2,0.84682995
CUST_M5V4XY3XM2,0.031992827
CUST_99X77TKZU7,0.038401976
CUST_6VO73E3CKT,0.02232733
CUST_6N80Z0SLH8,0.02924576
CUST_QRF81KUOK9,0.10929101
CUST_SJG7N9MBM9,0.04015649
CUST_6KKBYVDHKO,0.043357838
CUST_046Y1CX355,0.027984915
CUST_Q7X15N2ZYV,0.079311065
CUST_13QEU6IR90,0.08798129
CUST_87J36TQMZ8,0.104186036
CUST_G8UJQ52MWD,0.021258641
CUST_OLSIQXLOI5,0.08472672
CUST_B3UAJW9OMJ,0.11237828
CUST_8IKDWMQ5OV,0.031600207
CUST_OCF80O2B60,0.105274476
CUST_0FPFKL9QC8,0.025524044
CUST_HL2DFWNK81,0.0972861
CUST_HBC5P05ZFM,0.07405483
CUST_QBPST1C96K,0.16815639
CUST_27GT7ZQSZR,0.026319256
CUST_860TARFZZZ,0.03311154
CUST_8OGSWR9JVC,0.0786158
CUST_414YIEEK3Y,0.031974927
CUST_7HQLW7OUS7,0.11923685
CUST_4O6UI4GKYY,0.8461101
CUST_D1IL3AHXOL,0.10659962
CUST_5LYC550ZU4,0.12657472
CUST_4BD89FYPIL,0.09984329
CUST_DC6GF8IMFE,0.018387329
CUST_AEH61CT7VD,0.1120455
CUST_2SQH0BCWHP,0.8531757
CUST_TS8ZPTUVSJ,0.024026629
CUST_9P68GFSYYF,0.10374984
CUST_89WX2YDG51,0.11278569
CUST_W7DE5BE4K6,0.036287416
CUST_EJGODX6W82,0.03352199
CUST_V5X8YCXKSE,0.7341446
CUST_QRLZ32EXSV,0.12866364
CUST_4POP6ZRPBT,0.07553258
CUST_JZ2C0RN8X3,0.03788191
CUST_IT1FSYRLNQ,0.12987408
CUST_0AS2GNNXNX,0.11280524
CUST_91F03CBNLJ,0.12774716
CUST_P5HHUJX1QI,0.028011221
CUST_K8KX4AWXNE,0.11966516
CUST_06ELKFY6XT,0.83846456
CUST_1E1YQN94R6,0.078612655
CUST_SKMAZGZHOB,0.13467863
CUST_VNJXCWRSG8,0.09850488
CUST_XG2A5E5UDZ,0.08663577
CUST_0RSRWPH3B4,0.86904085
CUST_JJ33DBAZ3Q,0.028011123
CUST_YAYQP0QRFN,0.8268423
CUST_MPLLNUCEK3,0.020632625
CUST_ANZT0F8D3E,0.14738639
CUST_ZO27DM69BQ,0.026283935
CUST_AGTDN5OH8S,0.029847164
CUST_FVYQ3V3TX5,0.115116976
CUST_OIU038VIWQ,0.10592167
CUST_I020K7ICKV,0.10631233
CUST_6ERIAEDQYL,0.040535823
CUST_QQNQC1K6XE,0.042570338
CUST_W3RQWBAT4X,0.030239383
CUST_95HOUXS8YL,0.028533686
CUST_722J60JM4D,0.13415225
CUST_0TEZGZD48Z,0.029205678
CUST_WQEKSLV3QH,0.8369239
CUST_TOH82QP3IL,0.17789516
CUST_R15KV9E3PD,0.096703336
CUST_WV7BTGJ5BM,0.021940144
CUST_73WM5LDQAK,0.03272131
CUST_PFA1XUO62M,0.1292537
CUST_45BK9L2OWV,0.07764643
CUST_617D6QX6DJ,0.024355467
CUST_ECCHTZRP83,0.07436871
CUST_UG34QQ5OHZ,0.09244847
CUST_GLLS7DRRYX,0.094073825
CUST_DXX8XDMLV5,0.028092457
CUST_6OSLEJNXAV,0.036275927
CUST_QEMO4I73AR,0.02942087
CUST_JO01VHNCC5,0.027215922
CUST_1DIC9FIA8B,0.071806364
CUST_OEL40Q30AB,0.103089884
CUST_DT0543F0K0,0.024003105
CUST_U9YZCY7CEQ,0.11627868
CUST_PSWF24344U,0.8073067
CUST_LO1VDP8QP5,0.02014027
CUST_OESOYMJPXJ,0.09120698
CUST_QP2HWAVD2Y,0.025990369
CUST_NYZIVNQQUG,0.023092067
CUST_IG1JOVLZ1V,0.023767838
CUST_ZKMT06SPSO,0.09675156
CUST_9XAEVT4BOP,0.095099576
CUST_WWQ4NAD9YG,0.020327473
CUST_WTZ80NQ6SU,0.14211081
CUST_F97AYB56E8,0.08053758
CUST_GYGL35QJET,0.088492565
CUST_VXKE7OMR2S,0.027566748
CUST_4PUOXZDAN4,0.027373493
CUST_KPULEB2QUZ,0.081548825
CUST_RSE6Y0FZ8U,0.026800394
CUST_XNTTXSOYQY,0.027009854
CUST_LQ0YDOTCX1,0.101936914
CUST_WQQ37N4V2D,0.07802912
CUST_SOKJR9JWMR,0.025198698
CUST_ZYEVRRE10W,0.029241335
CUST_BIQ73FDOPN,0.023035735
CUST_J8FTTOB5Z8,0.10244528
CUST_QTABVMXHTA,0.8435585
CUST_WO54S1WPIV,0.103504315
CUST_N1NGIIJKUX,0.021171482
CUST_FU77VVW8KQ,0.12342348
CUST_H8UX7RKAN2,0.7190455
CUST_BYA1V825LA,0.82461864
CUST_NCRD3VLTLR,0.028011143
CUST_C8U27U6P41,0.114892595
CUST_UWCXLXX2CN,0.03948763
CUST_FHUXFXE9EJ,0.12846759
CUST_7NWTUZIAHH,0.073592044
CUST_X3Y6NUO1MT,0.023097726
CUST_IPEESHQQZQ,0.022068856
CUST_QYACS6JQ29,0.77216744
CUST_R3MC7KSQDQ,0.021026906
CUST_CRVID0QAL1,0.16999546
CUST_ZCHHYOEF4L,0.034473065
CUST_LWLYSN5AMW,0.11960123
CUST_AIX7NAEQ9I,0.030250873
CUST_M0THSTXT15,0.027721902
CUST_03W7T8CPT8,0.87555695
CUST_MJP6MGJS1Y,0.12242503
CUST_OJ560WSYXM,0.09024295
CUST_A6FN93NMJE,0.02268733
CUST_9OFKJ9T7P3,0.02126443
CUST_9J9O64LT0M,0.088488705
CUST_OO4USSUK49,0.1901928
CUST_SPLEUEC7G7,0.081081726
CUST_XO3O9NLDSY,0.036859587
CUST_98E3DXCL5G,0.033043224
CUST_TB33DUZ8V9,0.11610754
CUST_4NJVJ8AROM,0.83425087
CUST_3L8N4SIQFH,0.029865818
CUST_N5Q2AL9ZI0,0.854734
CUST_0H7M8Y10ED,0.021827646
CUST_38QZVQXW68,0.073784366
CUST_SYM0Y313NO,0.10689138
CUST_UU2LQ3T1GT,0.13801062
CUST_R74H7X9HEX,0.108647466
CUST_XVA6ZHCUK5,0.022574157
CUST_9JDNUY3D9Y,0.82282186
CUST_70SBF6699E,0.026630769
CUST_EN9IOTS36H,0.025123466
CUST_ZA87DP28LK,0.18264599
CUST_E8UKXACKP4,0.13940787
CUST_EAV7FM20B6,0.069353335
CUST_OQY8VVI40X,0.083426856
CUST_L47BELTN3X,0.027003944
CUST_XM7NAHDL24,0.10429114
CUST_PXKBVGTYIN,0.07262529
CUST_412SJ6A4PL,0.023905603
CUST_MO0G7S23KJ,0.025209403
CUST_6XROF9D2IN,0.02088147
CUST_6HL8H8FYCV,0.103999786
CUST_80V6B3HDTF,0.118414044
CUST_0GY6Z6Z4XA,0.029864421
CUST_Y6TTXOJE40,0.031413
CUST_C5L8GOGEVP,0.13233809
CUST_FAOQKJXF6B,0.024566403
CUST_IXSW14HTHA,0.07671734
CUST_EOVRJKH8T8,0.78926986
CUST_R9AVTH2AKP,0.09703028
CUST_3IRJAQI2AI,0.034390893
CUST_8C7LXWJLRU,0.02796222
CUST_2C5342JHOI,0.03358983
CUST_DZVMGZ0ZMG,0.020689372
CUST_BVP9CCJTUD,0.02621557
CUST_HLEVL9UJR7,0.030219583
CUST_UDCLM2CL83,0.079247385
CUST_E4JGSPVZSX,0.029597975
CUST_5BOPYV44ZM,0.022341164
CUST_K9IIUZ0Q8D,0.11268194
CUST_LP9ELCW7O5,0.04127612
CUST_DX6TKUW5AJ,0.09580749
CUST_CBQLKEG276,0.82844
CUST_BKOA3Q2O59,0.052167702
CUST_NMJ33ZLQ7T,0.025002558
CUST_UB98HON68P,0.13862412
CUST_B3CP7ZD35X,0.02513794
CUST_4P75CQ4X6G,0.022212079
CUST_T2ST6Y0B17,0.022641188
CUST_VRZDBV0DY9,0.09553109
CUST_BJCFGWK5M3,0.023249736
CUST_TUL1TV62I7,0.4547868
CUST_CE9K4PYZO8,0.77824605
CUST_M1DHEBUOA1,0.02038313
CUST_A4L6MM1FVO,0.033602566
CUST_SDKHZOJ6RK,0.026414229
CUST_P616I7V62P,0.029422238
CUST_O3BGCZIRNC,0.02772076
CUST_7ZNL1O6EZH,0.11513861
CUST_JBOO001QQS,0.09241208
CUST_3SSULODPCU,0.066938415
CUST_LQ36LCXPBH,0.03111998
CUST_TQCQCJUN25,0.03094918
CUST_ZXVB07VOZJ,0.025006797
CUST_9LKKMHXY46,0.032047786
CUST_MO0FM33ON6,0.029467829
CUST_00ENU1L7CA,0.13539429
CUST_YOXB6EI7FB,0.16044265
CUST_WFB74A9PLG,0.8381596
CUST_75UYKM6R0D,0.80604005
CUST_W6OX8H6UVK,0.020188086
CUST_GS0HPHZZNC,0.02529707
CUST_BRC7NOYQ4C,0.08405684
CUST_BBJE280WPA,0.1441862
CUST_5V2ZORQ23Z,0.024875635
CUST_XZTTRU0SJW,0.0727197
CUST_YMBBCX0WAQ,0.027714688
CUST_N23Y89K8KZ,0.03116897
CUST_U9H52BH5RQ,0.0683148
CUST_T5PMMX9S51,0.024433726
CUST_MIDQCMM13C,0.10954402
CUST_E939PEN2OH,0.08291663
CUST_0V8K8PQIYE,0.11047628
CUST_J23E4I1RFE,0.026347963
CUST_0ZXJ9L87OA,0.025790289
CUST_UKI9RPSIJS,0.026983567
CUST_15JN5V8LPH,0.07145804
CUST_Q88TU8UJLK,0.023007706
CUST_KZD6ERTXP2,0.08721946
CUST_YTS5SBDDOQ,0.77039105
CUST_3KEBILA91H,0.07658221
CUST_T81HVKURJ3,0.030523393
CUST_AQCG9VFVHB,0.14126427
CUST_CXCFGQ5MDZ,0.029405639
CUST_MUYURPCWXK,0.019516602
CUST_GFB7RHT6GA,0.076704904
CUST_F685HVOVGF,0.030181091
CUST_M90WPC1PO4,0.07729257
CUST_J13TB4PVB0,0.027346464
CUST_ZEYNAV2R2X,0.017755533
CUST_46USJ85C5C,0.10369984
CUST_ZCRLTRQ74S,0.08749551
CUST_AN71FVRTMW,0.025134867
CUST_ZM7DC516OA,0.15857233
CUST_5P12ARPSQ7,0.023327732
CUST_6EEPU7X9UT,0.15694793
CUST_4UIA1Q3V6A,0.036629222
CUST_ENJMQ6HATN,0.12168933
CUST_S4J53UT05N,0.037950374
CUST_MZ2IKCR681,0.1710063
CUST_RFXGPCIYLF,0.028931806
CUST_IWL1XZ535D,0.033992033
CUST_ZE99A1NEX2,0.8360541
CUST_C1RMCR8YFT,0.018163593
CUST_L1DC8SG1ZG,0.75444114
CUST_KG4K6THGG1,0.020350479
CUST_V37RT61RWH,0.03879431
CUST_5RTNHNEFS9,0.030593622
CUST_YGDY6U1M3I,0.028290363
CUST_Y46VOY55JC,0.020911729
CUST_3AHJD98VUC,0.026028777
CUST_HW98O7RJEF,0.09345252
CUST_QLR16R5EGI,0.037437383
CUST_EX4QKI4YOY,0.08571339
CUST_YE8HVJJUJV,0.1235774
CUST_6PXM1006C3,0.14757253
CUST_VXISO5KQ9U,0.08630134
CUST_3F8FOH2HF1,0.029446805
CUST_VWT2FDS27Z,0.7591752
CUST_IQAMI9R6M2,0.08538362
CUST_PXRDIF873W,0.0881467
CUST_QEGOQFBFPB,0.03226002
CUST_6J3MO1OUOS,0.037741702
CUST_50E1V9628D,0.028444862
CUST_BQSJ8LHFOH,0.11917294
CUST_XXB7XWIAVB,0.023006264
CUST_3X1D6I0CQB,0.026381832
CUST_4H160UEEH8,0.023884812
CUST_0GWXYXZDX8,0.08708818
CUST_RKRFEEY714,0.023715843
CUST_3VYFBVZLE3,0.81683344
CUST_UH8PVNI837,0.035084438
CUST_J4XQVEVD02,0.097420625
CUST_T2M6ZUCF10,0.08168631
CUST_NV6JMJHTEP,0.03221183
CUST_CGTTV11UQO,0.027747901
CUST_QT9UG6RTEH,0.023909153
CUST_3EPZWCCUWE,0.02223731
CUST_5LQGJT96AV,0.026027853
CUST_LQBAUXUE2V,0.07768489
CUST_HPMSD751ZN,0.03287135
CUST_XER6EFG7G2,0.025012597
CUST_KSGJ6WVZML,0.10357121
CUST_M33JISKAMX,0.028076546
CUST_MUNGVN0PXX,0.032891873
CUST_4UKPSC334H,0.02662554
CUST_6PL383XRZ7,0.021878615
CUST_5CJ2XPX9UO,0.24766345
CUST_I7KYQVP49L,0.018164754
CUST_M6A0WF51S7,0.112583324
CUST_OX48SY4FWT,0.04545962
CUST_2O5M12KIR5,0.028227597
CUST_ZQR12K8ANQ,0.102488935
CUST_TJC6JRCSCR,0.027740855
CUST_GL4IR25EC2,0.026820797
CUST_XL95X7RC51,0.027918013
CUST_6XKSI0V3N5,0.023549445
CUST_XDIZUPXELH,0.027840095
CUST_QJCHDJLR28,0.021444853
CUST_4O91BKHSR5,0.74910724
CUST_7UZQUSJ3XH,0.10619223
CUST_X1ZAL0ZH5V,0.10743439
CUST_XWGQ83USEC,0.026502123
CUST_7ITCCBFYYS,0.021246986
CUST_FMW5ED67HG,0.08046056
CUST_9K9HYU90XW,0.101103574
CUST_DDKCFUXQMI,0.08137369
CUST_ZSJUZRBU14,0.15745369
CUST_3HG16VBX6Z,0.11411624
CUST_FUVQ8VMV1S,0.10203221
CUST_BPVMP84VIJ,0.11035539
CUST_D9P1W5N8O1,0.024484888
CUST_97ZL2TSMQH,0.025955748
CUST_YR2Q27ZEQP,0.13011271
CUST_WUESR67REX,0.19707058
CUST_M97CQQ52G5,0.69085115
CUST_K3EFJBSFXH,0.13009487
CUST_LWOOPZ9P1G,0.09777598
CUST_TTEO6HJFXV,0.044771634
CUST_ZL7UE851F2,0.107203975
CUST_5P9QDNU4FE,0.03354361
CUST_OWICESJAKB,0.12483983
CUST_P3N3A87PLO,0.14057808
CUST_TWV66DV2JN,0.1296628
CUST_2Q8RWV9O6V,0.10877244
CUST_O9JGTLBN1E,0.030565888
CUST_A8H075FMEM,0.10012431
CUST_GOOS9R8Y83,0.11324131
CUST_GHP2LWXGYV,0.10599042
CUST_AIC8M82JEF,0.080081336
CUST_29TR0EK73D,0.09208334
CUST_EJRKRATUM8,0.032560863
CUST_Q10M7SLM6C,0.03616677
CUST_95M6DNTLT4,0.02515602
CUST_WSIFAOBZQ1,0.023364302
CUST_XC2EKPP3GD,0.033651963
CUST_WJ0SNLUDRV,0.8771345
CUST_56ZCJDNR1Y,0.028906927
CUST_0XDJ8J4CWM,0.12584098
CUST_VDF5Z54594,0.022267025
CUST_AWJZ7VTXX6,0.021572959
CUST_AT58VUNV1F,0.031258397
CUST_VQGZ3AZJIE,0.0329177
CUST_TPR9YUQNTB,0.09800745
CUST_MY4H0KKMJY,0.027627496
CUST_GMC8VRPUQ7,0.021944476
CUST_IG417LIXK8,0.024348019
CUST_2RZXVSHK3A,0.12046464
CUST_2PV7E5JV01,0.09680128
CUST_UOK2NYR6ZE,0.10277412
CUST_Y4XPH1HHAK,0.019832192
CUST_CGQ8H8L89H,0.10851666
CUST_4VWMOWYGLR,0.024639415
CUST_LGGKPHWE6S,0.09273463
CUST_NK92X7Z48U,0.0379727
CUST_KANAVZPWFK,0.022875361
CUST_NOKBRQ882J,0.022719953
CUST_BCQ575CD42,0.032882955
CUST_K2SO7SUKBM,0.024248086
CUST_EQHABZVQZC,0.031005397
CUST_TTGKYIZSTN,0.02899502
CUST_8MC3NHSEPG,0.09412254
CUST_GCJPAHLJNB,0.07289197
CUST_P7FJ6JY05P,0.02460982
CUST_K8NW45935Q,0.027288316
CUST_Q197QQ82YS,0.1000727
CUST_1U08AYCXLI,0.10614377
CUST_WBAW50DEWM,0.08303707
CUST_VQ23H2NL8B,0.026171813
CUST_MSG7ZSWCGR,0.07728369
CUST_WTVBQBCGCB,0.021521773
CUST_3JNLTXUP9H,0.096631825
CUST_TMK3CXN9D5,0.022729242
CUST_LA0S3RLO1A,0.029544853
CUST_T5PKV78OSA,0.025045918
CUST_U4M8XPOV4U,0.07967804
CUST_99HL08K54M,0.025568439
CUST_JOQZ8NGP11,0.026029417
CUST_34DEQ5DB3H,0.10463737
CUST_LYXED80ZMW,0.02322452
CUST_PS3EEPVEOV,0.032827992
CUST_48R4OHDE24,0.029817631
CUST_7WBY13PEAX,0.034248766
CUST_XE2IGULYY0,0.025908437
CUST_22E05D5XD2,0.035684004
CUST_L5LBXYJR65,0.7548852
CUST_C2CXMZYK6U,0.024208264
CUST_JBK5H51X5Y,0.041782442
CUST_42MNICEPMD,0.0957175
CUST_7Z7MUEQ0E4,0.16445102
CUST_8TKY8S4F88,0.0642197
CUST_LS5IHM00L2,0.09606757
CUST_J0ATVD3UHM,0.026215984
CUST_W6P9XINWMK,0.023371968
CUST_VDIZ3F58BD,0.029989088
CUST_698NUG38GF,0.11212884
CUST_59OO1O4XX1,0.1562383
CUST_WZSNUITGU1,0.12911713
CUST_G1VLTP8YC3,0.083014235
CUST_M3OSLA87FR,0.10285876
CUST_BHT3F0PDU3,0.8250943
CUST_1A0V62TJN0,0.14596175
CUST_KUS4F5MHX6,0.023997432
CUST_LL737NOPYK,0.54113215
CUST_1O008TDJM8,0.02354598
CUST_6XZPKQ0745,0.025947666
CUST_64DCLTFYP2,0.09259844
CUST_YAHWVGYFRZ,0.095609955
CUST_M7JXUYBV7J,0.027478093
CUST_EMR0Q718T4,0.06755345
CUST_NNN337W13S,0.095354356
CUST_994Z944KVY,0.09062353
CUST_ABCFW25G2L,0.027301189
CUST_I9MKOFHP7F,0.02703696
CUST_GRUZQ94WBA,0.90352297
CUST_3K2JRDBSMI,0.046115063
CUST_YQ2H5IMKR1,0.026744423
CUST_GZVBMTFTGO,0.022521993
CUST_GCWA83AN2N,0.7171237
CUST_TIIZ57VBUE,0.8545057
CUST_3553GXWB6D,0.09843408
CUST_IX5KJZ672H,0.85791963
CUST_O0DUFXUOFQ,0.036237936
CUST_0AUJMAXC4Q,0.14539886
CUST_AQNEQKH96U,0.14533761
CUST_KX8Q4HBTQG,0.025381606
CUST_ZTABAZ9718,0.024563095
CUST_95UHZJYOGL,0.09945375
CUST_19ANKR1DFS,0.029264903
CUST_VH0T5IM61D,0.026812073
CUST_PKF4324U5R,0.12976265
CUST_WRT15EHS60,0.033681005
CUST_L74ILEUUX0,0.10133342
CUST_UYIATXA92Z,0.094824426
CUST_JHYK1R893P,0.07164334
CUST_2X4RPA86HO,0.03129815
CUST_X887YAVDA9,0.022752687
CUST_UT5WE9D4CU,0.050724566
CUST_VX2U8RZ0L9,0.038645063
CUST_35K3RBVPXY,0.11243864
CUST_PZTYP710IU,0.16431895
CUST_7ERO2O8V65,0.0811642
CUST_G9GEQN4U5J,0.034768276
CUST_TT9XGGW2EF,0.7870284
CUST_XL10SD7A61,0.10903669
CUST_OA0391ZWL6,0.0797115
CUST_MQXLDK8OVK,0.04147084
CUST_DDNQOQ0PY6,0.025091568
CUST_YV9DS8W87L,0.027899966
CUST_8VT9AE4KHP,0.07311618
CUST_N56BBPEEFK,0.023066746
CUST_ZX4PW1FWH9,0.1534881
CUST_40LLFUP3HT,0.036257576
CUST_9FN501WQ00,0.07810537
CUST_U61GC5135Y,0.029785547
CUST_6OJG8QSMAY,0.08554635
CUST_72Q27XQX37,0.02767172
CUST_FRY5GRXSIB,0.030434623
CUST_ZFZFYK5PD5,0.038717095
CUST_WQ82RPZK0J,0.7902393
CUST_024QU1RG3U,0.144326
CUST_H8I1Z86ZXA,0.02647472
CUST_IJEU62Z8TZ,0.13833314
CUST_E63EUPOOUP,0.100810066
CUST_JHXAMZZE2P,0.13014668
CUST_DACJMZIG8B,0.1869224
CUST_9K91K0ZE1I,0.80311894
CUST_W75OBNIF3W,0.088305645
CUST_EK8AW7UK9N,0.08406161
CUST_8BECXTENIB,0.032034725
CUST_ZCGXONROOU,0.17116426
CUST_TD0JQX9NQE,0.097039536
CUST_NIO7I6UNV4,0.034472946
CUST_J9V5IVUWK1,0.025849191
CUST_LLX7S0NH61,0.09478359
CUST_ONSXICN9L8,0.08955683
CUST_5UIDP071T5,0.020616544
CUST_HRWXFX4708,0.02120611
CUST_IROH77PJ81,0.10734289
CUST_5NYI28QA8M,0.029535519
CUST_7232JZ271Q,0.024217626
CUST_82KZB67K2J,0.8944696
CUST_AIRYUC8T4A,0.11971185
CUST_RSFGCJKE1B,0.9237245
CUST_ZEC0QRHJSH,0.03219379
CUST_D5JUW4UZ95,0.07054686
CUST_PTC6QWVWUX,0.13029791
CUST_GBS0I3YE3A,0.02909686
CUST_FUJ1NZLFMF,0.029300062
CUST_8GL0YRWZA1,0.15097144
CUST_LXNPRC25NF,0.036110107
CUST_X5ZVHORXCT,0.027306857
CUST_1QH4V6LJAB,0.020101313
CUST_3EXMGBLQOG,0.030535439
CUST_PZ5JBILKWL,0.023626376
CUST_VKVC94E8GN,0.16770515
CUST_D0KT7J0FL8,0.8552043
CUST_6I9LNE3ME4,0.7985163
CUST_DHA4DGDI9V,0.02609279
CUST_H675VCS38S,0.025029821
CUST_8F1TI3Y7TY,0.04996285
CUST_DS29MV3OVB,0.024807451
CUST_2JL2VVT28X,0.03197013
CUST_BAQ88YGUCQ,0.03435154
CUST_V8ZKBVO05R,0.15149592
CUST_42ZIX5QF4T,0.119646974
CUST_B419M3G56D,0.07446982
CUST_AYGST4IETT,0.021601764
CUST_1UCQMRE10J,0.032633897
CUST_3LVVHA65K3,0.021110144
CUST_RBEHW5QEOF,0.11132192
CUST_IVSWPYAH0W,0.10804761
CUST_W3KQ47SZI8,0.092465766
CUST_CMK4A67OT7,0.0285355
CUST_XDTREFJOQ5,0.023405682
CUST_OHJFSA3MYR,0.099230744
CUST_74ZN1LCOSQ,0.08770591
CUST_9L8MC4CBZN,0.029619984
CUST_DB0Q0IP672,0.026202591
CUST_NEYJFDGUS5,0.020602342
CUST_78YF1ISFH1,0.025197985
CUST_M3VZKVP9FX,0.10899357
CUST_9H1R33RFV6,0.023639414
CUST_MDMRSCND4L,0.10985072
CUST_PJTSX02WEU,0.021879658
CUST_TD56J3ENIB,0.020127006
CUST_LJ40H718X5,0.105474204
CUST_RVXDOL2QPU,0.022978473
CUST_15KU5Z820D,0.09908039
CUST_DFVGGQJWPB,0.108787484
CUST_YF7619PW6N,0.033837933
CUST_FSWY4WU429,0.10963961
CUST_9H6GD00A4D,0.11628746
CUST_KC1FNOAM7Y,0.043711547
CUST_HFYV6J8T6U,0.09362393
CUST_4S4KX7ZWSO,0.13478117
CUST_CECASV1UVQ,0.10506469
CUST_KL3ZFZLKAJ,0.042600706
CUST_SN9N1BKII5,0.029211694
CUST_M4EH3AE15B,0.8501255
CUST_YYLHJ2E2U8,0.117619716
CUST_MUF0VKYJG6,0.80487835
CUST_ZD69YFM4XC,0.0262748
CUST_6KXIJNXH59,0.028102163
CUST_3TR7A2C580,0.020318927
CUST_TZ6K8VZJSU,0.021355316
CUST_H51ZY80TSX,0.11469613
CUST_HVL143HRZJ,0.029693838
CUST_ZG88S2NXX6,0.019083118
CUST_YIKTJ8N0VM,0.023733033
CUST_R3RLZ2FQRU,0.023040365
CUST_CFDN4URVQY,0.115131915
CUST_2GVSB09W5W,0.12954701
CUST_2636LRLLJG,0.09696806
CUST_KE78A6PQ66,0.0668517
CUST_1XBQPLK4TQ,0.10301718
CUST_CGJSL9N3II,0.11551647
CUST_6FS5OI484R,0.12796755
CUST_G29A9UAZLA,0.0339523
CUST_VFHGPKTF4J,0.090863466
CUST_30QORJC351,0.08952984
CUST_J7O3K2WK72,0.13837329
CUST_SW2Z9ELADT,0.08296173
CUST_8SCT8XXQGH,0.12631053
CUST_D679OZ7N0I,0.024361622
CUST_WUV7TPKOTB,0.08559163
CUST_8M05GNQABA,0.088233635
CUST_MVGAFTSIN9,0.10506583
CUST_I3OWQVRLGZ,0.028041251
CUST_4MSXBN4D8K,0.78536314
CUST_NS0GSGOILA,0.7395481
CUST_RBJ6TDEAAA,0.031318896
CUST_RXC38SGECC,0.11436645
CUST_5YFS6AV29Q,0.09061136
CUST_MXPXNPTL70,0.13570297
CUST_0KL5JY26MW,0.02297564
CUST_GOFONK920G,0.03517772
CUST_S41321TAB3,0.11430358
CUST_9ZVC0F5E2A,0.07781693
CUST_5DISICD0UZ,0.068367384
CUST_LBBW0IJ1P8,0.026746923
CUST_FUUERTJSGZ,0.1308494
CUST_UX1ND5NO22,0.02309186
CUST_L52SXA2UQU,0.025946552
CUST_DQYURS43MD,0.059933342
CUST_06X40LV7LJ,0.20733815
CUST_RKQFS1DT8F,0.024242746
CUST_JGIPV1BYCQ,0.0286502
CUST_2QJ2JCN1PO,0.07563608
CUST_4DPR8XI1Z4,0.026676485
CUST_WXQY91KHWW,0.11173779
CUST_PXAU960VB5,0.078990124
CUST_B24JUF4GE6,0.028892344
CUST_1RPYTD1HWS,0.09039402
CUST_2SPDTXHN6N,0.71921235
CUST_ZABMAURGG2,0.80860305
CUST_IZ13PP310O,0.06696388
CUST_Y7CGBI2S9H,0.02514529
CUST_8FPA1TW8CR,0.107155606
CUST_0XXGGVL0KT,0.028194625
CUST_I7M3E341O9,0.02554272
CUST_0OEG6FM69K,0.020655492
CUST_A7XBEP7XZV,0.1692372
CUST_4O228B48KQ,0.04343166
CUST_WEZAXVDI9M,0.025103793
CUST_Y6CBBUGU3V,0.027166296
CUST_011EHT4901,0.024231276
CUST_XCJYPCVYWI,0.8194874
CUST_2RL31HRBMH,0.035257973
CUST_JCKULQ08Y4,0.022870077
CUST_BYWI5J00YN,0.026209716
CUST_Z3JX00QY6R,0.020807736
CUST_72CVW2GF4H,0.094672956
CUST_GG8CZ7V6AI,0.13786992
CUST_7A2ULSI07G,0.020166127
CUST_94FG6IOD9H,0.034872178
CUST_DCR7761AF1,0.13011271
CUST_Z8LM5QXTHL,0.03331214
CUST_EWG72E150U,0.099316105
CUST_NFUZEM7EOK,0.12825292
CUST_3WGKGQ1ZXV,0.13088843
CUST_86WHOY0YQJ,0.12839963
CUST_8XP54N7N3Q,0.022219015
CUST_0YE12TVNKM,0.028131116
CUST_MK09ZBE9WD,0.8450858
CUST_1MWDV9JY08,0.02400354
CUST_JGVQYD4WIT,0.027166704
CUST_DT6VP40AF6,0.023064904
CUST_4IR8DBIJJD,0.028792785
CUST_EFK5F32JPG,0.026698407
CUST_X0YJJH9VG6,0.025891203
CUST_AOA0LDVKP1,0.7753352
CUST_OD24EOJW5Y,0.031205412
CUST_LJ26YQV8V2,0.066771194
CUST_MPYZ99NSN8,0.07681757
CUST_9Z5406AJJH,0.034622457
CUST_GZQYNKN097,0.032704473
CUST_C0KVVSRY4C,0.01941966
CUST_BPUJL511V7,0.15819989
CUST_QSK73TPJQ1,0.07404999
CUST_K0Y2KSZAUT,0.11944406
CUST_25WIHJG2T1,0.08422346
CUST_YBBLGTJOTI,0.8592941
CUST_L76HQZXX2H,0.099544324
CUST_WHV15E0RG3,0.18716094
CUST_COTI69IXQA,0.037971925
CUST_YB2DGUUDPK,0.02731986
CUST_BB3LL72VWO,0.833711
CUST_94X6161ESS,0.1143094
CUST_DLAJOC5B5H,0.026085252
CUST_AMGKF35VVJ,0.8128656
CUST_S7VQ4VSOXS,0.028906351
CUST_R282IJLNS6,0.021272138
CUST_VZGXT1TITC,0.020081934
CUST_BAZMXLW4F1,0.020840088
CUST_ASF1QSTDLW,0.7507227
CUST_HQ4UT5NAHW,0.106362306
CUST_BQJXFQH01M,0.13550784
CUST_Z46EJAKW98,0.026659632
CUST_VFIE0GLHCG,0.11218589
CUST_QHIWRZMLWR,0.041878823
CUST_N4DIC1KNT9,0.8729916
CUST_FKTD4PTXT3,0.027187122
CUST_6PU7K9FIYV,0.031385813
CUST_R4VGV4FOCW,0.09315464
CUST_UYHF8K4TYJ,0.030148229
CUST_2IMBJSOIQ5,0.043487303
CUST_NNTCPZMGQH,0.024037875
CUST_QEQNL5BE4R,0.12406168
CUST_43X3KLZ0IU,0.034452733
CUST_N6XLBDHEN4,0.02172327
CUST_7XMHI0CE8M,0.026926318
CUST_MTTHJXXN9S,0.037291665
CUST_CD2UEINGY0,0.02845576
CUST_LXGOFGYFAV,0.033725094
CUST_BTRXZC4IPE,0.12201947
CUST_FHKOSDOVJH,0.03446395
CUST_MX2FWLW1P1,0.025590034
CUST_10LBOUYUHX,0.024946587
CUST_2YUGQZTWEP,0.024352053
CUST_0B6X2BQ4KA,0.08279586
CUST_LUZ7F9B012,0.120522834
CUST_GFAV40KMOQ,0.026703706
CUST_Q2TKV6X6MW,0.021669768
CUST_VJT8R726B2,0.031093374
CUST_2FD60KSW9X,0.034305565
CUST_TTP9Z31H6J,0.12103741
CUST_3PR8KN5VOD,0.028036807
CUST_20XM64FB1G,0.09697092
CUST_E0UCI2UMNJ,0.07804012
CUST_P70AUYLS4S,0.08283845
CUST_4M079HWT04,0.01866848
CUST_J9UXIWY4CL,0.09760434
CUST_3H2C5NPUXK,0.08817404
CUST_M0PJOQEFMW,0.024624625
CUST_PO68LTH6RV,0.034854524
CUST_QCR65MMWCT,0.023228642
CUST_1MJC3J8N8J,0.022108356
CUST_QYK4RQ0LW8,0.84673375
CUST_HIUVL9M2UP,0.07411838
CUST_VT9O5X2V1O,0.024448507
CUST_24DHMUS7SH,0.02013994
CUST_UKX2K251AP,0.03422791
CUST_YX4TTVSQK7,0.07517697
CUST_1M1759VI7G,0.02693628
CUST_IJUDRKU2M4,0.029028405
CUST_EUS49H536E,0.13692413
CUST_9PUFRE9T4T,0.82587624
CUST_RDWULKY0EE,0.04708221
CUST_V6BTPMW64B,0.10438423
CUST_AW6L3ZU9C2,0.10868721
CUST_OUMSA647NJ,0.072337784
CUST_7Z4L0XJ251,0.062123846
CUST_GLW771CC36,0.020422839
CUST_Q6P92BEX6K,0.026591891
CUST_UCV8M4CQBO,0.03660003
CUST_C8OM8ZOGMV,0.09693469
CUST_V8HZCONEGK,0.027397212
CUST_DGLLN2TR7E,0.033055536
CUST_AY97W7QJUK,0.07479978
CUST_WO87ZEMT14,0.0212543
CUST_5H6EY9DAKN,0.027150158
CUST_49YXZUIF5T,0.026393594
CUST_840U4FQ5Z8,0.025896074
CUST_2OT7PB9WO9,0.027547026
CUST_Q7AVVFOSXQ,0.09858739
CUST_BTP1AU90Q3,0.03855828
CUST_VGS197BJYK,0.09472255
CUST_XD3A1EVURG,0.85918564
CUST_TGGJQISCBD,0.025215946
CUST_BB1NRI0W1O,0.030350685
CUST_I5D3OYBG56,0.09253237
CUST_5E1JGDCC8G,0.12844463
CUST_N6U2TYV3TZ,0.08569833
CUST_XTWEGR7TRM,0.10574824
CUST_H1TSY1U61X,0.123047546
CUST_WU34Y70TNI,0.062683165
CUST_LN5UN29K3Q,0.80649835
CUST_7ZN247HN0O,0.021386465
CUST_YJ5HAEEKUT,0.02540495
CUST_NREZUHRVVJ,0.023998613
CUST_T7SD5UGYSK,0.16786666
CUST_60W5JT0Y8P,0.1326319
CUST_3TY74FYN2Q,0.026854534
CUST_2DKDMI8TFH,0.071834244
CUST_K8L6YWKUUS,0.10718955
CUST_P1DCF81OSX,0.028493375
CUST_P5ATXMUW0S,0.07633644
CUST_405Q16LJPP,0.10029192
CUST_S6EOLY0KK7,0.86362517
CUST_MYGM67TL95,0.79534113
CUST_H6251RV69V,0.15636657
CUST_V2ZPTPFPYX,0.026894096
CUST_2NLERUE913,0.83134204
CUST_LHD1DYIUQM,0.13564733
CUST_WQO17FIPH2,0.024037007
CUST_XUJJ7FK0KK,0.033963416
CUST_LJ1WKH3JEJ,0.113774076
CUST_K8MXS114HY,0.12395541
CUST_D29OKEEKUF,0.86728084
CUST_U978ZBNNDC,0.02598209
CUST_M5PFG1MDG6,0.026547575
CUST_G8QNQKL8GZ,0.15700918
CUST_GIM519E577,0.026057588
CUST_JNJ59YQKFO,0.15719777
CUST_ASRRROZH43,0.03361635
CUST_ROZZOQNC5S,0.030234126
CUST_U8ABHOC4NI,0.027507149
CUST_U422U22G8I,0.03339576
CUST_23MFGRSS5G,0.10697004
CUST_KBB63KNHVQ,0.027480815
CUST_79YVC0VRYO,0.07652489
CUST_37R9T9YYIH,0.043741874
CUST_Y624NUJGYV,0.14670496
CUST_715VCMNK8Z,0.022989508
CUST_TULEFGFL8M,0.13373512
CUST_LY5M75ADO8,0.86459595
CUST_F7PBF1H95W,0.026667261
CUST_Y4ZDC24KS3,0.091305695
CUST_EBHARYTRYW,0.0274453
CUST_UJRMLU0J25,0.021523712
CUST_UMD0KPDMPS,0.023854103
CUST_TUJDYWBYE4,0.13237184
CUST_L1WSLOIXQ5,0.034636915
CUST_XB8F8BT93K,0.033152163
CUST_NIRZYRGBS0,0.105681986
CUST_EXYLYDDHJZ,0.025048753
CUST_XMVW31CTJA,0.7914075
CUST_5MEITV1K2Y,0.024351457
CUST_K01K75LSJJ,0.02283963
CUST_O2L3SJYM9H,0.024292044
CUST_T3YD49VEY1,0.039749697
CUST_YDZ3NLS1G1,0.027158381
CUST_ZZV0TEV1DY,0.8948659
CUST_WMFMWGJXAA,0.031436786
CUST_QX89S782XI,0.09472495
CUST_22YJAUVD9R,0.1034306
CUST_6L7WELLYD6,0.12404286
CUST_JA54X9V26S,0.02890623
CUST_T7EE0VUC35,0.078948475
CUST_CSFWKJ237I,0.04203058
CUST_434RGU7B5K,0.06459623
CUST_590RTDF58L,0.1346151
CUST_RX957ZSRNV,0.025648497
CUST_YN8ITH4ZOD,0.03665686
CUST_QZXF7LGE7B,0.021203602
CUST_2X7V1PQ9N5,0.03355335
CUST_2ZTVC1KAJM,0.108432576
CUST_VU2HP36G4W,0.08698846
CUST_9GZQNHIYD2,0.033744458
CUST_0QA0NBUB7Q,0.02790611
CUST_MXWNOA1QFK,0.029616715
CUST_477C50L7GR,0.027924292
CUST_L17BXXYQRO,0.10501404
CUST_TRE3YUK4LH,0.023148516
CUST_IN34E0VYTM,0.1009414
CUST_UA2SUJSWYM,0.11777611
CUST_IPBTOQRZVQ,0.08650471
CUST_NNFUCUXNST,0.027186451
CUST_5U8R667QRH,0.0485835
CUST_TJ61THTOLQ,0.13070488
CUST_62ESKKVREJ,0.02783817
CUST_TXT21VR91A,0.020780243
CUST_GQXBHMU5N8,0.039625008
CUST_OAV1UFJT9D,0.089502655
CUST_7Z0ATRB9KO,0.055872235
CUST_1VOOIV4FJ5,0.037872676
CUST_CRCZ2YQ7PU,0.099384286
CUST_TNPORGPJ3F,0.023816995
CUST_0ZYP2CB2ZK,0.03587847
CUST_H0V5QJRS3K,0.026776867
CUST_BFE05I9WYE,0.028952243
CUST_FILLDUGG10,0.023611065
CUST_DKE1FVC42J,0.023562301
CUST_WJLMKMGO7D,0.023430094
CUST_Q5024EXOAS,0.021318115
CUST_QMM8KPIRVG,0.15400022
CUST_RFWCPIYFZW,0.02104185
CUST_9OQSAUIUUD,0.02034671
CUST_64MI6IZBFO,0.087345935
CUST_7J705SFQFA,0.0623593
CUST_HR3V4BVW3S,0.08731603
CUST_YNJWSA4TRK,0.8947754
CUST_C909QU0WA0,0.115973115
CUST_J8OV8552BM,0.8000942
CUST_2RP4KBKJJG,0.022604113
CUST_EJ6Q7TF3K8,0.072908044
CUST_O8VRVZVQ3A,0.041137483
CUST_FMMMKS6E5O,0.079381086
CUST_K9F2GQSXQW,0.039021775
CUST_75UCNYY77Y,0.024842054
CUST_FGRYY1Y000,0.037889957
CUST_U6GRPC06PP,0.030058838
CUST_MY474C91L7,0.029263772
CUST_W8YKBLFCOO,0.13695616
CUST_8K8EL4H3DL,0.033468142
CUST_BE7KVI888H,0.081833616
CUST_NO4XD1EY39,0.7910434
CUST_QC3HG5054M,0.026710322
CUST_FD31J50YF4,0.1002019
CUST_NZ0OSOR36B,0.02147223
CUST_F6UD82GLFH,0.113602564
CUST_19U7T2DMSF,0.7560513
CUST_VU4KUVU2EF,0.024923248
CUST_BWJJERHG22,0.028081575
CUST_KRXFGM2MUJ,0.82096225
CUST_DMQBUF6N0X,0.024751656
CUST_2NUVJVOUEG,0.028847408
CUST_BOUX3FKT2B,0.034580596
CUST_7CIEYACBGO,0.023449134
CUST_WKV4QHL9EC,0.09285337
CUST_R3X8TVUWBZ,0.094258554
CUST_I5ZDC2KIUC,0.030073494
CUST_K9TMOZ9D30,0.023833754
CUST_82TBQDW1RW,0.025031589
CUST_GMNSSHSW5Y,0.075633846
CUST_8UFDD7JNJO,0.031722147
CUST_1ZTP9KTT7Y,0.02903753
CUST_56H6FCFLPA,0.72718394
CUST_EDC7F7O2UV,0.03158568
CUST_O3MDENW1RM,0.027888976
CUST_O5P0PS34RK,0.03101631
CUST_96YRF4TNWW,0.10404345
CUST_3B7G1BPWAG,0.8725937
CUST_KV205QUI38,0.026187563
CUST_XLA63CUCQ9,0.025269741
CUST_UWH69TKTMZ,0.1317669
CUST_LCAGD6ZBUM,0.11077525
CUST_7MRD0PX2IZ,0.14603738
CUST_R884YQKRBA,0.034367535
CUST_288XCVB953,0.02224319
CUST_GTK43ND7I5,0.042457614
CUST_01JNFNST52,0.0341348
CUST_Q0KOIMDRPF,0.10663062
CUST_LOEU2OMZXC,0.02540685
CUST_MQ45F84KW1,0.028887702
CUST_CXQMB4HDWM,0.8213042
CUST_YV22113Y2X,0.024165165
CUST_JGBVG0DJKK,0.021246554
CUST_8N2HCOS5P9,0.039011817
CUST_ZF27LU3TYZ,0.09021636
CUST_46TIWYEM81,0.022451542
CUST_BM415SF0UD,0.11800841
CUST_4OB1WNKP1T,0.11197417
CUST_IV700C49MC,0.027453586
CUST_456JEJK6W8,0.02511406
CUST_YR9FHLMI4O,0.026099892
CUST_HRPA3HUI7F,0.0326894
CUST_84WUY0YOF6,0.030655283
CUST_9J26EAQC5W,0.095484644
CUST_QVSABI6SFC,0.020732475
CUST_Q4RU5365DJ,0.040667515
CUST_P328ZV7SJ8,0.025828524
CUST_CIFMSQLIV2,0.023406245
CUST_Y89IJ5Y2GI,0.14407225
CUST_3WFDDFMSWS,0.028944455
CUST_JEHXU9U4YM,0.84490365
CUST_Z170TU14MK,0.11523487
CUST_KJBTF1AYJT,0.021645632
CUST_GYHOM73U57,0.8224164
CUST_ADXBPQMKHV,0.75663406
CUST_OMZXD61F50,0.07379941
CUST_00F5Z329Z9,0.09557998
CUST_O07SSZ19F4,0.026731227
CUST_WIIAWGLM7M,0.024528095
CUST_1GKCBW1MK5,0.065992385
CUST_5UWTV91HAC,0.10078856
CUST_P6OHZEC2PB,0.03444242
CUST_9F01B10OO8,0.032501712
CUST_ZATPUFYDXY,0.019747574
CUST_B6N71VHLSQ,0.067454204
CUST_PVX9VSF1VB,0.026743138
CUST_42M1XFWN8T,0.085943654
CUST_FFSD2V85WB,0.88433844
CUST_CBJCPIDQQ0,0.11474134
CUST_VWNJOAHEY0,0.038716216
CUST_LB6YZXBL2F,0.10421751
CUST_XLPNXC1XNH,0.030908495
CUST_ML8I6H7R6M,0.027451398
CUST_CHSTDKCWGO,0.028358713
CUST_QUQBHKH0K1,0.12505557
CUST_JPXV1CJ9YS,0.053517677
CUST_8UFQAM8QTC,0.10329702
CUST_T5F7KVE87N,0.104243085
CUST_JJICXMEU6G,0.118466616
CUST_SFKY0PAT15,0.06468405
CUST_LIPZBTXPVE,0.027664868
CUST_QI4WRI4BZG,0.028930707
CUST_ZXJ69UC8FC,0.026214607
CUST_FANV7GT9GH,0.02685848
CUST_O6ZNLTNZHQ,0.034061417
CUST_D2VOTM5Z32,0.075237125
CUST_02KEHR48PZ,0.048405737
CUST_YUCL1QD69O,0.035837006
CUST_ONPK41VHOQ,0.036819115
CUST_UTCK161B3R,0.088438675
CUST_8IFW4QUQXX,0.02398656
CUST_7T10FD8T0Y,0.09211856
CUST_MYX5M3A5T9,0.070561
CUST_N1TEF8Y8DD,0.033762243
CUST_JPSRK19UST,0.024492087
CUST_5YJHL3XWQE,0.023521857
CUST_J1ZDJ1MWA2,0.03202507
CUST_AS6TCKTX5G,0.025114048
CUST_UJC76E9AX0,0.028665219
CUST_67Z7KQHIOD,0.031658415
CUST_GL5TF7ZXY2,0.10429484
CUST_UM7IWXAV0Y,0.025347121
CUST_FJ5SWOHRHY,0.13806124
CUST_TQXRL9TRIP,0.025399595
CUST_TQ0P0MN6XF,0.0869539
CUST_A922S6XTQZ,0.030355
CUST_V3QIDFFIMW,0.8021263
CUST_CJHANQJK0S,0.06165462
CUST_TNQQ3MZGHH,0.0667203
CUST_WZ0CO777JK,0.82141024
CUST_9AMUSM8UZL,0.02661625
CUST_5FVEMZ57DL,0.08341516
CUST_R9YGB9L0BX,0.025725245
CUST_RTI6TFPNX3,0.028825605
CUST_U49HR1HGC3,0.059465185
CUST_9RZMMB0IN8,0.09880891
CUST_FNLS8XRAFO,0.031352077
CUST_ZSVZ5JEK0T,0.04741491
CUST_3FT7VX8HFO,0.07231421
CUST_N3B5GUAJ9R,0.087989695
CUST_95D9IVJ8F4,0.072656736
CUST_UZLYCJZ8WR,0.03126313
CUST_NZ0CNWW4YV,0.043776333
CUST_S1NKMVCMJ0,0.024126729
CUST_FH37IU65R1,0.023470957
CUST_WORVZBFYEM,0.03127271
CUST_95VPC8L1HP,0.027839037
CUST_O34F0I09SI,0.08273026
CUST_S80SK6MSY2,0.028237842
CUST_7KFP0CZKL9,0.08645592
CUST_UTS7LRYS28,0.024021996
CUST_XNGJFD7OM2,0.03562963
CUST_8JKRQJ1CPL,0.024488622
CUST_52D38M0071,0.024721136
CUST_LWX4WHXJ90,0.034901287
CUST_LJCUNGAUC4,0.11623386
CUST_988M8Q1XYM,0.031957846
CUST_74ALB2BCT2,0.028067002
CUST_G29XMKQ5TP,0.12333266
CUST_PST7EZ4V0H,0.12498298
CUST_K87AAO4B3R,0.021956315
CUST_4PZVSJU573,0.021804456
CUST_0QFB4CXJFH,0.09567491
CUST_JVSAX97BTJ,0.02453274
CUST_TL1XYOEW5M,0.11575801
CUST_SD8W2KC2LS,0.03218531
CUST_V3XYDL6QC9,0.047905836
CUST_YFPXQRKCHG,0.040431615
CUST_W2FFC3O64Q,0.12486903
CUST_WOQQUM9KY3,0.02668758
CUST_S9596MPGEF,0.028975982
CUST_QJKO54D7T3,0.039347477
CUST_STKISTZ0KF,0.039768364
CUST_KIOBPJ4ESD,0.06912548
CUST_BP1I9TD3Z5,0.02862749
CUST_FS52SQ1M5D,0.84881914
CUST_SHU2YY2VTI,0.11732062
CUST_76FPSDSIB4,0.12824062
CUST_80XUFYGTVR,0.78145397
CUST_WPT9V8OU03,0.02925501
CUST_HZQ8CW9HMD,0.025158396
CUST_DGWZ5AZG9P,0.09172313
CUST_CU3I3GN5US,0.020937495
CUST_P8XOA30KQ5,0.03429413
CUST_J5CUYALEZH,0.029056204
CUST_I2EQC5TGCM,0.8776106
CUST_7ZCPE9G8E2,0.028115861
CUST_S4142Y8X5H,0.78285813
CUST_041Z88IGVC,0.03386162
CUST_F769I5K98D,0.021793168
CUST_HUIZH7F6WV,0.11970103
CUST_BT5GGPJ14Y,0.023721121
CUST_TN732QGEK4,0.10129909
CUST_8H1395MEM6,0.062108733
CUST_2K505BW5WX,0.1531746
CUST_RF52SRD6P8,0.033465464
CUST_AD7AHVZYVY,0.04069745
CUST_15DVATQ1GN,0.025086453
CUST_5AL288SUSJ,0.030130813
CUST_512BH1SWBO,0.089883834
CUST_1BWJSYXCFE,0.097056516
CUST_WSPS8JIAOI,0.07455402
CUST_M5NCDZ49B7,0.08841984
CUST_21ILCIFTVK,0.029226635
CUST_FIJ1982ZQA,0.08092128
CUST_XTUACH3X8H,0.018905355
CUST_VPFPW35WG7,0.077474825
CUST_IIWK7U5X2X,0.025764544
CUST_AP8HVUIURT,0.020783925
CUST_ZA7S8OTC88,0.021763561
CUST_1NXWO9GHC6,0.030246165
CUST_635D43KDY9,0.02802336
CUST_88XH0CVWMQ,0.14640944
CUST_3RN01RI5I4,0.028219463
CUST_90ATW9XVF0,0.038920738
CUST_WQYBI69ELK,0.026907878
CUST_QAZDT0VOUH,0.023754317
CUST_UYGLTJ4Z5R,0.10887594
CUST_OELCYWUDIJ,0.07342727
CUST_KU1026JL7V,0.025559478
CUST_D2WEVR581Q,0.024614256
CUST_JLLN78T8FB,0.020344576
CUST_63EVXKZ7PY,0.023998344
CUST_2NBO08910F,0.023460269
CUST_GGOHGS0J7O,0.15264755
CUST_GMX6M8TULA,0.033678
CUST_T3F3L3B0MA,0.024602465
CUST_MHF7E34A0X,0.8108421
CUST_KT4LBBNWAB,0.030035298
CUST_JAAJ3K6E45,0.78646964
CUST_8QXMUSNGI0,0.038559113
CUST_H3HSWQ2BR4,0.08929869
CUST_1JCF9J1WUK,0.10084913
CUST_DXQ9MN1OU1,0.024173647
CUST_2QS9VTZKVN,0.024040366
CUST_2OV56T4OKE,0.20847784
CUST_4PQ4JY3FS3,0.022301162
CUST_ECRQ73V0AJ,0.11078138
CUST_VYVAZAQ6WV,0.10433489
CUST_LEG4IT1WNE,0.026549803
CUST_3SYU5ITN3Q,0.026866456
CUST_6YY1RLEM93,0.029837169
CUST_NJISLXQZ6A,0.10318132
CUST_CDXEREGPAU,0.042874772
CUST_QQZMCMOBMG,0.02256156
CUST_3TUQ0OTG0B,0.029425086
CUST_4IVBGGRD05,0.10828022
CUST_E0XV0HX2GJ,0.02623953
CUST_7BQDURI8CQ,0.09795111
CUST_WQQHOFRBI1,0.15860759
CUST_8BD9563KIM,0.02189122
CUST_MFO1IY0RGY,0.03186681
CUST_2NTT495NYE,0.08423626
CUST_XCW68AEZQI,0.7871346
CUST_M1DXOOCWKT,0.023123562
CUST_FEQADGPOR8,0.023766687
CUST_KKW01LUXA8,0.11860988
CUST_GNPMSQ75R2,0.72326046
CUST_ULYOFAXI27,0.09314751
CUST_YWEKW9JLBV,0.10379147
CUST_HM0Y4YIRD8,0.7565872
CUST_52H5763IK4,0.11772898
CUST_OMS36AGE12,0.07527745
CUST_8KRLFVNZXW,0.029942624
CUST_7YO7E8D0A9,0.023723722
CUST_D64QYQOWSE,0.023273138
CUST_P5J2CE1HCM,0.032371953
CUST_K45VQO8H5T,0.025131227
CUST_03SHZ04UHJ,0.09942234
CUST_2BA53LJ8ZK,0.11472375
CUST_I09G7I3WEJ,0.1350544
CUST_PXNBU4JKGE,0.032918982
CUST_TPSHJ4S6Z2,0.13958056
CUST_IW36O0FV9M,0.09788102
CUST_3IL8S90RKH,0.030175356
CUST_3OXYZXJQIT,0.11121324
CUST_P3TKFU6UNZ,0.17133611
CUST_SVOQZDMVEA,0.8714585
CUST_67LX4CROWC,0.11378778
CUST_K8RQHBN103,0.029243467
CUST_Y503RUZ9AW,0.03637801
CUST_65U4Y8SL0U,0.8942239
CUST_YORO2JS2P6,0.029063605
CUST_NP5D045O3R,0.026602188
CUST_1QCLTBJ10V,0.031569768
CUST_YMVWGPB37J,0.03404423
CUST_SMI0RNGL5J,0.027241446
CUST_IOE7DDKJLR,0.02272959
CUST_22SN725U70,0.025408356
CUST_04VIKTPR6K,0.094399005
CUST_FQ42IQ1IHG,0.026077297
CUST_VR296GYF3W,0.01806698
CUST_H02A1NYL7W,0.08728092
CUST_X586NY8UXN,0.06838169
CUST_WK3943AMR5,0.10881659
CUST_ZZ9JPEABQG,0.03593494
CUST_SNYMIZP145,0.03569307
CUST_OCGINGQHPG,0.10583815
CUST_MQ2F9Y2Z59,0.073420666
CUST_D4UI1YQC7Q,0.019978512
CUST_2GS0S22V0Z,0.67654955
CUST_4W0N2L7251,0.031253293
CUST_SIJXW4OB3X,0.105607755
CUST_40QQBC78PH,0.10515426
CUST_CR5XCCNSHL,0.024669994
CUST_ZHW7PB2DHB,0.10698685
CUST_83Q0XQV987,0.8931599
CUST_34VH7B2JNI,0.02486002
CUST_XPF3UPTPDJ,0.030350123
CUST_LO31784PU7,0.03033474
CUST_FFETQMK7P9,0.15272327
CUST_CUKWU4G3Q4,0.08741049
CUST_2CE6HIF5F6,0.09851029
CUST_9KYGVLPNFS,0.16101405
CUST_AAQ1QUL4FG,0.031811614
CUST_BQ74W4FXHT,0.11220174
CUST_KU3WKKZFL2,0.021748273
CUST_MLN3TSQKEU,0.13414189
CUST_XH59IGCXU5,0.022376101
CUST_W9FYJQTO3F,0.029309694
CUST_MOCJEATNY5,0.02913157
CUST_AVXQWAJBQO,0.08512916
CUST_T9KWY60CYU,0.08967662
CUST_FEGWR69RU4,0.10604693
CUST_G0EHJI5K3A,0.1128124
CUST_6GPU8GDMLD,0.028347801
CUST_KBD7EBY9SE,0.021215271
CUST_LZGIQ993B7,0.88129574
CUST_K5VF1ZJH1C,0.026027972
CUST_NSNYAEFOWB,0.7911958
CUST_MBVSP0PQ0R,0.8622581
CUST_MP9OTO29O1,0.029020429
CUST_BDKMKZCUTP,0.09203101
CUST_II4QLISIKK,0.08870196
CUST_K5KOXWZSUZ,0.030002212
CUST_4FKMLZZKW1,0.10112587
CUST_KP00DDEBQ6,0.029920803
CUST_K6FUZZSONZ,0.102511704
CUST_QFJOY3HQGL,0.01818354
CUST_SBPAFKX7K5,0.022076586
CUST_YGID04B1L5,0.029991826
CUST_IFAZAXUQA2,0.025620246
CUST_E1HPHVKFEC,0.03379803
CUST_6EWJBLXDP9,0.023922432
CUST_U2JFA3YGR7,0.021661298
CUST_TUH1WX5UMS,0.033434793
CUST_JX4GKO3DF4,0.09867462
CUST_CV7MUUS7YT,0.100301564
CUST_9NKW8C1Y83,0.020969491
CUST_X1MFIH8G6B,0.022951998
CUST_EHYN45SDA8,0.03999968
CUST_9SE2F2QSM5,0.029781284
CUST_K2KLNEZCGR,0.07994182
CUST_XVL73P4YNZ,0.08205563
CUST_CPLBKQIF7R,0.14257237
CUST_GOCWCFST5S,0.025608094
CUST_OXAFMNAUS6,0.031972535
CUST_CBYAEDWJIH,0.8755103
CUST_ZGFVGSWRPG,0.022854267
CUST_YUD3Z4Z179,0.034450684
CUST_MED3QZYWXC,0.14880176
CUST_E1TZXZTWCF,0.7657104
CUST_MZ8V2R8BPR,0.023908831
CUST_HA4GHXAY9J,0.03383769
CUST_EGUHCJL4PJ,0.02146688
CUST_E78F06ACDN,0.096095584
CUST_1D2ALRYAC7,0.022496415
CUST_AN8HBRY2LM,0.7811137
CUST_K0PTFXMD3G,0.85915685
CUST_8P12NJSVJE,0.034933858
CUST_YGRX1Q7D4O,0.024605598
CUST_ILLPXHXIN5,0.022860242
CUST_38DTM4FTET,0.12668346
CUST_701M9P641D,0.04308159
CUST_W94DQ9F8NS,0.048898634
CUST_VX809R947R,0.093166485
CUST_XLZOOSGJM1,0.08418135
CUST_11W5EH8UG4,0.023669507
CUST_CQW71B6W3R,0.037274808
CUST_FTB9CP8CKM,0.022821551
CUST_ATUYZIG9HH,0.8616738
CUST_WN6ARVCKOX,0.09211693
CUST_PGRYPKXBJJ,0.020898748
CUST_CYJ3L1Y6XH,0.037502415
CUST_DZFZYGQYQG,0.021422356
CUST_KEXHJUKI0D,0.85699385
CUST_2ZOG03V4K6,0.031874634
CUST_PH0BXIF0JV,0.6141325
CUST_91IBRH54VQ,0.02436097
CUST_ILKZNX55PF,0.105166145
CUST_ONZX834C0F,0.1363434
CUST_NKH9RLGKE6,0.09478551
CUST_VGRQ5XYALI,0.0296174
CUST_EVKXNHZMRG,0.024721747
CUST_03OSY2Z4YM,0.03589594
CUST_K609M0WW35,0.110396795
CUST_1RCE4GUXMK,0.028962784
CUST_BBGAX20Z3O,0.8403081
CUST_Y6AOL9IKDY,0.068479545
CUST_UCRJB9J2HD,0.092430994
CUST_40XUTPFFWW,0.15335277
CUST_VJ1CDDFCF6,0.12976241
CUST_E0DY41HBLA,0.026235688
CUST_C8Z5TC9PW5,0.030127762
CUST_G3HXM9R77G,0.025606865
CUST_KW4L7H1J3O,0.021463335
CUST_SV2J65NPEB,0.85314345
CUST_G83UXHP5DC,0.030608745
CUST_BORR4YGGB2,0.1791232
CUST_T3E7KL5V0S,0.022722041
CUST_6YK15BX1Q0,0.02030802
CUST_PNFVTAAYSI,0.021334777
CUST_WQEW2Z64E2,0.120026916
CUST_EPMEWVKRO6,0.021187862
CUST_KJCPVMAQ62,0.04406634
CUST_9WL2ABKVBA,0.13232565
CUST_O210QQHI6B,0.02275827
CUST_Q1A25GBDE2,0.083557285
CUST_4H6NUM9E9G,0.021008283
CUST_BC2FJQ0X4J,0.07823683
CUST_45XPYXM6N0,0.12753162
CUST_35A3NXR662,0.030026253
CUST_VOELWD8WWR,0.027280886
CUST_Q5UFJ5Y9VJ,0.037047993
CUST_AE93NI3YRC,0.108317085
CUST_DXQDG4HRYM,0.09647079
CUST_W1BVJU14RK,0.09800349
CUST_J4RA677PJB,0.03335999
CUST_N7BQLBJZ6M,0.78312236
CUST_QICH1ILMWS,0.09542085
CUST_PODLWRLCQ8,0.09855507
CUST_UISHVLPOBA,0.030310262
CUST_QVC9ID7RHD,0.087145515
CUST_NIEX7GK5CZ,0.023005707
CUST_XLYX5OFW70,0.031062506
CUST_QNBKMQ87YN,0.030673053
CUST_A44WE1A1F2,0.028392382
CUST_FTQCFXTHGF,0.10520394
CUST_AC1BACQ7UO,0.023260713
CUST_68JJE6V8XZ,0.04042403
CUST_UAOW5QA1ZH,0.090621054
CUST_OWYZK4F2BB,0.12662748
CUST_8ZX8KXLKSH,0.032408778
CUST_NCLE9A5DZ5,0.028723149
CUST_E5CW54J48J,0.025449023
CUST_A4ZS7IA4FN,0.04679599
CUST_GD254X0L0J,0.1676128
CUST_3N2KZ5XNDR,0.03146416
CUST_RR35VHS2AM,0.023980789
CUST_GRZUBLINGJ,0.028563263
CUST_IDQRP2V0P9,0.033885222
CUST_IG09F0XD06,0.103554495
CUST_FG8DJQWLT7,0.037652668
CUST_DWZJYQYNA9,0.036465414
CUST_OJJ7YD5GII,0.028963365
CUST_I6ZSMPGPYL,0.0347319
CUST_T0VIRINC53,0.14233981
CUST_E6MZMGCG51,0.086267926
CUST_SIVWB1469J,0.033404857
CUST_9G9LCSL6Y1,0.16555314
CUST_FMF3G4CPLV,0.13087478
CUST_7LRI05VTEX,0.6969048
CUST_2YOZTTGG2E,0.08311897
CUST_R21II5KKVK,0.03715511
CUST_WAXS1ENL0Y,0.043142166
CUST_4D7RE52XRQ,0.028952023
CUST_IU365FI32N,0.09374799
CUST_7KOEW2BDDZ,0.105283886
CUST_A2J93B8HTX,0.03693133
CUST_6RDHEHP2NZ,0.023013478
CUST_6BIYOOOKED,0.10060036
CUST_NVJCA709ZR,0.025046693
CUST_O4UFCIEB3I,0.01962145
CUST_6O5961YTIP,0.05749891
CUST_F5L79SWBHW,0.024756191
CUST_8E4YH9HC4R,0.12634736
CUST_DF4NCRN7ZS,0.07080867
CUST_PX68QKCR5B,0.04145426
CUST_3CFRT5OIT2,0.031543277
CUST_M8ZR4PDL2P,0.0318789
CUST_9RPY5HDLN5,0.030819673
CUST_D6ZQ1XQJ2F,0.07052977
CUST_4U9UJGRH2S,0.120129526
CUST_6ZXK2L4VVQ,0.021167006
CUST_X34YG1MBB0,0.086097755
CUST_G7T6XHYF00,0.02582579
CUST_Y9AP57XVQJ,0.023988284
CUST_FFCK1VRNLU,0.01938674
CUST_IBUSPXRHJ8,0.6349477
CUST_LRMTIXEB3E,0.07625979
CUST_MITPV6NLEJ,0.12390982
CUST_QGA0OXDDOS,0.027543887
CUST_7NIS3VDJ29,0.13469706
CUST_9ZTFFFYUDX,0.028879123
CUST_QNWWV43IGE,0.12962466
CUST_0DO0L3TOLU,0.021575605
CUST_FE1UQAWQXN,0.025073733
CUST_OA5P6H7FXJ,0.02874246
CUST_HHV19DIJFT,0.018896436
CUST_TVCDM92OWG,0.12455956
CUST_X6Y6X3MJFX,0.09569596
CUST_O8S1SP6TFM,0.02270488
CUST_DE3E9IN3OZ,0.020958325
CUST_PSQZ17OZ0B,0.09311158
CUST_03JDI72HIQ,0.020510394
CUST_NZ90Y9LFB2,0.09846215
CUST_OCS0KNFG9T,0.024100684
CUST_PI2GBJ4E7B,0.109146364
CUST_JVOGL69PF8,0.10317349
CUST_EJ0ESNMZLE,0.03252893
CUST_K104R47NM2,0.022572773
CUST_UCYI4V7JB9,0.029196046
CUST_O22FG40IXJ,0.1296176
CUST_7G2UDQPUBA,0.02290793
CUST_4F9RBFFEMR,0.034716405
CUST_155PEABBV0,0.12098897
CUST_II58FDLN9Z,0.044003904
CUST_ADHD3I2LV1,0.029503373
CUST_4ELW7V1OLS,0.13286564
CUST_N078W3B43C,0.021770405
CUST_080HD529JY,0.72021973
CUST_7N0FNZVS8A,0.02248493
CUST_Z0VXJNBICA,0.09329449
CUST_TPX0MRFT5K,0.8417746
CUST_1RXD26ML09,0.026048742
CUST_YR21517FUK,0.0333083
CUST_2JNB04NCNL,0.02229172
CUST_HWNZ2ULEMF,0.64861673
CUST_53YZX9POAU,0.024085255
CUST_GAQUPPNJ8L,0.028952248
CUST_95CSZU1U34,0.89851195
CUST_BYZQN68YCB,0.023055522
CUST_25D9DA4EUD,0.028069604
CUST_AEMI72WK9T,0.09444862
CUST_5IM5OHSMMM,0.12527786
CUST_OGM1M8XXNX,0.031460658
CUST_DOHBU869X5,0.10870916
CUST_5KHG0IS4SU,0.021422181
CUST_CXXLSA11W0,0.16116402
CUST_TKFASKJOQ6,0.034425754
CUST_WSRFZX6QNG,0.050295718
CUST_AY7BQKKBIK,0.05615238
CUST_MTPGLSMD74,0.09953161
CUST_E8I061KVGS,0.142836
CUST_5DS5KJBEL5,0.020725159
CUST_6I60MR6EK4,0.11776362
CUST_RUF48IMIP8,0.026320308
CUST_SWM5GBJ861,0.024931611
CUST_QBVD3RZ8A6,0.027403157
CUST_3H3BAYCZHX,0.12838365
CUST_8IWTTVW9PE,0.10315424
CUST_LTKXGTLRGU,0.088811114
CUST_DBMMTD9JWQ,0.029384773
CUST_Z3F7IRLOTU,0.13618468
CUST_CJHCJ5WC05,0.07248449
CUST_CICJF2YCWT,0.15320477
CUST_7DNU4B1LBP,0.026246902
CUST_HSEO6BQSUF,0.037343897
CUST_RLVPUUX0YI,0.03251325
CUST_DN2IG21Y6C,0.025564875
CUST_UHPSXILT2J,0.07826105
CUST_EG36Y5RWNZ,0.066933
CUST_Q342JLXLRK,0.02335158
CUST_T7BUISN1YC,0.017973302
CUST_U2EJ2XD4OP,0.028442701
CUST_PQPTJ2HGSQ,0.026904412
CUST_HGA7ETGYVI,0.02553992
CUST_V4PVQ1WDAD,0.033356506
CUST_OOW2Y4LSZ3,0.08977017
CUST_50P5PRJMX7,0.031139053
CUST_71Z75CPNS8,0.024975073
CUST_FBEPWL5M5W,0.08310154
CUST_GTWRPLU4GE,0.021896003
CUST_7A5T46CKV6,0.08723857
CUST_JXRXEF4W1Q,0.024451304
CUST_XFQFD9ZLY1,0.13455118
CUST_U5V5ZFDP04,0.029112168
CUST_059DWHEUHO,0.14005382
CUST_JQFFNS4G2M,0.08377281
CUST_F7EVL1ZC1Q,0.03295703
CUST_4TD99E46BL,0.018442998
CUST_WTJKZMN88P,0.03031301
CUST_2KQYG59I1C,0.022188315
CUST_C5T5M5WCKD,0.17499234
CUST_AA1I4XDU1N,0.10059722
CUST_BNQ6DXFXA5,0.7061836
CUST_0X2N8AWIA2,0.03977971
CUST_ZMMUR66VLL,0.870315
CUST_FBZR9UZKHH,0.14975764
CUST_TS5N3KUBL3,0.024915062
CUST_7MXIP6CRDK,0.098630205
CUST_N10KJ9XF8L,0.03269826
CUST_3SDP080ZND,0.019638408
CUST_Y6CBU2NBO9,0.025642224
CUST_U07GR9VG9X,0.033075284
CUST_D2ITUL8ISM,0.13813205
CUST_CK23D17SRO,0.11094589
CUST_WZP9BVQLAM,0.14930211
CUST_FCUAFAZDHG,0.032503165
CUST_YM8FPTSM4Q,0.12816244
CUST_1ENEGE3NEW,0.023311159
CUST_L9W7HNDJTR,0.12574972
CUST_2721S70ZLY,0.031239528
CUST_B97ZRSI22P,0.10164338
CUST_925B40W25K,0.09376133
CUST_7SQUP2VS6Y,0.02416334
CUST_EI5C0LHWZ7,0.030145537
CUST_T4926HL0FP,0.047057807
CUST_0BUONCSO2Z,0.030338451
CUST_AK7NQPHCED,0.7759262
CUST_B3178TFQCI,0.11750813
CUST_E4MTGDK1EC,0.083335385
CUST_QWFQSS5QE2,0.047372315
CUST_4LX0IIWF4D,0.15761521
CUST_0FIIJUB4WX,0.11592506
CUST_VW2BGO6M20,0.02806111
CUST_V9D8UHMNS4,0.036523465
CUST_EX1A02LAHH,0.031849656
CUST_7R0W6PMU0A,0.027286822
CUST_I708FOCJT1,0.14272824
CUST_B6BQTZL13R,0.026226541
CUST_5UZHE8N30S,0.021049876
CUST_OBKFRXUOOK,0.023842365
CUST_3D54QTS4AS,0.03084847
CUST_YELKTD4NN9,0.029882671
CUST_MWFKASBG6C,0.031094635
CUST_JTHT2K2F97,0.023773288
CUST_8X4KPNWLG4,0.06717626
CUST_HIU1SGDO2K,0.03198518
CUST_137QCLEPVR,0.08156565
CUST_806PJ7N4LX,0.022258913
CUST_ASZBF03EWL,0.093854785
CUST_NVNCBR0IQ9,0.8976081
CUST_F684E9BF38,0.11611214
CUST_WIRLXIEDS8,0.0731075
CUST_3R9VNZQ231,0.10932156
CUST_GL1JWIMBCW,0.19073316
CUST_6CC40K58PA,0.03007572
CUST_1ZNIIIO0HV,0.03694057
CUST_R2ST3NG2G9,0.033200394
CUST_3JDFHWJD3O,0.026715325
CUST_29Y8SWJ5LN,0.18501225
CUST_S5Z9SXSOL2,0.024880067
CUST_VL94SQEEPK,0.022955574
CUST_N10XFC015K,0.08433087
CUST_T47XBI9GON,0.02682765
CUST_NX6SS96LQR,0.034937017
CUST_2ZCPFU6NAK,0.11865428
CUST_VFV0PQIPPB,0.017422367
CUST_R07IIBGVIM,0.07425069
CUST_RVTNVAL39B,0.026180059
CUST_U3BZ7ZSC3T,0.027588243
CUST_1ERVA73AUM,0.107596666
CUST_CGQMIZO1AW,0.02379135
CUST_UJZQS0KRUL,0.7291402
CUST_6JE8EI5ZDV,0.023748036
CUST_8XBCZQA02W,0.08763536
CUST_AKX0UIF8VO,0.026179835
CUST_3GK30IG23F,0.09441042
CUST_46Z5GBBHMC,0.03423938
CUST_Q710R95XY7,0.02829158
CUST_DCLGGBEY0A,0.03526212
CUST_22LFXGMI0W,0.7139287
CUST_120L7GH8B7,0.019006088
CUST_ASA1ES3EHB,0.021793047
CUST_DZKTM7JAU0,0.11155558
CUST_YJHJ5PZ93C,0.13317683
CUST_24PMX88KI8,0.84823835
CUST_A7DYL1SOAL,0.09238634
CUST_7GWCFL13TI,0.114308536
CUST_MP2BRHZ1H7,0.08981612
CUST_739E02LN0H,0.096499845
CUST_TNP8PLB8ET,0.110115
CUST_XMWAIAU9V7,0.14563891
CUST_FJOGQ1XT7X,0.031454388
CUST_Z0OU6IHYJ2,0.8854212
CUST_510DL40U38,0.068998635
CUST_WD6POJM11K,0.05895868
CUST_23CRNWSNR3,0.08160816
CUST_EAMT0031R0,0.027780578
CUST_PFE2PFZ0EA,0.023526821
CUST_SZRG0G61K9,0.15089212
CUST_0T7JT3DZ8P,0.10810113
CUST_S7P9UROLX1,0.023520527
CUST_55TH0K9HX9,0.035080202
CUST_O127476YM9,0.098165706
CUST_O3IRM25E96,0.07304519
CUST_GZT4EISD8K,0.07338147
CUST_H2DTUDJPWG,0.104566656
CUST_M7YY9UIY0Y,0.028561894
CUST_UFFK324ZPS,0.07836222
CUST_94KCEV6ZY5,0.025764
CUST_STB44LYNC2,0.032228768
CUST_XAKBFMT9SM,0.18405563
CUST_FNA4ZGCRNU,0.0760536
CUST_TE8665JW90,0.03691583
CUST_8AO1JOIYCY,0.81138355
CUST_KXTXWI0XIN,0.024584856
CUST_6T7B6ZV2OM,0.02656009
CUST_KAN9JROVCZ,0.024309129
CUST_RDQBFC9ABY,0.07753655
CUST_ICN8LB28MM,0.021331476
CUST_N0QN7D1674,0.13268985
CUST_TIJZX87B8E,0.031141931
CUST_TMW89941OL,0.020059904
CUST_9FFAPZR2OC,0.028069785
CUST_ZF4RUWR3RU,0.030936914
CUST_28DGY11FM3,0.15879309
CUST_M2LCSREOF0,0.11294462
CUST_P937OSGY3Y,0.033379555
CUST_EZGSCHR4XD,0.096928395
CUST_7P5QFAGPG3,0.021867502
CUST_E9R4P782VF,0.10352285
CUST_GOW4A7HKDK,0.12085694
CUST_YCWS91GJXR,0.074426204
CUST_6B7X2UMZWI,0.088967614
CUST_PPW55QH58H,0.14800861
CUST_89U8VR1RQT,0.0231589
CUST_I9SD79AB49,0.03995785
CUST_SVLN4GMU4W,0.078956135
CUST_SVYBECE3DI,0.09406866
CUST_4PTCLNOI5U,0.09533692
CUST_68TCH941WH,0.019560616
CUST_23RUS3EK3M,0.030791469
CUST_7JP2HN7DCB,0.032857575
CUST_R6T0EWTNH2,0.08545275
CUST_LSZCNFXUBN,0.0765053
CUST_ZDOCS17EC2,0.1166799
CUST_WD3C7DYK2Q,0.023002047
CUST_QOIE95W1N2,0.8162835
CUST_4XW4FMCBIT,0.08667384
CUST_N906AWFTOO,0.09212983
CUST_D2SKGX3MC5,0.03899446
CUST_3BEE1SD79G,0.11847575
CUST_PNTI956LXD,0.020843498
CUST_BJ09DIKV9R,0.026000293
CUST_EZA4QJIERK,0.029635558
CUST_93BLHZJK9A,0.032170814
CUST_7J9SZB0N2Y,0.08454082
CUST_86R1TSSJZ5,0.02716928
CUST_LATOXZKFBF,0.12420372
CUST_ZGQUQNCDLV,0.023900734
CUST_H0RVIZ88VJ,0.02778654
CUST_T27310S9RO,0.033278
CUST_TPDDPGAZ9N,0.82550544
CUST_7FFJOB4Y8N,0.02482558
CUST_HL313NWS1S,0.11185266
CUST_SV2KXA4DCK,0.030929497
CUST_V7ZZB7JEU4,0.034110833
CUST_JOW8CGSOY7,0.019888198
CUST_OE12KV49GF,0.029990189
CUST_I6SEJJ63FK,0.041921616
CUST_2IT65Y92KW,0.024151053
CUST_MKA168IF9Z,0.040616702
CUST_FSR8M70DMI,0.026735215
CUST_0FQSG9DN1P,0.14838886
CUST_BXS2K0D3CH,0.026677055
CUST_EMUTIN1LAF,0.12704027
CUST_RPRJ8C3IM2,0.13000284
CUST_AUWDXNFA6P,0.76634073
CUST_P7WC7JZBNG,0.10364937
CUST_ZX86H0DSC5,0.74152356
CUST_Z534QE03AN,0.84704024
CUST_SWC7YK5QOK,0.027147556
CUST_X6V3WB79V1,0.07489919
CUST_LBDZMSBTA9,0.09584461
CUST_BPRKLL80WI,0.104669474
CUST_QCDSU12OKQ,0.026250005
CUST_XZ5JZEKY8X,0.07836788
CUST_Q5DCNAAXKX,0.034268986
CUST_SKLW205XCI,0.14377548
CUST_G1M86XUM3I,0.03088015
CUST_LEW5INHVDO,0.025814882
CUST_L018KCI6JB,0.032712795
CUST_GMKOLU75F8,0.07283749
CUST_FGSWB7R456,0.02069616
CUST_RJ0FSHU5SG,0.08702139
CUST_Z37TGT6EBL,0.064112924
CUST_IZGHC5LR2L,0.109481476
CUST_RLXUI0YKLK,0.028533516
CUST_4AHVS7TCJM,0.025983037
CUST_P2UVTA456M,0.019556712
CUST_CSAR8H0VF7,0.6732321
CUST_735TZWXSO7,0.122178644
CUST_KF9OM8HSYT,0.021093061
CUST_HRM522IDM1,0.81661004
CUST_GDY1NA63L8,0.027071808
CUST_SMLDKWDZ13,0.02584995
CUST_6TRFTN7J2F,0.028489092
CUST_724PK4T7AM,0.019561851
CUST_KSB80DR7RC,0.03570664
CUST_WKGPQNY7HA,0.1284134
CUST_T730Y6649E,0.10230858
CUST_KUVOJCQ1EE,0.07787333
CUST_H44EYF5WHX,0.1293336
CUST_H1OR1V9D2C,0.02560135
CUST_4IWD1PUYLJ,0.0273712
CUST_92Y18ZWJZE,0.032415044
CUST_GDDGLBKYOB,0.093456164
CUST_KFATLXNPQN,0.037589792
CUST_O073HBE4D5,0.032143157
CUST_BNG48QWQGX,0.027504629
CUST_O696XT9JEP,0.108365655
CUST_5HP2842DX6,0.066119686
CUST_W8UIVYYVMK,0.13600849
CUST_1TD4TH8J7W,0.029625712
CUST_48NAHTIHOX,0.027145693
CUST_2E2R7XI7IL,0.029560922
CUST_P0HUV1ZJDP,0.030359378
CUST_16PGMJ11UM,0.07435184
CUST_42GF2DHEYR,0.15000193
CUST_4XTUFAIPXN,0.73794955
CUST_6DKN8SOYBX,0.090694524
CUST_9I0H09BYOX,0.033931952
CUST_RGL50BQ15C,0.03676744
CUST_RBMXJ2042M,0.022314744
CUST_HP175OTVS5,0.847396
CUST_YQX919A0VL,0.08825251
CUST_AUSHY300KZ,0.022472912
CUST_8LAOBEV36R,0.11717149
CUST_SOQWPTGSRG,0.86235213
CUST_7YF4Z4UAIA,0.026450569
CUST_SNUU2RQLY2,0.028242532
CUST_I5BSIPV4SQ,0.023743285
CUST_LEF59B0A2V,0.023034312
CUST_WMNVFQKFO1,0.033190586
CUST_XNFSS6R4RN,0.025204053
CUST_OAXEUSP0JO,0.13200524
CUST_2061M6IG18,0.03169152
CUST_AUAMWEP92S,0.113534376
CUST_EZ5DV8EQ0I,0.02445237
CUST_1L8XUKXK7C,0.7820223
CUST_386DHX2X0T,0.02586766
CUST_4EDLLAO3VJ,0.07840243
CUST_QZ3EWCPCTA,0.03378391
CUST_UIPFPXXY46,0.034044746
CUST_GX26VCRC0P,0.14685857
CUST_G8MZTREM5V,0.097041294
CUST_KL0B5DEW6J,0.104778096
CUST_NFU4ZIB40Q,0.022789523
CUST_334R46A28X,0.028890144
CUST_HHFI5QSJR4,0.15582173
CUST_YOJASQ4O17,0.11501607
CUST_XTC5404VZH,0.024610324
CUST_OZ56TONARL,0.026601601
CUST_PNUFH1G5VD,0.12069492
CUST_XYI7J4DKFC,0.06566094
CUST_JPOO5PH0RD,0.027263217
CUST_QC3SPLY525,0.15103646
CUST_SOS9XLCLBS,0.02407771
CUST_PLAC9ZF181,0.0732045
CUST_64ARG4OAIA,0.03008996
CUST_QQNOEGNI6L,0.0958545
CUST_68T13TT44S,0.026354382
CUST_X33LG99GVJ,0.11611417
CUST_JMDK0W80YE,0.103582636
CUST_4919QWYY98,0.036944337
CUST_1TVQ0IU7LP,0.77402955
CUST_X9GVUCP2P2,0.18517822
CUST_RNNSS0URCR,0.12928946
CUST_3LTNECX9XK,0.022782559
CUST_WAB6N1UQQM,0.03019073
CUST_U20OPZLG1V,0.86415106
CUST_QF6CRI5ZSP,0.119673595
CUST_EEB8CKTHES,0.8929423
CUST_8HBWN7WLYF,0.0969414
CUST_UJ4ZBTP3K8,0.025399702
CUST_HJLIIJWUCF,0.05932787
CUST_I6JPBI6NAI,0.022201922
CUST_0147C8FUIX,0.02421446
CUST_Q7SBNIUNVH,0.022409657
CUST_TPC7OZA5F8,0.09000865
CUST_BFR7PEPY8T,0.057327434
CUST_4P70TLVNPA,0.027316535
CUST_QHIIT8Z4G9,0.1263119
CUST_DG5J4G7VOW,0.03192624
CUST_7400YKH16B,0.030199898
CUST_X264BM4D7E,0.12964113
CUST_5JMK3ZSS0C,0.030248312
CUST_NY08GEVDL1,0.024620105
CUST_J11IW01BJH,0.0219131
CUST_1MAXY0VPIT,0.032428976
CUST_VAUAGWVSGU,0.0441901
CUST_UIDTF28BX4,0.023064254
CUST_TCZL3UT0V8,0.028066248
CUST_W30OPXA83S,0.026806282
CUST_XU3O3AJIFN,0.7982795
CUST_BCKSCM7XV2,0.025252553
CUST_S7NSYZJBDO,0.15270378
CUST_Y6JZKW3ZQA,0.027161306
CUST_RV8M70JZJ6,0.06619755
CUST_3X16DSAL30,0.08050192
CUST_38EQGZYA1V,0.036880575
CUST_Q5KW5S3KPR,0.13646528
CUST_USN5TJ5DEZ,0.100158274
CUST_X4407E3Q6E,0.022614386
CUST_SYQ5NAYEIE,0.11187939
CUST_Z8NUCVY6BV,0.031600412
CUST_9JOF8TZYMX,0.025210597
CUST_2T3D0HKOZ8,0.88486415
CUST_FRKPNBF3E0,0.13686962
CUST_BISRD79A1H,0.039519046
CUST_3WDBFXYQLZ,0.17734623
CUST_NOX7T94XWA,0.026135046
CUST_8Y9PB7UWPV,0.028749982
CUST_10VRVM4QCQ,0.036362804
CUST_P7CHJ08472,0.027113127
CUST_W25CH4K08H,0.09091394
CUST_UQNXOACHQS,0.023506777
CUST_4A4XEMV5MG,0.032809827
CUST_II5TGEQG33,0.026996767
CUST_A81WFNYJNV,0.1341383
CUST_TRWE3AKWVG,0.024726126
CUST_WM1WTKBHX7,0.022997959
CUST_O0AH2AEUR2,0.11253905
CUST_P9QHVDM1ME,0.102087595
CUST_LT437KS9LN,0.029183032
CUST_WKBH3446FE,0.16787864
CUST_CXGXW3T94Q,0.12166554
CUST_HP4U7CX2OA,0.031626843
CUST_BSQ3RCZMRO,0.027688242
CUST_1ZM417IWX3,0.019206734
CUST_WZF9R603DQ,0.8521138
CUST_1D0LHUNYIM,0.02489961
CUST_5T0CBO5PGC,0.024088636
CUST_AMN25JFEV5,0.022294456
CUST_MQ3V53QDUL,0.028552828
CUST_2LB9D4GRKA,0.030932153
CUST_LXFF8IY6O7,0.024906874
CUST_XVRVIFSYOT,0.034108743
CUST_G2TGW1AGBE,0.095898554
CUST_AM340P21A7,0.08160591
CUST_NR3G1TGN2K,0.06898101
CUST_ZAF4XFSJFJ,0.025045447
CUST_6R5BMRXC6H,0.03358614
CUST_XLL6T4MUSU,0.029304992
CUST_0K0ZAKJ74L,0.10742787
CUST_CQGDT4NOW3,0.022093408
CUST_EU4EJZIMXL,0.024158297
CUST_860463AA2C,0.7981396
CUST_A3F2R17TW7,0.025544832
CUST_KJBP78I84I,0.7920826
CUST_YKJS46ZU5Z,0.037745077
CUST_5NVTR14PU0,0.08094838
CUST_YB4409I060,0.03295998
CUST_PX4VL3IW79,0.018790048
CUST_SSMR0HNZZH,0.739121
CUST_WM5S5Q6AVR,0.036915798
CUST_9MX973V81M,0.026382953
CUST_Z3JBYOB2HT,0.02531217
CUST_PJD7XF2BTC,0.026753614
CUST_8TKWZTSB62,0.029875502
CUST_FAI9CABZ0N,0.86528075
CUST_0POAKGM43R,0.10429347
CUST_1XAJI1B6PP,0.027424732
CUST_2GXN9SYHBI,0.024595043
CUST_CF3AGOIFZG,0.09438681
CUST_A31JW1KAF7,0.030018026
CUST_LVZYGKQLYQ,0.026504349
CUST_KXMW6EK7K3,0.023161406
CUST_X24IL915U8,0.028701968
CUST_QI8BOHKYAZ,0.103562154
CUST_GXBHGVVRSH,0.02565541
CUST_OTO82VA5XB,0.043988783
CUST_3PI29TSB8X,0.026476108
CUST_19S88F97IU,0.03773353
CUST_88LWZ8HJBD,0.11895175
CUST_FM0FYLP4X9,0.018813934
CUST_TRSK9A0RV3,0.032588527
CUST_6UYBV5NSPG,0.026508385
CUST_1RA18YN86R,0.77476215
CUST_VYOYAYUAKH,0.87632054
CUST_W73P6V3QOE,0.735327
CUST_GEDDMH0RIP,0.025275903
CUST_3354AU637L,0.112692684
CUST_VUAIE07869,0.7213248
CUST_ZTEOSRFVDY,0.06713078
CUST_ULLHLGGW0C,0.10130214
CUST_9HCDBCAWUL,0.025785087
CUST_H7N646YDPN,0.039647743
CUST_K4N6F5V9ZU,0.13817406
CUST_WPETAL9EFC,0.029106423
CUST_CLBZI1JYHX,0.07468752
CUST_LVPYXGDVVD,0.103734545
CUST_LYNDB3MW6K,0.038028803
CUST_NYTKZW58T6,0.09339336
CUST_JKR2A26GG9,0.020643149
CUST_FCN6QW7SZH,0.025717035
CUST_ETSK9IWXFO,0.068484895
CUST_QTOI3HHTAO,0.06607446
CUST_8C8XLK8PBO,0.036646422
CUST_2WOERBCDH9,0.09881094
CUST_PBK23MXY87,0.03885172
CUST_17SKC9GNNV,0.78708947
CUST_763E9LFD5X,0.028239667
CUST_VVLUF9M78D,0.025036016
CUST_8BZDZY5ZQO,0.027498005
CUST_DO8PAKEUYA,0.023727018
CUST_TIU1Z8BKE4,0.14455736
CUST_29Q3VOERMF,0.1278034
CUST_JU49ZN9J9Z,0.117717825
CUST_HPAQAGGONK,0.109598845
CUST_N46ODJLW99,0.036417186
CUST_8ENI0PHUW1,0.03634498
CUST_XNO014FKXP,0.037685625
CUST_ASRU2WSNBM,0.019307116
CUST_BZ7V76R99Z,0.035821225
CUST_RCW2CQ8J8B,0.029021377
CUST_21KRH3ZHTK,0.7404099
CUST_MWTNWBW3L1,0.019940747
CUST_PW6EZ8SS46,0.027827531
CUST_XC57AYWQ2A,0.035253596
CUST_1XRFUTD0W5,0.107945174
CUST_FGIHW61QKT,0.12807491
CUST_O8LTI2YTD2,0.11458134
CUST_OLM6QNV6EK,0.09608668
CUST_SK7ARFALY2,0.020659853
CUST_MHFHZ9U23L,0.037224498
CUST_QG1XOMMWTY,0.038504757
CUST_9KS6MISMVX,0.02658993
CUST_JV8CC10CRP,0.13490404
CUST_F45229CSLA,0.124134146
CUST_NKWEZVLR9V,0.7635995
CUST_41NUTOLE6K,0.03749808
CUST_BVRRHGJAEA,0.024714965
CUST_3B2KNV015W,0.11721271
CUST_8ZY0BRQ1U5,0.11005189
CUST_ZLFCT9TTJW,0.029851086
CUST_86ZB2I31JB,0.027349135
CUST_W97UJJ201S,0.7534877
CUST_PNQULWKMQR,0.091606066
CUST_JGROM8UA7M,0.028133377
CUST_OHEP71BM1H,0.028156882
CUST_Z5HT1GLZQ4,0.03504969
CUST_D4IRPEAUYW,0.80743283
CUST_Q2O7TKW6P8,0.7771091
CUST_6YU04T8OXI,0.032587513
CUST_FDHVKW31DC,0.13643098
CUST_F8YKIPEN5R,0.032192208
CUST_1JROQVK800,0.105094865
CUST_TUSDWDIUA6,0.1576662
CUST_WTRWEGFBCF,0.7503476
CUST_PRGS5ZG37H,0.08932031
CUST_4581N89XOG,0.023164513
CUST_4WCB021S0G,0.10380471
CUST_29F5O81G4W,0.02877106
CUST_1DVG7XX9US,0.11957387
CUST_RED1EAJMII,0.15211658
CUST_IS3CEWIRZQ,0.10400259
CUST_CRPEZ6FRWI,0.13747542
CUST_JQ3QV4UHEJ,0.09957266
CUST_C04QGUVF2V,0.119068265
CUST_4AJ01T9P3P,0.027325109
CUST_JJRS10VGYE,0.033430163
CUST_HJXQM1A1SW,0.025215467
CUST_WGB39AEJGI,0.08049078
CUST_QBHFQIEXIV,0.03552316
CUST_OS1E5P2KYT,0.121770345
CUST_CEMM40XEWC,0.16515246
CUST_QZTH8H2LMP,0.12024993
CUST_12MFVM52ES,0.02618082
CUST_PWBBTNRXNH,0.12923393
CUST_0WHPNNJ61G,0.08220072
CUST_RG0G2G6VGN,0.091925755
CUST_987C4T79B7,0.18080929
CUST_E5AHKW6NMO,0.7525517
CUST_4NOWXV5MG3,0.03268859
CUST_BU36ISU7I4,0.02555738
CUST_RBUPOAC0XY,0.1301949
CUST_O2Z6SBD4V0,0.07733266
CUST_YHADJEM7ZX,0.03063485
CUST_QMIGL4ZQFP,0.024377352
CUST_KC5MKSR5AN,0.024051886
CUST_JQCUU8UTHY,0.031186108
CUST_X0CZ0V84JY,0.021386908
CUST_TOZPSS6B1V,0.070155144
CUST_NSD3JK827S,0.019756835
CUST_67M1FR4NMT,0.018727208
CUST_OI3H71DZUC,0.035542484
CUST_QZH32K22AM,0.079690374
CUST_3JAPPF4KQV,0.022950698
CUST_86FYDU5IBZ,0.026126886
CUST_N7CCN7EW6D,0.03208065
CUST_XNJXN1BTPR,0.14083071
CUST_S5S1EE5UOB,0.78635126
CUST_6RB8WZZZI7,0.81488
CUST_1GW4T3YXTY,0.080298536
CUST_EOY5E71H7H,0.76053524
CUST_R32IR4XH8J,0.019422667
CUST_1KMJGGYJOB,0.113942266
CUST_M04Q8DKKH4,0.035928316
CUST_6LGRC0HE74,0.027029702
CUST_2FQUGQFW5A,0.02920621
CUST_DWLQ2VATH8,0.14081079
CUST_X461J6NDK7,0.05770991
CUST_4BOGG8U1JJ,0.02081584
CUST_IIV96VELEL,0.023904746
CUST_ALI1MJ5PPB,0.028122658
CUST_3GJVMBLAP8,0.03843621
CUST_FDDSJQKI6A,0.15707608
CUST_K4VFSEGYB4,0.12250375
CUST_ALXCSKM19D,0.02533418
CUST_UJO5K8DPII,0.07851319
CUST_JC3EHZAWBP,0.07103341
CUST_GRWJ17TPER,0.031128727
CUST_YHFNEY27R4,0.11309428
CUST_WFRJAJRTMG,0.01957941
CUST_QYGD73KLF7,0.11118453
CUST_4AVHH7LWA6,0.23098354
CUST_IR6NNBTNSD,0.0348867
CUST_ZX1MPM660R,0.1475637
CUST_OTMIN36VLJ,0.024105795
CUST_E50AHRDMB8,0.12764151
CUST_CU990O7O85,0.09792638
CUST_YFLL9KOB23,0.027727783
CUST_X751JLP16Z,0.035765216
CUST_0ORTD41SWM,0.101204656
CUST_8ZL4RS7RTX,0.035738077
CUST_STX5A32W4W,0.8301947
CUST_CFZQ84C5GN,0.07879177
CUST_E2ZBY839X9,0.027474403
CUST_4HTVZCG22P,0.02464013
CUST_XNNJBTDS7Y,0.02475301
CUST_1ZBHSQNLND,0.02653289
CUST_VSXGXHL025,0.8210093
CUST_82JGBB2V19,0.021514826
CUST_DV0M1I33RE,0.02302106
CUST_6HQQ281YCX,0.019931104
CUST_4HO3XEANT1,0.03134585
CUST_7X27GVCGEK,0.029210491
CUST_LBUWD30P0T,0.1545607
CUST_3VNMRK5KA8,0.7811581
CUST_85632VCFBL,0.09275268
CUST_E4FXB4XEA8,0.030857496
CUST_SZ51P73IQA,0.11585282
CUST_QXD1D2GDB3,0.02057997
CUST_6IVG6LORCX,0.026287436
CUST_CTGKHBK06O,0.090423666
CUST_SHK5GCB4MN,0.029023262
CUST_KVZJSGXRXD,0.019702429
CUST_VOM2GKO1XJ,0.87465644
CUST_MB4N3HEKEN,0.08422284
CUST_37MYFZSBPW,0.026593583
CUST_KC2DGJV2X5,0.0779222
CUST_9E7LLYXFYA,0.031633873
CUST_LB8FV3BS1U,0.1328278
CUST_3YST16G48C,0.020211997
CUST_6N2M9ZH6TD,0.07399653
CUST_LQE7AYGW4Q,0.11204735
CUST_LMHATTNB3Y,0.023407597
CUST_YTMQY7TDN2,0.035440166
CUST_ILHBUPSEEZ,0.02216818
CUST_C2FYSJOQBN,0.03353256
CUST_4ITEIDJSXG,0.025823906
CUST_FGRG6HN4OW,0.86717397
CUST_LGGY1KYV9D,0.022881562
CUST_Y1F8QK89RH,0.032596856
CUST_2URK94BWC8,0.12839945
CUST_ELQNEEUWK8,0.14182128
CUST_748C5DN5L2,0.10032856
CUST_TDPCK914XW,0.11923004
CUST_17TENZSAVW,0.028131058
CUST_KKWCSSDSFK,0.0790836
CUST_MDCWP6A3JG,0.0397119
CUST_L7Z229JV30,0.8057133
CUST_5D810S9Y0L,0.030607479
CUST_W0VNAPEYOK,0.763727
CUST_SS532HJSBF,0.13269606
CUST_PX3L1VMOS4,0.027407367
CUST_DMEXOFZY8I,0.033266954
CUST_255BH4VD01,0.044452645
CUST_11CHAY4TYA,0.09462086
CUST_G0YEDUWS5T,0.09365519
CUST_IJ0ZVB2M6R,0.025640639
CUST_Y847R0A7TM,0.02165347
CUST_DXT98LOD2K,0.099097945
CUST_TH5CA1M51Y,0.11202335
CUST_W3L20J7X74,0.028937178
CUST_C2D9UCORZ1,0.031125441
CUST_QXMM4I36JJ,0.12117394
CUST_WBQ6CM3AH9,0.030108718
CUST_FDCUBEZE2U,0.035563014
CUST_LLQ31SFWWN,0.021400446
CUST_H8XCG14OCG,0.13346307
CUST_OD5IX7PJ80,0.026774004
CUST_G722IS0RH0,0.029001618
CUST_1PBSH6FTLC,0.09126921
CUST_PZL7G1M704,0.09434145
CUST_LYTE3RDY65,0.045643833
CUST_NHZPKP093W,0.08490521
CUST_7SS8YC3X15,0.034614377
CUST_39SLCVCMH1,0.021268897
CUST_DFTUDU0RD7,0.085333295
CUST_324C5Z10U3,0.024329292
CUST_8BMMJMZLK4,0.021756308
CUST_KS8NCJRY29,0.022967737
CUST_USDKLYHG5L,0.027707929
CUST_J5ILAOUX5U,0.030649872
CUST_QDGSVOYTBU,0.02472411
CUST_6VIK9ULJJF,0.018423576
CUST_D0AOV54LQH,0.029320618
CUST_13LU7ATAYI,0.087484665
CUST_F9HZLHBTRO,0.06917153
CUST_4EZG6LWF80,0.024895951
CUST_TPNN7IQCXH,0.03085806
CUST_XL4CC28DSC,0.08280458
CUST_Y4Z2HIV4A1,0.029688686
CUST_3FRR5EDCEK,0.029585445
CUST_CHYGKJLGYE,0.06621991
CUST_QO8UL15MHZ,0.8259595
CUST_7B91ULLKSW,0.08197453
CUST_56E2UWYZV6,0.13615473
CUST_15DU6H4MV7,0.036886748
CUST_QODH1367TD,0.08104132
CUST_FIA66IM2JH,0.03390107
CUST_TOLVC6WEKP,0.10009484
CUST_JGP5BLR9K9,0.08636346
CUST_GOH0133PCO,0.16162531
CUST_2IBC2EYC6V,0.119087346
CUST_2VKAVN8X2X,0.08138538
CUST_N3BTCA0FRO,0.10756624
CUST_F2T3DH7C8C,0.03557295
CUST_E3HER726HY,0.030800415
CUST_GJ9MKZYG00,0.086931035
CUST_CLXNSHVGIM,0.032704074
CUST_WHLUV7RFFQ,0.087571055
CUST_CJG5KL3XOJ,0.023104267
CUST_HM44FJZJZD,0.035108663
CUST_XELE8UU0OM,0.14642255
CUST_XZ4AOKCDSP,0.02688789
CUST_OTZ6ER1W7D,0.033072848
CUST_MS3JLR34BC,0.10263755
CUST_NSSY3CMTWK,0.8992055
CUST_HZMITGLADA,0.027556518
CUST_X5PZCEGK0N,0.79725546
CUST_8JSWKMKSLD,0.6799296
CUST_630F1P3V5O,0.03879855
CUST_LQIAW18S20,0.1268362
CUST_UZXCMQHQIY,0.14141741
CUST_NLK6DXPNTC,0.025120774
CUST_IUBWR7E8NG,0.026414935
CUST_EC9FV10LIT,0.026071653
CUST_KP0J8S2G7S,0.095045835
CUST_JSW8V2AB86,0.050237827
CUST_JHJTX6BBD3,0.020957317
CUST_VBKTU97CKN,0.68162656
CUST_4T1JBFMS93,0.039991923
CUST_KZS4HKCQJJ,0.089645855
CUST_I9XIPLZP66,0.090472564
CUST_ZWQMR6SXH1,0.11350414
CUST_482L455G8V,0.062302813
CUST_ODWCP4UJ4E,0.10439526
CUST_MASYQJ8D9N,0.081851654
CUST_0HJ0XL82YS,0.099557854
CUST_Y4GHEQ4JNT,0.036178306
CUST_DLYOX2BJ0U,0.02880767
CUST_G5CLUZ0DLW,0.019225536
CUST_X1XSXRGDKI,0.019317659
CUST_LQ8IJFF3E9,0.07757066
CUST_7RQUSTCAN8,0.0256814
CUST_9O0KLYU15O,0.122803845
CUST_4SZL6FH5V3,0.021579845
CUST_7YQUX4SSQP,0.14190716
CUST_D3CVUSRXAZ,0.030478824
CUST_8LBRD2X3XF,0.033584613
CUST_WJMNTGZUGW,0.11979364
CUST_A3W9WZCJQR,0.09540113
CUST_AVTJOZ1PKC,0.13755636
CUST_XII2DOBJWA,0.060305342
CUST_U4B5VT9153,0.08251715
CUST_Y50RPIKG0J,0.0336372
CUST_LTRN6B5S8L,0.10374596
CUST_6WFRF2C5HW,0.024469653
CUST_6Y050TLVX4,0.1500916
CUST_591SMPTY51,0.10654662
CUST_SLL1TAJKXU,0.028582476
CUST_MQAJ9FM2KZ,0.09860876
CUST_CJN1AXK3F7,0.7922803
CUST_E6VTXK6DCX,0.07834021
CUST_0XEN6RNR8H,0.019556032
CUST_FJ4FMPCV56,0.027690573
CUST_K6XQQ9QL80,0.08831685
CUST_TIYUU46MJU,0.15279128
CUST_QCIPJ6FQZF,0.030326203
CUST_XCYW9GYM4R,0.12590145
CUST_ACOM6QCG75,0.02768755
CUST_C01FMFF37D,0.024771277
CUST_0ROJJCK31D,0.12645018
CUST_F6R46YJ9E5,0.83277977
CUST_HM913ZYXPQ,0.08101946
CUST_P7TQ7X2FF4,0.031971045
CUST_PV2AQYTA2V,0.026093904
CUST_YDH1LYKSI8,0.02688055
CUST_WH7X8ONMK1,0.1229817
CUST_TERN51LSJG,0.02454795
CUST_HQYSWOFN4O,0.03003468
CUST_YPBL52C65R,0.038112905
CUST_6LEYREV14E,0.09260775
CUST_TY13FIWYAD,0.031149615
CUST_CBC6EBWAVH,0.10092331
CUST_SOTIGZR75P,0.030806713
CUST_2WPDCHFTB5,0.03734507
CUST_N98C6FXXUP,0.026193807
CUST_PNCQW2U9LK,0.025493262
CUST_413S10YPG8,0.02297576
CUST_F9G2ZON5LA,0.023730388
CUST_39W2N913FN,0.13212845
CUST_A6OX64KOBF,0.020150779
CUST_Q3JQ5SMZNO,0.03438569
CUST_4H870OSEV8,0.11802767
CUST_QYTAB9PAY2,0.089879215
CUST_FFEU3K3T7G,0.10050297
CUST_9ZDWT31SC4,0.17488295
CUST_HE4FRK44DP,0.027927188
CUST_M249I1EFB4,0.11085392
CUST_IOT5E4C82B,0.028345214
CUST_ODSRH68QTP,0.067421444
CUST_532IEUGIM9,0.030641546
CUST_TSRNCUCE0I,0.02403637
CUST_DBTBLZSV3N,0.87034726
CUST_H6UQLL7ASW,0.03568453
CUST_A2EN2EW1FH,0.030800264
CUST_QFVOWNFZDE,0.027623245
CUST_IM9JAU2F4R,0.13851741
CUST_6MAMD9FMJN,0.028909443
CUST_8E06XMST9K,0.08755775
CUST_1QA4X0GB5W,0.822934
CUST_5LBCEQRXKM,0.026521506
CUST_PO5LFL2HIJ,0.120197356
CUST_GK8SA4W0XI,0.035335746
CUST_Y5NA92O7VL,0.08015878
CUST_PCXUAEFBIY,0.023314955
CUST_STDQN8BVJR,0.7542957
CUST_L7P5QZY4B4,0.11781075
CUST_4VFBJY5F0T,0.027615448
CUST_80OBF7GWHW,0.028014679
CUST_O0VR6ITIUC,0.07972296
CUST_JSV46G7EEQ,0.025479257
CUST_FX1O5LR5QL,0.038888354
CUST_MPR8V4S8QU,0.025529169
CUST_WWIDZLW2NC,0.12524171
CUST_WLX0LSRR0B,0.13932477
CUST_NPT41YGM5B,0.02822162
CUST_X38VUBERQS,0.15202354
CUST_9F2R70T8ZX,0.02381913
CUST_1AGYRRTZY8,0.02336422
CUST_T1VLMV7QBF,0.025792915
CUST_SKSFAYJ7JX,0.02169949
CUST_9DEVIIG0WF,0.021311605
CUST_4QA21YIO2W,0.023333322
CUST_YFGPGUBOOV,0.025152767
CUST_OF46K8P06L,0.09205492
CUST_L1I82O142G,0.018997421
CUST_97TX0NAVM1,0.11855929
CUST_J4ZZUHXO88,0.025836594
CUST_1NTC0QAMYL,0.091068976
CUST_AKQ1AJYE11,0.07931932
CUST_7Q8DYWTWEB,0.024264462
CUST_RP39WK7G6R,0.1252323
CUST_OOSHWE90O7,0.020328183
CUST_VGV52FCOO5,0.024620434
CUST_T4L33O5I5Z,0.021658828
CUST_WP1OH3UAUQ,0.09926425
CUST_QCOE2QB26H,0.12258888
CUST_IQCKDXO34Q,0.06883636
CUST_GLXXZ4IGM6,0.09770871
CUST_MBIG24PXMK,0.02403013
CUST_JE6ERC0SR2,0.06778401
CUST_UGZYPQT6QS,0.84309286
CUST_T1SZ58MX6X,0.035867743
CUST_JNMWQ898ZC,0.025489029
CUST_DNK4008NDF,0.1111113
CUST_KAD9JO02FT,0.020798171
CUST_8ZPOJHFENN,0.032408874
CUST_421CZOGYWZ,0.116492525
CUST_MBO8G2JXAN,0.08570212
CUST_U8DLS1CW1Z,0.023031652
CUST_JHV2PQ9TZK,0.17057289
CUST_WQG7737F8T,0.03014343
CUST_SVAKRDWTOS,0.14992513
CUST_8ZN77AC0GC,0.022605104
CUST_RF1MWG6IPS,0.7939291
CUST_TXWBARXE9G,0.08486133
CUST_HSYRAGKQUW,0.035979427
CUST_ZWBYZQKEN3,0.09610671
CUST_DRL15IJVNB,0.027394028
CUST_MYVT45CXUF,0.091883905
CUST_D8705MLKPX,0.027458336
CUST_V7QEFTHA4T,0.021745782
CUST_JLIUIP65CX,0.8377216
CUST_UKIQWK4PFO,0.11879439
CUST_WS4MHG38UB,0.027351806
CUST_Z9KUCDFPLX,0.019841723
CUST_79YSZTMIH5,0.11357833
CUST_HJ0VM0XE9F,0.036485802
CUST_BSWMR26RXR,0.105979115
CUST_84DECBNL7H,0.03391208
CUST_4XSLXS9908,0.028024914
CUST_21BJ3GB11Q,0.027326077
CUST_5W6TXFNLIG,0.10428555
CUST_T1694EQ0GY,0.038833845
CUST_OCX2JC2B42,0.05582926
CUST_QCNW88BW6H,0.08620048
CUST_1B1BZLDRSA,0.032161668
CUST_CX663V66AI,0.06404865
CUST_4SRC5B2KKM,0.025871828
CUST_D01MPOM5UI,0.8268498
CUST_0MASB63ACL,0.8907159
CUST_0APNWKA7C4,0.021675749
CUST_5PPSLQHW5M,0.021768587
CUST_IXOQN1SQ0A,0.87014145
CUST_OQZVYZ0YA7,0.09813643
CUST_QBZCYLJRHZ,0.022456707
CUST_GFE9TBPYK5,0.08476359
CUST_09XDZ7S82S,0.028639693
CUST_610Z3AF94K,0.028011551
CUST_VOB6Z22LGI,0.15997194
CUST_NS0HR1A422,0.030902486
CUST_ZVKU1F4P4C,0.08470124
CUST_B5P5P0QZTP,0.083511986
CUST_SPXXZYK5LN,0.14004746
CUST_AY1CS47IGV,0.030651743
CUST_1D1N6PPWQ4,0.026341444
CUST_5BPA1SYOLS,0.024629572
CUST_B7O445MU5D,0.14963897
CUST_3VAR5ZPIXT,0.020106582
CUST_462M19X94C,0.03719562
CUST_63KK58JX9C,0.01764105
CUST_6HS2SAMI8B,0.021006465
CUST_SIOBJOCCSQ,0.02667488
CUST_7S92W2JIPE,0.82391953
CUST_WJLWMCP5DP,0.03248379
CUST_9RPKHJGJ0N,0.08860746
CUST_SECPFUDBGT,0.03281753
CUST_DBBKHZFCUR,0.10333142
CUST_C0XI858LNE,0.85338575
CUST_O1AHM0GN0B,0.13042654
CUST_DLREK79JDH,0.033973016
CUST_N1HDZ82IA3,0.02560198
CUST_HB1T2LWUA4,0.13605013
CUST_9S6KPV2H0W,0.031307623
CUST_R1W0BCD4CM,0.079867095
CUST_X86ZK0NK3L,0.036016367
CUST_JLT9EEI2TD,0.02522209
CUST_7ZXCBSYOAS,0.03177159
CUST_V3ILS5MN0Q,0.026262768
CUST_82H04UHCGN,0.033294164
CUST_7SFP2W7KZN,0.11700616
CUST_J4RR95FNYZ,0.036296427
CUST_RGS1VWWT08,0.08407925
CUST_WYM4S2RFYB,0.028523097
CUST_JLITKTC2PO,0.028521331
CUST_3M64CO0IL0,0.11872648
CUST_FADWJOE7JO,0.091231465
CUST_98TMUX7F1D,0.11408421
CUST_NYV3CME5PJ,0.028826648
CUST_WZOZCSOBHB,0.08797196
CUST_9LDE0Y4IKN,0.12194094
CUST_FWGQP0Y4EU,0.03029208
CUST_WLWT6G5JL1,0.09708529
CUST_NISWUNQXQK,0.020574229
CUST_0F6CQTJFMK,0.030843247
CUST_F2SZ0CYIT4,0.1457574
CUST_9MPTQ34X0I,0.022854326
CUST_NM4R3DNXP6,0.82655144
CUST_MCKEAGRFFW,0.11564083
CUST_8SMJS8389X,0.026448224
CUST_CEKXN6NLDS,0.039761912
CUST_UA00K9F0UT,0.74185294
CUST_MAEEP5PBTQ,0.09304117
CUST_MUCCYMQK7X,0.08080679
CUST_2S3TY6KRAP,0.03190054
CUST_1ABEHRSLGK,0.07793834
CUST_BBQM8FUOGW,0.8732441
CUST_JQFJJRNT6U,0.092331104
CUST_0N0TF0M11R,0.036993433
CUST_E1SZE6JDD7,0.9027595
CUST_B0LK0DGPHR,0.032282572
CUST_HCK2PS86KM,0.031407043
CUST_5SYNRGIP7R,0.03699498
CUST_GZ0VOM7DA3,0.093506776
CUST_UQPOJ5SB3K,0.034196284
CUST_NDA267J9Q7,0.021579714
CUST_H8ZYENPLLH,0.16973862
CUST_467FI7CLB0,0.12609443
CUST_QXZDQ1BLJE,0.073251456
CUST_E2C82351I5,0.022253713
CUST_JAOK1CC7VE,0.023959631
CUST_P39LXJRB72,0.033197455
CUST_9T27AABN2I,0.023574788
CUST_S9TNBUWJ09,0.03171768
CUST_BPT2CPJWCG,0.9245262
CUST_VHEQLFWQ2B,0.1058449
CUST_CJ7NE1IEZT,0.0689198
CUST_3GXS42OH36,0.028381215
CUST_QKN2X69HUE,0.02272857
CUST_TP93R5F279,0.023773083
CUST_ASDW7OXXID,0.024182115
CUST_ZRUIF4KGD0,0.02687259
CUST_F9BBCJLB7W,0.03446732
CUST_EEC3A6LGZB,0.018510265
CUST_DXK9UFTORF,0.025176208
CUST_K7LC0DK9R6,0.026112452
CUST_CLSDYSJYUG,0.08002706
CUST_KCIDTY4QZV,0.024146464
CUST_TORH8U9Q87,0.030605322
CUST_LJXUZ36WVE,0.03128989
CUST_YKN25C2302,0.07617327
CUST_N8R4H91COV,0.12505393
CUST_CR25IUCKVR,0.024437461
CUST_1LO54W0NSB,0.7807621
CUST_UDENFP47RQ,0.17972396
CUST_E9T1BZE8ID,0.030530944
CUST_WYBBY6T881,0.12857163
CUST_3VZA29VKLO,0.118471436
CUST_H3MJWDYTCR,0.031198103
CUST_505ZDXAHZH,0.024296336
CUST_2K4SHHEZQS,0.021212308
CUST_TIRJON38XT,0.103900634
CUST_I90R6TDXJL,0.7864844
CUST_PAT7Y5X7K5,0.11159069
CUST_H3QVMVYI2K,0.104777075
CUST_0QKRCXW4XO,0.115563035
CUST_4388832LI0,0.039313022
CUST_95ALBJPP4E,0.023138134
CUST_SRL94HP3NX,0.07183308
CUST_POWCGQ96D8,0.027434759
CUST_U1VHK9IR9E,0.09596031
CUST_0UDL60Y064,0.027000742
CUST_XRQSAY3GE6,0.027621279
CUST_VL4LTI8S3Q,0.082329996
CUST_MQLQ3K8K62,0.025885385
CUST_Y60V8GNH0X,0.086218946
CUST_AV2PA4UW90,0.12257197
CUST_9MM2E7PWLF,0.08933034
CUST_0DY2M1SXU4,0.12303663
CUST_170JVRHFWL,0.029558837
CUST_G6AMKT677P,0.025173523
CUST_17GTAR7F8S,0.03012307
CUST_6DIZ8IR4EP,0.13196042
CUST_CACKJYTG5Y,0.7523873
CUST_EP6I1ZQT2G,0.081820525
CUST_K69X7D7YF1,0.025726356
CUST_JL3NSNK34E,0.027359905
CUST_N175V36LO1,0.077665634
CUST_C7CP1HFUKY,0.026767032
CUST_1XA8C7JTHQ,0.024131287
CUST_JVSNSDA6W1,0.034948
CUST_7PW37TJ1KQ,0.019767495
CUST_B5Z2QBAYUX,0.020602724
CUST_IAWFQHB77B,0.030092942
CUST_DQZKMFCFIS,0.02615272
CUST_4O5ZOW6GSP,0.03850194
CUST_SM3JYEW4PT,0.8174898
CUST_Q30FR9GZAX,0.8542227
CUST_26ZQ2MOQ5W,0.022481635
CUST_JDV0DB05FW,0.164686
CUST_R7POPUFB4W,0.02790745
CUST_YIPNOVSB3Z,0.025324272
CUST_N6DIXLGWKX,0.12064407
CUST_52APCHWY3F,0.026566349
CUST_B38NEESS27,0.03428227
CUST_4TPQQZNB8R,0.03764752
CUST_UBWQBS1OBB,0.029641496
CUST_WC8NMZ8J21,0.07872049
CUST_K76TRZA6IO,0.037067432
CUST_ZE99480XG9,0.12521948
CUST_M1U9S8GTWY,0.023190714
CUST_TKAQ8WRR7Y,0.033544514
CUST_ROAX63LVSE,0.031063488
CUST_IR53FEDX72,0.08921632
CUST_0S4X5ZQ7LJ,0.097856395
CUST_M6AUIBCDKB,0.029883929
CUST_OQWHBL5PDD,0.079527505
CUST_V3BQX5X623,0.03964943
CUST_26H5STYW4O,0.036995105
CUST_XAYIB9WFW4,0.13325755
CUST_04SP1UXAUP,0.027373055
CUST_RAL23QGWCJ,0.11579997
CUST_IT2A151EJU,0.017498283
CUST_IGCZWFJCMF,0.08879047
CUST_KR1I7BZN9N,0.023248557
CUST_DJ7I2GSRNA,0.06804134
CUST_T0T4UZDM13,0.03637926
CUST_0OYUUPCXHD,0.08546715
CUST_LIIV05YAYU,0.07618731
CUST_JEBE2YUO7W,0.021507539
CUST_YOTMIS2E4J,0.051305942
CUST_WCR90U50UV,0.02360681
CUST_HOXZZ8KAZS,0.02250985
CUST_LEDJ8PYIGK,0.028370645
CUST_4Q25Z35SHL,0.023007486
CUST_PSHD166H54,0.04042622
CUST_YGT2BI8H4N,0.023394361
CUST_5NCPE8CSDC,0.0256569
CUST_KAEKF09NIK,0.10180835
CUST_7XVFJY03L0,0.1260305
CUST_51JLG3YYBY,0.14517048
CUST_0ZV1ZRBOAO,0.061676458
CUST_PRB2XOCR6U,0.79817206
CUST_6Y5EQVTR1I,0.033559985
CUST_8AAO030ZKZ,0.15902054
CUST_C1IRTB61QI,0.027319837
CUST_L4U4FAM4QS,0.03446998
CUST_16ETU7BA1P,0.024194289
CUST_L3RQCWQ3AX,0.022611141
CUST_S1W9YG4FYU,0.08490221
CUST_0Y7CPG9413,0.113573305
CUST_AD8UDWMDAW,0.096071586
CUST_BMLLXB74QA,0.08464847
CUST_0HMVSXVPF0,0.024157532
CUST_B70D4CZBBO,0.02440942
CUST_UC81L030IY,0.022342548
CUST_GY0U4V0KTB,0.029100975
CUST_NFSZH101UG,0.14860566
CUST_BJXFD5T40X,0.027462056
CUST_05BW3NZPQH,0.10499829
CUST_IFHWVKII1O,0.034647815
CUST_FBGX6N45LX,0.092187196
CUST_GAFTPTXQCH,0.02227466
CUST_WXQAY6H9T1,0.023498392
CUST_HKB7YPP7BM,0.027800223
CUST_N1BKUE882J,0.83631307
CUST_SXFAOGOTC1,0.11059593
CUST_1RPUXGUEOF,0.09415942
CUST_JGDL8JTZTF,0.085038364
CUST_GX5ZFAGIU0,0.048052713
CUST_Y9YAA2C21N,0.08102788
CUST_A1YTF7J2A5,0.025190717
CUST_EDGU9Q33Z9,0.022676682
CUST_I7ZDWD3G0W,0.88170356
CUST_VWZN3JKVYG,0.09596063
CUST_8H2RYBJ5AM,0.14633326
CUST_1SWM12O2U4,0.01861497
CUST_ROXX48Y8IP,0.02472253
CUST_UZTFK3DNEL,0.114889346
CUST_I62L2UNEFN,0.034281623
CUST_X7GEKVI3IO,0.020141866
CUST_JVB5SQ3B2U,0.13824488
CUST_RH90B8RKPE,0.11535077
CUST_9WCMS3CMHN,0.13806182
CUST_JAB64J75QM,0.08868819
CUST_XWS4C96O3R,0.022565778
CUST_HMQ8J3MN2Q,0.123809665
CUST_I7I6CA7U22,0.028211562
CUST_BKXM8X8YQW,0.100540176
CUST_DX3RONTJC1,0.022548404
CUST_3SMJ3VJP07,0.080588795
CUST_SYF1TXYO62,0.081505366
CUST_GJXDBTMWBB,0.12137667
CUST_R8OCGT9SI2,0.06069797
CUST_O1S94DGFZ9,0.02384122
CUST_ZVONAJN36N,0.10953736
CUST_11UMTNJT6M,0.024806255
CUST_VFNG5UNHU1,0.08849326
CUST_FJFDW8YCTJ,0.10686102
CUST_HTQQCQK7XA,0.83410716
CUST_ODW0FHNJZM,0.1586034
CUST_66K9RHKKI4,0.102582425
CUST_KN3Z0BDHFI,0.025362385
CUST_CLELVBPFO6,0.101627186
CUST_XCE1J6O45N,0.77060324
CUST_RXA5GZRAJ6,0.11643904
CUST_OG3CDIHY38,0.023351695
CUST_1NO2DOS6AG,0.12807491
CUST_1XZAZKSNLC,0.034851164
CUST_GE74I9L227,0.78423494
CUST_J5SFFI5B4W,0.031037714
CUST_0Z47QOPI41,0.033002235
CUST_DVBVA3SKPT,0.10374984
CUST_WVQ8A8TW1K,0.019428225
CUST_I2QJG1GMXA,0.76933205
CUST_3PAT4JXU7T,0.0214247
CUST_K0TN9BFYWG,0.06579881
CUST_F5WBOECKCV,0.13593553
CUST_CVA1P4C1DZ,0.043499235
CUST_VGMU76P7U9,0.8203545
CUST_6Z9KGR7CJH,0.8650683
CUST_F0LGAC7N2I,0.027867032
CUST_3TY2BSN2KR,0.23019488
CUST_G8YJPINMLP,0.03565569
CUST_FMVR69QG4T,0.09860153
CUST_4VA8OJVN4S,0.024756128
CUST_I83EG5APBR,0.14552781
CUST_5J3M2WSA0V,0.112297684
CUST_KB5425OB9R,0.088367105
CUST_F8QI2RKQKT,0.8387856
CUST_EK9BVTCJSG,0.030073648
CUST_RSIXXBCMPT,0.10106309
CUST_FDNGPIQNBH,0.023550121
CUST_Y2JSUY70ZN,0.024910504
CUST_WKZ4RMI3DF,0.028878147
CUST_E5N2BE0G9K,0.025444122
CUST_0VHJO9H4U7,0.087450445
CUST_9EAP2JBYY4,0.655594
CUST_YJU7LJGP7H,0.029805308
CUST_MM9BJOC2SS,0.09866112
CUST_GN2UT9US56,0.09655985
CUST_U6YFYWYNFJ,0.023397129
CUST_DC3SM5SG41,0.10499441
CUST_JKS2WA3GX1,0.030483458
CUST_9CD8GEE8C6,0.024488505
CUST_RFERWQB5CK,0.023580171
CUST_TBLXQNEL8X,0.095409
CUST_42JKBI5HUB,0.019368606
CUST_KID629I73V,0.13965389
CUST_57JUCNW39B,0.75117826
CUST_B9V2GNWCKF,0.12867074
CUST_5KCM2MIVJO,0.021170706
CUST_VQ4ODRDU20,0.14217654
CUST_2YTJQALZKB,0.033781443
CUST_BJXNLOIW1L,0.023831688
CUST_QLZDPCKMQF,0.09621285
CUST_KNGZBUCED2,0.1408029
CUST_I622Y0DH82,0.018861797
CUST_FQLBAZS50D,0.027829705
CUST_TLMKNVOHPN,0.025451124
CUST_KW1TYTIRFH,0.024475144
CUST_DFVCFDV65E,0.089829855
CUST_8FIIHQIY0X,0.04386183
CUST_ZJ345VXY92,0.028546967
CUST_P2S4MNQB38,0.093986325
CUST_AZLPY4EOC9,0.02182986
CUST_QDB2S8DLO1,0.12019986
CUST_FN4N2IE8B6,0.057742532
CUST_EXAY628RDP,0.14147659
CUST_ZVVMSHPS0J,0.029068638
CUST_RJCBJ0N3C9,0.85345185
CUST_0288I36N8J,0.10278931
CUST_8O8C0IJ33E,0.100883015
CUST_0QK3ALDBD4,0.18783656
CUST_FZV38BP93X,0.15111768
CUST_KZR78KWHF1,0.07186295
CUST_T83L3JJFSC,0.16824847
CUST_4YFABVPPG6,0.03147992
CUST_NPKKVXPGCO,0.10232502
CUST_3BQZH01YRA,0.118194796
CUST_4GSN5KUF40,0.1405293
CUST_QM0HT1D9HD,0.018183958
CUST_7SJWNR6IRR,0.6587081
CUST_CQBNOST91Q,0.026957145
CUST_WSF1ZF67QB,0.03598403
CUST_286B2F546L,0.03014771
CUST_Q69ABBXL6I,0.01897327
CUST_G96BHXRJT5,0.024765963
CUST_CHX1GQ4FB3,0.12638627
CUST_VAGH1IK9B9,0.031846173
CUST_A0Q0OG8Z1Q,0.09287528
CUST_LOJ4EALKDL,0.0886437
CUST_5U9WU6C4JV,0.023905052
CUST_8ZWV4HQGPV,0.02761587
CUST_33T1BGBQJI,0.13000034
CUST_HW9H0OEZ48,0.13943134
CUST_8RV17W7L43,0.15432027
CUST_TPB3QIFX5U,0.025522768
CUST_S0O3EVMMUN,0.10561467
CUST_F7IVRQLGKR,0.027996799
CUST_PGGNFSCUOP,0.028742347
CUST_J4EXXAP90K,0.06823716
CUST_FX7ZQW9XAO,0.11131212
CUST_RJOB8BRHZP,0.033804532
CUST_P9DZDIK70E,0.73509824
CUST_GE42T40YMR,0.027575525
CUST_EE7E0IBAAR,0.12765005
CUST_EXB2IIK2LR,0.087642424
CUST_47J1T1IZLH,0.12125002
CUST_P2FV9ZW1FQ,0.11844299
CUST_4I5SF91P45,0.104830146
CUST_KZFPDNVMY0,0.028337548
CUST_UKMBZ8UH5W,0.020140924
CUST_SVBXKJA58C,0.027632916
CUST_8U9GTRBJNB,0.07806888
CUST_5EDV19RAJ8,0.12257232
CUST_3A8LK5DIP7,0.04789597
CUST_OWNO2YUX7Z,0.12354042
CUST_K8LIKRX3IZ,0.03692737
CUST_87OI9YJ5MR,0.13483223
CUST_KVFE3DAFCV,0.15533091
CUST_PMM4S7UJB2,0.032687355
CUST_QCK8R9T9SA,0.094842955
CUST_1KKH2OVWIK,0.032745756
CUST_POW0G53QZZ,0.0677224
CUST_QJ2M6EESC0,0.029400365
CUST_O34NY8WTO5,0.10088366
CUST_APSDI8TUJL,0.02224278
CUST_UYHJSLTAPA,0.036093347
CUST_Q3PHVCZNWB,0.026329817
CUST_FKHQTME3JI,0.70159185
CUST_LU0CUOGZMK,0.029954504
CUST_VBIR4K1WDW,0.10975748
CUST_Q7VSPVRWE3,0.024866028
CUST_E0OQ6O39AQ,0.10320557
CUST_7U6OT4Y58D,0.07849539
CUST_S4TSGCGPOX,0.124233946
CUST_X23RSV1561,0.56809163
CUST_9T7CL0R34V,0.07779974
CUST_3SDMVQQ7KP,0.09781729
CUST_B5ONNLUOYO,0.021418555
CUST_NW38QZCYF7,0.14024144
CUST_RU8JSJDPA4,0.018302249
CUST_PJQQ23QK67,0.10546867
CUST_05BPE1QCJE,0.02353817
CUST_GSH3C1FD75,0.026697075
CUST_BNNHYFZ1HD,0.080682114
CUST_NOOULKK481,0.12297908
CUST_XAO6KNHM9P,0.8647398
CUST_U4DJTWDSE3,0.8312359
CUST_F44H4H64WI,0.02198458
CUST_VYYK04GRU2,0.1647743
CUST_SESDK3D0FP,0.12703273
CUST_G2J10DNUUA,0.02890208
CUST_VGDIUJ4DZX,0.10747331
CUST_4W2ARV39NO,0.0811147
CUST_IAOMO6JTXL,0.12093574
CUST_IR682COSJO,0.030497521
CUST_VO9WLQJ0T6,0.14404044
CUST_7MIBVWQKWJ,0.0913384
CUST_IGLEOKQ0TO,0.09158558
CUST_LVRXOY1U3L,0.035484634
CUST_72I2ECS24H,0.09697772
CUST_LKWZS97EJE,0.046472132
CUST_UUNBRPLORA,0.16756184
CUST_LGYFWSW8JR,0.023282532
CUST_6ZJ3E6T34J,0.024201445
CUST_RYHJNMJ95V,0.029484164
CUST_OHZSV15H3E,0.037985113
CUST_QTG7KBERQW,0.020664455
CUST_DTABWDGCMC,0.032932814
CUST_URRXRYWEJ4,0.06038551
CUST_T9Q1NZSCXF,0.09962689
CUST_4BBPB2LYOS,0.025937961
CUST_81S8NVVHZ3,0.09416747
CUST_W9UZYIDZUM,0.018870706
CUST_5XTYMPKKFA,0.023918476
CUST_G9MOLO9T7Q,0.02568788
CUST_13GD7I8SKJ,0.023019012
CUST_WLKEND30EE,0.108897
CUST_1EG52ZCUL2,0.028275315
CUST_V5DA6RKPE7,0.037608895
CUST_8JPR8HSIMO,0.021279186
CUST_L1XYT4GG06,0.040174745
CUST_GVTCHSNSAK,0.02140982
CUST_V6N0ENLYYS,0.08748332
CUST_AQW5XG8HQM,0.031268377
CUST_730C4UKWZB,0.036090072
CUST_G0VYEMV1JZ,0.024095936
CUST_2F72NBL912,0.024574528
CUST_ESZ1MEBYJF,0.027890146
CUST_MINP90CQ75,0.10614167
CUST_VC3ZS9S49R,0.021140313
CUST_U0EWH846EV,0.06861592
CUST_H2WZALJEC0,0.020495772
CUST_YKC9076GRI,0.06575597
CUST_W9D7678WP3,0.022646245
CUST_I3DPR14Y4F,0.10773476
CUST_ID17VGAFTM,0.89538693
CUST_6UCEUAEVMB,0.7262402
CUST_IFSU00BKT0,0.031205513
CUST_6W8SUV3SU9,0.027702387
CUST_U5VKQ2KDGE,0.12023873
CUST_7SC1E1ERSV,0.026828304
CUST_AB4JF6GRVK,0.11003595
CUST_KP6LQGULQN,0.020008083
CUST_F785QJCTPQ,0.16960101
CUST_DIILSSWNU7,0.078496285
CUST_736R1GS70C,0.069315
CUST_U2RHR9RL71,0.05140184
CUST_I255M43XGP,0.13863981
CUST_ICBJSCFLGP,0.15034135
CUST_GDIGKV7SN6,0.025593007
CUST_RKWXCH21HD,0.8387494
CUST_THUK5MJS61,0.022708803
CUST_6SVDZF7VDM,0.8628937
CUST_UDLZQFXK5K,0.12758519
CUST_1SFCYLNU2P,0.021140013
CUST_NQBUGKP2EU,0.021537444
CUST_756LXY2COB,0.09287688
CUST_WXK4IR2E66,0.02584959
CUST_YVZK6PA3FG,0.11032161
CUST_6LZDIEV72I,0.021381935
CUST_8L4Z9HB17X,0.09371651
CUST_A1739EFNMS,0.023284711
CUST_PVEOK93SU6,0.03357656
CUST_16KDYFXZQ2,0.022903154
CUST_YQY43HQQA4,0.036531232
CUST_JPQEZYTKHL,0.027077053
CUST_YHKKXUV6FC,0.11386191
CUST_G4TTN8CT13,0.025378788
CUST_G332YD0VQA,0.019240957
CUST_E5H4H7AYYM,0.023524515
CUST_NTQM238J30,0.120823495
CUST_TXGVJTG9TQ,0.02875999
CUST_J2CTY9CIK8,0.025315652
CUST_TYMYXU1M1H,0.026120292
CUST_TJTEVLB13D,0.02770443
CUST_I379L0LXPV,0.032358117
CUST_HZI16JZVUH,0.021566734
CUST_FDTLVK2L54,0.83838403
CUST_OVLR0H0GWM,0.025449697
CUST_AIOUXIH857,0.027417256
CUST_DMO2P0XPNI,0.02647686
CUST_FKHI6K6Z38,0.116172835
CUST_AAIWQEXA3X,0.028793061
CUST_0MFJMEVN25,0.82548934
CUST_2SGQYXJI3P,0.019731045
CUST_PLT20970V0,0.032990478
CUST_7PQ6WZYLQ9,0.036623426
CUST_6HGRKA05DO,0.13905743
CUST_4ONIWFMTX0,0.022128997
CUST_LG0W8VGAR9,0.120144375
CUST_79GCI55OI0,0.14330572
CUST_A8NAAOOCOJ,0.13680567
CUST_O563BTIE0R,0.07101199
CUST_CNMX2FQPVK,0.79288816
CUST_PDKOFY0GA4,0.05752926
CUST_ILRS20L7XU,0.029244721
CUST_7BDN0NAJ39,0.079301775
CUST_VRU6XP7RZX,0.03467339
CUST_BPOH7HUGBZ,0.10291263
CUST_JIL3ONLQU5,0.035097275
CUST_11J20EKD6G,0.10547957
CUST_MIFMQK9G76,0.10979497
CUST_81HYQ56VL2,0.7599227
CUST_9YKCT77IVY,0.108907975
CUST_86QHIHWS35,0.12450518
CUST_7Q4D3Z9K8T,0.025096579
CUST_KVXNT4N265,0.02099035
CUST_NH332WGHJ9,0.0244961
CUST_AIN8TTBDI7,0.83297837
CUST_MNVLX3WD8P,0.024275098
CUST_5IEK3HMDKZ,0.021474153
CUST_VOFS2W7B2I,0.028290516
CUST_Q6T5VD5BWS,0.04003452
CUST_A1H1GH926P,0.06626936
CUST_UPDL8GN7XY,0.70630693
CUST_DYEOWVQ2ET,0.09271816
CUST_I2X9NP61Q3,0.021314727
CUST_YH3UI9C0G3,0.023807462
CUST_NX5BKLOGO8,0.030888606
CUST_7JY2O46214,0.027139591
CUST_V8P8X0HML0,0.022048524
CUST_PYY641KML0,0.023063276
CUST_SJIDBJ6M69,0.103222646
CUST_LM8WNW636Q,0.030480478
CUST_961VNEICMQ,0.1785375
CUST_DDGFRPNZ38,0.7581373
CUST_V6U1TH87RW,0.72254056
CUST_Y2PQ36M8WL,0.9097747
CUST_RMAXD8LMH7,0.02615549
CUST_69EEEYKUOW,0.14770344
CUST_F6KMTM1CEW,0.22667055
CUST_K74LY1V3DI,0.85104036
CUST_X2XPM7Y1GM,0.023308612
CUST_YOKZDFA7IQ,0.18616006
CUST_CF2GE4CKQG,0.026216738
CUST_BS13HPWMHB,0.8360715
CUST_79RYEC4X6J,0.02486267
CUST_W5E83J2O6X,0.020562217
CUST_DLHHYD0FSD,0.16940649
CUST_NIDH5E7V03,0.07287146
CUST_582AL8KW2P,0.021418953
CUST_UOYPLL4WVH,0.04424422
CUST_ZGTLS9IOJG,0.025735835
CUST_M3JYIDF07P,0.09349605
CUST_TGVL087SB3,0.06278351
CUST_UO2KTSST6U,0.030840829
CUST_W29AWXKQXC,0.029194267
CUST_9M1REBHWM2,0.07122021
CUST_YWAV1119Y5,0.022841807
CUST_RV9UDY7XEI,0.023915352
CUST_11S9JFXT53,0.018312437
CUST_JGX845OAXS,0.033839583
CUST_PBRACYNHZB,0.12222094
CUST_PZMWOIG6BU,0.03192652
CUST_C4MLZZBPAZ,0.0778623
CUST_9421NXCVHA,0.03338251
CUST_TNQE6GHUBV,0.10556589
CUST_5TZALTJWMM,0.07578013
CUST_OJYLJW20FN,0.028169196
CUST_OXTSJREIGE,0.07608718
CUST_Q07TJW22ON,0.047604203
CUST_JC9TL0FYDG,0.03239939
CUST_6NQ2NQOSG6,0.08101387
CUST_N4M0T6CIAF,0.02361921
CUST_16H7CL9YZG,0.12238379
CUST_2XTTO2M4RZ,0.023370601
CUST_2QDTEA7P70,0.17391811
CUST_CFWME5YJC0,0.102780014
CUST_I0QKGQRESK,0.028198589
CUST_P9RUTP4P6M,0.031732887
CUST_SNIDG7P3LI,0.15191874
CUST_UDZ3XY4XTD,0.027747003
CUST_GMZSZBYR1I,0.09807082
CUST_QDOTZACI79,0.827515
CUST_AT8YZYM8N7,0.023353608
CUST_7PZPH3DZDD,0.023779005
CUST_O9HO60RZLO,0.026344752
CUST_X01WJ0EKYK,0.03370061
CUST_VR8ER5A8B5,0.01819842
CUST_FHYQVA6DEA,0.034907304
CUST_SVLHWTTPZE,0.8790066
CUST_ZYTSREVIZY,0.029726759
CUST_EH47JK21RY,0.10038535
CUST_MAQPRT85UK,0.14889275
CUST_076S8QGDM5,0.10195093
CUST_VL36VXHPW2,0.024214944
CUST_2U9CD41TFD,0.034592934
CUST_NJJ501K16F,0.026667032
CUST_A1LHL3CASE,0.02911509
CUST_UJBMYUT949,0.021030243
CUST_3GK3K4EVNN,0.024115039
CUST_STZCKCOTCR,0.02855466
CUST_ZQ7DBSYYI2,0.079974316
CUST_V7FAO0OTZ7,0.1004002
CUST_MWVHUKCEBK,0.07574497
CUST_NB0BQSJ8TE,0.7239145
CUST_R5UI4CBYVV,0.037445676
CUST_9WFBBEX4VK,0.019994352
CUST_PC0COZ195V,0.025673833
CUST_Y1MOGNFF2C,0.1262979
CUST_RLBYOAAHXH,0.023063889
CUST_U41IDJ4FEE,0.12874591
CUST_PBKXFSJFLJ,0.1342793
CUST_ZFSHWPEHCZ,0.13997774
CUST_7NR0RAJ02H,0.12655237
CUST_XU13TX5UUH,0.12386969
CUST_KIF4FOC9KL,0.13680567
CUST_NQAIMV2WR2,0.028359726
CUST_4LQMIB3ELY,0.035364013
CUST_ERNIYWU93M,0.12008646
CUST_QXHWAGVTDZ,0.12852177
CUST_JP3LMBIK71,0.034175742
CUST_YQ7F17IGGI,0.12969565
CUST_VLWHL8AM7S,0.03297825
CUST_XWIDLK9T78,0.028625285
CUST_JO3J7GQXQE,0.022838151
CUST_352EV5F33Z,0.11319783
CUST_CFUKN3PL02,0.027310347
CUST_QQAMZO7IBW,0.04189486
CUST_WOJNOVE56D,0.8816038
CUST_QJ1QBQS1FR,0.034748156
CUST_HQT49JSW5X,0.035665017
CUST_J0LDFTRJHF,0.027750274
CUST_S8U3YSDIRT,0.080799244
CUST_5U2048F7E1,0.07931657
CUST_6T6P4B4O98,0.035284396
CUST_0WOAMSBH0Y,0.033686515
CUST_2ONX85GEDF,0.6864997
CUST_07OU4XE2NU,0.1078139
CUST_YC1RRAUTNR,0.09791635
CUST_E1G0Q18GJR,0.044505354
CUST_00OPMK137W,0.71816534
CUST_ZSCWEBO1GG,0.03561925
CUST_F2GSTDC1II,0.03043257
CUST_BIW3WBZSRS,0.05302427
CUST_UEGB7EY53B,0.024015652
CUST_EHOJQT1P8S,0.028561668
CUST_KMW9I63Q84,0.027275566
CUST_UU2KILCWW6,0.025958953
CUST_K7UK3KFRE2,0.027344428
CUST_09R92G5R8X,0.047929388
CUST_I8I8SUG2PY,0.02177755
CUST_ND33YNRVAP,0.025706703
CUST_VCXYNX3J3L,0.8830384
CUST_R4GM3RXAJR,0.019171134
CUST_EUWNYHKJTC,0.032076757
CUST_F4NTO5P9UQ,0.025996516
CUST_C78BZ257I1,0.03891638
CUST_WF4FEML8OL,0.087861344
CUST_H60H4O7DYC,0.020024437
CUST_ODREB94F26,0.02725384
CUST_6C9M76OFD3,0.12649177
CUST_AAFM6DN6XL,0.048161283
CUST_WHQD725BGK,0.06721096
CUST_P2J9L241R5,0.028494563
CUST_DYPGQMOAK3,0.027240127
CUST_2BPPNOE6B0,0.023820648
CUST_V70CZAF569,0.03254038
CUST_KVOTKOI01F,0.853629
CUST_OP1966QE92,0.02636315
CUST_2TPZHDIPN8,0.02312628
CUST_Q1GSJ8B7DV,0.02936103
CUST_899J9CWNUT,0.028244246
CUST_Y3LDW2YQSJ,0.0815655
CUST_RBYUBY8YPK,0.02430024
CUST_29RSM00DSE,0.10265415
CUST_L376XVH05C,0.031009618
CUST_D1C94AY8CX,0.13241494
CUST_ZH4RBKAS6Y,0.020447526
CUST_OHRMX8MEHX,0.03323816
CUST_DI2N6O3WJS,0.029851127
CUST_KVTWGY0O01,0.06462303
CUST_XAIC480TR3,0.025659649
CUST_686XUYE0G0,0.021750916
CUST_Y6AW4VWBXU,0.06559382
CUST_A8DVMZV078,0.89088625
CUST_B1DZA3XRQG,0.20664914
CUST_QRK3WGQ4SV,0.08793082
CUST_YWI0XK7L9K,0.11050487
CUST_BQFKNGVIMH,0.030313803
CUST_GG0CTEKNUZ,0.09777745
CUST_8LOUL72RJN,0.03656472
CUST_1PENXL16SB,0.023740813
CUST_DJSH54FEVX,0.021359492
CUST_59A796ZSN4,0.09059296
CUST_KSR44Z9QEL,0.86259264
CUST_51NRQE39JD,0.02338519
CUST_NIKO0XI6EK,0.13132793
CUST_G908ZHF8YH,0.036743686
CUST_8FGHG9COLD,0.10063791
CUST_KJIY2E0LLM,0.028684132
CUST_XE1NPVOD41,0.025001757
CUST_OZ2J1XGYW6,0.87219524
CUST_0GP85W743H,0.023489505
CUST_RTKQI3A5LY,0.09316449
CUST_AA7B2OAQUG,0.034530614
CUST_UVVZXSU2TM,0.027044836
CUST_LME3ONTCPP,0.81967884
CUST_7QH0OJB84A,0.09379144
CUST_LTAJRSI7HS,0.08699968
CUST_567PLKYKIR,0.030918501
CUST_0GT2MFBAW8,0.03273714
CUST_UJALNS6AHJ,0.04242546
CUST_GIN31WYW9Q,0.029410109
CUST_UXL9X1NITK,0.032845467
CUST_5XQFOGOUUW,0.020966165
CUST_9PUTX0CEOL,0.036289234
CUST_FQI12J84DQ,0.13583565
CUST_JUJMXLCPCY,0.025587074
CUST_6LM58AK4HW,0.087052815
CUST_G68FYAHUOL,0.030829547
CUST_WH7O6D2YE9,0.086229876
CUST_85FSDG6FFT,0.10178134
CUST_MVMGKE75A4,0.0264942
CUST_7ZBYK0DYQD,0.03204769
CUST_0JS4C5DE48,0.16946329
CUST_3RS7H62BNT,0.0321239
CUST_SADGJEEV4I,0.020840788
CUST_5L54YCJ1RY,0.028088296
CUST_DMWQB19N2M,0.11767921
CUST_GTVC0XLS90,0.10223641
CUST_YH9AZ5H1BM,0.72728974
CUST_CQKZVW7D30,0.115339234
CUST_ANA7F70OLP,0.09141299
CUST_WBTP47TFM3,0.02938329
CUST_ZZ5S5KY97P,0.062968925
CUST_L89UDEGIVB,0.03002936
CUST_RHA8DANMU9,0.029618578
CUST_FVLOOA7R3J,0.10582267
CUST_I9F96BT84W,0.027554983
CUST_5VVZXRMFC3,0.029920923
CUST_HVKG69WYW8,0.02427116
CUST_NHCG2CKB6X,0.1373502
CUST_92STVR460P,0.04094427
CUST_O1U6L60W4I,0.07605532
CUST_JWT3Z85YAB,0.031064048
CUST_EW79R1P5JF,0.029911818
CUST_DISZQBVTLT,0.022687046
CUST_W4LWBFE0JV,0.09851124
CUST_X2AKLO1JF6,0.029197851
CUST_LTAZARU7UM,0.03445152
CUST_OMPZN5L6WW,0.031459473
CUST_EQO7PH6TDP,0.021591477
CUST_SIHY2Y7V2K,0.06461499
CUST_7YAF4Q0X8S,0.02434509
CUST_SJ6GMF17ZL,0.13252254
CUST_YSAHVI59RA,0.022547636
CUST_7LBHC3NQC6,0.08592839
CUST_RDLVRQDAIT,0.041352298
CUST_4OZGNQ8GPL,0.10860695
CUST_2ITOT7MQ6F,0.024417046
CUST_LNJGLKIIGP,0.024289919
CUST_8TM1ZUQMLP,0.025139563
CUST_LUYTA2D5IT,0.108695194
CUST_K38DRLX9FR,0.04232067
CUST_NMDPVKELBQ,0.024915762
CUST_6RL02WG1C0,0.11809911
CUST_4GLLPA42Y2,0.033358358
CUST_VWBG6W2800,0.0819698
CUST_TO4G4NQZIN,0.031459045
CUST_PSCFTDZ16S,0.024623908
CUST_6N21DUA9FK,0.033943474
CUST_B8H0YQ87TN,0.09283298
CUST_YDLFY9JAJS,0.025278652
CUST_IK3FGKS368,0.036416385
CUST_DA8NXVQ5KU,0.019362273
CUST_XHEG7QP0Y4,0.115567595
CUST_H3SOK3K24I,0.08399942
CUST_LWF6KVUP6B,0.1428451
CUST_2XVVVC17JI,0.02595444
CUST_BK54R0C103,0.022709396
CUST_BUI1BG2035,0.8350094
CUST_W771T3ZTT7,0.859538
CUST_JV1XEFPKEA,0.029050218
CUST_HXYNIOPQMV,0.020706132
CUST_FXAWJ8BMVC,0.072144024
CUST_10IXIINY4D,0.11215602
CUST_1NGIAAGNT5,0.029120643
CUST_IX2IWE6EMV,0.04727348
CUST_7E3RPCPFLP,0.13517496
CUST_KGJINIZGHF,0.24506259
CUST_JVELMDII6T,0.027752211
CUST_35684J8IT5,0.022494474
CUST_5VRVTWHS7A,0.11785095
CUST_UVP108NPC8,0.02610479
CUST_YY05K10TMK,0.11291421
CUST_PYCG3HXH16,0.024074769
CUST_AQY1H66ME3,0.09427926
CUST_TDNNRBHZ07,0.7719751
CUST_FGGOBIVZL5,0.037359945
CUST_8GIFDDXZON,0.08394369
CUST_OZ4FG7UBYQ,0.13472247
CUST_FZQP587MCJ,0.08328586
CUST_RKXSQ1VG0W,0.030931102
CUST_1APACFXKEJ,0.08812768
CUST_6Z3I9Y98JR,0.10406661
CUST_4JBY4MMW9E,0.10989987
CUST_I5PZKOZA78,0.035309978
CUST_2GGUT5XC7J,0.1558074
CUST_1BER4BG4ZI,0.025494235
CUST_UYTGBAYGTN,0.03412403
CUST_LRVSNF8IKG,0.08549092
CUST_NR0L0G92LO,0.023867702
CUST_N4KY9FQTU8,0.03198497
CUST_TIBTEV187K,0.67195594
CUST_U8GZQYMNWY,0.046542134
CUST_IEQQKMUL7L,0.12419128
CUST_D9GY4VFCXK,0.097522974
CUST_Q0WIPEUZ5B,0.024431227
CUST_DHE0W47LRJ,0.08147096
CUST_5BJ3F4VJDN,0.84839165
CUST_IJALVTV8TG,0.85316914
CUST_2WPR0SVJXQ,0.026747035
CUST_KGUV4CDF6B,0.0442361
CUST_XLMOTE0Q3O,0.10829827
CUST_2D60Z2QJ0T,0.13143817
CUST_KFCH9OJSXS,0.026757656
CUST_3FEQV40ZBB,0.09302254
CUST_TQ6NWW4XO5,0.033601318
CUST_QZJEMK2KKY,0.023478992
CUST_VOBU4X6ONY,0.1532498
CUST_S05PZHQ6NA,0.021469735
CUST_26CCKDDHIR,0.13413846
CUST_WTBA89TSOC,0.8832886
CUST_SMUGFM7IAG,0.025973493
CUST_TD8L328S56,0.024649007
CUST_XQS38FVSSV,0.14906779
CUST_W55TN9JZ8Q,0.030533463
CUST_QP0BC5X2DO,0.11899908
CUST_OIIQRI1U5X,0.068737276
CUST_EYWJU1298C,0.11533977
CUST_BHPI96HTEX,0.01936305
CUST_YCVSHPEH8V,0.042012826
CUST_P4162M0RWR,0.1300747
CUST_S10LXCOGZB,0.02537173
CUST_9T7TNC3H95,0.021804206
CUST_AGCZL6Q2FC,0.024062706
CUST_L6GERRO3SK,0.022826826
CUST_DQVJTGH1RU,0.89526135
CUST_FXIN6D4NNL,0.02045612
CUST_HCEPQIZE3B,0.07615969
CUST_ZZ654UIXLC,0.06766425
CUST_1PNXX9F97W,0.018351857
CUST_F3RMFPTLCT,0.028850064
CUST_2BD6DF58Y2,0.023275223
CUST_GFJCZC8UG9,0.02460595
CUST_HKJGBLYSH2,0.14721803
CUST_BQTY9RN4G4,0.020964142
CUST_38OK2TMOOA,0.15988022
CUST_Q5JQVM4EJ7,0.037517536
CUST_RAGNM5CTQ6,0.036088403
CUST_WNEP1D21LU,0.08504074
CUST_6AO8SLVFC6,0.028735831
CUST_Y59J2YB7XT,0.022351472
CUST_7XQ2RMJ1XK,0.09129812
CUST_E78GGPMIFP,0.02578096
CUST_FMP087NWTY,0.032626033
CUST_PIGFSXDTX5,0.0334096
CUST_ZBFZLEGQZP,0.03101263
CUST_JWIK5SOK8Q,0.03639184
CUST_5QBM5JUGT3,0.03540469
CUST_O48F9JK841,0.025343094
CUST_UZICH6XXSB,0.025402268
CUST_PVBKZRSBUO,0.09577336
CUST_2NA6P4ZXLW,0.024804503
CUST_LZ3TT6HVI3,0.02545935
CUST_GM7LVG9BQG,0.023251956
CUST_ZGMSWCBJK5,0.019260174
CUST_BPK2WLQJ8Q,0.029975535
CUST_1OZNFWK1KG,0.02661037
CUST_1OLP5H2SRE,0.1151383
CUST_X0ATWA68V7,0.032421548
CUST_BULUBV6IOM,0.033229128
CUST_R20DDOP1V0,0.036359437
CUST_5FG1D95XVQ,0.030283287
CUST_VP1KLOOYL1,0.8417566
CUST_MOL9AP3L90,0.02853174
CUST_KW0FKQM32I,0.87275636
CUST_10TOS9HAKR,0.11642559
CUST_0JKTQRS033,0.85596144
CUST_G6THE6S111,0.08101996
CUST_G94EHH9SWZ,0.07426947
CUST_AJPMY2D19I,0.026205566
CUST_DAAAJ4AV2Z,0.09112825
CUST_O0SHUD3TX1,0.058839243
CUST_9K65IEWAKU,0.10962386
CUST_OJ2HQUU5WL,0.023798754
CUST_MAEW9O1CJ8,0.12610087
CUST_N42S8EOC4B,0.023275543
CUST_P15DSG66JO,0.024065902
CUST_8VL66HFXRD,0.028639892
CUST_PG03WWT09N,0.02164353
CUST_5RFDQ8069Y,0.15623349
CUST_QQ4AEPW8Z8,0.030951122
CUST_K09N9JHJ48,0.1308843
CUST_IOZXQAM8VQ,0.028243266
CUST_QI5KYCL3DA,0.08584874
CUST_6W2AGWYQSP,0.025724424
CUST_01RWW6SCOD,0.073719546
CUST_9HEGUD9T5U,0.025852555
CUST_VWJ5D9TSVW,0.13540365
CUST_W2OWE7U2US,0.026350893
CUST_1YUGN0Z0M8,0.13158037
CUST_N8BNH9ESZM,0.08280169
CUST_R0XIFD0QMQ,0.021947214
CUST_92FA64FY16,0.029940292
CUST_VLP0IEHUTX,0.11711071
CUST_198X6O950K,0.08216625
CUST_IMCS2ZXQ6W,0.027106185
CUST_X8SYLX97ZG,0.12649281
CUST_0ZKEYKCKO7,0.036894534
CUST_WOA969HF2T,0.028955186
CUST_UJCBFHGFH4,0.02322943
CUST_QXF9DIJN5S,0.033524718
CUST_TULLS226ZZ,0.022311313
CUST_QNAW8ADD76,0.019704515
CUST_F5272IL2JN,0.9049168
CUST_9I52PD6SYA,0.1591187
CUST_LSXLVAKW95,0.025442302
CUST_1OMFCA7GD2,0.022312747
CUST_C1KG4KE3BT,0.024950275
CUST_26ZZQ11RPO,0.1623547
CUST_H5U9VHM02W,0.028207889
CUST_MD6RYUIRKW,0.019379716
CUST_AKJ7NQOXIS,0.025886212
CUST_QT4Q0NCM5T,0.078972355
CUST_E077VPZHVR,0.022242652
CUST_BAU0ELKTJU,0.03991687
CUST_VWCM9N2C4J,0.096497685
CUST_SP9UIKLSPO,0.03727028
CUST_1L22HFLGW4,0.02868481
CUST_G7YWK12WVB,0.029726759
CUST_L7CBS5CGQD,0.11212844
CUST_UJLOLRPDY8,0.018318083
CUST_3CXD73E0F3,0.03903457
CUST_Y8GZLBZ4OE,0.15828802
CUST_CC4UR4DSYI,0.039284855
CUST_Z8PY7XM8LI,0.15258618
CUST_317TAEEKYN,0.12990406
CUST_77ALTOEE3M,0.028497862
CUST_QRVBJ6EC76,0.115163274
CUST_XUIM7B6ZOP,0.115661725
CUST_O4G83WBCYH,0.029233547
CUST_A5HF15KPUK,0.023884567
CUST_GDKN1TA8HE,0.07581314
CUST_1VC8VL6WFQ,0.09994933
CUST_R7KSD2CJ6N,0.040532384
CUST_BS6XHCZ2PQ,0.024122545
CUST_ZS1VG86ZCZ,0.01847652
CUST_AO1YNC5CBY,0.028663367
CUST_FL3M8QL1KG,0.030986985
CUST_87J8KTSF8R,0.037524942
CUST_3QFCFC8GNX,0.025902925
CUST_BLKV05P9NM,0.026502473
CUST_GEPG938RZ5,0.033214
CUST_OFXQ00L9JX,0.091555096
CUST_818AJLWM92,0.85831845
CUST_SW581BD4H0,0.78780884
CUST_12GXJFGRED,0.114783354
CUST_VRV5J4B606,0.022604972
CUST_RXU9JPO6EB,0.7594545
CUST_UEBHPBFEBJ,0.02287736
CUST_XHD5L91OJ2,0.023808407
CUST_NGPIZTUGCQ,0.021831235
CUST_602UEM3PHW,0.026099442
CUST_34D7YEAJU5,0.10304459
CUST_142BAXAVCW,0.1734514
CUST_OJPU3TCFEG,0.09889573
CUST_9L74YVG5MO,0.11647073
CUST_OXEZAFHG05,0.025135316
CUST_W9Y983E74Y,0.058777913
CUST_1MZSQKQ3AL,0.019285856
CUST_LEBN2NU869,0.084590495
CUST_ALON87A9BZ,0.031849068
CUST_FPYQ39O26S,0.095812164
CUST_ZJJG4I149A,0.027837241
CUST_9XI76VM4ZI,0.8282961
CUST_XXL7TS1LS5,0.8182958
CUST_B9BL0FZNZM,0.03575636
CUST_5CMJBAVTWC,0.017093271
CUST_L0ZZAGX8GK,0.033542242
CUST_8PQU7A5XIH,0.024262464
CUST_0FAMJD9R2T,0.119496085
CUST_O2EH443YIM,0.028627338
CUST_I1U9P35DIY,0.023242392
CUST_T3OHXLZZEY,0.024878267
CUST_SE70UBF2OX,0.02803298
CUST_X53M3SUP7L,0.7507322
CUST_13FZ2UK1F4,0.11683735
CUST_PLS3RE0TVW,0.022058664
CUST_87PPCX1BWQ,0.03128564
CUST_ETC52YY59U,0.13308999
CUST_U1N5DBVCF0,0.09112395
CUST_XRQBZWUCA1,0.099134125
CUST_X5S58LMBUI,0.029013684
CUST_3TNU24CUKA,0.030517949
CUST_6HZQ85XJK0,0.13663086
CUST_HYS6Z0E6Q3,0.039527517
CUST_NHTUR4XF5Y,0.022469481
CUST_00XSXH0QZP,0.0893768
CUST_NYTXBAUBAW,0.038446825
CUST_VNFBX8V3UE,0.121625304
CUST_AIOO2K795Q,0.09310655
CUST_DHBU777Y4F,0.0860052
CUST_1OS088F71X,0.036902305
CUST_TGQZOMUIHV,0.028878989
CUST_EJLE7CYG98,0.7304095
CUST_8KD2RDCY5I,0.1344192
CUST_0JNTSFOL2X,0.092699446
CUST_PJ7ZYRRX81,0.019928606
CUST_NOEV4IRPT1,0.019221013
CUST_SKYL44D2WD,0.12657598
CUST_3GO238M04A,0.023366885
CUST_7IQX5I3CU9,0.7992452
CUST_0ES5B2P7MR,0.022606172
CUST_M29JK59F92,0.035921402
CUST_F9EAWS645E,0.036652524
CUST_E5TA22SYKQ,0.03337471
CUST_UV4Y44JINE,0.03309975
CUST_4D2ZOOETQP,0.07863789
CUST_WW7GRNE9AS,0.082673684
CUST_TBUXI024T5,0.026000958
CUST_5698DKNEW4,0.022786284
CUST_CQ9GYUKIRO,0.1064161
CUST_XLZA8D18SJ,0.08432668
CUST_Z82EIQ0JNU,0.1111976
CUST_1DDYD74EFM,0.025483733
CUST_X6PSG444QZ,0.024753625
CUST_XUP8V2UZT3,0.87006235
CUST_0ZEDID81UZ,0.042361457
CUST_7ONUK59MXU,0.83319473
CUST_1QEYOF5G0Z,0.09516704
CUST_P7FFJ2TK4P,0.084224634
CUST_OE1HXTWQP1,0.021651559
CUST_EKFEQP7V8H,0.10272076
CUST_OUPU9TYL43,0.030742327
CUST_L16PFCBU6W,0.02596936
CUST_AF3H0YFWX6,0.113145925
CUST_4S1YKWYE64,0.09805446
CUST_EL4USG4P0G,0.86004174
CUST_X975GL4O9Q,0.08694633
CUST_K6HRESW6GZ,0.07867829
CUST_UPH43GDAXZ,0.025302261
CUST_JWGVU9GSCR,0.024260335
CUST_MTFG2L3T1C,0.03777908
CUST_LKNVGGCUAP,0.07804315
CUST_I03KL3KIFZ,0.075644664
CUST_LGJ2JAF205,0.029205784
CUST_ZZI4DNBX4D,0.02862613
CUST_GFRSR5UE2D,0.02477573
CUST_2HPSRP23GD,0.098645814
CUST_S5ES727RUR,0.022339204
CUST_YT8LZVR2ER,0.12678412
CUST_PC6X5OGARS,0.034383006
CUST_RQH38RTWZ7,0.06736958
CUST_XRR4PG90IO,0.023997432
CUST_E24MK09VIW,0.027146032
CUST_00FAN3CEZ4,0.033555686
CUST_LQCFF0FOQX,0.027629625
CUST_GKCYOJ66C7,0.049505692
CUST_M0EI0R3OFC,0.03411619
CUST_OW62ZIPVRI,0.026981998
CUST_QQ6G4C6OMD,0.03541323
CUST_313XQTZLQ3,0.02750845
CUST_OVGE1294P1,0.12126615
CUST_2PQ77LXCKX,0.041245893
CUST_IEO958S4TD,0.16249107
CUST_CBUQFD3AJ4,0.025368052
CUST_YDJI17CVAM,0.1861622
CUST_VKSRKYNQSI,0.83416015
CUST_1FT7V34OK0,0.028033748
CUST_2L6NNSS406,0.08112861
CUST_IJ5E19V20S,0.104624905
CUST_N0Z6WTJS14,0.12534606
CUST_I0ZXMJR3PB,0.10710089
CUST_4BHTTZZOTH,0.07906028
CUST_9YMIE7J3PA,0.092605986
CUST_4WE4A5FXHR,0.020509413
CUST_CUD84NB8RQ,0.72270644
CUST_5N04C04SWL,0.7283119
CUST_BKUDH2L3DT,0.025025507
CUST_U2MQ9AXYX8,0.07583741
CUST_C0904CVN5E,0.08910332
CUST_P56HW7WRMR,0.024985814
CUST_PJ8NTVJ75O,0.029794438
CUST_EL4FEUFY5T,0.13036834
CUST_JS6FN93UGR,0.032953307
CUST_6J1F85X30P,0.055962466
CUST_BDJEIK8J4J,0.026443066
CUST_IJDY8H60G4,0.023646312
CUST_3CSCIWBTVU,0.02551064
CUST_807YMM7QEX,0.104551695
CUST_P8YCSJ28S6,0.085519314
CUST_SW4RG6SCY1,0.020789618
CUST_65BLT2CQPI,0.07455816
CUST_9FUVN7Y7VA,0.08670812
CUST_SZT9RPXSCC,0.09128167
CUST_O1WU3VX3N7,0.047704343
CUST_DBTYXV08T2,0.033303026
CUST_SQ2GO320KV,0.042425442
CUST_13KH7UJSLM,0.031345613
CUST_S8X2MGIDSH,0.032151274
CUST_55W43DBUOU,0.038951904
CUST_KW12K5ERH3,0.10722303
CUST_7H43QIWS4T,0.10354199
CUST_7N1IV2GJWJ,0.1356963
CUST_3GOF3ALLH2,0.032503515
CUST_EM0WKREK9S,0.15888743
CUST_EL77QXF0BP,0.027463488
CUST_GF117MI48T,0.098965
CUST_5HYOV2VS7J,0.16574472
CUST_JLYQX3QPBM,0.084545925
CUST_JZXXU7XYY9,0.023641903
CUST_WQMTH1BSWW,0.024182944
CUST_NR0J74LIHX,0.023570536
CUST_OZ96HDTXGN,0.02542189
CUST_EMC33JR4RO,0.0386314
CUST_E0L4CDWAVF,0.025769727
CUST_2DUX1LKDPD,0.10262409
CUST_C7ZA8A12M8,0.027911743
CUST_LZ65M79A6U,0.023434285
CUST_4EUF01UZLT,0.03338333
CUST_LW4NGEB3IA,0.06657762
CUST_JPPFKK9IBC,0.13474618
CUST_XI3LOYJNYU,0.039311428
CUST_N27NCHWCVI,0.8704886
CUST_EDL6XTN3Y0,0.022031523
CUST_B2OVTKIN7N,0.16041964
CUST_4SSYIA4VPX,0.02308257
CUST_G7I8DQMQDQ,0.041700486
CUST_6J95G4URZS,0.054856416
CUST_L8X45O6LBI,0.1001509
CUST_97P44A5QTU,0.09185331
CUST_U01IZ3D2DL,0.17688648
CUST_1G3Y6MX1AH,0.026392803
CUST_WOELXAO8UO,0.021609131
CUST_PBXFGA07E2,0.02893697
CUST_KHD5G5RQTM,0.022970423
CUST_95SXZ09QSC,0.11421434
CUST_765PASIH7V,0.023000639
CUST_5DVNBO9ZVR,0.025694039
CUST_SKP1CIRKCE,0.033387993
CUST_FVNA9SZV8Z,0.023601634
CUST_3HMTXBZBGR,0.019429848
CUST_U70CO5FSVC,0.028579542
CUST_QVSXZP4IKT,0.04446803
CUST_QFZLY7U23V,0.024362532
CUST_VQ6Q9NPZSL,0.03750777
CUST_VN11JYNZBD,0.8226008
CUST_ZR0UXP6E1S,0.027896896
CUST_R95DB0N7CH,0.023591554
CUST_XEC1Q0T0EH,0.14081182
CUST_48QQCM5DKL,0.033710223
CUST_1VTMC11Z41,0.019762525
CUST_DOJDC9KGMR,0.030310297
CUST_SODCHNF9DR,0.11270792
CUST_AHWJMSNPHX,0.16888621
CUST_ALA6SJGAD3,0.083643615
CUST_U8TMQB9DCA,0.029253162
CUST_ZDGP8M6KVX,0.09245322
CUST_U117DA5C20,0.78469664
CUST_BXD44JBLIK,0.085516796
CUST_6SPHKCR6HD,0.036727894
CUST_VDU9EO3QB7,0.024664879
CUST_6EABIIMKMX,0.020819854
CUST_L857FEAJN7,0.031450443
CUST_KN2SCUCWXW,0.16003975
CUST_RF2WY5APX0,0.8388504
CUST_TLUOIEBKGZ,0.03312715
CUST_UM2XN0PUWN,0.02211747
CUST_KP1J76XGL5,0.0194646
CUST_X19K3VNR06,0.03536254
CUST_U98Y0FVX3Z,0.023242336
CUST_XM9DSDYOT3,0.12502863
CUST_E7A5P7J0FG,0.0954078
CUST_RB2C5M6Q4B,0.08848112
CUST_SCS9XBDC80,0.11875642
CUST_KUGI5AAKK6,0.02313647
CUST_S3H2919DPI,0.1355985
CUST_R5W6VUMYC8,0.020630596
CUST_T7BJ89N0Q5,0.13660754
CUST_UUW2IXX91L,0.029911084
CUST_8RVW5AO3O6,0.06772252
CUST_MH65HR4T92,0.028731646
CUST_71OG42T7IH,0.027097026
CUST_5MLCFKCR0P,0.025692457
CUST_5ZGMLY3WPT,0.11880224
CUST_2SCT59L538,0.027809536
CUST_AZT4BW00F6,0.8830242
CUST_62AUAGXSKF,0.8457427
CUST_KHHD51AGU5,0.087381214
CUST_CHBGOK4RNC,0.1308362
CUST_O889EHKTBK,0.09903084
CUST_C4HLXIQBB0,0.8691778
CUST_36BWQSKYFZ,0.025851332
CUST_89FX69VO80,0.022875326
CUST_8TV32AYW1E,0.021079218
CUST_M2SMXYD2LI,0.022909157
CUST_MWRL92UV03,0.10053897
CUST_SMVRKUXCNQ,0.03703211
CUST_2UK48UPQGQ,0.0858378
CUST_URPDHY3D2F,0.024510633
CUST_K0G4O7G3WL,0.04444686
CUST_RWD5JK6TQA,0.10736626
CUST_09DL93TTOO,0.023307426
CUST_4P985L1I6E,0.037953846
CUST_0DQOI98KLU,0.024433931
CUST_GXOPH75MS6,0.11466355
CUST_5H0S3IC8VU,0.14216699
CUST_3DPMEK8JIP,0.02513714
CUST_VNCSYYLJVQ,0.1615607
CUST_SD08QOLRE2,0.11268167
CUST_WMKYH9AYX5,0.027102757
CUST_TFS85CB4DX,0.024203409
CUST_EPXSH26FET,0.018696118
CUST_2YHWUX91FX,0.03689229
CUST_AKGF3Q998M,0.030673033
CUST_U56NUT1HG4,0.0239283
CUST_3TTWTC35NB,0.027693719
CUST_WA82M6TXTJ,0.11190134
CUST_P0E75RWLLT,0.11140766
CUST_69DO0985T7,0.019357678
CUST_J13CG7A79N,0.023066403
CUST_IFITQ1VN1Q,0.108785495
CUST_K2VW2VBIIR,0.028094519
CUST_4GXKBWV4VK,0.029112045
CUST_LPV02PK8IZ,0.022711385
CUST_XNTB2OU799,0.082687594
CUST_E0XNLXFC6Q,0.024392711
CUST_UMA58LKFSR,0.15159996
CUST_D8BDGEX0IG,0.10138771
CUST_M46OOWHK35,0.028597632
CUST_D6VPW7C6YN,0.025258996
CUST_SKVX93H03E,0.025462162
CUST_EOKJPU02VR,0.1377158
CUST_OVZ40NFFMF,0.811215
CUST_12XSW96A7C,0.13441576
CUST_3RXVBAZ5C9,0.025298074
CUST_IS4SH8BWGA,0.023199383
CUST_WYQ0SO4XM7,0.024779981
CUST_BEEMYW64EU,0.09559103
CUST_6YMLDWZFYQ,0.026173824
CUST_HEPIWMBULV,0.86795497
CUST_BE49PYBDAP,0.14501815
CUST_W80STZXUKT,0.025191654
CUST_FH1M1WHOG0,0.03355116
CUST_WWPTBQMAAI,0.122932844
CUST_YXF5D6ONLD,0.020112317
CUST_8RV25LU64T,0.15992711
CUST_DAKICE6EB6,0.09728648
CUST_BTK352DUVC,0.6218987
CUST_6NMUTY091Z,0.022190766
CUST_SLS9UXWICO,0.05985838
CUST_293LIUPFV0,0.14886793
CUST_7SS6NLLGED,0.028054278
CUST_RFZZ2PNJ5B,0.025859864
CUST_KR9G5I84V3,0.035963736
CUST_YM2F9SWZSW,0.87015975
CUST_Z65AYLDIQI,0.025175648
CUST_TIL05NSCBA,0.021043407
CUST_KNJY4TYNEH,0.023112599
CUST_OV8J8LJW2A,0.088283375
CUST_PU7056QYEG,0.028699188
CUST_R4T720Y7SU,0.023717897
CUST_8WE5DURJGE,0.09130137
CUST_BBPCFHT8J1,0.0303255
CUST_JMYL2PLWC8,0.037405204
CUST_40J18SUTOT,0.12544282
CUST_T5J6P2L7Z8,0.09240676
CUST_IEHIAM0P0D,0.030388007
CUST_CBQPDWHN22,0.05788296
CUST_TBSI3ZX1VJ,0.74174225
CUST_GVZHL8A633,0.0902282
CUST_GSGVEHX6A5,0.02614593
CUST_Q439K765WE,0.13864222
CUST_LLKZD0IPBM,0.020303247
CUST_I7YZI0M9YI,0.04107563
CUST_Y1IKGLG2BS,0.03527333
CUST_VWVNIRW4GZ,0.018463055
CUST_ECBV1H48Q6,0.04937604
CUST_26M848VFWB,0.041471057
CUST_9O5T2DQ41B,0.12900068
CUST_4OBU2IM1E4,0.021560935
CUST_97EAZGNC1D,0.019406088
CUST_J6FQQ2XLYJ,0.032581337
CUST_G3B6A7ZG0R,0.12793574
CUST_V7GM5QASR6,0.08707057
CUST_BET19FJ5DE,0.056452315
CUST_JQA1ENJXOC,0.07875641
CUST_Q7H6BWDWM6,0.12266358
CUST_TB5GLWFXNY,0.10041608
CUST_W9AN8ZMWHX,0.039443415
CUST_LUQCTJN4WE,0.103560455
CUST_RU1YMWBYRQ,0.024934068
CUST_44JQG0CJGY,0.026252465
CUST_2HE041VI03,0.024884637
CUST_9ELI9O3OLR,0.116067
CUST_XNK719F6QJ,0.09806958
CUST_6M32VQT519,0.028812326
CUST_F8RROPF6DR,0.036780808
CUST_BP0D7MJFJT,0.18185891
CUST_X4D4RVU0TN,0.022224402
CUST_HEUVJKHXEN,0.08219928
CUST_NDTGDK9N58,0.028677916
CUST_XKOSHIB96R,0.028250221
CUST_FWYQ2LXQS0,0.083655745
CUST_WB1543JA3U,0.07343943
CUST_X7OILSRP16,0.026259921
CUST_7ZJ76X56A6,0.023020403
CUST_4XV2P93LLY,0.028440367
CUST_2VB18O5N5K,0.029950056
CUST_MGMJLLV9U6,0.12550448
CUST_OF7QMVD6UY,0.08245091
CUST_6A98HHIBV9,0.046410188
CUST_G8KT380C21,0.8428323
CUST_41HOMTB859,0.09530758
CUST_X1L2EXEIY8,0.09246794
CUST_0EM7IVFSFY,0.02548934
CUST_LS969L3H1M,0.025431467
CUST_ETW6FWTDIK,0.14050293
CUST_W0U8XQEMBX,0.034497485
CUST_E014O39RAU,0.026977014
CUST_6W5XH0W754,0.025815858
CUST_5B89Y044RW,0.03437599
CUST_B53SHJZ3YT,0.12250673
CUST_C0O3JAG9VA,0.027624538
CUST_OR5BH5AHIT,0.029645666
CUST_68B9O7FUMO,0.10838521
CUST_MTHV69RPJW,0.1296628
CUST_TWDFKUVSQA,0.08029547
CUST_J7KOXZS0MT,0.024160635
CUST_4LM0WK7X78,0.8972027
CUST_0SS89VHOAC,0.036955107
CUST_AB15YDEYR7,0.024981828
CUST_CUSWHKBX81,0.021189746
CUST_PKAE17KLE1,0.031277772
CUST_D3JX5NDIKS,0.1308167
CUST_7JHSB8LS33,0.870814
CUST_W306I62IZ5,0.025723541
CUST_4OEHI1GNWZ,0.025142258
CUST_4W4ID5DXXU,0.030533358
CUST_5ATX4VTY4D,0.02671372
CUST_P0604J9FE3,0.0922175
CUST_84RH2LMKTG,0.024509745
CUST_DRZY7EATON,0.025578825
CUST_T9QYHTKE00,0.026939902
CUST_0564I0KVPI,0.060962174
CUST_4WYQMTQAWZ,0.1187569
CUST_Z336MHAKXM,0.8374565
CUST_XLHV0QFR0G,0.116861574
CUST_SF7YZSY6HB,0.0921983
CUST_TZWLE8OKDW,0.10392685
CUST_RKUISPX6NS,0.03170519
CUST_ZHCH66D1MX,0.022979403
CUST_XBOL6G4IKH,0.14282031
CUST_JRK0MEX44B,0.03258789
CUST_KFT5H0KBMT,0.030261794
CUST_SI054UVZ1I,0.08622556
CUST_HSS43K09MJ,0.03009675
CUST_ZP5RL0P3DP,0.031217728
CUST_LGBSGBLWE3,0.06109908
CUST_X9NPMLP7A3,0.023189439
CUST_BWEAK7ZEQ3,0.025984474
CUST_YSVKMQKP6W,0.09814226
CUST_T6AGZFZAYA,0.043315295
CUST_GK6HBNTVLT,0.09578325
CUST_3VCLQWUJEM,0.023304429
CUST_O3OHWNP84Y,0.116770774
CUST_YM42E7UJWT,0.031471062
CUST_54QB8DM9YG,0.030501157
CUST_1PIPYTAH2A,0.028769273
CUST_NOCP8IJUF8,0.06730901
CUST_3EMV3GDSRM,0.0770635
CUST_8UI6XCKXDB,0.16922395
CUST_7XJNQVETKM,0.020957654
CUST_6217KK06NA,0.030642953
CUST_VPZYUM0OMU,0.0811936
CUST_4DMT8YKXSN,0.0233289
CUST_1FJP0L7YPQ,0.028179685
CUST_1L8705PGGS,0.08175583
CUST_XX4PN8TVRI,0.10470331
CUST_AABH2D9FCS,0.030514894
CUST_76LRB8IS8U,0.025154602
CUST_RFWZN5BIL0,0.037443258
CUST_9GK96RL776,0.033813596
CUST_4252HV9QGN,0.025515541
CUST_P1XUMC3FYC,0.03317991
CUST_BZ8MOQR730,0.027163127
CUST_FDQZGPSO2X,0.02271294
CUST_2EVFW3KH2H,0.019238796
CUST_X6N8C6B0KB,0.026849806
CUST_QRRMKG82YK,0.124767795
CUST_FBYFZVRF87,0.098514386
CUST_92C903ZD68,0.13784854
CUST_V7WYWS552I,0.06362509
CUST_R3Z41TBYRD,0.029596679
CUST_F8G4GYCI9T,0.9131314
CUST_0EZCGY72KO,0.10049403
CUST_0252ATNQTK,0.8870683
CUST_FYW825IEPP,0.021671608
CUST_KCOISB9RLP,0.039008893
CUST_MLCLK21XR7,0.04580565
CUST_PFMCVLSY25,0.023744605
CUST_4XZBS9WON5,0.03450255
CUST_FMCJQZ07VS,0.023511084
CUST_632TQG7ZXN,0.02740481
CUST_WD70L4IQRG,0.022297218
CUST_N34ZW69GCQ,0.10357343
CUST_0BEGI618CN,0.022167172
CUST_HH3K8UYFBH,0.7271266
CUST_3W7G7HK6MQ,0.03393722
CUST_7MS92CA685,0.04239934
CUST_G27G6IBADY,0.021238182
CUST_WIX15NF919,0.11700162
CUST_SUS06443C5,0.11220025
CUST_JGZDIJHFID,0.11798565
CUST_9UD5QQ7XTC,0.034030706
CUST_V7Z5CDGY55,0.0974583
CUST_N56N9BXGAH,0.06594016
CUST_UBM0GBDYLZ,0.13251828
CUST_HRJ6UKST42,0.06499068
CUST_9ZR1MCA8UD,0.100300804
CUST_IJR7TN6TX5,0.02848632
CUST_Q8Q7INEDTE,0.052522846
CUST_42OT5PL0NW,0.030050782
CUST_H4VHLJ0TN3,0.036617957
CUST_NCWKOA7LO9,0.026314996
CUST_USJ3HMH367,0.8493871
CUST_MQO3UGTI5T,0.06727914
CUST_GOT26NXWBD,0.029790614
CUST_EL3NBBYI1U,0.027065113
CUST_4N3U376NYG,0.021524308
CUST_ZVFEE73LB9,0.024310365
CUST_U88JJZZ5J2,0.030299352
CUST_JRK8FYU2O1,0.7696881
CUST_Z08U2O4UG6,0.02379528
CUST_AWLUN5N1JI,0.079928905
CUST_EXBIQ1T03X,0.08443148
CUST_FLWNJBEC65,0.097036615
CUST_90IAS7WAE0,0.77279216
CUST_5CLTGZTD7I,0.14337805
CUST_5NY3O0X5B1,0.024841653
CUST_OPTSXQB7UF,0.09827745
CUST_LAGGRWJXT2,0.047522634
CUST_4OM7LSERXP,0.023746433
CUST_0BCZOAZVPI,0.12513916
CUST_GIC29MGI50,0.08382186
CUST_JMLQLWTJEQ,0.15924549
CUST_XM5ZM2C1E1,0.10551773
CUST_TNVCV7ARL4,0.020531245
CUST_SXGLDPXQVH,0.033186212
CUST_I3GQ4TTYCR,0.16875982
CUST_DJB0AGUFTL,0.13105111
CUST_D0BYT1930V,0.1271699
CUST_5LXWHTF6JE,0.034470994
CUST_HHQEZICN8E,0.019606085
CUST_CZIV0PYPEJ,0.020499486
CUST_BLFAEHAUPX,0.12805158
CUST_7RJLATUYQB,0.036145024
CUST_PFVUAHHYDM,0.08337494
CUST_N1ZP8AG52R,0.04361049
CUST_6PGJEFPEBY,0.09816167
CUST_CAG83I2CQ7,0.020597989
CUST_SRAFPICRKM,0.038760554
CUST_EFXGGV3XVB,0.021572622
CUST_HRGO73U061,0.11997629
CUST_3AM01CUQTK,0.11077016
CUST_OXIDW6BQ3I,0.018774554
CUST_1KGT21FULF,0.15849325
CUST_KV96BNQ48S,0.115020424
CUST_K7X0ZKOZBX,0.09128748
CUST_OW8812OIV5,0.024379482
CUST_7FQ4BJJIY8,0.06706861
CUST_QQVDQZ5TKC,0.022868643
CUST_VFQC3OUHSA,0.087254584
CUST_BAUYJ7B4PD,0.03080528
CUST_4NBQ6E2SVR,0.03326467
CUST_RLD20E3YHF,0.15737176
CUST_0PFRLV2H8M,0.11399538
CUST_IBL4A00PY8,0.026375024
CUST_ZMH6M2H4U4,0.02525861
CUST_RN3GJOUKMA,0.17494042
CUST_2KSVMGEPP1,0.023720115
CUST_NT2MZWAEZC,0.027508777
CUST_PJE2DTZFXD,0.7157712
CUST_UP1KAM7QIM,0.023677861
CUST_GILYBZTNYS,0.024594424
CUST_RSFCYL2JVD,0.069896646
CUST_7AE5VBJPT3,0.09885444
CUST_BH8TBCTJOP,0.026092777
CUST_2V43GNDA9E,0.103329495
CUST_O8B1AKC74D,0.053801283
CUST_TSJYJUL55D,0.06503304
CUST_Q27GHT29HG,0.030264907
CUST_JB2G06RERN,0.0860761
CUST_VOP31ZFU7I,0.019387871
CUST_9N7MWVVOI1,0.82747084
CUST_VQK4GMF2AR,0.020207258
CUST_2PO28M0MW1,0.03504391
CUST_FMGG6QOWEM,0.08524006
CUST_RBLTSVJWKM,0.029682346
CUST_IPU4G5JXBI,0.022335764
CUST_LJXDH1876R,0.1350991
CUST_X0XWNYK454,0.024024159
CUST_4B5VD672NE,0.2114326
CUST_5ITF2YM0CJ,0.0946653
CUST_ZU39DJ8C6N,0.026728256
CUST_LZQLQDNKCS,0.024335861
CUST_T9V1UBIPX3,0.03266058
CUST_3VFGBL1W1O,0.019362064
CUST_2U5YIIYYT1,0.02197429
CUST_PSVCYAQT13,0.09501734
CUST_B82JFVCO2X,0.025896417
CUST_H523QNSXOX,0.8142676
CUST_AYF6J5I5XJ,0.124593034
CUST_ZMEDC31OLL,0.079032496
CUST_JN50KVN880,0.021931212
CUST_6G2Y82JXPO,0.086970635
CUST_JWEE0TS1XH,0.023669856
CUST_BLVX8KOGO5,0.022304084
CUST_3TSSG19ID4,0.022879556
CUST_OR6C4NY44D,0.027954549
CUST_VOATJLGIWX,0.026688589
CUST_HNYXKUAISE,0.020935727
CUST_HE7HK8GT89,0.09373508
CUST_88ISNEVNAC,0.037032157
CUST_306U0IK5G5,0.026388777
CUST_AQHMJLPXFO,0.11135385
CUST_8I4E5695PM,0.019598275
CUST_8BYFCDPKZ6,0.10960957
CUST_K7R5JKPAL4,0.08858977
CUST_CTSE8W83DI,0.13001221
CUST_26HUABI8ON,0.035949603
CUST_Y58HDB4K35,0.024732383
CUST_MTQ2FBBAYQ,0.9159404
CUST_GOS6YYNJKJ,0.11029799
CUST_0LKWEZI22B,0.14000037
CUST_B5XX5QNHKR,0.022406215
CUST_9OOMSBIUGG,0.13573313
CUST_ZV6Q9BY27F,0.04912079
CUST_DU6YBNVPGA,0.14314745
CUST_HA9KLOVC3N,0.026070762
CUST_QBWE77GTNP,0.022266
CUST_YRWLSTJV9U,0.14711972
CUST_EX6OCDQY3T,0.09587712
CUST_F9DROXL6VR,0.023864906
CUST_ZJ7ENI6ALV,0.03457205
CUST_1LUHJ2AYUI,0.09967507
CUST_0LCPX4R0BW,0.019299412
CUST_EM70WBNF36,0.02330685
CUST_U0GG1515CM,0.02910678
CUST_30ZAY6DS1M,0.03495067
CUST_15XI4Y283Q,0.07732077
CUST_H46E9SBMUV,0.031141931
CUST_WJWGOA81HJ,0.02521117
CUST_RN40SBC4SM,0.060834765
CUST_SK0AG1WCL9,0.020592531
CUST_PYO15N84OZ,0.03285783
CUST_DDSH8UIZ93,0.03576704
CUST_QIJV3Z57YN,0.029701797
CUST_XI0P4PXJ05,0.044515554
CUST_CE1JW5EBPX,0.7829366
CUST_V7AYZCL8LT,0.025969518
CUST_ZOC6B4WQNG,0.72665256
CUST_0Z63D72VSY,0.02300024
CUST_U6V5L915ZA,0.13619879
CUST_WL1912J6GZ,0.024344333
CUST_NEH3M51KVP,0.035602808
CUST_QIQVWIN3A5,0.14966735
CUST_F9CAYOGS6Z,0.022502009
CUST_3IE2TX500Q,0.06774322
CUST_UHE2PPCOYX,0.09919114
CUST_D08PE8VQCE,0.022935364
CUST_4XAVGXMI25,0.03347445
CUST_PYDU1UKB1B,0.10207872
CUST_1H8Q0Q2Q5V,0.021619609
CUST_P8B1WKD9YW,0.033120066
CUST_HAGGVA8YS8,0.07368613
CUST_LQC8KMIRMX,0.03043371
CUST_2XI6N3NOV5,0.02508219
CUST_0O99LLE087,0.86531496
CUST_A4O5PBJ3FO,0.15380722
CUST_OBZCEQW5WR,0.024689278
CUST_4606UC8PL3,0.024890237
CUST_Q58ZAFFYPR,0.023917357
CUST_4BO4CMQINX,0.03160533
CUST_N39LDHMSL7,0.15442435
CUST_Q8J8888F2W,0.102648854
CUST_1EGN4C6CJI,0.026434476
CUST_3O784QC5BJ,0.024811458
CUST_IFDITBIJMT,0.022343632
CUST_SFNOC2MK4F,0.07926515
CUST_QND1LVF5HW,0.032877255
CUST_QYPV6AXSSC,0.0917788
CUST_OR8UYG7ETK,0.027085852
CUST_1YWKVWLGDU,0.11513936
CUST_MJZXF03SUG,0.022107866
CUST_W5ZGQACV63,0.07076409
CUST_Z6Q4B09A1Y,0.09350144
CUST_4NUC6CU0VS,0.02738759
CUST_WTT1FVAMVX,0.7710198
CUST_PPNBDD5725,0.10845945
CUST_LL5NCFPHP6,0.032185737
CUST_STS4M06X9Z,0.06018935
CUST_5O9JY54159,0.024971796
CUST_RU7TOFPLJV,0.025177078
CUST_8Y9WMFVIA0,0.027177148
CUST_FJKOLLD1UD,0.7817998
CUST_URHWLYKNFR,0.026582593
CUST_LNDGNP09J4,0.10829148
CUST_HQQ00NG6R5,0.08913209
CUST_JTMEX6AFUG,0.026725093
CUST_TYQZSEI9YP,0.12970959
CUST_8MY8PZOSGN,0.03318006
CUST_YD4MBZKXX3,0.029824013
CUST_RXZIBEEI55,0.026285354
CUST_SYTWLUOOAE,0.07664448
CUST_C9M2NRE3YO,0.07982195
CUST_UOE2Z0SDO2,0.022326991
CUST_7L12E2UN5V,0.083057694
CUST_C4O8R8BNHQ,0.030981073
CUST_4MGYBPZMLF,0.1882193
CUST_4IPH3HPEYE,0.104949564
CUST_P7IRH1A0W0,0.04251436
CUST_O0DUPFBLYF,0.022315582
CUST_M9QKOFOD1W,0.045128185
CUST_ZYOA6F4R08,0.07987564
CUST_4JXLXRDUXN,0.083002426
CUST_ATZR774108,0.030622507
CUST_MIZ2ULTOYZ,0.02728508
CUST_T5UOX8D4HU,0.7947992
CUST_HRAISSR8L5,0.03324718
CUST_WL0JNMKMKL,0.080976054
CUST_WT9CEP2J7S,0.026830465
CUST_K1SAFYOL8S,0.020267332
CUST_L4OSDDA2SC,0.018802838
CUST_2S950NJNYP,0.027135653
CUST_5VVFVQH3LW,0.023902288
CUST_F3L6GWL4SG,0.08850513
CUST_XLS2TCMZFO,0.81843686
CUST_EWPJSXQZAL,0.065500885
CUST_K4J19UU0HW,0.02733197
CUST_9400VJDTNZ,0.033246037
CUST_GOMX4GAOMB,0.02882439
CUST_RNAB6SHMHY,0.028055713
CUST_UP4BP94R53,0.048534103
CUST_YPTHHFHBD9,0.06757419
CUST_KG6081J6FX,0.13463716
CUST_I4UDORI8SK,0.15118979
CUST_1P68EIJTVJ,0.029905662
CUST_R7G1KDXB3E,0.112119585
CUST_IHSVZTPKGD,0.09068768
CUST_P2G9ON6M68,0.0244927
CUST_VZZYJXMXJZ,0.040369272
CUST_1P7UQBTL9Q,0.12863573
CUST_KM2GS4FX0E,0.1225283
CUST_4G13P0LMSQ,0.029380416
CUST_00LCDCSX3B,0.025974102
CUST_B4OM5P48MT,0.025018355
CUST_I80WOB1J37,0.03656149
CUST_AKFJ1GLR4O,0.09745671
CUST_U600YWPFM1,0.031206237
CUST_RV3DBAAEA2,0.03560319
CUST_G9J0S3Q7GY,0.031009205
CUST_DPPZRKCK7J,0.03387515
CUST_V4BRF01V8N,0.14399543
CUST_OD10AU1DLY,0.8107774
CUST_LGK6UX3ESL,0.028322697
CUST_445YYRW1AK,0.12434867
CUST_882AVOVWQ6,0.03192933
CUST_67J2KNL1Y3,0.029343959
CUST_A71MWGSNB8,0.03014616
CUST_2BL598DBM2,0.6956259
CUST_S1YBAGVZBT,0.027642712
CUST_PDTMO7RE3U,0.07136852
CUST_4OXG6AQ1MX,0.08293347
CUST_6BD95TPO9Z,0.84536403
CUST_92P7DZ4GLA,0.025057081
CUST_J2GZ4QZSZ5,0.11333028
CUST_G0GXR0IZ58,0.020371709
CUST_H2JPQNNT1B,0.08781454
CUST_XU3CWRUOW5,0.19598828
CUST_RS8C0OSFR5,0.08132619
CUST_X7ZKJQUB5K,0.02627568
CUST_EJLB0K7KAM,0.102704585
CUST_K55YLBE70M,0.16903877
CUST_MHU5DBGRA8,0.02219593
CUST_OM4PAOI4Z5,0.0888211
CUST_BOMVXIKWYB,0.039089933
CUST_MQ8NHEBLHM,0.09389002
CUST_YIX33FPBWP,0.026033098
CUST_QQ3US603TA,0.028203534
CUST_F20KEA9SHA,0.68680716
CUST_D9WRL99IQA,0.06369235
CUST_73RNXE2KIF,0.0974974
CUST_LU9EZ3OA8G,0.8178747
CUST_EP6NYJ0LWX,0.051362675
CUST_IM866JFG0M,0.10313151
CUST_1O5RPULRFH,0.17042609
CUST_7M51XF4XNZ,0.0850936
CUST_SHJQB0LKZA,0.75813717
CUST_QQWOKCW1H8,0.031248227
CUST_IYLPCX6Z7B,0.07807066
CUST_PQULPV1W16,0.022111919
CUST_QY5GU1UHHK,0.053974327
CUST_C9DQGAGUNU,0.026766289
CUST_ZGUV4XZ9IU,0.024230318
CUST_I0GRK4M9MP,0.025410581
CUST_SXD45OMV86,0.026806315
CUST_QJWYO1PH0D,0.02110777
CUST_UR6QNSJ14M,0.10475535
CUST_X8XBB9V275,0.028404098
CUST_TX2Q41EFT5,0.03321184
CUST_U5M6T35VK2,0.11783085
CUST_A9SJY358L5,0.08221068
CUST_9ZA4X6A0F3,0.02598646
CUST_AFNANQUSYZ,0.024896806
CUST_0FXMV8UDPH,0.0904687
CUST_639Z9LKBDE,0.026340054
CUST_4Q35UGR2LD,0.025602402
CUST_7I7AQEVS00,0.11694599
CUST_T1BTG705JO,0.15513338
CUST_C4Y267W58W,0.08874559
CUST_SF8JG0X3WQ,0.03023916
CUST_PMTGP5HIUH,0.85460734
CUST_IQVYJFPRX0,0.07653411
CUST_0MZRZNOMQA,0.03003281
CUST_0C91MNKF9X,0.032363307
CUST_445U88B211,0.8475882
CUST_N5LHCCA5HK,0.8521418
CUST_OK934Z440K,0.12080633
CUST_2FK40PUXVC,0.10571567
CUST_SGBFYUAZKE,0.76268715
CUST_VKMDPCL5KN,0.087737836
CUST_NE1VU3OBGJ,0.13273934
CUST_FDYZ9MDE1Y,0.03025123
CUST_3XUTGMN45J,0.09514631
CUST_9Q7ZL5PZ6O,0.03725468
CUST_X4ALBGSFS3,0.6837119
CUST_CLRJBL3BL7,0.024676902
CUST_DXJGRBGZM0,0.029513814
CUST_M9A84ZK3H3,0.08658141
CUST_9UN4LUT7T2,0.8298669
CUST_GH66389HD3,0.02199547
CUST_3PABWYA78U,0.110128485
CUST_YX17EHZKOG,0.87099004
CUST_Y7DT8NK957,0.81689745
CUST_PDPBHJ0ZY7,0.028256971
CUST_4AUMBUOUGL,0.029565435
CUST_KBB87BK2M8,0.09071867
CUST_42UTFMV3SF,0.027681217
CUST_MW1U4CK0DU,0.79161286
CUST_4LPGQM1AQ3,0.03493828
CUST_RTKR7H8KS5,0.021723771
CUST_EQUAO5GQC0,0.025930751
CUST_Y9XUHEXC2N,0.035622943
CUST_R35J6QBYGE,0.09343451
CUST_K8DV40C3LG,0.12799183
CUST_BF8YFGY3LK,0.074410655
CUST_4QQIVEW9RU,0.02992997
CUST_SDKQHTUVZX,0.018305814
CUST_0XKDAH1KRF,0.07385043
CUST_GT94FXB7J1,0.10768217
CUST_B7RIY4YQDF,0.13387309
CUST_YBV2FHLBU1,0.15538989
CUST_WJE3DKAXLO,0.0282724
CUST_NMV41EMBVJ,0.8724632
CUST_1GTWUGCXKR,0.026669594
CUST_KG7F5WE215,0.031959735
CUST_TCJGU2RR86,0.022437453
CUST_9K2MUMVY39,0.11761525
CUST_U3PN3I2UK5,0.1265421
CUST_DWGMQN2689,0.082711145
CUST_X2CRS6XKP1,0.03908462
CUST_FOKHAW4B0H,0.027707918
CUST_39XF00ZHN9,0.11052604
CUST_EZU23D5EC6,0.044037495
CUST_O31EZCSWIC,0.113122314
CUST_PN45D5Z26J,0.14141364
CUST_RV1BUR7RFO,0.026952216
CUST_ZGD2A1ONE0,0.082064375
CUST_C4BI13YBY2,0.024043709
CUST_VUBE79SOEU,0.033873446
CUST_0P6NZA4MWX,0.11227007
CUST_AW3JSIUU7T,0.06183263
CUST_KQ50LFNZ25,0.033682067
CUST_UG3DJTGNXI,0.026735026
CUST_NCJMAOTNHU,0.030565988
CUST_WU7W8JNV2J,0.16858241
CUST_N4IQOAX84S,0.09895115
CUST_01DTSO3FTP,0.027504707
CUST_NKY3E8PC3H,0.035094287
CUST_L6RLZF86J6,0.9023691
CUST_78BL25WMUP,0.78883004
CUST_Z1GSO7GUVW,0.08972108
CUST_IXD5RFAEXV,0.024309773
CUST_WRX3DDH83B,0.026357457
CUST_E12WTH0MT8,0.034496594
CUST_35LDAS7V70,0.035314046
CUST_TGSU6L2O7V,0.024154976
CUST_ZCNP3LN18J,0.030383784
CUST_Q0YBG1RULZ,0.025504488
CUST_8R6ZNGBJJN,0.09750483
CUST_9CC9FFCUP1,0.032751873
CUST_66LBBWPT84,0.09731382
CUST_SBRAV5OFE9,0.1416126
CUST_2D3LL52DTR,0.100253396
CUST_LNN05405LT,0.085636236
CUST_7CGWJNV5EN,0.024626743
CUST_0WJ45H53C0,0.023619277
CUST_L29LL4IBSN,0.03171044
CUST_UIDTA4YV7E,0.8362773
CUST_HP079NUHYW,0.02594391
CUST_44XSRXUS6N,0.0956732
CUST_38SO3RHBBE,0.7025951
CUST_M8EANONFL0,0.024232578
CUST_HFLQHN00QJ,0.027240619
CUST_BCZI6CDI7J,0.027584808
CUST_L13GPMFN39,0.13966043
CUST_BCWM6W73ZM,0.023960067
CUST_3FX9YB4C5L,0.034734745
CUST_FUY32PF34O,0.02188114
CUST_UPON38WITC,0.021503134
CUST_P4W727RVR5,0.13369583
CUST_MLBXK8NDMW,0.7514026
CUST_16ZK6KH90Z,0.024794016
CUST_V57LMVG4PB,0.1505049
CUST_R9XECJII5T,0.84121764
CUST_C4QJIRV9TA,0.8363451
CUST_P6UAO52XBZ,0.022576882
CUST_J7EA28CXF6,0.14885984
CUST_XZ5NESM4QS,0.02659502
CUST_XH109E5NNU,0.070078105
CUST_C3Y3WSMHTT,0.06755838
CUST_7IHCQP7LGD,0.8159738
CUST_QVX2DXTDWB,0.82521814
CUST_N56E9DUI4U,0.023983536
CUST_OF6OUX55VZ,0.02074725
CUST_DCOKYPUQZ2,0.02832006
CUST_AQE0VA4P9E,0.78688014
CUST_LQDFFEH7FX,0.023038123
CUST_BC8USGG6CE,0.80629206
CUST_EL99UMLDTN,0.02861484
CUST_45Q5LOJM31,0.0927889
CUST_J9SH9GB04M,0.13937436
CUST_7YTMO86URM,0.026691345
CUST_PXYIP1E6SJ,0.06999439
CUST_OQKWXRX36D,0.024676884
CUST_FKCCIRFQH6,0.029153882
CUST_IJXQQ5CW53,0.024304425
CUST_LSI9T9OPNO,0.7919815
CUST_LZ5MQOXI45,0.025909591
CUST_ANH6CYY8XX,0.8739359
CUST_0UXB4B8ZAZ,0.078209795
CUST_IZR78AW1ON,0.026053619
CUST_PEZU21GSZJ,0.09729728
CUST_P3VS1XYN1D,0.09319722
CUST_HNXLKNRO8V,0.027988613
CUST_C4NCHWH4WA,0.03323516
CUST_KL5Z7MOWBI,0.10406802
CUST_QDQLCRA979,0.81872356
CUST_TS9ZBB57GO,0.10875719
CUST_L1DLCXGD5Q,0.023980763
CUST_JF009JERU0,0.0215266
CUST_NB5IBK4QXU,0.025367605
CUST_M6CUKS27F7,0.028885856
CUST_PRJQIQDH74,0.03699594
CUST_XLKQ8PIAU4,0.029679883
CUST_87K221CFLE,0.83578813
CUST_1UMNU1MZKQ,0.023371864
CUST_6IHAPH10K8,0.10309235
CUST_83KL9MN1SX,0.027605128
CUST_H90HXEJ31V,0.02576169
CUST_H9XEU4EEKC,0.14563055
CUST_G87ER6CTTU,0.036700312
CUST_EX6KTSTD6P,0.026265213
CUST_0TZA2XPSS1,0.81044865
CUST_BND9TWMEA7,0.7702039
CUST_49T9EBMUU8,0.07900263
CUST_1BS2KDD589,0.105357975
CUST_RJATOLEBVF,0.11363571
CUST_JJ4498NDU9,0.03344414
CUST_OH5U86X78W,0.091824874
CUST_3A8JNE2CFW,0.024499435
CUST_5KEBCHV9C3,0.16239186
CUST_VZ37XJ7KDQ,0.020713147
CUST_GGLQ00DYTO,0.022817064
CUST_Y0JSEJBK61,0.86655164
CUST_WZEFYKFS2D,0.02708359
CUST_LZ9GF9VM9L,0.024173455
CUST_4UBKXY8JBY,0.031000359
CUST_G3II3391MB,0.18010025
CUST_MZI0LW9KB0,0.02144452
CUST_B102VCLSNA,0.1106792
CUST_I5NV4SK3QH,0.020029942
CUST_P6SW2ZGXO5,0.09096964
CUST_DS4Y046ERD,0.02165414
CUST_QK027VZM66,0.14055806
CUST_RDXTWPOE4P,0.06648067
CUST_MAQJFT72EU,0.08221771
CUST_VQEO2N7520,0.1836167
CUST_9YE6DJYDII,0.02187791
CUST_TVLQOCHNMJ,0.021991266
CUST_FADSKIQU5A,0.024703955
CUST_G3ZIWJZ84P,0.024308432
CUST_4OTU340H8F,0.024009505
CUST_4GOH32RADV,0.032900255
CUST_2NOSO0YI9X,0.031666245
CUST_HZ87IQN60I,0.02348671
CUST_4HHZMHMN0G,0.028649796
CUST_C4RGTFN8HX,0.19100548
CUST_W1Y1V9Q4KX,0.029880267
CUST_KIVPLXR5TB,0.028851194
CUST_MTWS4UKS6A,0.85020846
CUST_X075WKBR1X,0.15701415
CUST_HDBKUKRACG,0.08361847
CUST_CBFDSW8KLH,0.03414282
CUST_MQMBHFA84L,0.029634241
CUST_OUOXOKCI22,0.09940326
CUST_A26W2FMQ3E,0.062357616
CUST_MCO37W88L8,0.025787264
CUST_8QJ9WCV3BQ,0.08357299
CUST_82K48V7VYH,0.025606489
CUST_Q3P0DE9KDA,0.022261107
CUST_YF8JEP0TZ9,0.13099657
CUST_Z631LST3UO,0.03814837
CUST_UCU3WH094V,0.044256266
CUST_7WS0KRYFZG,0.09090393
CUST_2OK3WC6XOR,0.02359268
CUST_2U4OA2BUC2,0.16116378
CUST_PNVCHO6KS0,0.021998862
CUST_TDBVA1BEPW,0.022877127
CUST_N9S3BGB0WP,0.02937351
CUST_39ID3CUBT1,0.019550852
CUST_GI2I7X4WFU,0.7241078
CUST_94W42SRKIN,0.026209764
CUST_RTHOX0J0FE,0.027398368
CUST_PJW40AVNR7,0.13251013
CUST_IOILDZVABM,0.717554
CUST_IFMK87VTXQ,0.05897272
CUST_ZS0XUFDHF9,0.024269614
CUST_U3WYOFGLDZ,0.02404645
CUST_66XS7W9K6X,0.8106916
CUST_SUIF449MK1,0.75657356
CUST_6P8LDGB0DW,0.09581947
CUST_3SBLZZ2LWG,0.022418292
CUST_6RXOF984H4,0.08446561
CUST_7LW4FOKCYG,0.10211428
CUST_79BKY0VWOL,0.8301847
CUST_07Q07Y23JR,0.8994392
CUST_6JSA1TIBYB,0.09049033
CUST_2J3TEAOBIR,0.019897427
CUST_0ZS5GHA54J,0.023440855
CUST_3MP54M05YB,0.028596783
CUST_NF6T45QACA,0.0711111
CUST_J2KEB7MNZL,0.806115
CUST_QMY0VT06TQ,0.023797143
CUST_U58QAJHRFT,0.036181577
CUST_IU4T29YPVG,0.1000279
CUST_5ATZCZ66DN,0.025568925
CUST_DRDPULVJHD,0.7752438
CUST_ZRT4478XDT,0.12843823
CUST_EJCF2VFCFM,0.028062632
CUST_7IK8CB7BSR,0.083038345
CUST_Z3VW4F3ETH,0.11237875
CUST_A31L68LL9I,0.029426292
CUST_PACL7VVO8H,0.024497857
CUST_IE7KIFDL9A,0.028275771
CUST_K5H7RXQHQD,0.032030918
CUST_KV4GVEEBW6,0.09222759
CUST_A95CCTQYI1,0.8716424
CUST_3425FWRYLD,0.11403473
CUST_UJKLRELBM2,0.10010358
CUST_GPQVB20R4V,0.10348236
CUST_QWG8TFR39S,0.031287085
CUST_FG63ATDWFW,0.03262191
CUST_WSK3E2NAFR,0.025733916
CUST_AV15AMQCZX,0.027674884
CUST_MAI5YJGJ7R,0.14287528
CUST_1Y81652ZBI,0.10125177
CUST_Y8F3V30U2G,0.08504474
CUST_12YDX9SUNY,0.028252259
CUST_F8V0ZNLBUM,0.10691424
CUST_F1W6VNQADQ,0.036121983
CUST_891M6LZ7XR,0.021908568
CUST_3P24RZ5X4W,0.02895422
CUST_ZK7JPXOYKD,0.036642767
CUST_2YBGX22O2B,0.03672654
CUST_M5GWFF0057,0.023268558
CUST_RC21C6EYFW,0.16510549
CUST_ZGC2Y8WNMK,0.0311204
CUST_DUZLARZSOC,0.0841347
CUST_1W1SA7DYBI,0.023794733
CUST_91RGCKAM32,0.107212685
CUST_6JLWUFAONS,0.03274245
CUST_TKF1I7Q0F3,0.024901176
CUST_2U17VKQMIX,0.029430682
CUST_OUSFU1E8K6,0.029924294
CUST_7LAS8F8KNK,0.043278538
CUST_F8PFAJMOTF,0.09925575
CUST_QLDHN5SGKJ,0.14668679
CUST_IWAV6BISF4,0.035590302
CUST_SEV04BATIW,0.15061167
CUST_U6GUVVEK0P,0.03379733
CUST_V38Z7ZTOUR,0.025698222
CUST_YGOAKK4LCP,0.021837365
CUST_QD1R8LOV4B,0.0376706
CUST_W6NWTDVQ51,0.09070957
CUST_T840VF9JW6,0.021161035
CUST_FCATV36WZH,0.09100466
CUST_OQ6T8L9X1A,0.03374666
CUST_19S9H2VIC5,0.026512587
CUST_O6CL03V772,0.022426529
CUST_HNLLMXZ179,0.097284794
CUST_RRFDRK4NCW,0.024352057
CUST_VS94S5LW16,0.022082118
CUST_FCIQV5NNDB,0.027216023
CUST_FTH0FKDFB0,0.04214483
CUST_VWQNAC84YR,0.027002761
CUST_MZ1S1DX32R,0.023820411
CUST_0K21FSZAEL,0.021792386
CUST_QLRRANQ5BQ,0.023627285
CUST_OLCFRL7JYU,0.024357723
CUST_1OX2I2VGVU,0.022411348
CUST_W57TWS6AJU,0.021711685
CUST_S2DTWYBXV1,0.0332978
CUST_8K7ROBXQ7Z,0.024791121
CUST_1Y4U9C9L4C,0.11044611
CUST_M7RRRXDI4D,0.032696314
CUST_O5LQ41ISQ2,0.08018821
CUST_3HWAVOAWA3,0.020928955
CUST_KY87ICHOJH,0.023558034
CUST_F96QSO9NK5,0.024499197
CUST_YRJNFGXVHC,0.20618413
CUST_C1CGK7YYB2,0.14033572
CUST_T6XGNDTOLY,0.029378098
CUST_2COBJLZP9K,0.031424236
CUST_K4T327H6VU,0.02122155
CUST_UW2F6K8GH4,0.8789676
CUST_E2HXV48RPH,0.021851277
CUST_LAZN6MSBHL,0.02530924
CUST_9HSMTZ2CZX,0.022412231
CUST_RNQCQLGZ33,0.09160871
CUST_E4CNBBFS8M,0.031836722
CUST_GMZQNO7DBF,0.030298982
CUST_3KWRWKOC6U,0.036359437
CUST_2VALOV62KM,0.020340187
CUST_LMLI00U7ZO,0.04221646
CUST_F984R11X8M,0.71992165
CUST_24VBZYTRZI,0.03464106
CUST_L0L8PDE57X,0.030035103
CUST_1939V3R1GC,0.06133278
CUST_P21F9X1DYE,0.100062326
CUST_UT620Z6E0Q,0.10843721
CUST_ML56TWO5RF,0.17119455
CUST_T8IMZEZ9JD,0.78749603
CUST_BT7GUMMJLC,0.027258098
CUST_UK9EM50XWU,0.024777614
CUST_HH4IURGMVF,0.030060278
CUST_26TPNA94YL,0.08437253
CUST_Z6UG0OGT4G,0.01778223
CUST_1BPL2AXU3F,0.8562002
CUST_QL3CFYKH2E,0.020659091
CUST_HEPFSDSR3C,0.858543
CUST_1OP6VQGUEC,0.024947062
CUST_T9GR4PIH1H,0.032911476
CUST_U8QPRD6TY2,0.024011092
CUST_8LUNCIDE23,0.024750397
CUST_GVFZDHU992,0.03626581
CUST_D9DQN4E4E6,0.045919184
CUST_4DXCQD3KEK,0.026657753
CUST_2KP9NJI4HV,0.77205384
CUST_HXFZHFF9G0,0.027350789
CUST_EHLMAIYPB0,0.13042812
CUST_V291MG0VGB,0.1103218
CUST_SK43PY8VJX,0.111783706
CUST_NOLSVDHAE1,0.034155186
CUST_NKG255C7O0,0.022367023
CUST_IXFDMWKFIS,0.0841177
CUST_W72SAL0F39,0.09828001
CUST_TXAB0CMK2L,0.12586384
CUST_OXAXW6R0K7,0.018492814
CUST_77855V6SKR,0.112180255
CUST_MGFJTE1PXN,0.025433442
CUST_U00C37RK4A,0.09443785
CUST_08AZ9IXZKL,0.027561475
CUST_4QJEXHO1P1,0.022754557
CUST_3PFZ4R6LJ7,0.034991633
CUST_Q19FV0DYTY,0.02602385
CUST_EYRDWZ6F2U,0.033279404
CUST_ORV2G24DI6,0.033228867
CUST_1C6VFVRTE4,0.15538417
CUST_SMZHQ9MNTB,0.027907345
CUST_NVFQ3TR2SS,0.1222505
CUST_VHFAZDFC9J,0.025439523
CUST_6CNJHXA0RI,0.14257847
CUST_X1JKWLZRAT,0.8419245
CUST_6YTUFUHEHT,0.09459665
CUST_XN5JWAZ28W,0.10355967
CUST_3YAEQRQADM,0.08751667
CUST_9NWP9T3IFW,0.07421543
CUST_6PL1FC5WSV,0.02221152
CUST_C7BIO51K1P,0.02244708
CUST_PLOU6R9G77,0.098790266
CUST_MD1XE0NALE,0.029754657
CUST_DEIU9LYRHA,0.80653644
CUST_MO96RT43WU,0.024305945
CUST_Y2DRALZY01,0.033699844
CUST_8WA2M29G7K,0.03184077
CUST_82KUNNHMUY,0.029008552
CUST_XDG9FLXZMA,0.032365702
CUST_OXTUFIMAS7,0.025120815
CUST_AL4OUGP04K,0.08642957
CUST_6ZAP97VJ99,0.02870126
CUST_ECL22TZDWO,0.02643811
CUST_D2W6LUSDGZ,0.03770786
CUST_YJNDU2YP0I,0.08707082
CUST_6LB2DLOOQW,0.09011275
CUST_6OEZQNID0D,0.025200645
CUST_B8LL76Y47X,0.024564698
CUST_SH3P46U4Q6,0.022431662
CUST_DIM1EQZWE9,0.018514814
CUST_TPOC0GVF8J,0.13594642
CUST_L5K12524LI,0.021568943
CUST_CEJUVPJ8P4,0.7995449
CUST_7TGWMABC08,0.027617892
CUST_NE7FFV2AFQ,0.023217365
CUST_7ZBNAB9KYO,0.025243433
CUST_OSZ94IBNX8,0.13917992
CUST_M9F7P7OXA2,0.110658534
CUST_3F4JDME4LH,0.024200683
CUST_OBO00TIGHP,0.1044638
CUST_10VZG9AHEH,0.02562226
CUST_7CWJ9HEMYO,0.026634198
CUST_U3NUEQE0JE,0.017991437
CUST_YWVRGQN07S,0.02674217
CUST_FGED0IM9C9,0.09483335
CUST_XQANH55Z64,0.099997185
CUST_WJX6S10J5G,0.04380619
CUST_S8HZ2QS7UN,0.03210721
CUST_UXBRTUEFGH,0.1261118
CUST_XFB3L7T7RF,0.031885684
CUST_F7BO5K2FQH,0.035973407
CUST_ZJLHFA920Q,0.117595024
CUST_J6LTE5ELUX,0.08542352
CUST_DXD8YMTQ0S,0.08032373
CUST_1NMJ8BNB11,0.028476523
CUST_1O2J6ZOFU8,0.024206981
CUST_K0THUJ79W8,0.09673029
CUST_DZ1UXDPR8D,0.16392963
CUST_IHUT4YOY67,0.8334252
CUST_K5IFQ3FC1W,0.15700838
CUST_I291P2H69Q,0.030934263
CUST_2LNXQWE124,0.026329841
CUST_ZYTB1ECQVP,0.032260504
CUST_O8P72LPZJA,0.0281099
CUST_1VUYLIB7BL,0.03491653
CUST_C0X8ESG6EW,0.070215434
CUST_6WTKMCI1C7,0.11712928
CUST_FPR94T302P,0.021074506
CUST_5JPE9CV7M6,0.8781765
CUST_Z2D4IXVIGI,0.12840521
CUST_TVBYT0B0V3,0.07242779
CUST_LYJZIR1CJ8,0.026891539
CUST_XQ1EUEE1L0,0.026203698
CUST_HGMHDXOCP2,0.1618825
CUST_OPKXR6PLDH,0.08954341
CUST_SBLFXZSXY2,0.022541637
CUST_6N6CQ5OO0S,0.02963742
CUST_JVEB3EJOJ8,0.020001376
CUST_8LJLK5LP7M,0.025520772
CUST_I67E2SEHO4,0.024356438
CUST_PL6UOGKK9L,0.021414036
CUST_IHRGSTVCRB,0.12576789
CUST_B4G3A7DK4K,0.11433975
CUST_TGXGQZ2ECR,0.025825568
CUST_N638XC5N2I,0.75322735
CUST_7M9GKAZCZL,0.023257729
CUST_K00F3LV7FE,0.7939368
CUST_RKGXGQ9H07,0.02566205
CUST_XV5JKFON3W,0.022034679
CUST_LMXR6S3JV9,0.027400637
CUST_8Y31D84435,0.022813492
CUST_1C05UUZHBJ,0.024964314
CUST_RA96STZ1KM,0.02643609
CUST_ZXMPVHWH0S,0.029969068
CUST_VRIA8V89VW,0.15270339
CUST_PKF8BP41CT,0.023518622
CUST_06SFVZ62L1,0.024512934
CUST_ED80RZMVOO,0.026450153
CUST_QD3X19AMPC,0.79032993
CUST_BXD0FT9R4C,0.029880632
CUST_OM4MEYG9PO,0.037709005
CUST_MJOS819LOS,0.085493475
CUST_45ICL2I17F,0.02352066
CUST_TNOJNS3OVY,0.023015661
CUST_MOQN3PSDAO,0.87320507
CUST_WHSQ6Z2YQ4,0.13977592
CUST_XD27XBIOZ8,0.092317976
CUST_FVQ14NHPXL,0.03109763
CUST_0KGJT4O4P3,0.09274636
CUST_CG9ZLXHL4E,0.026337096
CUST_928PBC9ID3,0.035155892
CUST_G5MTYIH4PR,0.025754642
CUST_F20EXWE1AN,0.025880614
CUST_A0Y9DO3W1U,0.027181964
CUST_QF1S2W84S8,0.12463518
CUST_04NUONGHVU,0.10066727
CUST_TXJZDOCS9K,0.7981754
CUST_R265K7P4R3,0.02728703
CUST_WL72B7J92F,0.12400346
CUST_06B4ZII19U,0.103096366
CUST_VJ29B99N9H,0.056132525
CUST_B343XU9G6W,0.13682835
CUST_FCQTDO87OS,0.13426387
CUST_G1N7GYG0LS,0.028343398
CUST_0JD1C5H1FR,0.048562706
CUST_FYIQB0K8SY,0.04238084
CUST_VHEXDRYEKF,0.06231894
CUST_A6OKL7Q0ZH,0.028803343
CUST_Z46NPL2PFJ,0.031367976
CUST_6CYXPXYMJ5,0.110256635
CUST_WE660TFBDW,0.03601646
CUST_B5ZVRPQNV0,0.032194957
CUST_XNP7BLY4DZ,0.16110013
CUST_AONFJ65TD6,0.18171905
CUST_IFHUOFAO1F,0.024021005
CUST_WL9ZBXYW4S,0.02652457
CUST_9XBXP56NK9,0.021672832
CUST_JMBK9RXXEB,0.02488665
CUST_A8HZ0YAWSQ,0.84309906
CUST_V0WDJK1U7L,0.11514244
CUST_2B5D9MIYCM,0.10851005
CUST_3TUN0YGABO,0.023641402
CUST_AJ36BXI9RR,0.023477416
CUST_KYFPQFWJMM,0.092427194
CUST_WC13NXBTWI,0.17811504
CUST_W0MWDAGJXB,0.08302576
CUST_QFT1LA6ZS4,0.11860256
CUST_GO3J2NBQWW,0.084791005
CUST_9R67LJB6OK,0.025267474
CUST_HCK5CGJ9YL,0.07832644
CUST_Y44NTRS8TI,0.026791057
CUST_JH93YML948,0.110722214
CUST_4DMK4Y7WAQ,0.023468487
CUST_1K7ME6KI05,0.03239663
CUST_IHCQOVZAS8,0.1136261
CUST_G43L4D0022,0.086741224
CUST_587D981QAQ,0.023648024
CUST_FA9HPJYNR7,0.02549251
CUST_6BIMOQYEBM,0.046799194
CUST_85KNPPP296,0.098432966
CUST_8LL603981J,0.029047972
CUST_HITPVZR29S,0.8651726
CUST_2EQML05P1D,0.10477869
CUST_UWGPMBEV1J,0.122079104
CUST_OJVU289PB8,0.027607182
CUST_MUZND6RLOX,0.024122927
CUST_0ITPXFMJ5K,0.019587552
CUST_KQM0236XSP,0.067330085
CUST_RJXHXV0C6Q,0.030367685
CUST_GFW8SUU3J8,0.057333954
CUST_SYVO0E1CZ0,0.02479004
CUST_69Q2VOBK4J,0.103968196
CUST_MY0GHGV31C,0.023008551
CUST_28F5E6VRQ4,0.09181042
CUST_YYTJC2DJX2,0.119548835
CUST_65U0H4BLWR,0.023992248
CUST_RZVGVDM7ND,0.02631473
CUST_9G8YVD0TBN,0.037968438
CUST_U5XQOXL15F,0.025396267
CUST_WU351N9FSV,0.030423688
CUST_U21LIPRT57,0.08173106
CUST_ANTUK7N6MM,0.09768455
CUST_HCO9X0ULYG,0.11700968
CUST_AVCYIM0SQF,0.037703622
CUST_SO5ZWI8KTH,0.08654589
CUST_ZUYSJ9QCEC,0.023098467
CUST_3NXGDW1I1S,0.08909407
CUST_ZLWA5LOMVH,0.025894461
CUST_5KQU3IEJUX,0.0294278
CUST_9OT744K4QJ,0.1393204
CUST_3XG196TWFO,0.108402155
CUST_BSOS39IHZ6,0.084683165
CUST_LWO569PHVG,0.02683331
CUST_6D4KBI0760,0.11155377
CUST_NU67JE6CDQ,0.09920325
CUST_KJ4URGUB7B,0.06929393
CUST_SPEQ9GG094,0.02535039
CUST_P9QQRXM4BI,0.16377102
CUST_ZEJPQP4EQB,0.074513294
CUST_9YXM24X3W9,0.12099217
CUST_YC9SCQ3QBY,0.15843794
CUST_NNHU2YQL01,0.12037892
CUST_297G0R4NHN,0.7402154
CUST_FCFSPR9IKI,0.033884395
CUST_N3OQS9AAED,0.028760541
CUST_CPBVXA6V03,0.043833274
CUST_VFZECN1VSF,0.041199323
CUST_LYSAYOH5D9,0.13696544
CUST_0HXIATYP7S,0.023121256
CUST_D6DBUUEIXN,0.10207446
CUST_JIJWVZXYTI,0.035876986
CUST_QW7FY50G9I,0.132019
CUST_YK4VV0VF1U,0.12409248
CUST_304924OLDY,0.026577912
CUST_TKWEE5UCPH,0.029727997
CUST_I25S4N9VC7,0.032638773
CUST_9YRHX9OD7C,0.0994361
CUST_UOX94UTR5J,0.12608667
CUST_Q4RI2DZZB4,0.0223334
CUST_J80WS4UG7O,0.021774352
CUST_68NDTC3LR8,0.041927785
CUST_TPQ333HZ14,0.07624367
CUST_JL6KMIWC1R,0.1864874
CUST_1NR3FBB8VS,0.7876165
CUST_U5FLEEU0FB,0.026196921
CUST_ZFN22Z9Z8R,0.11911646
CUST_O93QJF6720,0.76091087
CUST_Y9UOFYXEDH,0.02495695
CUST_T0HUUBB7IC,0.10537549
CUST_95UUETR7B9,0.039460003
CUST_QC80CR2ZZX,0.025625793
CUST_RM0V5C8PIJ,0.042062324
CUST_2EK9CQWL43,0.11618457
CUST_XSPXNL7WSZ,0.025389636
CUST_U64V4Q91W7,0.031164352
CUST_SM8WF5KVSL,0.72505766
CUST_1TELH0ZE2P,0.07546585
CUST_SAAQZMMECU,0.098039575
CUST_DVMHF0YNEN,0.024346376
CUST_XU2W5ZO68A,0.027172381
CUST_ECD6ZD86C6,0.03629959
CUST_ZJCY8XW6LE,0.027647033
CUST_TL8NW7WCRL,0.029702213
CUST_Y4V7YX6Y46,0.12735839
CUST_T3BG2O0OLV,0.018749593
CUST_7HBUJFO7I6,0.115492344
CUST_S25NN0S3BZ,0.11771074
CUST_LTDH6K4W8D,0.06722386
CUST_4YBXSFSCJX,0.027734926
CUST_VQ0NIO3TR9,0.02648359
CUST_X04M8W3HZL,0.124065936
CUST_R102GO1Z9K,0.03295121
CUST_N3CHOJETY3,0.10403431
CUST_M93MANJUCW,0.0720846
CUST_CMNB6QDN1M,0.18979453
CUST_IDBHY4AUIX,0.029299561
CUST_3S1G4DNIUO,0.03018653
CUST_8JGQEAA8CZ,0.020319814
CUST_KMF4BY4D9X,0.021467626
CUST_IHZKQRYXF0,0.7780793
CUST_ZHY87TNYLU,0.144793
CUST_1WW7VR3VOF,0.029055424
CUST_2OYIK4EVUU,0.06731307
CUST_DM804SXRJB,0.020536188
CUST_98DUG9TRNX,0.028504226
CUST_86144WOFRK,0.021086184
CUST_0H7HC5UQE9,0.0730924
CUST_GGMJCCXHQH,0.036672834
CUST_6ITN5OGD56,0.14290644
CUST_K3205UK1LA,0.040546276
CUST_PJV3YS2J1I,0.024042182
CUST_LUT2I8TWYC,0.11139081
CUST_NSPBYCB13M,0.021596393
CUST_HUMGAOCMZQ,0.0286319
CUST_RX3KDF4D74,0.11108543
CUST_IIMBIX26GI,0.023330936
CUST_DYS7TK2PD4,0.021468842
CUST_ZE8CG47QOP,0.13287634
CUST_3RH0O1QHDW,0.022248693
CUST_RWB25D3VAY,0.033614814
CUST_VURF6IXTV4,0.024627144
CUST_69Y42HWLSM,0.031425856
CUST_ECDA1KGQBH,0.87612724
CUST_00Z5H1WNGJ,0.10592643
CUST_R63WPYXSM1,0.10948356
CUST_Z0W28HNO0Z,0.028687952
CUST_3B55QOK0WU,0.10116903
CUST_2A67MR8G4A,0.03254169
CUST_0U7RHKG7C3,0.08809549
CUST_A9E7R0QDHU,0.0782172
CUST_NN0R23H6K4,0.07152763
CUST_8MOJI2E9R9,0.021548485
CUST_6C43Y7TEZB,0.12326345
CUST_C529WQ1TR3,0.061166953
CUST_7A9YEE3R29,0.022571674
CUST_X7GDX262EX,0.11645335
CUST_7PBG6KSE9D,0.018538494
CUST_DYAJBM2V2E,0.82537824
CUST_8YJSV92HKH,0.08925931
CUST_PUDU3XLIL8,0.023307497
CUST_K42OI4T8NG,0.08742009
CUST_XWT3UM0N15,0.1457424
CUST_0PDX4I4ZNV,0.1322342
CUST_G9Q58XM5GR,0.10010515
CUST_59YWS4X0DU,0.07955467
CUST_5F8PS318BF,0.032900915
CUST_586U4GD633,0.025731757
CUST_G6D3V6HEFC,0.023561
CUST_8VRITVRF45,0.020088809
CUST_9ZVRDWPR2M,0.05334999
CUST_YHTRZIKIFW,0.025916826
CUST_LAV0TUX1DA,0.14264053
CUST_XY8IAIWVUN,0.10168889
CUST_VPZAY4MJRX,0.08127284
CUST_3VHVK728R9,0.11916553
CUST_BBCL92L8TZ,0.0293562
CUST_NIKOAKTIF3,0.11950036
CUST_XA2R8F3Y0F,0.02295359
CUST_FPWMO291YN,0.8467712
CUST_7UDT19W6KN,0.1896154
CUST_641PEFOXKR,0.027927656
CUST_U9SHX0FJ5O,0.02940288
CUST_OVR8CB1Q49,0.029823638
CUST_G3ZLFIUS07,0.81445396
CUST_BCZ4UHCQPC,0.16247013
CUST_J8YFVLFR3B,0.124119446
CUST_YN1C159DK1,0.07486953
CUST_URWGW449G5,0.10023374
CUST_APHKP5WW7P,0.02446676
CUST_3AIEU4ZXOZ,0.124981135
CUST_2A8CRL3QTT,0.12932809
CUST_8L9JN01G76,0.03608676
CUST_SA70GJRIWF,0.10557184
CUST_PMRB4DBCFX,0.024130668
CUST_G935A2ZH21,0.026008155
CUST_TNXZ9M7S9Z,0.77502084
CUST_9VDNUQESJT,0.037516695
CUST_TFEKMD3TCC,0.026787153
CUST_RARXI7UDUQ,0.033054102
CUST_515JCSAMJ2,0.035187066
CUST_T5N3UCCC8S,0.8457576
CUST_82FGA3FZNO,0.1149333
CUST_SOE4F1SM7N,0.02594957
CUST_8TM4S92FAV,0.028596984
CUST_MMCM94QIPV,0.13144928
CUST_YLMKNG0L4J,0.76894665
CUST_TW5PGQB5H0,0.024638446
CUST_RVWHORBB18,0.12594843
CUST_RPO6J8U1W4,0.13230227
CUST_99RWHJNBOX,0.02124045
CUST_XEIGRWKVE3,0.030519325
CUST_7GTAH21VTU,0.036274925
CUST_ZC1VDLP1ND,0.09275358
CUST_9ZXGC6X2NQ,0.026054816
CUST_8KWU129KYJ,0.04654728
CUST_XQSHBO56WL,0.025373617
CUST_K6J7RJZ9QI,0.037602223
CUST_2PSGLOUWYJ,0.026643539
CUST_KHJMPZZ1TO,0.020845838
CUST_D1M50Q0OGZ,0.06874722
CUST_KIJD7N47W2,0.037613694
CUST_62L2PDACWD,0.032088168
CUST_ULE8X4Q0E7,0.031988468
CUST_JMKABOXWKJ,0.14363609
CUST_I4841LQVBW,0.8281466
CUST_VBN11PPY75,0.06798932
CUST_FMIY7DCPXJ,0.100560874
CUST_LLDVIA3MCK,0.023705384
CUST_Q343S1BO70,0.08593241
CUST_ZNHIHU9O9H,0.025383418
CUST_OU5IAXGBZY,0.07842583
CUST_8YA3REXM3E,0.09074319
CUST_9SAXQ7E9N1,0.8995307
CUST_UI7CTUR75T,0.023479652
CUST_8Y5Q30UIH2,0.03357157
CUST_G2BNBYUDC8,0.13001813
CUST_AJSM7BYI7V,0.030975224
CUST_YZ22MWZL83,0.12846963
CUST_8A6IPNJWI3,0.14893071
CUST_GRRVP0ANRF,0.024470534
CUST_HS27WCA6FT,0.11819979
CUST_OWVF9QDY6U,0.13329431
CUST_E907COQEPW,0.1141363
CUST_46JW7K8R0W,0.08049282
CUST_YIDXMK7GRW,0.08515404
CUST_MF6C7BO2SK,0.71956056
CUST_V42U5Z496U,0.87204987
CUST_JRIFG7WQUG,0.10294098
CUST_0FWKWS3D6V,0.09950734
CUST_LICL3YU5GA,0.13835593
CUST_2MFQCWCP4O,0.8326229
CUST_O8WGC4A03P,0.108856596
CUST_A7VK6NU19K,0.023914944
CUST_KDZDBI63KZ,0.08131198
CUST_ZNT9W6YKP3,0.025377693
CUST_019GV2XXP8,0.08867283
CUST_TNSW2F7ROU,0.023302296
CUST_9ZR4FIK34S,0.026386004
CUST_SF1DNV2D7Q,0.11565662
CUST_G0P0OAJC6B,0.03113616
CUST_7OUKPGO4KT,0.028597863
CUST_7OYQMYXK6T,0.83432066
CUST_P29MY0O4WY,0.02697839
CUST_YKJ3YLLTJ8,0.029894494
CUST_DH7MIWHQLA,0.034223586
CUST_PSSSDNBJ08,0.027315324
CUST_NTSMT4MGXU,0.09694155
CUST_IHMM9LJ4XJ,0.023234803
CUST_ZO6IMVVQJ7,0.023216061
CUST_QYAN657G5O,0.09560698
CUST_JR3QNSI3V0,0.0761571
CUST_SAX2ME4RUL,0.116847664
CUST_S7CTAYMF49,0.7444423
CUST_6FZHNNJ9E3,0.026533457
CUST_EUBEXB2X45,0.031380437
CUST_IWEUSSC1UW,0.034980677
CUST_H4E5XT5BEM,0.1164474
CUST_Z6R3WG4PH7,0.026570177
CUST_SXUYOL0MGF,0.12462711
CUST_ZEX3KLDI9X,0.8570188
CUST_615GV3B55Y,0.029786348
CUST_GJRVMFLU2Y,0.022129111
CUST_5NEV8BGXO2,0.08439928
CUST_8I47FCPS8B,0.025398634
CUST_DLZWZE3R7K,0.16239823
CUST_0BY8WC1QLL,0.026209477
CUST_ZPF7O7HXO6,0.0730832
CUST_E8L23KLJT8,0.14887194
CUST_8X1B2DIV18,0.10958072
CUST_S0XTRNZ9MP,0.027049499
CUST_LMBRI0EM1N,0.15507251
CUST_CL5M5WYMRO,0.021210203
CUST_N9YUN3U1GW,0.017673424
CUST_9VDV8145IT,0.018232524
CUST_TVFSDA3X9N,0.09818078
CUST_OC62RGABUA,0.030624585
CUST_3MXLRTW3DF,0.13676724
CUST_XI0PS3F620,0.024041114
CUST_L6WN442QDQ,0.040131602
CUST_AJXJO4KF3W,0.11075235
CUST_GTI7ZYVKT7,0.023949798
CUST_1009ZBTOE9,0.1608024
CUST_7P7QQR3WTF,0.03075184
CUST_9UVCVIT6C7,0.1482115
CUST_HZZKODNU8I,0.8617136
CUST_3I6F14T50R,0.75105226
CUST_Q51BRQX18L,0.8947679
CUST_WVVRZ3CLZH,0.025645375
CUST_6ZOZKCDBTN,0.09024166
CUST_AET56L0WC3,0.03240397
CUST_2P2X50OL3X,0.02286199
CUST_XWQ5CZB586,0.032411464
CUST_SUNTQBY8LE,0.036471162
CUST_KUXYANKIR6,0.06885716
CUST_MHNTNZU00J,0.02441938
CUST_PLLFERS9Z6,0.029080685
CUST_5UFUFDBCDV,0.022059374
CUST_6263D1JGRL,0.021931412
CUST_XFC30A0QLD,0.026123561
CUST_8LDPE353F2,0.028307771
CUST_O5E5THN2PS,0.11550632
CUST_L6CUFLGQ8Z,0.024933217
CUST_9DJWNYLD5B,0.027616324
CUST_DLO331TPLJ,0.029730761
CUST_VCJAWG9YB8,0.030832207
CUST_Z7ECLS0HHJ,0.038135502
CUST_506LM4WSJA,0.02420172
CUST_4388LT6BZD,0.11786515
CUST_27YN7ZKEOC,0.027131414
CUST_7WJMBW4YAY,0.084262215
CUST_ALZSLMRT5Q,0.09112202
CUST_QFQQ56WP3K,0.08259756
CUST_3QCJ3U7WBD,0.8155476
CUST_4TU1MYYM50,0.7603686
CUST_77N198AJIR,0.10972671
CUST_XDOL3F8Q4X,0.019935885
CUST_P7NKQJ5DIT,0.07162182
CUST_VG78XVQ45J,0.019983443
CUST_EATVIMDEVG,0.028287385
CUST_S80J26MKMC,0.026468422
CUST_889SYP5OLV,0.03362641
CUST_TN9V7PPDPI,0.06479679
CUST_7ARSLPZ4ML,0.102638274
CUST_Z7M0CELDWR,0.03616618
CUST_ECUN2Y9YCY,0.19235031
CUST_N9GTZAFH02,0.024946094
CUST_OEFQNDH2TZ,0.028116181
CUST_P9NFCSFSV3,0.057738177
CUST_GIF1BSVETW,0.88233596
CUST_QTMO6E8IDC,0.019922223
CUST_1PTD4HIG58,0.08626325
CUST_7VTLLBJHI2,0.02323035
CUST_AVGDSIL7LL,0.021902448
CUST_7PXF8T0KXX,0.80276734
CUST_KV0R90Y9WT,0.12363799
CUST_TOD2M51RB2,0.08196052
CUST_1RGOJ9NJND,0.02394052
CUST_YID0CSASRS,0.8082873
CUST_T80SZ9BDUT,0.84956414
CUST_502K2D9BY9,0.024300076
CUST_ICTQZPETOF,0.12823135
CUST_RPRU340WOJ,0.026449408
CUST_4WTM6NP83P,0.12043723
CUST_BIADUICTWQ,0.02030838
CUST_F3OYSQ3MG5,0.0250904
CUST_ZBGP1BO4O6,0.8933665
CUST_ZY3DAAL8JI,0.026102114
CUST_D237DHN5VC,0.019729057
CUST_IPUPFAGR9O,0.021639438
CUST_GX26D8UXCO,0.024589842
CUST_NJL6ZGT8QV,0.028505951
CUST_81BZ027QGE,0.08703831
CUST_WWD392EV3I,0.03264125
CUST_AQMIZ7R597,0.1371866
CUST_KCWPM37ZV1,0.026287442
CUST_BIUUICNO2Q,0.762761
CUST_T5GM6FGO04,0.12477852
CUST_4B6RV5CADP,0.8057266
CUST_W8CNHVZG04,0.032328866
CUST_J1AK8W7X8S,0.13825725
CUST_JUK0HSGD1N,0.07955013
CUST_MQEWHRLXPT,0.09050681
CUST_26VBEY6LEK,0.0927027
CUST_TJKRN48CC6,0.094326034
CUST_HDIZ232Y6L,0.03391567
CUST_Y1IBI0IWVM,0.033972185
CUST_AK7LUHRQU3,0.09860293
CUST_OJZ42OS9JN,0.13160193
CUST_I9LHH7VO9J,0.09674252
CUST_CTF9BHB8FP,0.10796278
CUST_NEUR3DIS5R,0.022188082
CUST_Y4RO8NFVK5,0.12840313
CUST_13TPMH3U87,0.035940308
CUST_YE0AQ1ABH2,0.02816376
CUST_EZXKZPEUEB,0.075685605
CUST_GESS1I8OY3,0.112652406
CUST_ML4BKVDRHA,0.028270533
CUST_VG901WONRI,0.86279047
CUST_0ZIVYEUOM1,0.13766393
CUST_J1214XVHEY,0.025119103
CUST_DP26VLT7FJ,0.8446385
CUST_TE4Z4VKWP4,0.08967379
CUST_FGEYGELOAB,0.10582115
CUST_BBL1UQH264,0.02971935
CUST_ZGKILWJMGO,0.1115061
CUST_7S9HV1PEK4,0.027534176
CUST_2V4P1S0466,0.15562515
CUST_KON50ZR8A9,0.039271425
CUST_TOCRB1PKDX,0.106850676
CUST_7BFZQH9W4F,0.028501606
CUST_RBE6Z8T16H,0.0959312
CUST_X29XJQ046V,0.073069215
CUST_10KRO71FMB,0.029240998
CUST_EBDZ2DI13F,0.040725484
CUST_338C62WI2G,0.03271897
CUST_LDIJX0KC66,0.09064555
CUST_TEVG8VTXGF,0.1359149
CUST_RHCGNVAYNR,0.105828226
CUST_7T86BN9G5Z,0.021343714
CUST_MHM7QOJ4BH,0.024557607
CUST_BCMOD5EGYY,0.022685988
CUST_LRPI9AX6J0,0.027760595
CUST_1DONXXA251,0.09589417
CUST_1OAY6BIH1P,0.027706573
CUST_86MZBRL404,0.7563267
CUST_3N75CNK32F,0.028460493
CUST_3ANZXPF02E,0.10992364
CUST_VNAP5Y6215,0.029452167
CUST_ZO35RNT9ZR,0.080556475
CUST_3E79RGZIMZ,0.108309165
CUST_1N6B2Z6B09,0.12071318
CUST_2LGA95A08B,0.12747867
CUST_5FHV3OTSX1,0.03733502
CUST_X753KG69ZV,0.022413945
CUST_1WJHJF8DVV,0.02454679
CUST_HHW8E910MJ,0.09598283
CUST_IW6ZFTKGXD,0.025972938
CUST_AG654NH58Q,0.093988456
CUST_HC29JOS9AS,0.08514389
CUST_9TQAS26WK6,0.110200204
CUST_AI341Z89EU,0.11107424
CUST_M3QVY3X90Y,0.02331528
CUST_0IZJKGJ7FB,0.09886769
CUST_AYNVGO2JHW,0.022579897
CUST_96AHA82WW8,0.85497946
CUST_JNAD05CG2R,0.028278505
CUST_RUJJ7LF3ML,0.023535853
CUST_XNDXVGYHMI,0.11700671
CUST_GZXK60T713,0.17781007
CUST_JQRS24Y9EV,0.023685236
CUST_K3UKJ9X6EX,0.12218977
CUST_F2YUYR0SL9,0.023858938
CUST_RS14GN4QFB,0.13044116
CUST_76ATVYTUJS,0.03529801
CUST_DPM6Y24VZ2,0.07012378
CUST_GMSVDQ1ETW,0.02545508
CUST_JSELQSNA4U,0.024452066
CUST_L0PBKI7PLH,0.026683487
CUST_62F8SP66S9,0.024314778
CUST_GEE5PIV50M,0.03585901
CUST_I7U4GH4E8Y,0.10205796
CUST_FIOY5PYGPD,0.081554435
CUST_24R4IHWI95,0.034610912
CUST_2ODEW99OW1,0.038451735
CUST_CR3FTC6T89,0.025461461
CUST_9IDZ9FEXFN,0.08751451
CUST_8BILR64CAG,0.06435243
CUST_RM7YOJ9CGE,0.8848672
CUST_086YSTUQDR,0.023482975
CUST_D2AL7YMRTS,0.028178016
CUST_S7TNFW5REK,0.024548749
CUST_NN6F2M4MS8,0.1207613
CUST_FVH4KBMGDV,0.031952247
CUST_7HJ7J730PD,0.1369003
CUST_I2M8DMZDS1,0.03684889
CUST_J6EMH8IO1K,0.033945788
CUST_KKCXPO1BWW,0.027867917
CUST_VR6TQF58DR,0.072963804
CUST_VLCW059N34,0.032725863
CUST_2UW4OHHWEY,0.020010902
CUST_KW2UNYILU9,0.10634751
CUST_JJLT8GNX4J,0.018410718
CUST_BGNV5LJDP2,0.025256168
CUST_5UPPNKHFT1,0.071679726
CUST_3A3A25AOZB,0.1410852
CUST_VZ2ONZH6NF,0.038325567
CUST_VG1YKWPGXF,0.17417695
CUST_Z33YHHVRB1,0.022305544
CUST_18AV1KD5H3,0.035296768
CUST_PDUG9H4MK9,0.13028401
CUST_SWD9088OO1,0.8844632
CUST_YLV3HFX8ZW,0.03376106
CUST_SIHTKVDR2O,0.019448066
CUST_AF39NBNZJG,0.10259994
CUST_HHBWKY9ZXU,0.03327984
CUST_5ZX7ILP4JQ,0.023364915
CUST_EGWJO0HWTG,0.053975716
CUST_LKBL2U1L6V,0.15801668
CUST_I4YH2I43P0,0.033765197
CUST_VGVM1BJY4J,0.7298237
CUST_EQG2JIWFY3,0.124587916
CUST_9NXKXNXTQM,0.027899211
CUST_1F9BO86BSQ,0.09846934
CUST_QEG0BOMC8J,0.025190143
CUST_46UOJREAS6,0.026356734
CUST_I0VADP8FWL,0.025804773
CUST_QB80O1WYXH,0.087400004
CUST_4940J3OEBR,0.11040014
CUST_GV3K4M3TSD,0.08614412
CUST_MXJVJI81ZZ,0.028390946
CUST_RRYDVSH8DK,0.027492031
CUST_OZYQR487PO,0.024114752
CUST_8XTHAAXZ2O,0.029855022
CUST_ZIOXZZFINC,0.03868392
CUST_UH85G0AXFF,0.104022674
CUST_ZE8MNXDJ77,0.10452226
CUST_7VM4N6PIEK,0.029056495
CUST_5SLC5X35VO,0.03453458
CUST_62D8ZK1GJO,0.15450408
CUST_LF4KG8F3PY,0.022561423
CUST_9CB7NB71A1,0.026418326
CUST_AKGQ6XLQWA,0.11099507
CUST_I6BMXDLV6U,0.09945463
CUST_1BCPH5C6T6,0.72571135
CUST_J5XRPSTINN,0.025846202
CUST_DQ796L0UD2,0.024217011
CUST_RHNIWGEEZU,0.033924654
CUST_044XSUF0HP,0.10163872
CUST_9UDQM8GQLM,0.022979816
CUST_15QY1HUWMD,0.026705349
CUST_YVU73IWWW6,0.09956928
CUST_49CZJC4KU0,0.09460737
CUST_JMKH6PWIHZ,0.0773469
CUST_ZWY5YLGFNA,0.09413746
CUST_MGWVM48QZ6,0.03495063
CUST_YH7XAS72DI,0.14075229
CUST_DE0TC5IANZ,0.121231906
CUST_S3E8OEXTYD,0.026787965
CUST_3CTN6T9XIM,0.08675826
CUST_U5DQH3YN3Q,0.02905138
CUST_IB5YF4D3NU,0.042345267
CUST_PIG1HO6UXK,0.030425092
CUST_C3KCK6M5D4,0.07385073
CUST_D7HOWCZX78,0.03190586
CUST_L48DDK3DS1,0.8211701
CUST_ZGSAHTFA22,0.0921163
CUST_SYV1CB1BAD,0.8840029
CUST_4C6SS12XE9,0.11539681
CUST_5A1TBVV6ML,0.03764098
CUST_8FEDNXFXXI,0.10239213
CUST_HZ4VN44WSF,0.023449874
CUST_9ZPSIFYHO8,0.08149152
CUST_SA2ZNJMMA0,0.15964662
CUST_Y2E7E82XHR,0.15673527
CUST_F3CPZ0E6ZV,0.025487516
CUST_XVTNW038CG,0.08190948
CUST_GD755TE2R4,0.1137074
CUST_A253F68PUS,0.026600169
CUST_VIPJ4DA8NH,0.02680742
CUST_SONQ9TEAN6,0.09623696
CUST_UWQYOMB3Q3,0.039578572
CUST_M18PZ2LHYF,0.02464985
CUST_2KPUF0E5S6,0.03470296
CUST_V53KS218W1,0.08029186
CUST_FAB6IUMN6U,0.029224178
CUST_WC67AW9EFE,0.12754326
CUST_S6ALQNV7CZ,0.08363873
CUST_E7V85VB4QQ,0.022942323
CUST_GY4UTKLGFT,0.80661607
CUST_XKI4CWJJQF,0.13067095
CUST_DOXSF7NR5K,0.032506786
CUST_7HRAUNHTTK,0.066133514
CUST_CCJLTO1ZBM,0.8937484
CUST_A2MN8I78BA,0.028035803
CUST_FTHGPNC1J0,0.022179626
CUST_VO9G0XR484,0.02427765
CUST_80APHSYY96,0.8362101
CUST_WAQ7CCSXP1,0.13578807
CUST_P739SODHG3,0.02378289
CUST_9HD2WL7GVF,0.026551716
CUST_85BEB4FIEK,0.09201081
CUST_419FF9KUGV,0.7435511
CUST_1W0NTFU3TY,0.020079874
CUST_9A9C0FL9FA,0.028945414
CUST_UNX6U0X2W3,0.023040269
CUST_KOUPYT55IA,0.026200833
CUST_S6W0PWS1PZ,0.71021223
CUST_PI32W79IJ6,0.026444146
CUST_4TYTINO3HW,0.030658439
CUST_RJ2W9DSAE0,0.021334691
CUST_V1XZM2O872,0.1372547
CUST_OB2FQTV8SL,0.08836674
CUST_YVPB6JIB0O,0.10321044
CUST_PXUGJ8VN6Y,0.018826729
CUST_KBCITMSYMX,0.028981153
CUST_YTM9T0WH6U,0.02291355
CUST_VO6OXMV3Y4,0.05428191
CUST_1I0MEKXT4C,0.13387577
CUST_26MOOA3V8H,0.040271584
CUST_LARD2P7HRX,0.019179367
CUST_68L548WABM,0.027053483
CUST_TI67X02F5K,0.12554993
CUST_7VTZDG2FAP,0.091486484
CUST_B9DQO1ZA96,0.026936134
CUST_QZ5J0YHLR3,0.10322368
CUST_N6PB5PWO3E,0.06493651
CUST_IT6WNRYKBQ,0.034779195
CUST_UGA512VLKZ,0.07580134
CUST_R4B2KRN906,0.08292484
CUST_2MVCNC9D53,0.087097056
CUST_5DY6V4Q5L9,0.028799802
CUST_623CJRAQYQ,0.07911418
CUST_GRUZ8CPJUC,0.026445443
CUST_2R3DBDBFIG,0.037597023
CUST_2N86T4X5Y2,0.031413
CUST_PWUZUMEJJ2,0.12835921
CUST_4UVU4NQQ0M,0.10539476
CUST_2Q1WL4K9AN,0.77186614
CUST_ORUR26DNEG,0.029438868
CUST_5K0WMB4Q19,0.023510104
CUST_1K25GLTCJ7,0.124392286
CUST_6UTURJ1X5R,0.81311333
CUST_9NFVUDUXVQ,0.043916717
CUST_NVYQ0ZBWE2,0.026413621
CUST_MW7KHM2Z71,0.032966364
CUST_RFFSQ69DRM,0.024872804
CUST_7AUIS8U5I3,0.029862335
CUST_VD5GRNVLCY,0.021555856
CUST_5K9S954WQR,0.023128238
CUST_4XNFE92KY1,0.15037377
CUST_1P77EDPWCB,0.8624125
CUST_ZEGSK5YKW2,0.023276899
CUST_7TJJAYSJVV,0.027377168
CUST_IHEUYWCEZZ,0.029792964
CUST_CHWEUPOQKK,0.027904369
CUST_4N9CEU17EF,0.027472373
CUST_W8A1PZZB1G,0.10576913
CUST_PQFIBGLG9U,0.025785306
CUST_370VDG2OM6,0.019924346
CUST_VMLY0T3H5E,0.024604023
CUST_XPL6N0ZIEL,0.67008215
CUST_C8HGV06Q1Y,0.15740122
CUST_4FKMXRJ7OI,0.02176455
CUST_TVN7QNRLX0,0.07597525
CUST_NNK3OYJDDF,0.07592475
CUST_6QXVI8W0L5,0.02228591
CUST_9QB1LGR08N,0.02713253
CUST_JEU307560N,0.023022957
CUST_MJAAFXJVDS,0.10725777
CUST_G30AOP6I1O,0.14724286
CUST_MUJSCF3XKP,0.072556786
CUST_52Y05WMBLU,0.024103034
CUST_O4HFX3ZRLL,0.8404266
CUST_QL2KZI3WVJ,0.115699284
CUST_GHZL2GN67H,0.1374205
CUST_99WUB41IM4,0.02856771
CUST_A2WA37RUUD,0.78472936
CUST_NCA5RIWC9L,0.02740697
CUST_XQR0405Z32,0.028626557
CUST_FFMQTEWMNP,0.09513412
CUST_HSF35WM161,0.040871374
CUST_XJWRE76B3S,0.031430397
CUST_849GBYOTQA,0.06443896
CUST_Q16EPC9QUP,0.021112446
CUST_8D1NHZX37V,0.10518612
CUST_6P1AAS9BS2,0.078841776
CUST_06TPNOGLJC,0.01914415
CUST_Q1EF3ZJ06P,0.032168362
CUST_FID111W2DQ,0.02430387
CUST_IPL11PY16O,0.02647502
CUST_6BX2BYY2ZZ,0.07851407
CUST_CHNAOT2AJF,0.027375054
CUST_6OSJ4SDWV2,0.053784437
CUST_ZFT0SUGN35,0.0302962
CUST_WZ35762LHB,0.035290595
CUST_P4TEN897HC,0.14566772
CUST_NLMOFD72KL,0.085578755
CUST_2WN9920WMD,0.028878435
CUST_WZITDSUGCZ,0.10716174
CUST_HBLOSGEQFI,0.036367383
CUST_FQBI6BREN0,0.05809461
CUST_UQWIU51T2S,0.85291106
CUST_2IJM1TE9ZI,0.10692234
CUST_JEZZR5ZFUA,0.01996809
CUST_CFB44BHC9F,0.031025033
CUST_M05FVNPSW9,0.03566897
CUST_J3A7FLKMGS,0.10657272
CUST_A1XPN83VV6,0.028395375
CUST_HQKCAE0RVZ,0.13502702
CUST_QGMS8LSBHI,0.8645194
CUST_MYI7WR6W1W,0.024201889
CUST_P2R5VD79W7,0.10500288
CUST_UJSHT07CYR,0.038627405
CUST_9VKUG3D2ST,0.028050156
CUST_QKL9OC6OBN,0.026573611
CUST_OD7EO7JT2V,0.08718655
CUST_EG2VM7ZCW0,0.1303091
CUST_1A0YMRE2V5,0.03741778
CUST_3QC4PBNBKS,0.026248937
CUST_QH0S3CQ52L,0.032487515
CUST_Z57WKJC1UK,0.07530927
CUST_TSPND6X31S,0.0276477
CUST_M0XO1A1D6A,0.025847854
CUST_NT62W6BSFA,0.021496765
CUST_1DTLORUBB2,0.023558762
CUST_IV51ZPK0I9,0.03719049
CUST_5YJ83TYJ73,0.026760824
CUST_O7U0VCX8IG,0.024655681
CUST_ZBJAYGVGGK,0.067965396
CUST_C8FOGXYQ5Z,0.11833293
CUST_YWO2OPF68U,0.07374637
CUST_GT211D5CAT,0.031134801
CUST_HFINMTV0W2,0.025885366
CUST_YCKXSYNWY0,0.1355473
CUST_4DI7T8IDIC,0.08521091
CUST_4JTRQ70T0X,0.08462658
CUST_J2FC2N9LDN,0.10323189
CUST_K5DA0PNEGI,0.8526823
CUST_DZ879YQ5XU,0.08922389
CUST_VS3J9YD4OD,0.026871894
CUST_AHMV2RG0VS,0.039074827
CUST_LGZCBUH0HF,0.033998813
CUST_K0FZKKSXSE,0.032150473
CUST_GXXBFELOBU,0.03095836
CUST_LVFPN3J9Q8,0.02213212
CUST_7HOCWWFXT0,0.14261974
CUST_HYV0VH5P3O,0.026247177
CUST_N7U38KHDP2,0.028519282
CUST_9OHXSEV3JJ,0.025450006
CUST_AHCAV0CVSQ,0.023489105
CUST_G69UDNUC6R,0.020278081
CUST_TLG8WEZ4P8,0.07867829
CUST_N26EETXSW4,0.023606675
CUST_JB6W5N2JLZ,0.04889919
CUST_H8EKQSY2MP,0.089458056
CUST_AX7VE7PFWK,0.101929925
CUST_LDECYN0OA5,0.030552857
CUST_SUORMBHP00,0.1520608
CUST_41KRMMS07T,0.1725023
CUST_746KKVD0Y0,0.11489509
CUST_YWOL6PPH0B,0.025827564
CUST_DLC9D66UI3,0.8609609
CUST_GRYRJTCVU2,0.036362804
CUST_CQFY7180CP,0.13863344
CUST_HU3SFQ1AR2,0.024267212
CUST_DXFF5QMODU,0.07703842
CUST_YLDE98CQZP,0.020987522
CUST_A9S5UZO4YE,0.03181588
CUST_56TTAF7YU3,0.101684295
CUST_VGTNAVMPGV,0.025805349
CUST_94P03AI2SI,0.14880744
CUST_N8RCX41HF5,0.029774802
CUST_AI6SULRZE9,0.1766028
CUST_51OKUM2B3I,0.033991862
CUST_EEEOPAIYQ2,0.097713195
CUST_0OOK8OQ5R4,0.030579915
CUST_TYGJUHHBQA,0.04201916
CUST_RYO0KPMRJN,0.022696968
CUST_45AJ8KO7EM,0.07533673
CUST_W6CZLP1IWB,0.8275035
CUST_X6KE4SPTPA,0.025066506
CUST_Y2UF7012XH,0.028877564
CUST_KKV7E0TGYP,0.027789205
CUST_9A500SHLDW,0.023693105
CUST_7SZ6JYSI2S,0.1495887
CUST_LBARBISRGF,0.023785088
CUST_PDKAQ2LP4N,0.021005312
CUST_U39GE3NZ23,0.025970133
CUST_F274E570KN,0.018377563
CUST_2XAPCHL244,0.12353013
CUST_IJNZNCVT3E,0.02410995
CUST_CK6JDBJ6Z7,0.08507508
CUST_QRR7SQKK5R,0.026324634
CUST_8WYI0XOJR6,0.024020175
CUST_KHEKI1T2FU,0.034886673
CUST_94CK5NUSM6,0.07423614
CUST_WPOL6DX1UE,0.034831278
CUST_NUW11S0JNP,0.02590159
CUST_88I23EQORR,0.0911033
CUST_TQOYP9QW73,0.02758654
CUST_BA3HSBKP44,0.8610528
CUST_KDK17W9UTG,0.020702811
CUST_HLZB3TT03Q,0.027358605
CUST_N0VLV5EJEQ,0.07890767
CUST_W09NS0PMAS,0.02275479
CUST_9JSGSC9SN6,0.038160864
CUST_PB80CDE56E,0.026999956
CUST_JDU5IFSLH6,0.023125721
CUST_5D324OE90R,0.02788816
CUST_T13WXJLDD6,0.07782703
CUST_KH5K82W4SB,0.12837252
CUST_IHTBP9I2DT,0.029596591
CUST_FRMTUDVQ4L,0.0412671
CUST_NKFMQUH9UM,0.09625973
CUST_AA29UPG8ZM,0.12359235
CUST_RNENPG71QE,0.01837335
CUST_0QSPX312OU,0.14262305
CUST_I1WOQF0K7B,0.12565924
CUST_IZXLGYG7U5,0.07377013
CUST_FX7UJC7WYE,0.018890144
CUST_2TK4I0UGQ8,0.036654133
CUST_1TU2F7XZD8,0.023433225
CUST_3BO2G8A0UF,0.0770998
CUST_LI93KNHQ6G,0.030626195
CUST_O8JZ51WQVT,0.034376144
CUST_I2K9P3GY3U,0.1715633
CUST_1Z65JTBTIT,0.10564383
CUST_SKWFXL0WAY,0.044167317
CUST_VN23YIE2SR,0.089390285
CUST_63VVR9WY87,0.15490879
CUST_WRS3H3L3LG,0.021052765
CUST_3IBE8J57AZ,0.031271257
CUST_FICDDHYUIG,0.019965203
CUST_OZWJE7Q5OW,0.026722742
CUST_O1EM17E24T,0.17658174
CUST_L1R56S9M4F,0.02326345
CUST_4KWWDXSGT3,0.073175445
CUST_QAPQHHGT36,0.8594525
CUST_T62AJC9FZU,0.022800967
CUST_EFCBJORM7Q,0.019218538
CUST_27W24ZYKCN,0.023612665
CUST_ZHI602ZRB6,0.0965098
CUST_VI5TTWQK8U,0.7521703
CUST_1IERCAY9NY,0.029769953
CUST_SY3ZLCY6JY,0.033044145
CUST_AI539861T3,0.026377479
CUST_UAY3BLIJ7U,0.10507969
CUST_C06XV5R1SO,0.022646064
CUST_4LIH09DG5C,0.061703052
CUST_89P4U177QV,0.02695063
CUST_8BGWXE4QVI,0.024315462
CUST_PW8YW07C5B,0.022968706
CUST_DUOTO2PKIY,0.87837803
CUST_UKCNW9V39E,0.084451325
CUST_D03D8AEAWE,0.11455968
CUST_JSUWVJ86KG,0.0909828
CUST_WR79S5NLE5,0.124344006
CUST_6QM5LGLV05,0.032857142
CUST_HS2RFB40D3,0.11741849
CUST_7F6OXGBXXL,0.02303859
CUST_NLBB7MAAIF,0.114097886
CUST_1BE9W2DBR7,0.023859704
CUST_8CN04GDZ1K,0.024742099
CUST_GJ2RB3UO62,0.021239886
CUST_KFU5YRE09O,0.07142657
CUST_2X6Y7S5PXQ,0.022919511
CUST_DLE450EI3C,0.8578622
CUST_1IICVQ8B2Z,0.030610947
CUST_ALPJ15DFOF,0.025910355
CUST_HAS2PYO5J1,0.10890844
CUST_XF4L246KX2,0.029498534
CUST_CQAGJB4O9D,0.13220444
CUST_RMOSSYROT1,0.118812524
CUST_7OQ0SVTSPW,0.023083948
CUST_1KIQRJJAIJ,0.093578175
CUST_9VORIFZBH6,0.13409898
CUST_VI4M7FFNP1,0.026405627
CUST_ZD7JN8XWZC,0.16225798
CUST_AHSA3YKFWJ,0.8830888
CUST_LZ32W0DOZ2,0.10627208
CUST_Z5ACZAU6WX,0.13224399
CUST_FSKGYW7VWC,0.02303634
CUST_Y1LVQSTQZN,0.12313974
CUST_JXJZ5EHYTQ,0.7272456
CUST_TOYH05ERDB,0.12302451
CUST_4QJD9TXS8W,0.12598915
CUST_J1BU20UXLC,0.16323692
CUST_4SLQTGPX6L,0.028819872
CUST_QY2LNSMBZO,0.07784325
CUST_79CNG8PYCK,0.08633134
CUST_MBLLK07PR8,0.02097704
CUST_4W3ZVO06LQ,0.023963869
CUST_CF2QAZQ506,0.02432826
CUST_FKZFZCGKR3,0.88409525
CUST_E8RYHGE1M6,0.12048413
CUST_TNYXXRMBRN,0.8634185
CUST_OOQGS4QYKP,0.1358592
CUST_7JVSGC2LTS,0.026348121
CUST_L7LSN86APD,0.14895289
CUST_V5N0OQQC99,0.8256377
CUST_ZSF80K5VTQ,0.122461714
CUST_JKUIPXRHQ3,0.019877959
CUST_EU2VJW0D31,0.67463255
CUST_PYK7OLJPJG,0.028505052
CUST_OQG0BUL10K,0.09253283
CUST_8AY6YDIE4P,0.03049293
CUST_LBBAN96RFC,0.121640824
CUST_RVDW1SNAUR,0.023420243
CUST_7TJBPXWCTD,0.13277817
CUST_8HKN0E989Y,0.14683336
CUST_MH9GTEIVX8,0.04041602
CUST_XUQPKMTFJ0,0.025639562
CUST_LL4FSM5A79,0.026678955
CUST_UA10MIDY2W,0.116568
CUST_2HUJE6JEUQ,0.036456186
CUST_7A9R51EXD9,0.0253215
CUST_M667NBRREX,0.038415
CUST_QDXWUOERVM,0.07438781
CUST_BXY7YG4NF1,0.04091303
CUST_I23HJBROOB,0.021955647
CUST_TGJ15SRBYI,0.1495712
CUST_H5N8AHR3VO,0.8948043
CUST_JE2NGVSH9W,0.02218024
CUST_1BKINRQVAZ,0.030232623
CUST_UA9MHQO8OU,0.03462829
CUST_6F6GM03TIE,0.02648108
CUST_0MBY4NJBMJ,0.85386735
CUST_13VV8H3EIL,0.20258647
CUST_B8NUAMK9XE,0.022257403
CUST_KXEX139GYB,0.14101706
CUST_U61IFERP29,0.028877625
CUST_XAGT5VTUCT,0.029121034
CUST_810NTIBALL,0.026755495
CUST_YI4ZULH4CL,0.08453826
CUST_00R60YUBF3,0.100199014
CUST_9T0T0S5P1W,0.031571772
CUST_399P9981K0,0.1331175
CUST_YC0V93VB8V,0.10354106
CUST_P2SB0N7E6N,0.022597088
CUST_YLX8CQ8L5E,0.02857767
CUST_OP1JATVJZB,0.86546254
CUST_O94SRGB5VO,0.025106372
CUST_FL1Y64MDAY,0.025755737
CUST_D5H8HIJTOY,0.8585668
CUST_O3XO17FQZ2,0.08532292
CUST_LYP3G0NWGR,0.100582965
CUST_HHTBVBLDHY,0.027246324
CUST_ERCTE2494L,0.88016224
CUST_OC29QLAWJA,0.03488991
CUST_VLSNLQZB3Z,0.022626406
CUST_MTDMAG9YST,0.8754
CUST_VJ055RE8HZ,0.030203138
CUST_VQWGBI0OS9,0.039739795
CUST_1SFBPE0POX,0.033707198
CUST_6Q4U2E1G7Z,0.11020807
CUST_LXU81LU3LA,0.024343437
CUST_KCB2TQGKJ4,0.7875322
CUST_BXSPNVGOKI,0.7929006
CUST_K5Y57XPS5Y,0.13037162
CUST_29DZ7IZ81Y,0.032140546
CUST_8RUCIHPPR2,0.02990517
CUST_BZ1CRK371J,0.877653
CUST_W535IXMACX,0.024298882
CUST_W9H2OTV3FD,0.7194411
CUST_PJDXACU0IO,0.021172436
CUST_0M57QRCR0H,0.029011266
CUST_9AZEJ61OSW,0.022153178
CUST_OX6DOVQLCW,0.034282256
CUST_86LCIOKD75,0.038520418
CUST_ID5YVRKZDK,0.6175
CUST_02K0ENG63P,0.040523622
CUST_G16U5YLB87,0.11213774
CUST_4MFSNYIOFT,0.033042766
CUST_2N1E5OBSVQ,0.036477663
CUST_TN3TXN4J0C,0.043460753
CUST_EYBS4VDXAC,0.037772246
CUST_1MFF68WS9Y,0.087890156
CUST_NL8NL32VQH,0.018351968
CUST_AOC80X37NX,0.024699092
CUST_XBUDFOI4JG,0.021771511
CUST_ZQR3Y2O75N,0.025538102
CUST_T3HVVALKTN,0.020781063
CUST_IWSU7BPFIX,0.023516841
CUST_9ELGIUUMPX,0.026310228
CUST_L5ABXU7UR4,0.102358714
CUST_4OXAR61DKI,0.10029028
CUST_VIYZ1AXWVA,0.1637456
CUST_IWTS120ZRX,0.071116276
CUST_3SLOZPSITP,0.09257304
CUST_4MTVHFO7PM,0.10699171
CUST_28XHQ8FZDB,0.10431221
CUST_1QM7UTN5LF,0.043188605
CUST_KWHPDC74HB,0.023749638
CUST_4F5XNGWMUP,0.13784459
CUST_YBR75QU1EH,0.027960762
CUST_WDQFW4TAS9,0.021996394
CUST_ZX301MW0DP,0.036517743
CUST_LA9DHTTCU9,0.023753377
CUST_V6DVW4RVNU,0.08239741
CUST_Q5PEXVXJFU,0.112369716
CUST_UNJJS8O45Z,0.022805
CUST_7YY0BEM8AJ,0.03842844
CUST_DMT0QI1RS2,0.106325485
CUST_6TVI6XNB55,0.026414651
CUST_7SNOLP9AYU,0.02013854
CUST_SZVGSCN3EM,0.15896174
CUST_2MFS8ILKXI,0.029030206
CUST_06AUYH4T2I,0.034582634
CUST_FUDMTLPLM1,0.052735552
CUST_YW8DH60G7H,0.7096755
CUST_7OMM6WMYRH,0.02307255
CUST_HTEDHMGN5L,0.036609977
CUST_A0Z7KFX6YK,0.029901605
CUST_7PSY0PEEZW,0.025130566
CUST_4GHDVTTZVI,0.020470485
CUST_VDYHD2U7E0,0.08745273
CUST_PJZV0CX2A8,0.024256464
CUST_WK0ZW8RAD0,0.031221319
CUST_FTOJBBSY66,0.02803435
CUST_GG8S21M90F,0.065787636
CUST_QDG4HHMDRU,0.028328056
CUST_Y3E0T1988R,0.027294956
CUST_FRD5NWXBRV,0.031653073
CUST_DC4II8LBX7,0.027825307
CUST_HA322SHCPQ,0.023605695
CUST_QDNWLBJK75,0.033559714
CUST_H248EFC9U3,0.1278427
CUST_4XLV8OX126,0.027378084
CUST_IZZ0LWGO5K,0.03476062
CUST_ZCS7A70TSH,0.11407237
CUST_XKTTRU82YK,0.04008288
CUST_14D3G49RJ6,0.11262164
CUST_GE918MAOCW,0.028679736
CUST_X112L8IABP,0.11773934
CUST_XYHCT5Y61Y,0.08976365
CUST_KME87O9APV,0.07524209
CUST_D1ZYGOH43F,0.019982938
CUST_ZAN08SJP5U,0.020079827
CUST_JT0N1D1ERP,0.86310357
CUST_MV998AG9CL,0.047937926
CUST_ETPC6AAHSZ,0.041070208
CUST_DTAON6HCHK,0.08860322
CUST_KQHNZHZRGN,0.045171417
CUST_X63GRLN8HZ,0.08419224
CUST_EEYK6F0JKF,0.02711743
CUST_KHO5OO34NP,0.03524641
CUST_JD15797UR5,0.81022155
CUST_UDHIUEPD87,0.024724467
CUST_M3HFITW9IA,0.8063908
CUST_YYYWIZW4HA,0.031701602
CUST_EMA8ICN3NO,0.16344154
CUST_7IWB7I89LN,0.83431536
CUST_SNZNRW4M44,0.02329634
CUST_9KUAXPMDTI,0.023106663
CUST_OAA67TQMBY,0.14804742
CUST_I8HSYRUXCJ,0.026155975
CUST_44K9NZPN07,0.042456727
CUST_7YOFT3DLJ8,0.026722746
CUST_TPBE5N4X5P,0.029236063
CUST_VOQZBIN86U,0.035141587
CUST_PVMUECXW58,0.088127375
CUST_YUDNFIWPIH,0.08958849
CUST_IGQDYBPYXX,0.11875854
CUST_IC5JDA8L4O,0.027397478
CUST_EUY5F96A53,0.12779
CUST_LPQCRHPHSJ,0.034618497
CUST_KTPCT1Z8C1,0.021796167
CUST_QXEZTAC0NG,0.026106939
CUST_Z5CVUVYD9J,0.025573578
CUST_W47BPRH3HF,0.03671611
CUST_N8TYQOE00X,0.033010103
CUST_JK5EBTON9J,0.028130086
CUST_9FEH2BKYXZ,0.027062107
CUST_7SWDB0LZKL,0.03313296
CUST_L2KOHW2SC2,0.082775235
CUST_QTDCFP14LJ,0.029479204
CUST_T3N1TZA9FZ,0.8628398
CUST_ODNVL5SUKR,0.031866305
CUST_OQOMDXMOJ8,0.048492692
CUST_57POP5OMPM,0.02120761
CUST_95XTHS7CD4,0.18429884
CUST_N6W9F9TEET,0.11326506
CUST_F5C9JBF42J,0.024297515
CUST_JW038OY2NM,0.037912264
CUST_A8JH0IOO9X,0.09408051
CUST_SBLVJS5ETE,0.8213648
CUST_O2IM5N7PHM,0.09288146
CUST_0T2O2IVD1F,0.089914784
CUST_IVQ73HYF1M,0.0875072
CUST_62WTQVI04D,0.13793069
CUST_593EWDIE5Z,0.033562806
CUST_6V15IPO5LX,0.036231644
CUST_AQDFV7UQFB,0.028699134
CUST_A0E7XPG62I,0.028435238
CUST_W26DGF4PD8,0.034808066
CUST_K62J6MO5MP,0.11159789
CUST_S25MRW4GDP,0.10898607
CUST_1ZH9RJIYRQ,0.03230195
CUST_OJVARJY6NF,0.075456254
CUST_IV44NBEXZ7,0.10134278
CUST_8X2Q6V3P5M,0.03478921
CUST_BCRCXW29KR,0.029562788
CUST_H2U8XRHK9A,0.10565197
CUST_5IML8QSI6J,0.07204047
CUST_2K7Y5RH5J3,0.021926435
CUST_Z99TH3KI3A,0.024513109
CUST_MKEE27DTD6,0.026962081
CUST_PM3R8GX7CM,0.025801709
CUST_C34QPR194X,0.099513344
CUST_FPPUK8RSKN,0.028884113
CUST_QPJZUE7KY9,0.023864564
CUST_8MDJZFU5A7,0.024840452
CUST_CWP2T9W7TW,0.14681403
CUST_GM2JR0M0EN,0.09074922
CUST_H2JFDPY65Q,0.027444739
CUST_4PH0LR3638,0.028772825
CUST_J5QA7AMUZ0,0.80977833
CUST_65LBBXC0NH,0.14163354
CUST_LZA8NYA3TL,0.026768873
CUST_3PWNN132NW,0.08314844
CUST_B64PY2Z9NB,0.03193946
CUST_AQQ3E68DXP,0.02376822
CUST_86WGVLRN6I,0.15457754
CUST_6OFUIYET31,0.08353914
CUST_LCF7KHE2H5,0.06911058
CUST_6FCFNF6LTH,0.024975326
CUST_PA55NWVCQX,0.028645054
CUST_6P7TMSVR5E,0.8829289
CUST_I2G5XKXR2A,0.019916048
CUST_SW8HV2WDIY,0.7850382
CUST_W65JSO5REU,0.085172765
CUST_V7BDIFUD8Y,0.12069548
CUST_HDR4OF1P5E,0.023494044
CUST_D5A6TNI9EP,0.020129878
CUST_86JCPN891I,0.02585638
CUST_SQSXJ8H2OI,0.073596224
CUST_31JWKEQ4S8,0.07400432
CUST_FJ9AW8ITD0,0.022333441
CUST_ZES40AKL9N,0.18953453
CUST_9D9Y97ZBG6,0.7554778
CUST_WKOCXMHAKF,0.10980292
CUST_LRTC08KJGU,0.023044601
CUST_AYZG6Z89Y3,0.02290325
CUST_25VQVWXRG5,0.08974226
CUST_SANRVV1RJS,0.12243287
CUST_5TDPQLDJ6S,0.08986821
CUST_1ZN7DLGYX7,0.02385306
CUST_67J5CK6QC0,0.12274369
CUST_MYIQPOWRYG,0.020974403
CUST_ETYV6QEHNP,0.030298863
CUST_J20ZLTR33Q,0.14183043
CUST_CJZ739O7JW,0.08026677
CUST_OCVI3SQGF1,0.019516734
CUST_97VH5O1BCT,0.0176668
CUST_DMLZ5VD6XU,0.11920093
CUST_PMEDU1R32I,0.17185639
CUST_JG0ANYVKM1,0.031362258
CUST_O1OJ8DVA23,0.027342679
CUST_KHWBNJVVR0,0.024555543
CUST_AMR8ILE8CB,0.02248961
CUST_O1BRLL4WUI,0.032677557
CUST_9TB3EXU1VK,0.03202952
CUST_IV212B77JI,0.18007593
CUST_0BY68EDIL3,0.029947784
CUST_XXRQMES6E1,0.024379592
CUST_8BUQWG4TF4,0.03752273
CUST_6OG1E9FKW4,0.79134244
CUST_TR51T29ZUS,0.092230015
CUST_UU21VYLRV6,0.10716559
CUST_M9EENIV03J,0.20351881
CUST_SLO5ZBF4Y0,0.021748886
CUST_HX1UHGTMFU,0.07747058
CUST_HS57K88GL6,0.022399584
CUST_L2Y442O6XF,0.028977295
CUST_W8D7JOCCKX,0.023811482
CUST_J94M1HENBZ,0.04028548
CUST_L84RKBJT6N,0.067097925
CUST_IK9JTNILKL,0.13412966
CUST_EGT1RSD7KM,0.020239897
CUST_B0UEPQEF8F,0.1709207
CUST_HI30MYUGF7,0.026011376
CUST_RNO1V0AII7,0.8705485
CUST_NGE2QUKG07,0.11550812
CUST_QPXF2YXFZK,0.09412404
CUST_SX3YAV9Y6P,0.031427562
CUST_GS8HTAX2H3,0.021530315
CUST_0H77E4D2R6,0.03632804
CUST_O4AQQN7D74,0.0367427
CUST_X922YSMTJ1,0.8181401
CUST_C7GX7C2NRV,0.0888536
CUST_JAHTJ9WTBZ,0.019213833
CUST_BEUQZMHWCP,0.021451706
CUST_CUAD3JLP4J,0.09405166
CUST_0G6NJXOM4H,0.033472136
CUST_Z3GBOZU5S4,0.032067545
CUST_VJCXJEK8QP,0.033662826
CUST_SBZCBMHKO8,0.19010235
CUST_N9ODQMQNMT,0.027281607
CUST_HCO9TWIWET,0.064120576
CUST_4LU6ZEL7JN,0.116244905
CUST_CLGRCJQUJM,0.036564462
CUST_ZVUBPQ40S5,0.08118631
CUST_63728L31HV,0.026788717
CUST_AP4ORDTDM1,0.022614017
CUST_0NBMJDBVPH,0.025400912
CUST_05P4GFZNZQ,0.0235572
CUST_GIDP3I5YGR,0.033574726
CUST_JFW8JK5TBG,0.19072343
CUST_WB14HL8WWP,0.026902154
CUST_DX0E4FRMPF,0.035053734
CUST_RO8EDSK2D3,0.030603284
CUST_UZELXSDPI7,0.032690637
CUST_WX6NZ3PRGF,0.0771225
CUST_559SC80OXO,0.10899552
CUST_DXSOU8BHPS,0.033335425
CUST_LUKFZNHH3R,0.027616324
CUST_ZF0KW62H4G,0.021408986
CUST_1P8BQZ8MU4,0.029775718
CUST_OLLYPD6Z1R,0.09604544
CUST_481G8GJHMU,0.8730836
CUST_O8UKY8BJXF,0.027140586
CUST_4HXBPNQ9XI,0.12557428
CUST_YS0JSRH1C3,0.14070322
CUST_43Z2MPRFG0,0.02383879
CUST_2HZJKEED9J,0.039958544
CUST_S0WSQIPJ7Q,0.17208655
CUST_S703PZR5YN,0.060285494
CUST_YBGAJMWM1S,0.023277177
CUST_AD6MKYW2J2,0.09513145
CUST_J8MNBLHU1R,0.024671769
CUST_3JN5ZLX617,0.12563442
CUST_EV0IGOYT8D,0.084148005
CUST_TUX3WYJS9M,0.045204487
CUST_PKHQMU3ZH6,0.08156886
CUST_BARL8FDGEC,0.15858781
CUST_RNG4JDS5WJ,0.08533929
CUST_1ZOFXI61GV,0.025075633
CUST_FKTUPM3DPZ,0.038000222
CUST_1SVA9RQV5F,0.052914727
CUST_7A3TH0FFZY,0.12858187
CUST_GPFRNQ4WSU,0.08637279
CUST_05WTNME5RX,0.06173553
CUST_5YFVYAHM6B,0.84602785
CUST_W18T77Y4EZ,0.03162622
CUST_U2S1TI3K11,0.028003283
CUST_XZ44T1M844,0.036036074
CUST_86HUWLHMS0,0.023123939
CUST_2SSEHGGKB4,0.097593084
CUST_1MVOB5CMC5,0.13412435
CUST_1AGKUE0UWG,0.039141815
CUST_S5WBN2NE00,0.09338375
CUST_14TL755K9D,0.10786648
CUST_JQCOAS3J77,0.06247642
CUST_5567OYLBWI,0.7526733
CUST_WAP0OK7EM4,0.024772424
CUST_FE9J0WQOW7,0.030586708
CUST_WKY73CGYQS,0.08104135
CUST_5ANZG3X3HP,0.033754043
CUST_Y36L854ULE,0.104012445
CUST_P6OLSZYVDU,0.019075658
CUST_NHL69A35N3,0.17447734
CUST_NQK5JVXPA2,0.023573598
CUST_NYS9QAQDB6,0.10158764
CUST_9G2B0SQG21,0.035482984
CUST_QMB8JKRI6K,0.031660017
CUST_KSL4JX2704,0.03522062
CUST_YTSMN6079X,0.032346338
CUST_DFPQLVVU6X,0.073654875
CUST_FY5S9XNIXY,0.02622691
CUST_282FQAPQAR,0.027225113
CUST_VR7WLTXG20,0.6908323
CUST_FRWXSCYFWX,0.02788116
CUST_M4EHTZ402P,0.14023344
CUST_AEOYXQK0R5,0.024431346
CUST_QIVGXB6KL7,0.027595127
CUST_D71Y58G5V9,0.02404813
CUST_35Y82I61H9,0.030969149
CUST_HQLQULSIAL,0.035413995
CUST_YIYXXSYRHD,0.098026715
CUST_1GQ441BARF,0.131494
CUST_DC1YQIBTQ0,0.06238155
CUST_NFPVI9MG1E,0.037724286
CUST_XIESSKETZN,0.11040991
CUST_U2PAYA8VZP,0.034628313
CUST_SI751W0IUU,0.5878334
CUST_FHV2OCP9NU,0.019222861
CUST_0J4K3X8SX6,0.023254018
CUST_BM6XSSA9OJ,0.025672546
CUST_USCB6MDQHV,0.034715667
CUST_BVKHA9WCB5,0.026902664
CUST_OKJYL1IE4Y,0.77781487
CUST_3HMJX8YAYD,0.029530993
CUST_P4IXWCGBBM,0.10640204
CUST_49HZP5Y4CY,0.033945654
CUST_MY9LNURC4K,0.021493563
CUST_XJXKVW9N03,0.07273419
CUST_PKZJF96BSW,0.024652207
CUST_GF2J8UHA9E,0.89869577
CUST_ZK22DYKXD3,0.09221893
CUST_STOT1KUADO,0.021438956
CUST_69DAK7G5XR,0.03545006
CUST_137VAGI93Y,0.10871834
CUST_TJJWH2BQN2,0.023761261
CUST_4CAHTAJNFP,0.07504698
CUST_SQ3SRI2EU1,0.019674616
CUST_PIPXDGEPWX,0.022187982
CUST_NRXLSTXAON,0.099888004
CUST_KZE2IXOOJ2,0.09022084
CUST_P4E0WFDY5F,0.03291666
CUST_17V579OFOU,0.026456015
CUST_SISNNWO7EQ,0.025158491
CUST_38WR4L92DO,0.12279726
CUST_IPBK145HE3,0.02601813
CUST_D5IQCP9PGE,0.024938026
CUST_ELAYM03AAA,0.03840322
CUST_YEVRTKE3A9,0.043171387
CUST_AU4H20HQLW,0.08123425
CUST_BUR3ZU1WIR,0.024452617
CUST_JQV4UV2X2J,0.080080524
CUST_HW9ZEEK7GR,0.15023585
CUST_AWEED3SIWB,0.022505047
CUST_WUV223CWX7,0.12698221
CUST_PGTAU38OI8,0.028492229
CUST_YK91DFR4Q0,0.08412264
CUST_KR704POJ8T,0.030558562
CUST_I45Q5JZSK9,0.027298639
CUST_GQOH260TOI,0.020859152
CUST_HCR5I412A3,0.04770053
CUST_QS4THWKF2T,0.10373071
CUST_5T4JIUHXO8,0.09409165
CUST_5V4UXGMMT8,0.022486737
CUST_745MHGNZPO,0.78591835
CUST_1FV3QUBYEC,0.11873202
CUST_TWE17IJISF,0.02757267
CUST_RED3PNJZ9E,0.056119654
CUST_CXVSB8M0MR,0.027381487
CUST_A3F3OX8GMM,0.13913724
CUST_YBOSBCUB8X,0.124033675
CUST_HZ0WO4TG2F,0.026183326
CUST_7KKITOF0QM,0.03189452
CUST_VCP4IPQEDJ,0.021855997
CUST_GQ504DPD0G,0.06332478
CUST_10EPA9XB6F,0.02264632
CUST_SJIUGJ3MET,0.022709828
CUST_YEV4ZE6NT7,0.029761106
CUST_5QC625F5P7,0.13060893
CUST_NAPHBFDIT0,0.13078067
CUST_OWKGNY8RIF,0.084344484
CUST_S27LJFGLXN,0.07311819
CUST_XTCAPSS888,0.04080013
CUST_8S2SGG4SO3,0.07270062
CUST_8WX94014AX,0.026968803
CUST_GVXIWQ5VF6,0.03169436
CUST_QVD4OY29N4,0.019591313
CUST_Z7H3L3A5N9,0.83915937
CUST_7WJ6W0MX7Z,0.01993019
CUST_YDDRXPIZD8,0.028835895
CUST_9BSKQMKF1A,0.031509906
CUST_151PMQOH7A,0.035439055
CUST_0M8EZ5AKVW,0.56444913
CUST_L7LBLVXB9M,0.13938688
CUST_D6D0A4UI0V,0.0898078
CUST_26C0LQC0D7,0.022770375
CUST_N6EWV4AKWS,0.14073503
CUST_Y2V6H5JVEX,0.02653686
CUST_04F2S7MCKC,0.0347603
CUST_CZ52BDAHOJ,0.1172251
CUST_0VUC293P00,0.026377324
CUST_7YZAUAYBDI,0.0256316
CUST_Y21IH0AUZP,0.03357499
CUST_WBACUPE0AK,0.16930617
CUST_DBG9PXBIDN,0.035936
CUST_BHAS1AHLWC,0.029698988
CUST_2BFBJ5QUZ2,0.024990682
CUST_442MLJHHX5,0.15814374
CUST_VGX254Q7QF,0.03639389
CUST_W3KMKZQZV6,0.11148128
CUST_N2YK5Z6F4D,0.110958636
CUST_QYVM1GUCBO,0.09568961
CUST_WMZCEGR5OV,0.02751601
CUST_7RBE7CQHJ6,0.12203117
CUST_URYP1QK1U0,0.07223505
CUST_FSOT5V1IS9,0.029418169
CUST_ZR742PXQRN,0.02358524
CUST_30ALVE35SB,0.02482752
CUST_WRVSLBYB75,0.02756216
CUST_YJC5MC0KPY,0.025525253
CUST_E47R97LBU1,0.12221596
CUST_0T8S2GJ2YT,0.02844593
CUST_UXO052VF3E,0.024838477
CUST_PNV140LWZA,0.03447194
CUST_Z2NOQWCFU1,0.08807005
CUST_5PR71T5MHD,0.023825582
CUST_X07OK899K0,0.1032779
CUST_YD56MPMEHJ,0.027797967
CUST_KJNUEUOYQV,0.1365549
CUST_8MIJHX147Z,0.023573268
CUST_2MBBDN0BJA,0.18425837
CUST_C59JLMUJ9B,0.025851373
CUST_G4B3ZKHRR9,0.021296836
CUST_IA7IDJM0RH,0.13569348
CUST_JV84OX0U8M,0.11620405
CUST_EA6YA0T26P,0.13437195
CUST_6F4Q29T1OQ,0.08358402
CUST_BMRJ9FD8D9,0.061944373
CUST_RVJ8DI3AHR,0.037533607
CUST_WB9JJ4E3CP,0.09868934
CUST_N2USH9RLND,0.10493873
CUST_QT6PF8DEYI,0.029475652
CUST_3GEITNPAIO,0.021263687
CUST_UNMNXSJ6TO,0.1768387
CUST_2W6DDJ9CXQ,0.028721634
CUST_XCIDD3JXDK,0.8230507
CUST_7HNDPBKU7T,0.12599804
CUST_VTEHHT25WQ,0.86564076
CUST_2WWGTCNHA4,0.02536755
CUST_XWWX0ISZI8,0.09677563
CUST_L56UV81GAL,0.024706563
CUST_YGKUXLGQVF,0.022458075
CUST_FHYLLJLJON,0.13057883
CUST_T12BEILTHP,0.0868873
CUST_967ZJQV04K,0.12448736
CUST_HB4UORBRME,0.82372427
CUST_99ERENOSFB,0.08002773
CUST_7FOVISY3SF,0.08530113
CUST_BYTJHJW13Q,0.09311817
CUST_361REKYN7H,0.8652646
CUST_WII2RXA5XE,0.024937239
CUST_JVROOAEYBF,0.11907384
CUST_AGK27185XP,0.07736352
CUST_0FNMIOND9A,0.023438377
CUST_PT24DJD4FV,0.090337075
CUST_TU9ZFOZQ6M,0.03731116
CUST_PZUFBA5S11,0.08289161
CUST_W2D7XKZ5D0,0.10796931
CUST_LM6V6EHB0U,0.025223162
CUST_MIA6STG5O6,0.08580944
CUST_RRBB6SL35H,0.028520599
CUST_PP96LWB6ZA,0.020423755
CUST_CL493ENJ12,0.1612204
CUST_K9M5OM794G,0.07642199
CUST_7WQR6DZAPC,0.026635578
CUST_KLASI4ZMCT,0.051422685
CUST_97C7WNXSMG,0.026890323
CUST_59RK54F0A3,0.034072723
CUST_X4DC8RD0A1,0.02586005
CUST_9GR8Z709C8,0.1161524
CUST_7BBBYJSIL4,0.0725931
CUST_FGNKPJFIBG,0.14276095
CUST_BTEFAMKMBQ,0.09543664
CUST_YWNFFCUJEM,0.20012856
CUST_85Q8VC0G62,0.024590839
CUST_7X9G8A9B2D,0.07642379
CUST_YIHN99SNP5,0.06563296
CUST_D1G6YU0BXV,0.13001141
CUST_NBZK33SOUS,0.022747613
CUST_2K2OKYXD1D,0.023411265
CUST_BUJT0WFTFL,0.034389798
CUST_CRDLDG962V,0.02492337
CUST_CWK4XIV3D0,0.023250673
CUST_6MLCC3PD6D,0.09486164
CUST_QZDT8DPDAQ,0.02479895
CUST_522GKPKKN4,0.03894598
CUST_JZUFH4D6TL,0.07642976
CUST_MHGAPRQH1O,0.04277377
CUST_4FV7HJK1D4,0.026343592
CUST_2HFGJ6LSSA,0.032148216
CUST_IFOOGGX0Q5,0.031423025
CUST_67B1GCJ2V2,0.105178714
CUST_QPM6AQGCX0,0.032919683
CUST_59BS9CLRWX,0.14369667
CUST_6LEL9BNE3O,0.02511448
CUST_WL6835AOBY,0.10264211
CUST_GDPSZUGBU7,0.56446296
CUST_S0MJOLDUV3,0.027985875
CUST_F3AXTCBT9P,0.80898833
CUST_DPZVAPPSEG,0.03071031
CUST_2A3XSXU9MU,0.1300389
CUST_A88JWSTJD7,0.033552986
CUST_SR29UV2QB8,0.07606642
CUST_DCX0HPRUT9,0.09874952
CUST_HEDP9PEJ1C,0.031120962
CUST_SKLCLBGPI0,0.028393412
CUST_RHKJHUWSH2,0.09373476
CUST_D3W3RWAT4O,0.022064071
CUST_BKKDD6TTOW,0.027912838
CUST_O766GJWI3C,0.029846834
CUST_1UC7S31PPV,0.027380945
CUST_BJFAZFOQMK,0.023348438
CUST_KSHG21QIWI,0.03776377
CUST_ORWDBK80G3,0.10817819
CUST_TIE89KHD8X,0.034005053
CUST_0F6UW6UTB9,0.019447062
CUST_C83Z49Q6TI,0.15038112
CUST_IHFRVXQUMC,0.02049298
CUST_QPCVZIQMI9,0.02471285
CUST_AY0LFSIFLG,0.11742217
CUST_PNS395TODY,0.121947154
CUST_Z7O1YJF63F,0.1320392
CUST_D5R4W4KD6R,0.027753524
CUST_GOUVO45341,0.22321156
CUST_O7VMLYWDGW,0.09729885
CUST_AWCJMEMBMA,0.021117473
CUST_M5H0JLQZ6Q,0.10656498
CUST_E28W7MVLF1,0.020161958
CUST_9MUNSHO0MF,0.02188902
CUST_70QOWM1DAV,0.031422663
CUST_J7VN1W0GHW,0.033524215
CUST_0T4J7QHHU4,0.029120766
CUST_ET4SQQE9W8,0.02677247
CUST_OJRYHPS8ZV,0.02190861
CUST_URUZ7KJQ99,0.023892354
CUST_F3O109DWLJ,0.15814357
CUST_Z3573BER43,0.09301733
CUST_LSXORH1DIZ,0.030093182
CUST_UWN4IK3TUH,0.02530402
CUST_G6Z0H24D3G,0.026047437
CUST_MJQ0CF66PX,0.8659611
CUST_I883ZJ84CS,0.08679966
CUST_JPI1I145UQ,0.8224583
CUST_0OMIEYXNUV,0.024137544
CUST_5QAYCPYYSK,0.81720805
CUST_LGH3Q7FDKA,0.7758426
CUST_Z7WF8KCGU1,0.030607887
CUST_H9RWQLGNF1,0.080531366
CUST_QGX63BLON4,0.024617976
CUST_JZK9HYDZR2,0.79271674
CUST_RBVCK7U1HD,0.029823286
CUST_ZEQG4JIML3,0.06933392
CUST_2L4XLI9PPG,0.034144156
CUST_B2M9O4Q4EN,0.033740066
CUST_9GFMMG3I2N,0.07924713
CUST_G94PG87VPU,0.09732524
CUST_VJJUWK0OVP,0.09605979
CUST_F7AVUNMGB8,0.02743879
CUST_OHGX2MP10M,0.029332595
CUST_8O4U8C8H4Q,0.022394128
CUST_917UOYDF5D,0.10528416
CUST_FYEG37U507,0.117657274
CUST_EAC0QIX7E1,0.8764757
CUST_V0512CBSCN,0.023331942
CUST_U6LC1OFC24,0.11780678
CUST_9M2GC21MWN,0.12262129
CUST_IJ8KWUSPOY,0.105676666
CUST_ZNB6DL3COH,0.022143578
CUST_5ZWY0J5Z7X,0.09218451
CUST_Z3FTE2754M,0.09127803
CUST_W9BDDYWBB2,0.14620772
CUST_93IL6SB0LS,0.029775992
CUST_KMMTOKAONA,0.027208772
CUST_G3C0DRI4BY,0.02727964
CUST_GVGWD51SSQ,0.8305514
CUST_HAVNH0JVDU,0.084381945
CUST_L67X3WMPKV,0.03309977
CUST_T0CCVVPRWN,0.025639998
CUST_Z4L97IHD55,0.031467043
CUST_VQ4DWJQRLK,0.021892853
CUST_L9TXDEWJ6D,0.8568414
CUST_2X9JFTRKUV,0.06695963
CUST_Y57IPC8U0W,0.08353839
CUST_84MN9JRUKR,0.09847254
CUST_YQWUIAOB9F,0.09009989
CUST_SNYU52CH3D,0.08622817
CUST_5BINJBFZR2,0.031440545
CUST_VBO36TVUAQ,0.03159596
CUST_EZXNWYDJLZ,0.08472152
CUST_PUDIR92XSB,0.17152496
CUST_BXAVF7Y7V8,0.09666721
CUST_5ISDYICKHI,0.065913364
CUST_L09QLFQ4IL,0.11520137
CUST_P1QNAFH5UF,0.0871609
CUST_GYSTRAXMU5,0.027758233
CUST_SQNP6ZES3A,0.023404801
CUST_3G16US0O5V,0.023617469
CUST_HEJWC0M3B9,0.027224608
CUST_3W204BOTDR,0.10002103
CUST_V9L4AUUXOY,0.106820315
CUST_TNVXIOVGPM,0.027683789
CUST_7L4JYMPB9J,0.07754984
CUST_B3JSMX5AJN,0.034777585
CUST_6CAPT81CA1,0.10668952
CUST_Q7DX8W6FSF,0.08761633
CUST_LC7EH39XWS,0.060512215
CUST_FG3YD00FYP,0.1365572
CUST_1G351JNRLK,0.11895584
CUST_ZV1WBQEN7K,0.19317293
CUST_RML70CLWW9,0.035719745
CUST_9QMMDNSVMP,0.04379046
CUST_W53QR3NCHD,0.08245461
CUST_JNBBC858W9,0.07861179
CUST_LDQYR4Y50U,0.20176905
CUST_38N6TOA3GG,0.092249155
CUST_DTUR1CTIJD,0.029577067
CUST_JSOI64WO5U,0.14277026
CUST_KWKLLM5910,0.88117576
CUST_ZEF80VTD5N,0.02298692
CUST_TCKEERUEDQ,0.022253538
CUST_TJPEEOGVDZ,0.13612579
CUST_FHJJ8O26P7,0.030097183
CUST_ASM94PEYSL,0.17130707
CUST_0HPE3TF065,0.026593274
CUST_JKAJSZSTWG,0.09773713
CUST_RK5MX3RU2V,0.11587493
CUST_AI97XN2MKW,0.027896836
CUST_5HXBVOVA61,0.020576684
CUST_SFLQOBAC9W,0.021105234
CUST_5QQEYB0RKU,0.033143308
CUST_G45O891LSK,0.021207625
CUST_TBUKLX83SV,0.07388183
CUST_N2YKV0DIFM,0.02143495
CUST_SBIOSAOL7A,0.8105723
CUST_I1M03CK4IJ,0.022625234
CUST_ANQOP67PD6,0.017351681
CUST_L5CM0VFB70,0.025006866
CUST_VWGNEOKKS1,0.026702557
CUST_PW1OVG78PM,0.033126242
CUST_IL4EFNGFSC,0.037648126
CUST_7ZHGMFPK1H,0.022613011
CUST_5275JME8M4,0.026652215
CUST_2WMJGPU4IV,0.03903012
CUST_BD8EN4TMJZ,0.11945367
CUST_E2N7HO99OS,0.10403545
CUST_UTPISV7ZE9,0.022155924
CUST_VCI2J8VYBO,0.10769313
CUST_SVKT6IGDT7,0.038307134
CUST_HPVKQFQ9U6,0.026528781
CUST_L6PYWL90W2,0.02376282
CUST_BITLFH5OJ2,0.070167944
CUST_M537GBN7OP,0.020686155
CUST_859DBKC9VS,0.14389762
CUST_IY8UIEZM12,0.03258713
CUST_GKG1NMT1BV,0.1061637
CUST_SQ40E0Q2HR,0.02603146
CUST_K4D7D5W273,0.029494166
CUST_TBLRFB5DRQ,0.051448055
CUST_WWZIOFX2YX,0.02191496
CUST_3LY5N59PT4,0.048449278
CUST_BKVBY9DG8V,0.0311269
CUST_K7UCS4CMF8,0.020433478
CUST_YIQ1QNCH80,0.028595686
CUST_S7GTJ2Z3Q4,0.09628726
CUST_XXNJPTH3R8,0.10430798
CUST_DWJSO34OC5,0.026321463
CUST_W633ULBJTW,0.02258177
CUST_BA9GH966OI,0.13516556
CUST_XPZN80SITV,0.0252733
CUST_VS3AVIXU9C,0.027050516
CUST_QJ6RY30XS4,0.87135464
CUST_YDCI3R6KN7,0.022320779
CUST_QI3OZFBJDU,0.15451975
CUST_8UNCM5YP6U,0.022940163
CUST_ADMWAFCSYG,0.09297538
CUST_G5ZP1UIGCN,0.11065506
CUST_PD45YW97TQ,0.026153456
CUST_QFTUR6URY7,0.024296187
CUST_8Y00D0VGE4,0.070383586
CUST_0GAAA7VC2P,0.10566337
CUST_C39O99NV7S,0.025063979
CUST_0633XI0AJV,0.022050997
CUST_KLW8TW7599,0.7814486
CUST_5QZ0M0HQ8P,0.13276635
CUST_RLE6P7XEMY,0.03215284
CUST_GBD3BGDZME,0.02384188
CUST_DRPC99PZHM,0.121681996
CUST_W1Z1K644NW,0.14268105
CUST_08W1SMH0XZ,0.040277243
CUST_9D8PQN4QAR,0.025469847
CUST_Q86UG5XXJJ,0.12629056
CUST_N5H0A1WWGT,0.08817539
CUST_4OSDDZCCC8,0.023453837
CUST_NMOME9REQ9,0.027067173
CUST_RAMYA4WUTZ,0.019173501
CUST_EB0NMR8HJB,0.11700324
CUST_O5TWVS7Z98,0.029358232
CUST_QFAPSAEW81,0.024143187
CUST_KEI9BAXQ36,0.03507051
CUST_J3H0Y7T2KK,0.036036838
CUST_EVARR2EG7R,0.021758297
CUST_PE5XWDGTQI,0.02753774
CUST_YK04ZP1771,0.024295853
CUST_5F9O7AJ6GA,0.031260137
CUST_UK06C52HV2,0.025959522
CUST_LD1KBRPC77,0.06178538
CUST_FPYPOHVGRK,0.030822666
CUST_LY0LICYBO2,0.09982272
CUST_0PYMP9SBD4,0.024940545
CUST_6FFNFAL4CQ,0.030828973
CUST_YWG8TLMNAT,0.84923077
CUST_ADUY1KXYHL,0.04280029
CUST_T0UAE3U3QZ,0.023979925
CUST_YCOPTOI9OD,0.020453418
CUST_58QZZJNCQH,0.75678366
CUST_VEHQKBQOI2,0.027512584
CUST_I8EPWG9V4H,0.0450518
CUST_DAEPV0FKUF,0.030591948
CUST_5Y4XX2W6QC,0.14875187
CUST_9MSYXYU5YA,0.091021836
CUST_OG8EXQESTG,0.031576205
CUST_P0EXKTRDWS,0.021516383
CUST_D7HEN1MQJG,0.07642027
CUST_X8QR9Z66Q2,0.026746688
CUST_N9P9FTY5DB,0.022684101
CUST_U3F19SE6KW,0.025258517
CUST_6SFX7X883F,0.12916689
CUST_MCAQCAMWSW,0.035125554
CUST_NBRJCZ7C7D,0.16353974
CUST_FO8F9YDMGQ,0.021090446
CUST_U6VXJ42SQ0,0.03483184
CUST_W7PDUM5RFA,0.108350426
CUST_56OBVI2T6M,0.61097157
CUST_9NDNIWZKGJ,0.027436413
CUST_M89QFPAK4W,0.122430615
CUST_YACONG7ZE2,0.12813781
CUST_TUKRXM4380,0.19927458
CUST_3HF5CHXAWQ,0.030892268
CUST_3Y39SOGFIK,0.13608657
CUST_GLGWLTOL5P,0.028382866
CUST_4ZI5NHX9NF,0.029556401
CUST_C7WHQUDWFL,0.852851
CUST_1OMHVZGYET,0.10532059
CUST_JQ89I9W5C2,0.027326392
CUST_JHRNWPT5JX,0.11342507
CUST_K0GSRUU2G6,0.13730727
CUST_LZPEXX5O8C,0.021476036
CUST_6NMBBRF569,0.029695125
CUST_LVD4GK1XFH,0.06914929
CUST_FRC39YNPL8,0.14597976
CUST_J6M8G4V3P3,0.021608492
CUST_PJSW0HLH7K,0.03806369
CUST_4ZGXELED48,0.028116995
CUST_H4KFQYYAA7,0.024473438
CUST_KE6M695RS7,0.89401776
CUST_JHT540IMYF,0.024269365
CUST_L692XY8S50,0.021393718
CUST_H25S9XVE0B,0.75123644
CUST_CWQOKSD9WH,0.14202859
CUST_9P5E18FGGP,0.028620007
CUST_8AXDGMXFJ5,0.089199014
CUST_WB27CSDZRX,0.028383845
CUST_BDOX4WGPQ5,0.032510575
CUST_IVLFGHKXLU,0.01876813
CUST_0FRLPNY8YN,0.030813543
CUST_0SRBCKRY15,0.034033637
CUST_11Q307P84X,0.079803035
CUST_BN0G51HX95,0.8307046
CUST_PF3RWHASXX,0.026138293
CUST_7P87QZX7H1,0.12479702
CUST_IBXRWIPB8A,0.024644438
CUST_9T3HIRLL6U,0.03289553
CUST_RNFY9IFT5P,0.025568172
CUST_M74BKRVR9G,0.074708395
CUST_QANG4RH0CS,0.10538857
CUST_8P7SRG9TVA,0.024929617
CUST_8KGZ11BUJ6,0.026039243
CUST_B3PLAFDCXA,0.025446286
CUST_N1PA5GM8UJ,0.08064828
CUST_A5SP9LNZBK,0.022423543
CUST_DOEI5DVY6N,0.027393304
CUST_DXOD6XDWC3,0.09589985
CUST_YWTLB820M9,0.11133065
CUST_E5L577798T,0.8540092
CUST_9Q8IPONXP6,0.10264891
CUST_8NQY7HFM8T,0.11224391
CUST_XLW6KQ5SO6,0.024069246
CUST_FY9VK96ZYV,0.7274314
CUST_TAXNOCW872,0.14661919
CUST_5LEKHKSQJU,0.02920409
CUST_TQBLBWU03K,0.024003852
CUST_F3K5GHTTX9,0.1015641
CUST_LY02OOL1HT,0.027627837
CUST_Y7MYRH523K,0.029190155
CUST_58JBLHCJJG,0.029577203
CUST_MZNHO4Q70W,0.064053684
CUST_O6W5C2Q7JC,0.11914778
CUST_F54IAKZXBB,0.12585011
CUST_21MPIEDZFD,0.029467113
CUST_ADJ7NNTVMB,0.83963174
CUST_WHXVJCA800,0.02968403
CUST_DKU9CP2XF2,0.11504254
CUST_C4YM791VOI,0.13659397
CUST_AZ7LCP4T7C,0.10891785
CUST_KX03WKUP7I,0.7572935
CUST_4KL7KGQX8I,0.101459116
CUST_MEYN0SYO7W,0.12728322
CUST_GUKFL2DHBL,0.02428865
CUST_VXEYOX8336,0.020330003
CUST_X8QCT3FYJH,0.027666744
CUST_4EBFT6SR75,0.026503077
CUST_R84J6PNX1D,0.024332065
CUST_1MUABB2NED,0.03675881
CUST_RSJKT2ZPBW,0.11998118
CUST_EGZ06YNTXB,0.71864605
CUST_6JIKO6S3ZE,0.022354826
CUST_0LFNW40YWI,0.028150477
CUST_8C5T1IZX76,0.029029613
CUST_NP5ZBIFHJ8,0.125086
CUST_91L85HDTOH,0.026062405
CUST_ZL1Z9P2BU5,0.027224336
CUST_LYUGXR7PVS,0.022916218
CUST_TZMTSDPY57,0.032609202
CUST_TAMWA3NVBT,0.1480676
CUST_9GWQGAUFOL,0.08605447
CUST_01UP3K9BNW,0.028338468
CUST_4TNPMO7XR1,0.024466123
CUST_R5E77JUFR4,0.09814785
CUST_6SHME8NUCH,0.1373881
CUST_QC3J89NXU3,0.03769242
CUST_E8OP69CL9I,0.13683839
CUST_36Q6OF141R,0.09231981
CUST_ZQAPXW3N8S,0.03701321
CUST_STL5FAYA7C,0.09394169
CUST_ZZNX4X0V6T,0.1288034
CUST_2ZZSG6CIOO,0.027018765
CUST_TF7FECZD2L,0.022107814
CUST_48TB99NC6T,0.019838657
CUST_O59X4J0FUM,0.05091897
CUST_SMEW2AAXL4,0.11389882
CUST_A2WUTE20R8,0.024229882
CUST_6JXQFWUUXT,0.17308892
CUST_I3OMWT696M,0.10494994
CUST_1TT7JMPYL7,0.02193378
CUST_E43MTQXWFY,0.16456299
CUST_WVNFTY1FNE,0.1273334
CUST_017H1UQYK9,0.02635219
CUST_DXTK2WOFW5,0.08858474
CUST_XR0O3T4DHV,0.029657086
CUST_LX4E3X6KBZ,0.038654234
CUST_4KLVBAMCYH,0.025605341
CUST_JD8V1NZC12,0.10639729
CUST_7RWHJUEJ4E,0.10760795
CUST_8Z7CCXCTC1,0.031680916
CUST_IW0BRCDCOY,0.07264181
CUST_9VK19WVME6,0.78110826
CUST_SB0ZU50QQS,0.113056906
CUST_0AH2JCE9AB,0.09722382
CUST_F23NX3RGRJ,0.124244265
CUST_LYAGDQUJVV,0.09764975
CUST_XPMBN05U6M,0.04373926
CUST_AW3TGNYXAP,0.022842897
CUST_B2TNP84VOD,0.027135046
CUST_Q784V7NH13,0.026890185
CUST_INLJIKO3AV,0.026797429
CUST_1VPDLOYXZ0,0.025853503
CUST_AGVPRUCJDC,0.02199923
CUST_3BRE2JQ8H7,0.12166702
CUST_CA8G4SFHUG,0.028237298
CUST_5ZKO6Q78L7,0.830709
CUST_3SOSP0NQRQ,0.036426883
CUST_EAFE8TZ4U4,0.1339732
CUST_5QKXF6DL81,0.032507055
CUST_JKQVMQ5FXZ,0.033686336
CUST_6E19REHVP1,0.8831736
CUST_WQ2JB8TKIT,0.017727828
CUST_F5CQ22PDAM,0.03557165
CUST_8501G6L82E,0.025371907
CUST_U9ICRIFTPG,0.031520933
CUST_1XNM2Q8O9T,0.028637612
CUST_OIKX8ARUV5,0.027796267
CUST_3PT6FCOEJA,0.16218613
CUST_LW9W96KD98,0.03196593
CUST_S0OU9HPQN1,0.14194065
CUST_85CVR67V32,0.111305766
CUST_6KM27HI2TV,0.028125253
CUST_11TFHDHEH1,0.045145024
CUST_A7XXZWOV1E,0.022180375
CUST_RAMTUH001R,0.06925919
CUST_4XO8YOKJR1,0.12731437
CUST_NKUDWRL9A6,0.023337752
CUST_DOAJ1DB3YA,0.09525507
CUST_679E63ZDQ5,0.08895783
CUST_N83OTBSUFJ,0.119883046
CUST_1MIB08OT0W,0.027342191
CUST_XZLB5NWEPP,0.08461862
CUST_LDBFXPH4VC,0.022263562
CUST_16B4WFLX9R,0.02397402
CUST_1H5ES48EFK,0.041681413
CUST_ZD7FE7X2PN,0.11453971
CUST_COXQBMS2WJ,0.78130037
CUST_NUM5ACYVGQ,0.034017682
CUST_IM8TCW3DPD,0.035024922
CUST_YORJNI20GH,0.023145929
CUST_JROJ8DM9ZY,0.037943672
CUST_KYCVJOT4VM,0.84484994
CUST_1VT5Z4WXII,0.1729635
CUST_XI3SKMZAWF,0.12710235
CUST_JFWY0TDRWV,0.09778401
CUST_RN7OCZJ90E,0.7623891
CUST_2B17PIVEV9,0.10931503
CUST_HEUOLMRXV8,0.023496583
CUST_JSNMWOLX71,0.10515617
CUST_XY4PT5235Z,0.09420185
CUST_JSAF5F5ORZ,0.021248499
CUST_A6VNR04LPV,0.022181483
CUST_FK4F9O7GW0,0.02463074
CUST_ADO89AHHAR,0.13701987
CUST_Z69O39QMJ5,0.023120098
CUST_EBUQFIKADR,0.027685482
CUST_YKHSI27FSV,0.024837496
CUST_YRKQ2V8CV1,0.1340278
CUST_JF9CU9H3NU,0.021113908
CUST_28M5BWXIAZ,0.06199818
CUST_3YIJDZ5KNZ,0.023412192
CUST_GE4JXGT61A,0.14439632
CUST_SG0AGJL51S,0.029866364
CUST_8ZD9LLRO7L,0.10556025
CUST_I1CITJHW4L,0.024734206
CUST_JCXAHRC414,0.10549915
CUST_GPMLEBCXAE,0.04003399
CUST_6AXBLQLCFC,0.036888782
CUST_R31RWJ9KKY,0.040531836
CUST_B33EUSA2UO,0.023225617
CUST_BYY49I09N7,0.11359351
CUST_OTUJVRII4Z,0.029910047
CUST_U26FAFN1GT,0.12580532
CUST_B3F7VR85GA,0.08478662
CUST_BLNZ5CHCME,0.11034894
CUST_CIISPUQL7V,0.02195816
CUST_UOREZLATDH,0.8048964
CUST_SUAOVTVGVU,0.030517913
CUST_8XKFDYJ7LU,0.027029108
CUST_QBPEIGO6YJ,0.15241289
CUST_MYRPWN12T5,0.024567448
CUST_AIK3JUERJJ,0.026137115
CUST_RRNM7R42M0,0.020321505
CUST_S1E1BIOCLD,0.04138834
CUST_F1KJRD7RVA,0.02312647
CUST_7YLFNJU6OM,0.12422939
CUST_F4JA9EQK24,0.024490673
CUST_8Q666TQ3AT,0.1000701
CUST_QZU7XA1ZGY,0.78268147
CUST_218JX4XDC0,0.030254124
CUST_1BFP3VA3SE,0.028963555
CUST_U3RQ90GEXW,0.029827466
CUST_M2DULQX20F,0.019712243
CUST_41A5PNXGWC,0.038144626
CUST_R1FM7S0JI5,0.022434935
CUST_AEC47TV3JH,0.16687946
CUST_FPWMPHR9JM,0.18985678
CUST_Q6MVEHPVDM,0.028089663
CUST_OZZGBCM7IK,0.1252073
CUST_B18670MXKU,0.8699768
CUST_9119DSA45Z,0.034706656
CUST_ASST6I9G4M,0.09906503
CUST_FTTGOMEGZA,0.83100516
CUST_5G0FDK8WDE,0.020434361
CUST_RDNAK28Q57,0.029480683
CUST_615JM3UFH1,0.026311371
CUST_601S46BDSB,0.13166581
CUST_CHUIP11ZAD,0.06864741
CUST_TFR8OQRGFE,0.02811566
CUST_SYFFVO6Z9T,0.028966831
CUST_47HLY2XV94,0.11596302
CUST_6RPWC4MH30,0.0954425
CUST_BQOX0TZAS5,0.115492076
CUST_GOY1JT9NBY,0.028724747
CUST_6263V9PLSS,0.028648516
CUST_CA2NPZ9HGS,0.03555611
CUST_G5W57OY1NF,0.028555883
CUST_ZYX4HY3YGV,0.1788628
CUST_22ZG7AA46M,0.025676228
CUST_MY79UFPLOV,0.024481805
CUST_9SDLOTI7QD,0.10019162
CUST_JRVAB7YIUX,0.18530034
CUST_K5EVSWXL81,0.036885183
CUST_VNDT04YGP4,0.0199885
CUST_L20C4MV3SF,0.030059492
CUST_LQQJNS7I20,0.10008357
CUST_ZZT2CXZTOO,0.02651378
CUST_K51UKP36VA,0.021257827
CUST_FTK0VC5ZBO,0.77170503
CUST_47UH9XEVGQ,0.13243708
CUST_VU8DE1UW0E,0.032449078
CUST_JRWBY5SOLV,0.04096027
CUST_6QDP3JCOWI,0.02629241
CUST_6UVX16IBXP,0.10851401
CUST_EHK948LCWK,0.09350008
CUST_BUIJMKPW1P,0.08744406
CUST_SHPCIW5WQV,0.07765979
CUST_MBZ3HUT3W6,0.02670966
CUST_J88BGR4G16,0.12498285
CUST_XHDDP37ZGB,0.031357117
CUST_LZ0XXSIYA1,0.02681874
CUST_9RQIYBPGZB,0.14722927
CUST_47M7581OXO,0.11278775
CUST_PYDMNRBRIK,0.030274034
CUST_DK0YW2U0JU,0.03263779
CUST_LI1HX8UC4X,0.022450784
CUST_LAWK6M34KH,0.034283243
CUST_PJ96YW160L,0.032102134
CUST_4WYYXQWI3F,0.02006141
CUST_U7078JIFL9,0.035251316
CUST_H1V09PISI5,0.028954964
CUST_X5N9R41PBU,0.029839572
CUST_U8BZE86W2W,0.028315159
CUST_Y5KRK4ZLFH,0.0253765
CUST_GIMDTZ302B,0.09450198
CUST_YSBDSY4EEK,0.022977354
CUST_YZYFNH3HGO,0.021002885
CUST_QE9J1579QR,0.03809583
CUST_MJQ2EW31LG,0.08601847
CUST_0WV6JKL6Y3,0.016919442
CUST_XCNY3GPEV4,0.040275488
CUST_P6D837V8VY,0.10969278
CUST_LGP74BU3HJ,0.10199186
CUST_SS6JI8N8C5,0.032162108
CUST_QCQH2SEOQH,0.032234002
CUST_4D47H7J4L6,0.029095497
CUST_ZYIV8BWQKR,0.023058712
CUST_0W3IT9FDNO,0.028619621
CUST_6K2XJEHIWL,0.10997745
CUST_R8M0QH3GSM,0.021468619
CUST_GIEZSET9DH,0.028612299
CUST_5WC2RLZVJ4,0.10313162
CUST_75Q23ZRYQO,0.20241252
CUST_KDSH9OLROS,0.03230889
CUST_6DEP3LMUBW,0.032072805
CUST_RW8D1D5670,0.049058996
CUST_RBIXPYJCGG,0.08758258
CUST_BIZGC94QNP,0.08656742
CUST_YKJL2A79EE,0.042963658
CUST_S2CWGPTDRH,0.14746654
CUST_H1GU3UP4ZG,0.026937174
CUST_X6QV4NYMO4,0.12787935
CUST_ZT7UPHRZN8,0.09191902
CUST_DSETVPV0DB,0.120169446
CUST_YJ6VNPHHOP,0.057326112
CUST_YOFA5ELGX7,0.10294373
CUST_WMG52Q3EFZ,0.03094959
CUST_754YHIPVRC,0.022843705
CUST_VBWXQH68R3,0.12303646
CUST_KNB6HLY0PO,0.02612248
CUST_S7B1SHU0IG,0.090694934
CUST_AUPZC5UM3E,0.07456297
CUST_KF50ELLAD3,0.09556517
CUST_9QCUANZRAO,0.024247538
CUST_6J3XM6G21O,0.87823766
CUST_3IJ59XZ82P,0.06725468
CUST_5L7PACD9AY,0.020651244
CUST_9Z5D96XCMN,0.028600883
CUST_DQQP6107CV,0.7241263
CUST_L9WHRUDYBU,0.028581616
CUST_LOILT1VATQ,0.0307601
CUST_PN834VNHPW,0.74875337
CUST_FV5GFZT8B5,0.024321826
CUST_IN75FI5NDM,0.039471995
CUST_5M1QRBMA0C,0.08300556
CUST_W4USEOI885,0.031345062
CUST_0E98ZU8YVE,0.11180111
CUST_ZJC0S4W0GL,0.02109834
CUST_ECR28V16QT,0.025040848
CUST_0SOEGBHLOJ,0.7494254
CUST_C3I2PY9X0U,0.10711669
CUST_VTMELJJOH3,0.0238699
CUST_P3JYRE0FCQ,0.030277029
CUST_XXOF9ZQQRL,0.033229474
CUST_NJPCTQMPUV,0.13810068
CUST_MJ1CC1O307,0.10483569
CUST_GE4OMI5DLE,0.03445374
CUST_NZP4A2P3DF,0.07667126
CUST_EGTUZ2KY5C,0.020169608
CUST_O8EWS415YF,0.1277098
CUST_YEJ1ZFG6JQ,0.019761551
CUST_PL6ZW6XWIR,0.043850053
CUST_D7IU44A0EE,0.028976953
CUST_KKVKXMWA8O,0.12846848
CUST_75GEIWULK4,0.031034874
CUST_6B105WY5P5,0.11679955
CUST_JWOO1D9ICW,0.02363449
CUST_WQ09BN1YTZ,0.023145102
CUST_0QIG5XFF81,0.106107965
CUST_YF4DQRPD6Q,0.15928146
CUST_2AC4SWIZUU,0.14160992
CUST_WWRV3H3HN2,0.0237959
CUST_IC5ML2HJMX,0.13020876
CUST_3R3LVDP1IE,0.03303729
CUST_I47UY0ETBG,0.17683071
CUST_HJEM7OSD5K,0.09327506
CUST_XO2ORJ36UR,0.111592874
CUST_OCYTI6UU6J,0.03753899
CUST_DFY9FPLO8A,0.092551924
CUST_1JKGJNXTTC,0.034701377
CUST_ZULOH153XT,0.021969713
CUST_VOICUYVNE2,0.029171897
CUST_KF9FBUVAAW,0.13307714
CUST_EHDFZEHW1D,0.08208909
CUST_FP61G16REN,0.022919966
CUST_DI8DHWXP26,0.024001753
CUST_UOGE3R16XM,0.09058259
CUST_LB3XVFAY4G,0.073594466
CUST_HBO5Z0Y3D2,0.019408474
CUST_93TKJ7DVXO,0.025278516
CUST_IX0UNZJ14S,0.024891604
CUST_7X1CW6HK0E,0.024364557
CUST_3G4T5DH8HL,0.027067488
CUST_XOMOVPPJ8V,0.7862244
CUST_XOAA6DJ1O5,0.034715224
CUST_B2K5A4SENJ,0.111595824
CUST_LVL5OFJV06,0.114567906
CUST_9GC1WJELBG,0.022234289
CUST_TOS935RVN0,0.026396552
CUST_TGDCLSC49Y,0.80593073
CUST_ILMAQGMUSN,0.08928826
CUST_P7QM91ZEZ5,0.099338286
CUST_PW36ODC7G6,0.09867017
CUST_SXRLBJZ752,0.82260597
CUST_XBTWQUC99A,0.091743626
CUST_982FMMAF3S,0.03196942
CUST_Q0BT2ZIC7I,0.78462356
CUST_GZ5UDT04OK,0.08043297
CUST_8VSX5AKWIJ,0.020272559
CUST_VXYLYJWTS2,0.8542268
CUST_EQCM1LUUHS,0.8422424
CUST_48YU86US0Y,0.024717964
CUST_5E3H2STM5S,0.11703667
CUST_KSAP4Z9ZKM,0.8780592
CUST_S69N6IR1EH,0.028369246
CUST_MFCCOSQP8N,0.1353373
CUST_2968KA5UU4,0.037301958
CUST_S89FWPQ9X0,0.026811004
CUST_61RJ4EE5B6,0.02814462
CUST_43PXLOS9LH,0.16991436
CUST_HKDY9TXYH3,0.12818664
CUST_Z44S2PPZVA,0.02174034
CUST_8P9OYEL2WK,0.8335421
CUST_7ILDIY0I86,0.08808121
CUST_0KWHU3CJYV,0.04410236
CUST_I63CM7QJ6E,0.059373472
CUST_705QGFZ5F8,0.024168769
CUST_E4GSVF0ZSO,0.030213112
CUST_CW1S1KC8EK,0.035069294
CUST_4W917BJ5DC,0.022982482
CUST_H41GEXGAG8,0.025640717
CUST_T2PPZ0KDHH,0.022938069
CUST_SX4KRO4LGE,0.121139
CUST_H43BCIEXL9,0.043954853
CUST_PSR7NRBL7T,0.07458113
CUST_34S4WOQ5RO,0.07062431
CUST_HDCVZA9210,0.8312482
CUST_FUPTUXFRD9,0.10596436
CUST_JICJFOLOQG,0.8316799
CUST_W1ZOIKBDIO,0.031633712
CUST_W0RXVHRYGT,0.85105175
CUST_F6N8ZXI683,0.021701893
CUST_YCGB4CAGR8,0.121205285
CUST_NN5AGCIONV,0.07406177
CUST_MJYCWGATLG,0.21508548
CUST_PK2GUYKC1I,0.8894029
CUST_SJL0BRKK28,0.028088754
CUST_N99N3VP8VU,0.10675053
CUST_SRG2KO0FWV,0.025950758
CUST_V6GXPN7D47,0.029406637
CUST_2XYBRNWNN6,0.026417688
CUST_38XL44NDBN,0.02405507
CUST_PCU2OWADGE,0.039505064
CUST_OCBUAIW7O4,0.021604005
CUST_EHMEKOPSF0,0.115870334
CUST_GVZLDXDHTV,0.09683043
CUST_T9ZI8U55VO,0.17212598
CUST_52U72WV2YU,0.024037007
CUST_G4RCEC8BME,0.019077955
CUST_HS228FZJS9,0.075192004
CUST_PNA2O744PW,0.060999293
CUST_AMHL5PG8VI,0.032247987
CUST_GDA3RZEIZR,0.026765065
CUST_FAH8RIEBLS,0.029940894
CUST_7EYZB2O7BC,0.02732934
CUST_2T1Z33V0HL,0.14412156
CUST_OAQOJHI6XI,0.02156337
CUST_SICS8RMMU2,0.06452529
CUST_RY435JCEN7,0.033718448
CUST_U39VNO8E9G,0.04009438
CUST_71S9XEZ5MA,0.027413454
CUST_U33FYI0NLG,0.11109039
CUST_9JUVEKAFPQ,0.07642234
CUST_5OH22SRO55,0.043868892
CUST_E2EZWEWDLV,0.042626332
CUST_BVYKYYDIA5,0.017945316
CUST_O120CAPG4M,0.021102043
CUST_A99IE5ZRTQ,0.036160853
CUST_QEPGY6T8H3,0.030665884
CUST_N29J4XGJ29,0.021760492
CUST_ODSRFIMAKO,0.023228003
CUST_IAE5MLGZXF,0.041980576
CUST_M17Y2V60ON,0.020914337
CUST_NIC2F5YJ72,0.10433513
CUST_MHUBH2RTKM,0.036108024
CUST_T5LWAWTBW4,0.024132818
CUST_T9NXT97P4Y,0.065756194
CUST_8VX2DM7B5U,0.098655306
CUST_HKRZA2MZBO,0.06690955
CUST_D0818XD157,0.08979807
CUST_NXXJG1KT6E,0.02310614
CUST_SB03CZKE28,0.02748012
CUST_HGY6WTDQJY,0.0785813
CUST_ERRJMRI0W6,0.12962799
CUST_PTGQUDDOZN,0.14309421
CUST_991I92GZ0A,0.10416297
CUST_VQU4T3HT3K,0.027529102
CUST_WRMBXQD14E,0.12658301
CUST_IBH73EN9BI,0.101246916
CUST_QTL9AR9QBH,0.02773432
CUST_BGKX2V5YXY,0.02688806
CUST_6PZ3NT9NVM,0.024972633
CUST_RO18IZ0PNQ,0.019264137
CUST_9L5I1XMCTN,0.027042253
CUST_23NRM21HFF,0.023553653
CUST_C2LNAEVY9M,0.030637259
CUST_UVUGJT3NX8,0.030989168
CUST_T1Z9P7OS41,0.036310773
CUST_1SSBU9TF1V,0.02081707
CUST_AUX21EUFSQ,0.16707009
CUST_4TQ3U43TP8,0.022717027
CUST_FBKIT2TTUF,0.06589407
CUST_S1HZB36P97,0.08506427
CUST_9R9M6EAVAE,0.84605956
CUST_G13OVQPKLI,0.027002372
CUST_V4YIXVW7LO,0.09750391
CUST_8ZBSUIPAMP,0.092139825
CUST_D547A4903S,0.019144034
CUST_FGFKUFJEK0,0.1438314
CUST_6PSDIJBIEE,0.13402635
CUST_MN078R7KOQ,0.15211079
CUST_7837CDHYFK,0.09250508
CUST_VACAYOT1NM,0.03258617
CUST_78VO557Q9J,0.09723801
CUST_SXNEJ55UKU,0.020758893
CUST_QY1OC3I8OU,0.025294224
CUST_7BDD2M5J5L,0.031142665
CUST_2RGI0ZNURO,0.82463634
CUST_QGFTCJUPTA,0.13327812
CUST_361MLZSDFD,0.1524062
CUST_TKK8M0XLVM,0.021043869
CUST_4K5F373K2O,0.08989724
CUST_5V7V42M5UK,0.029149123
CUST_4OEIBDZ4U5,0.10907428
CUST_G0T8FXMDAN,0.032807592
CUST_1LWZ4M8FQG,0.036091764
CUST_QCUJ6VBR7E,0.1469043
CUST_CN578LLYT2,0.026605168
CUST_T735VXGKOR,0.034274284
CUST_4D3E41TLLQ,0.021170292
CUST_QK0KMD6AKK,0.78878784
CUST_C7Z7IZ0WS5,0.0422906
CUST_9H8YA9K27L,0.027535755
CUST_PDVCWGR77C,0.028368825
CUST_VY0JXRG2YA,0.024745528
CUST_KDFXC1CTT8,0.029420802
CUST_34XISMVHWG,0.101850316
CUST_Z0Q5CK6EGI,0.055107087
CUST_KMOFL0YPVE,0.20326695
CUST_3CT659CUIP,0.089668974
CUST_KMFLH4Z3T1,0.026787221
CUST_PPP08Z33RK,0.02292637
CUST_YQFLWO3MOM,0.028871514
CUST_6SV8ENDBOM,0.12766819
CUST_RTZB2MS2J0,0.02668017
CUST_EIY69MPEE3,0.8737638
CUST_WVZAD2YJ21,0.02793389
CUST_0GDSIXW0H0,0.02375643
CUST_ZQF0F76JN9,0.033398822
CUST_CRRHO068UW,0.036488183
CUST_OLHI4JQR7R,0.026828285
CUST_UY10CF72IW,0.02319826
CUST_0CYFP7EOXE,0.8344634
CUST_HWCD6AGRSS,0.03703762
CUST_UJLWYNJUXY,0.08145785
CUST_TFVFF09P52,0.025558189
CUST_J3TYTNUE54,0.14905342
CUST_OOD2KR9NWR,0.098330796
CUST_0YT2J750LP,0.84474266
CUST_HFU51OJW7W,0.021084182
CUST_SSGLRP4K8C,0.026949992
CUST_9G0XH4EOBZ,0.03365171
CUST_U9VGLS9CFX,0.12800609
CUST_GNIRVUKT7P,0.8418496
CUST_2OG8YVCDPD,0.03034609
CUST_RZHFUEVBXP,0.08455675
CUST_SEUM1CWDGY,0.040674508
CUST_Z1EWX74A89,0.10626683
CUST_NOP01SZZ6K,0.12486242
CUST_57EVZ6S9W0,0.038312662
CUST_SBZRKHZUXE,0.02672818
CUST_YSFL4KY7FP,0.029502574
CUST_3AV7G05EOK,0.032550905
CUST_FVXYJ924GP,0.10554049
CUST_YRQ62RL5EB,0.07731973
CUST_KZBMH04A6D,0.021083739
CUST_UMALL4M9UD,0.82433444
CUST_BZECXS7KWX,0.025910128
CUST_DRGR2TU94Z,0.025487777
CUST_FQ81VAPBP4,0.029439645
CUST_OLP3BOTO80,0.03270908
CUST_WCH4VQS9M7,0.023706246
CUST_WMCZAVM3V9,0.027954742
CUST_DOFX4ISSLJ,0.20616685
CUST_YKJE7FR5Z2,0.026342196
CUST_1E4GRAY9P5,0.08946215
CUST_6HAOSWRYKF,0.03668324
CUST_GFNRHF8RAU,0.034559336
CUST_AXECPKYJ95,0.15760359
CUST_DVZ5QEAJ7R,0.08940525
CUST_VJKOW9YMWA,0.032435838
CUST_06N6SZ87CH,0.12373445
CUST_NOSOGPQSAM,0.10172584
CUST_5J0O6H9XJ7,0.02202838
CUST_ID8RNXODR2,0.08741021
CUST_DX6RXBUGY9,0.06355494
CUST_IPZKZV2VMX,0.02729819
CUST_OKB4VRTJBZ,0.034021843
CUST_DEICYDNA2T,0.096587665
CUST_5WWQ2KT43F,0.7972706
CUST_XP6H0PSN9N,0.026014892
CUST_EF9PTGREBX,0.079109475
CUST_KD6BOU975T,0.059871197
CUST_6C44MJQTM0,0.12739572
CUST_UGI7B9V8SK,0.11302867
CUST_B537NCRI5L,0.023690486
CUST_7T06A3TSGZ,0.024341127
CUST_BYEROA9QL1,0.027292239
CUST_UDNCTYBOF9,0.022847762
CUST_D5D1O4U94X,0.15384634
CUST_G4M5W2IYL5,0.8373389
CUST_HFGOVVAUGG,0.025049966
CUST_JHACGTFZYE,0.027970353
CUST_2XKEJ0ITTN,0.82275337
CUST_XL0LIX0MRE,0.7589965
CUST_B79KKFOH7D,0.6133006
CUST_LF72BIDY6Q,0.100960225
CUST_3FA12G2T9B,0.065615
CUST_9LM483L2QB,0.08647556
CUST_4EC7NC393K,0.023648806
CUST_RYAS1N6TDI,0.11362108
CUST_BSQME0I1TD,0.033840597
CUST_MORWIK1BY9,0.11921829
CUST_UMW9KUFVKF,0.023481775
CUST_OQZ8TJECK6,0.027891973
CUST_W7VO6HY4U2,0.025783494
CUST_V7E66BB693,0.09217013
CUST_4D51X7G4ZN,0.022904418
CUST_97F83CJUSZ,0.032995187
CUST_FK02D2EW60,0.69726926
CUST_X0I8RPSGCL,0.057939477
CUST_NVRCTMQS6V,0.032978646
CUST_DMWJJGS38Z,0.023176989
CUST_NA4K73ONPJ,0.8851199
CUST_FR2H9XN5H0,0.09877456
CUST_Y3O7MTKHEC,0.024278995
CUST_RBJC9DFXG9,0.84942305
CUST_SAGPFBN2PI,0.1255628
CUST_WNSHNM9TH5,0.0823334
CUST_NZGUPZLLDV,0.8010227
CUST_3NYPJV20TL,0.0653782
CUST_G0XXUJ053Q,0.8121209
CUST_Y8EZ1TKPJI,0.032160457
CUST_LFZLUP54UI,0.02448896
CUST_I1PU3J66K1,0.07736669
CUST_68FEKVMK23,0.032585926
CUST_FQLVRTLF7K,0.02945101
CUST_9U0SXYSRZS,0.1012337
CUST_J3AR5JL7TJ,0.07969555
CUST_RZVDNVJR1P,0.019332344
CUST_ZAT1SC7K3T,0.037286222
CUST_K4FZIXLKP2,0.018427659
CUST_L32UJJT744,0.025047628
CUST_J97LVEVLM1,0.7616943
CUST_IEX0PA0Q7K,0.033509996
CUST_4TAAQOYBYV,0.026403017
CUST_S6HTIR71W8,0.13906327
CUST_NVGXZPXY50,0.10834147
CUST_KF7NEF3YT5,0.036575455
CUST_0FMA3GQTV7,0.028917663
CUST_WYERGORT3S,0.02895078
CUST_WJV17HIMPU,0.023383072
CUST_1MXV2UVPGF,0.03266857
CUST_WZKRP9N0OO,0.067673184
CUST_NBIO9D82P5,0.121032394
CUST_78M1NRKNMF,0.092484765
CUST_N4QHGP4BF2,0.07404881
CUST_GDTF0UY4RW,0.035332806
CUST_IBA20QCAI1,0.7281402
CUST_RS6QVM57K0,0.02469769
CUST_QRSWNPKN8Z,0.025302231
CUST_QAEIEFQ9FO,0.022355357
CUST_2AV5OW02CY,0.028634919
CUST_DDLBT29X3S,0.08140864
CUST_SMYJHGXZMH,0.118684165
CUST_IZUK0PF5UM,0.021589326
CUST_SI0QHQ4P6O,0.035095565
CUST_VLQG5G51RU,0.0945796
CUST_5MPE3DCCSP,0.7962681
CUST_IRERN868EX,0.09244781
CUST_SO7RG53G5I,0.06129417
CUST_60V9ZUYIZ1,0.0236691
CUST_PA5P0HC2S7,0.097798355
CUST_3HRRNEFBHW,0.8530744
CUST_DMK0CFJ7QF,0.029618304
CUST_XM3DE3HQ04,0.87836105
CUST_FKIZISNU2G,0.024405662
CUST_Q5MNQU1CBF,0.12491002
CUST_E9MA70BBNS,0.7721629
CUST_ZWMB5N274Z,0.14596257
CUST_AUSI5FPNV3,0.11201347
CUST_PY4U196U4P,0.026852455
CUST_9NHAG3UW02,0.077205315
CUST_1FP239ODB3,0.025955996
CUST_43GNOH6OBA,0.041607693
CUST_6HY2LL7KS6,0.13225469
CUST_KWJM9DMGK7,0.8635543
CUST_ZLV9ZKAIBT,0.035220847
CUST_LS54EJQFS3,0.1501279
CUST_PKTI4GDSX9,0.119680315
CUST_9BPFVGUQWL,0.10602516
CUST_H0K4ENKT38,0.028955895
CUST_0JDMHJH3XJ,0.06837217
CUST_TE9AW9W5GA,0.041481826
CUST_F18TGYWUNK,0.14000328
CUST_2UPZETIICC,0.026054464
CUST_EQ1VBDADHH,0.12038215
CUST_NQTCPEQSR9,0.070033915
CUST_H75DAWJD2K,0.09461251
CUST_EDJ5OKRA15,0.09627757
CUST_OP0JDLXCLS,0.11673191
CUST_S9SQMOWNYA,0.1247306
CUST_QJ3VOME0TL,0.09914159
CUST_NBXK9V3SYH,0.026167184
CUST_68OPKARJ22,0.031486575
CUST_E1UJOXRTK8,0.11551381
CUST_NL5N3O5YM6,0.018133324
CUST_ULEG2BFVZK,0.042828653
CUST_SRE4EXW99K,0.028060004
CUST_ZS2HQUXZFF,0.030240837
CUST_08OAWPIP14,0.04786491
CUST_9YKGQDOAW6,0.08071513
CUST_I7L2U0J31W,0.021816062
CUST_NDUFW1ALYX,0.022237923
CUST_LGJVF237K8,0.02782728
CUST_LCKAOTIPSF,0.02799586
CUST_ZQZWS3VI83,0.021848949
CUST_TPL6CNDYBL,0.025072655
CUST_MPHXTE7GSR,0.02971219
CUST_4S7FJSZVY7,0.03749225
CUST_C9VUQKLBIT,0.1650616
CUST_12JL03KEPN,0.037381843
CUST_IXCK4NZO48,0.09633752
CUST_HOK1JLQNUO,0.07432449
CUST_G6YZA8U69U,0.028154062
CUST_SZ0YEZQ042,0.04905376
CUST_792NPHSA61,0.108419664
CUST_OBPO1VUOOP,0.037321165
CUST_Y3UG9R4TAO,0.12582736
CUST_ZCA8163FK5,0.85020053
CUST_UJDPHHWERP,0.073037036
CUST_H1T92882HC,0.12689178
CUST_WJU6YTTEW2,0.028646126
CUST_EHN9370W6L,0.023633484
CUST_LKENBB3WWP,0.025140965
CUST_0OZ3WQ6B6E,0.023506705
CUST_86HMV6H12D,0.02423361
CUST_L912I6O0QR,0.020775586
CUST_KDYT75V1L1,0.024082776
CUST_BV5T1JPV89,0.08856973
CUST_S5RDXJS8CR,0.030012425
CUST_2QLP94OJ9T,0.1686163
CUST_QYXWCRHDEX,0.02253225
CUST_HBU7AX3CI9,0.02663955
CUST_AB2UVA0FLP,0.038046222
CUST_SDUL7P3LPE,0.025905715
CUST_MPFRJ46D2W,0.040376734
CUST_ZL8PBFBZ8B,0.03322867
CUST_579D58YDJD,0.025224105
CUST_27ZJWWBM7T,0.022266023
CUST_S9X1G32NS6,0.027891167
CUST_5U14B9DIA7,0.026807047
CUST_USX8IGGL0F,0.120078914
CUST_5GA716HLE4,0.026184596
CUST_I37VV8OAS8,0.097998194
CUST_KTIPE9B33E,0.035428863
CUST_YQ2QZ0OG75,0.023035392
CUST_M1QIU8R0ZL,0.8070763
CUST_IJ7XXFH1KD,0.02514932
CUST_5SDLZ38CBH,0.024404697
CUST_8189VQGB8P,0.09074033
CUST_YLJ0LFLHIC,0.023647714
CUST_I4PSQ1ZW5Z,0.066875115
CUST_UF7XMP6KWR,0.028411489
CUST_FYMLH8W7KF,0.03170503
CUST_JIOBNRROPA,0.033693258
CUST_J47FTNJC3T,0.030609813
CUST_EJTBCICR2Q,0.09273128
CUST_TATZ7WU6CA,0.029678324
CUST_H1W6SJTKM0,0.033421636
CUST_SFWULDGFLZ,0.02057444
CUST_W942MO3N8S,0.1690507
CUST_D6WCJTCTG6,0.0374391
CUST_J9BNME4XL5,0.69348156
CUST_WYZX0LLOKK,0.033855014
CUST_CSESPR3UCF,0.024083408
CUST_71IEL67ZOJ,0.17093083
CUST_ASNVR1NR8O,0.020265201
CUST_93RE73NG7V,0.026229931
CUST_LUG6E1RRE2,0.8627078
CUST_4OHSLNR5I4,0.093347825
CUST_XRSFFNKBMX,0.032071467
CUST_7P7BHHZVJT,0.024883324
CUST_R6DTTJD2MO,0.025183272
CUST_7X2REF4BWE,0.06701902
CUST_GM5JHBGXO5,0.1552785
CUST_LRYZRRXH2F,0.036347225
CUST_G47UD44Q9C,0.16698162
CUST_S24HL7P7CP,0.053872462
CUST_AMF6A6GA7I,0.040725604
CUST_D34W65UG53,0.124126166
CUST_CSFK98VLVJ,0.07598199
CUST_HMHC1DXVPK,0.801113
CUST_CNOD9GB7DP,0.081992924
CUST_CYRJMRF1SU,0.027674735
CUST_1R47RI1I9Z,0.12830986
CUST_7SLGWGNE9C,0.028146174
CUST_UDOCH3J9YL,0.020686155
CUST_0UWDG3AWOI,0.09435594
CUST_DDS7NHCVF3,0.04482692
CUST_XXXW5NBZ2L,0.027048187
CUST_A0ZZ4F0L0Y,0.021230228
CUST_6N2XV2YELD,0.026408864
CUST_E951HSSHG1,0.028462017
CUST_8C16YGSG2M,0.029190058
CUST_ZF8GMZAJBD,0.030254235
CUST_JS00LX6JGD,0.70529413
CUST_KDKJBW9NF6,0.024474438
CUST_G3WKNTH0U8,0.07306598
CUST_JU45LM6BND,0.03205439
CUST_UF2Z69H1WV,0.07515257
CUST_4902ZPUPPL,0.6845262
CUST_CQ8GJAT0S6,0.08668089
CUST_FXE9W3YEZY,0.025515465
CUST_0FQ5Q5KN2V,0.028900301
CUST_JJ9GCLAH25,0.02846708
CUST_BANIPNY9IP,0.0973825
CUST_V9B657EA7O,0.8145287
CUST_FHL9Q8S5X3,0.09114473
CUST_1XOCE6W87Z,0.08899051
CUST_QS0VTVIH1N,0.15063363
CUST_OVW74RLAOS,0.028629811
CUST_2Q2EDLX035,0.020706562
CUST_SP2WM15S2V,0.049481925
CUST_PWLIY3AL0X,0.02784569
CUST_KB03R9YJN4,0.023424689
CUST_S6K3WK8MM9,0.030147996
CUST_RRMYO9Z3MO,0.025532791
CUST_EZURNJ9FFB,0.08786925
CUST_YD9YNEZOZ3,0.077734336
CUST_ZYYLBTQQZC,0.11248759
CUST_X3P2028MX7,0.03477524
CUST_UYPILYKN73,0.1127239
CUST_LMREHGQE2S,0.025493015
CUST_W6C8N5TAOC,0.07310953
CUST_9H8RUOXUJ1,0.09243869
CUST_RBV45VU7SK,0.0844053
CUST_8RT8PB9LBO,0.027438626
CUST_DTK9631RZV,0.07620389
CUST_6O7W4PZUUT,0.030563358
CUST_PRQ65KEJL0,0.10499768
CUST_NOK8Z0D51V,0.019525008
CUST_GEVRLYXGZD,0.09877242
CUST_EGSC9B3W5B,0.07335829
CUST_2KWO8SAU97,0.019774985
CUST_4O3HWXSHXA,0.03234358
CUST_98WRGMU1MF,0.02556035
CUST_IPFORGKT64,0.54248226
CUST_QJFVD4PRS8,0.10380437
CUST_443KF5CEJS,0.20097935
CUST_DLA5IP27S6,0.023377934
CUST_XMBITJG913,0.80533034
CUST_6ATPWLAERT,0.031249512
CUST_UZJTSL3ZQF,0.12599818
CUST_OSHWMHKZSA,0.023337506
CUST_YN714NKNC3,0.099300094
CUST_X0YKBYZ8NO,0.025886387
CUST_06JDS361YK,0.028007625
CUST_Q4R0L5EBHB,0.0697249
CUST_8X20QN25E2,0.025588905
CUST_FSGJV447KI,0.02272318
CUST_A9LX1WLORP,0.03148711
CUST_R6XEI9JCK4,0.045616783
CUST_ETFR4D2FRO,0.022930488
CUST_LXXRBCNBRL,0.06905288
CUST_ATFWOKZ4CC,0.11514037
CUST_TZW0KHOU5J,0.08965189
CUST_FMBNR9HGU0,0.80160564
CUST_04EBYZF8CM,0.025233034
CUST_U14S35386W,0.09138169
CUST_H44NYR87YU,0.82245845
CUST_Y2S51WWJQX,0.026196016
CUST_ZMEJPBP92H,0.15126859
CUST_KILH4ALTXU,0.09773195
CUST_TKIU4A9AOF,0.13074318
CUST_XZSVT7FNX3,0.022463063
CUST_IW6CJA16P0,0.026753545
CUST_GCRI8WI4SC,0.028106019
CUST_HXT69TQXSE,0.027045527
CUST_TZ1B4KMWAJ,0.07054504
CUST_89UDMNDLP5,0.025757013
CUST_U5BXDMHP0E,0.12756039
CUST_6J6WVT7G30,0.05902703
CUST_0VTTKTM39T,0.032308675
CUST_6BKM8KHC2P,0.08486404
CUST_RGQTHB3OP2,0.022307906
CUST_XUKJC41KUU,0.08212895
CUST_28JTO43LTY,0.06189776
CUST_OVWBKGSBOX,0.033721223
CUST_7XQRDLL2DC,0.7718815
CUST_AG21SL9BVX,0.75651187
CUST_ZL9M14O7ZU,0.08422492
CUST_PQB6Z827MZ,0.035238035
CUST_3D3OPIM6SV,0.08540663
CUST_3FY9BJ2CH5,0.020241665
CUST_2MHKAX90AZ,0.024729054
CUST_LX8TJ5RM4S,0.02509149
CUST_AMBPNPTX12,0.026256453
CUST_2IUU4ZJMMC,0.110116385
CUST_500FZZ5ISS,0.02407007
CUST_IP5JVNJH7O,0.069220886
CUST_Y1OW0CN507,0.021482477
CUST_Q6PEMUI42G,0.025442963
CUST_IPFX3CB08L,0.11262974
CUST_AOV6B3D12R,0.14329939
CUST_0HAPSSZ62P,0.024374431
CUST_CORBQW3OQC,0.06338038
CUST_G65CF0IPWF,0.12607493
CUST_TY5ASIB8Q6,0.035664592
CUST_TMQDUQBB2N,0.8388971
CUST_TONZ15LT95,0.033815615
CUST_GK1UIN96JK,0.11718552
CUST_NP1777356C,0.022967117
CUST_G0C3YULX37,0.019162608
CUST_KEOKX4C7S4,0.1288918
CUST_KQQOJCZ3XX,0.02142336
CUST_PRFI15K5GG,0.02213934
CUST_YONHENMHEV,0.09672898
CUST_GSZD23KLYZ,0.019781983
CUST_LOHOY97COQ,0.14098725
CUST_JA86QX67F9,0.10795378
CUST_KTN8L1ZWJS,0.032918148
CUST_X7CU7K7JFM,0.13750587
CUST_UNSRKDQ83B,0.02682609
CUST_Y54FZSDGQN,0.8672923
CUST_SA6BI54DLM,0.07184213
CUST_SDFN5G0NYS,0.02491589
CUST_7VDGTIJUAQ,0.033689152
CUST_N2ILX2BZ0Z,0.023221062
CUST_CQ6FEYSJ1A,0.026497325
CUST_SYVB1RH1KX,0.0375976
CUST_58Z4ZSCCHH,0.0330836
CUST_7TTXEO26SU,0.028534317
CUST_0AH1VC5H35,0.09795226
CUST_Q6NVYTVHMR,0.02681375
CUST_9NQAYVAFEM,0.028066684
CUST_N7KRB7P91O,0.02305848
CUST_V1JNCUUAO6,0.110727645
CUST_617P3QDF2J,0.024802888
CUST_UROUS1X0L1,0.09371653
CUST_3EYXM45VOT,0.08262942
CUST_CHFOFBJUD9,0.86943305
CUST_O9Z78NH0N4,0.1390525
CUST_3GOQC55IZU,0.027643738
CUST_UVBEFOBYT3,0.033377837
CUST_QPARU8RXJ0,0.06826526
CUST_8OHDKLK514,0.02295827
CUST_KD1IWZ6SDI,0.03312331
CUST_MEVGIIZZME,0.86557996
CUST_7QG03N6NZW,0.03199298
CUST_2YCUK3CGSY,0.03382353
CUST_Q0T2WH1120,0.11891294
CUST_DGURS2WM69,0.22190122
CUST_RQPRN8BGUX,0.049789224
CUST_AZRGFPBGZB,0.029329088
CUST_N3JD6YUEQX,0.038428493
CUST_D5GO68WC8A,0.069264725
CUST_97WWTIZMIV,0.023035213
CUST_YJIHBJA5WB,0.025779702
CUST_LVAM2O0SS7,0.032065902
CUST_T0VCYFUU32,0.026443977
CUST_FN54DXHWRI,0.11791554
CUST_9T9CWJF4X0,0.123620436
CUST_O92RC5SCTV,0.021387
CUST_K6BWMBTM17,0.13723756
CUST_6SKJE2F847,0.075446874
CUST_TCZ5L1RQJM,0.031222353
CUST_31N9RPZ3KW,0.10022514
CUST_MLVZCK1YKG,0.01893508
CUST_W9B11SZVFK,0.023913309
CUST_U0BP8MKTHX,0.022226851
CUST_3VAJWVBSBK,0.7598407
CUST_4RBMXKMTJN,0.024213225
CUST_KTIS79ZZBW,0.046406124
CUST_X4C4HRNAZE,0.07828666
CUST_51W4C7DIZA,0.029268337
CUST_Q1IJQEBET4,0.035342988
CUST_MHG57009SJ,0.03519532
CUST_WSKIVGNZ7V,0.02635006
CUST_AZGM17CUOA,0.02852616
CUST_3GXX8OZWUV,0.112458475
CUST_7FT0GOPNRZ,0.1577381
CUST_E11MBZUO3F,0.020357471
CUST_D4RZHQPHRJ,0.14218335
CUST_M9NH3G3Y45,0.70273054
CUST_WL9PJRAGRV,0.07688723
CUST_974B9A4C1K,0.026074424
CUST_LQCHPE9KAQ,0.17665184
CUST_8MU37IJHDH,0.07087769
CUST_682Q224UOJ,0.10840294
CUST_WPVJED7ML0,0.035707355
CUST_3NZAYTXD3K,0.7975978
CUST_OY46DAR5AM,0.03257873
CUST_AS8H4EGSM5,0.026205719
CUST_L9P6GVJZQN,0.85806876
CUST_5TNRL9YXOP,0.031138714
CUST_VID02ICY8A,0.019459587
CUST_GQ3VF1TNYR,0.019683318
CUST_ZDNCLYVE88,0.08571453
CUST_VSC9CP95W5,0.021615338
CUST_7PXIDS8K9Y,0.026617495
CUST_ZWRFIMN4RD,0.09172933
CUST_6YBBWR8KNJ,0.086033314
CUST_YF5SMRDYTR,0.14194651
CUST_QWW5E6XT2E,0.11461265
CUST_7W1QIW4T62,0.8027832
CUST_BF6538NRCH,0.12727246
CUST_2ZJWD6UMRG,0.023456583
CUST_FMZ15EP2PS,0.17941664
CUST_M0SKXA1VUN,0.021617763
CUST_BQ0H3WRHE8,0.09811719
CUST_B7WXQ516VE,0.10215515
CUST_U39IK6FVWM,0.034531385
CUST_I8PIROW98M,0.08977543
CUST_IAS236LI6J,0.032508932
CUST_BPIHRXRO8Z,0.037943706
CUST_0JAUVPE2NO,0.15622778
CUST_WI4OOBLYRX,0.037517045
CUST_90XHVTW7TH,0.03109341
CUST_13AD7GBD00,0.037966378
CUST_IIV0OIYT1G,0.09145405
CUST_ZUSGU1B7XR,0.022783704
CUST_8HT4IXFF3C,0.025317822
CUST_NKHKSNYHZR,0.105035074
CUST_Q14PN18TZH,0.09812094
CUST_T9HUQ8YDIE,0.060843408
CUST_QFAQMQNOAL,0.030821152
CUST_ER3NBIHLQX,0.02440983
CUST_9S35WC0UI7,0.031499628
CUST_UYEZT5STGZ,0.07761359
CUST_KWX2TIT0QQ,0.028147938
CUST_J8IL53A4B0,0.02892407
CUST_64U9QRNG88,0.043900672
CUST_FWVZKYRPRE,0.020885168
CUST_SKCCUJWQ2E,0.09380387
CUST_D23N4RQ19D,0.027655238
CUST_VS5L9L878L,0.02356241
CUST_OOEPCF9Y33,0.02374811
CUST_5W4N4LKKTB,0.65776443
CUST_35WMD81C52,0.16840625
CUST_C94W8V4REM,0.07740342
CUST_CWOX1NMZ27,0.10058885
CUST_FQDMWFOO8K,0.023395495
CUST_5WR7FOF4HX,0.12677348
CUST_DMZXOG1IRY,0.0808703
CUST_01HAET7MJR,0.026516212
CUST_KNXP7OZJTC,0.01970544
CUST_FAHN65FI3K,0.02509537
CUST_9K5JWTMCT8,0.10825099
CUST_4L6LOUXENT,0.08794365
CUST_1W1M76F3CY,0.030983014
CUST_EWAQI9I29F,0.11023612
CUST_4SN63EGADP,0.739753
CUST_D81ERC1YC9,0.1307437
CUST_J8N54ZK4GE,0.08005843
CUST_BWZ79JLX9A,0.06998137
CUST_IOIVT5UNMY,0.08500392
CUST_4XGYSV7ODC,0.022745308
CUST_DL76PUY5CY,0.025494404
CUST_90P7Z9DVNM,0.02079419
CUST_4GG1S8R25N,0.813544
CUST_3GVWZ0CT8L,0.83196104
CUST_HNFPVXEQ3N,0.022561686
CUST_9J5G875EJI,0.073333256
CUST_MD6A0Q4XSS,0.02209417
CUST_4BPPLDWCT2,0.021237696
CUST_UBI93UAP0K,0.09008977
CUST_P8JXD23Z39,0.1063054
CUST_XBMMJJU56K,0.02335096
CUST_B0R3URRIFD,0.11214501
CUST_TSBP6QDH22,0.021173656
CUST_QY2AWCU4Q0,0.13482873
CUST_NBE48KLDPN,0.034565613
CUST_97L65UX1U9,0.030530639
CUST_OHFXI03NI9,0.030563002
CUST_WP3OPH1AA9,0.1407412
CUST_RZNG0WYBBW,0.021870488
CUST_JOQVT4GW3B,0.8244313
CUST_VM40ZH4JK3,0.020835524
CUST_HMNFNLE4OC,0.036646355
CUST_UEOIDI05S8,0.070584804
CUST_DVNE4QBPEK,0.08379283
CUST_WCIFY7JVL9,0.032466378
CUST_1XPYHHZZEA,0.025645006
CUST_W3I16HXXRB,0.10044845
CUST_KXB8RQJ7F5,0.12230182
CUST_EMFSC7VPN8,0.028692318
CUST_J7PYEVAK4F,0.022609387
CUST_6O6TJ2T2XM,0.084138684
CUST_F4ECQQWLDB,0.026612014
CUST_JP9VTRYC6D,0.039605144
CUST_NWJSTI6L00,0.09747875
CUST_NO6JUJXXWB,0.026941102
CUST_FWXJEWPF4R,0.027179038
CUST_85VBUE70X5,0.019243585
CUST_OM84MHINXR,0.02932036
CUST_CCFAY4NN44,0.022470303
CUST_2YZGQYZJML,0.022085698
CUST_1H39JNN9W3,0.84348464
CUST_FPO84QMUW9,0.14719327
CUST_FEBK1EMGVQ,0.030312743
CUST_QQ28YD5DJI,0.036884334
CUST_ZVZ3CB2SJL,0.14344396
CUST_R2QPA4RQM6,0.026787221
CUST_G037YJ6C85,0.84656537
CUST_KQIG2EYMTF,0.022206131
CUST_F1UP01NADC,0.022002226
CUST_AS7KYXWC5A,0.095124565
CUST_3LJ3E21SWI,0.06476698
CUST_728CKKCBAJ,0.098556876
CUST_LZFW6HXV6Q,0.09835646
CUST_0S7VXKGIUB,0.08823904
CUST_DY6B5I0K03,0.022214808
CUST_RYQEO5XV9E,0.11385821
CUST_NB0M7OAFZ4,0.15291652
CUST_YTPMCPM6TM,0.122160986
CUST_5OQ53381I3,0.09654405
CUST_TI0UUD3813,0.03418519
CUST_2P0ASOYUSP,0.022402246
CUST_E8KGZVEG3X,0.13497674
CUST_7X85ZFV3K1,0.03340003
CUST_WFEEZZPUDA,0.15707083
CUST_7RCTD3DJD2,0.03149098
CUST_8X48NLXLVC,0.83200216
CUST_O4UP9EX6HQ,0.8074302
CUST_98DCGJJ1AT,0.79499394
CUST_OIZ7OLU2U8,0.026475161
CUST_3RQD48TC08,0.030701675
CUST_45V2HB7M73,0.07148688
CUST_AQLDD3D6TF,0.027638793
CUST_UBNTEM23KR,0.097099505
CUST_5NOHUUJU57,0.8725647
CUST_MKDAX4NQHZ,0.026988095
CUST_OJMUGQVO38,0.116673134
CUST_ZZ6R4DAXUD,0.1314191
CUST_YASLSJKWV1,0.024993097
CUST_HV5SLPI56M,0.82896537
CUST_RW4IZCGHZL,0.095390216
CUST_10RGBSTK0Z,0.10711919
CUST_ITP09L8Y61,0.09761577
CUST_MJT9MLT9V0,0.025276097
CUST_DPTI5QMMPB,0.02388844
CUST_NB70R529GC,0.02607319
CUST_TO18W2YD9H,0.09607405
CUST_RGZ6MAHFYW,0.025268126
CUST_AU3LEUU4JA,0.032515574
CUST_I1QBLRG9S0,0.023385419
CUST_9ZK3RYVQ83,0.07881237
CUST_NAGUH83AWQ,0.026046673
CUST_FWV2YZB3QX,0.030588979
CUST_T5YQBBDY8T,0.15137641
CUST_EQYYDPDVG4,0.10739383
CUST_EW50NIGLOH,0.030449443
CUST_TWQWPE1F6J,0.04035337
CUST_AYO5KP85JZ,0.03023149
CUST_UPPN4GY2SR,0.17721866
CUST_XKRKN74CZY,0.028880754
CUST_XEFX7TAAH9,0.03451392
CUST_A7R61JE0WG,0.12010778
CUST_WIM0CEJ8DA,0.026895901
CUST_BMAEC15T8O,0.034765534
CUST_L0X7VBEYBO,0.098663084
CUST_W8JUKSYSE4,0.09679633
CUST_PQ9W41J6UE,0.026670227
CUST_DF06GG6ZTH,0.09720285
CUST_PCKX14FSPF,0.026075473
CUST_G6BFPO15YX,0.02743748
CUST_TCM05SRFNN,0.11414777
CUST_XRWH2V5QQV,0.8320049
CUST_3WTCIOU3NG,0.038410533
CUST_X4POAES1P8,0.099671684
CUST_NYPTUF6XVR,0.0923621
CUST_F10SKGR92U,0.04126694
CUST_64AFFI6NKL,0.031185158
CUST_KMIXE9HLY7,0.064349204
CUST_KSTJGBB6KS,0.8112857
CUST_G26RJRSV5I,0.10429537
CUST_X4BC6LZGEE,0.035686255
CUST_735DF8WUMO,0.021137487
CUST_G3RFZPLHUL,0.0796581
CUST_PROKLRCTPY,0.05620023
CUST_049DSQGRI2,0.025591873
CUST_JGB181PKHW,0.029614557
CUST_TZRN2W5EFX,0.072487935
CUST_V231C2TFO6,0.12084814
CUST_FYKKBUKFFG,0.032563824
CUST_DU4ZDZ7VZL,0.12802814
CUST_5G41TAZUVB,0.024435671
CUST_0UA2F39LM3,0.034033787
CUST_7V8IZ19YG7,0.83530164
CUST_AWFB7KPHE5,0.09720198
CUST_1HH1JC6419,0.0943905
CUST_FXST6H5VW6,0.09627347
CUST_MSMCP7TH7M,0.020408483
CUST_9KRR6WV2XW,0.022287
CUST_A229GZVYK8,0.110391356
CUST_8T5AL6085A,0.10189907
CUST_YDJ3KR0BYS,0.09562519
CUST_IZGUUWMT4X,0.11458489
CUST_J06O3PQ0W9,0.026552116
CUST_F03H5NYEVF,0.18048342
CUST_KAVNLUU1IZ,0.8242622
CUST_EMYKDG73N7,0.03322669
CUST_U7ISJG595H,0.12901323
CUST_2TO17MSRLJ,0.031619467
CUST_9FDS5F2S4S,0.7832971
CUST_5Z8PMU60TI,0.10400268
CUST_92S2ASAI70,0.053418107
CUST_31U70UXEFQ,0.090670414
CUST_YUPI12CFU3,0.023568012
CUST_ALQHQ410DK,0.027260307
CUST_Z9JA3GG22G,0.021741632
CUST_XLJHZN4OYK,0.14815642
CUST_TA6J2I9D99,0.019665899
CUST_6TT8N5PIOC,0.027097177
CUST_F5DKAF7P0H,0.85290974
CUST_L8UJ2ESA57,0.112295926
CUST_876EHVN82T,0.02447925
CUST_R9RRLI2SIJ,0.037850223
CUST_82SPRDZCV7,0.028870733
CUST_7XMA6XQIR2,0.034072
CUST_PZ7VZTAAUN,0.14475599
CUST_GD27AX8UMQ,0.027353492
CUST_QGMNINZQWF,0.15344638
CUST_T950DUPBAA,0.85680795
CUST_6DQ2AVQYHW,0.031828307
CUST_EKQGT47KMJ,0.04072708
CUST_5X1PIE5BXQ,0.79754335
CUST_O3O4OFYG7Y,0.65984476
CUST_N6YDQ4CPNP,0.020922687
CUST_VR49TBSKTE,0.026156427
CUST_RHDAYBRUR8,0.12723476
CUST_BJPXI35BH3,0.83494323
CUST_WB8LRPYRWT,0.1002962
CUST_6JOH1A9LDD,0.02457307
CUST_XQV34IXXIQ,0.02712818
CUST_VXD2T077G7,0.03980336
CUST_H1BQGLMZNQ,0.027532479
CUST_30V1SRZKIR,0.19710621
CUST_EUDP22RMYL,0.038468186
CUST_6P8XP011DQ,0.08217912
CUST_530DTHAWVL,0.021746574
CUST_HI4T1ZGNFZ,0.02184699
CUST_FIEF4TUR3Z,0.09304058
CUST_NAON6MMKYE,0.114753835
CUST_M8LCGNWMCX,0.026777102
CUST_G2NYK14G63,0.071770445
CUST_ZHXMI1UFKU,0.027613178
CUST_J2USYO1UE7,0.097832546
CUST_E8CC136XGX,0.07905209
CUST_ST2X3NY6TE,0.021785058
CUST_C9ZB28NECE,0.023880325
CUST_KT02S3DKHH,0.035617586
CUST_CSCLYMHP38,0.12127807
CUST_ZR6SB8JZJE,0.02055526
CUST_RJ0BNNYULE,0.021865357
CUST_2J8JWZFOHO,0.021305356
CUST_NUX02K7S5I,0.08148693
CUST_DP3VFC7GIM,0.034245316
CUST_QJCAK3K7W1,0.040149752
CUST_UIAPQMRPU5,0.116089106
CUST_IXCTFX6D3B,0.03550642
CUST_EWULWCWHCX,0.038543444
CUST_MQTP1G1LBV,0.09276745
CUST_JCDVLVXDQW,0.13647614
CUST_8FO7UE0C3S,0.02752065
CUST_4E7EUZHGG6,0.020833783
CUST_G49GV2DJ4E,0.7714531
CUST_ATERZCE9X7,0.02565606
CUST_OHGWO4Z248,0.027289372
CUST_UZ71V66BX1,0.028059127
CUST_NQ1PW5F4ES,0.027356664
CUST_KJ4GZP0IC0,0.040326953
CUST_L63UYJ0UQ6,0.11457188
CUST_0LB5DSZX8F,0.02152068
CUST_C6MJJTNME6,0.026320845
CUST_LBCWJYA6LB,0.10252214
CUST_3XC4NF1ZN7,0.030437522
CUST_5S14HGY68T,0.023266997
CUST_YYHWOCWGND,0.8319676
CUST_B9SG218TUQ,0.0782344
CUST_U72PG9X1N7,0.026156377
CUST_GZVDIJMBVK,0.019875892
CUST_LHIFOVVKG6,0.022106903
CUST_6JQTRU3RMP,0.025819283
CUST_QM2VNUWD1H,0.11794695
CUST_TVQ06ZOPRG,0.02419045
CUST_SQPR2ZUORF,0.021045612
CUST_OZQLSTLFUD,0.04462031
CUST_QV1WK8N6FE,0.14579858
CUST_N1IH4WD23R,0.11187405
CUST_1QXWN4XX4C,0.14029667
CUST_2QRZCI1RD2,0.02452724
CUST_KXE5SCYE1K,0.023560127
CUST_04SHYZE1EG,0.08555012
CUST_KB7Z1DS80M,0.10970154
CUST_8AAAYY2PWO,0.038321078
CUST_9L1L31TBYZ,0.028597904
CUST_O48XP5RA4F,0.025400799
CUST_H4JDYOVFQ9,0.01978667
CUST_COKJB54O3C,0.026782174
CUST_NZDEZ1BDYW,0.034079213
CUST_D5DQ2RP86M,0.15077664
CUST_CLAVJXPM63,0.073237896
CUST_JJ4QCOX8ZN,0.8446439
CUST_B4JW5MEXWW,0.029419985
CUST_F7A107BWYI,0.04360588
CUST_8IUDIYD0N9,0.025397925
CUST_6VY9QPLX6J,0.025240213
CUST_HUDN4GI935,0.029903611
CUST_GVUTBB0VUK,0.033174187
CUST_KD6GTZ939B,0.12289229
CUST_Y45YS49OGB,0.034720886
CUST_HCZDSH6B70,0.022012401
CUST_MB8SG5K52O,0.023449278
CUST_OC1B7D4Z5H,0.035636824
CUST_9I85S6RU6X,0.038969863
CUST_2BQH4I9Z4U,0.03375314
CUST_P7Z65GO1EK,0.024523858
CUST_XGRQRMYGNT,0.10942693
CUST_UWUPF20BEH,0.10665917
CUST_UX89JC6MEL,0.09160033
CUST_EAI9WP3KCL,0.022248402
CUST_FZS8PCGBLM,0.09895269
CUST_0WY124W0TZ,0.040762533
CUST_PU3NPY2IXR,0.0394558
CUST_TC3J8TY8VZ,0.032510918
CUST_XP6HEXI8AV,0.024286015
CUST_QF9XUDT333,0.083894804
CUST_3KZC1XSHY3,0.035320666
CUST_ATLHJNMMKH,0.02175092
CUST_TA0OXPXOHY,0.15594728
CUST_VYVQSP3TXG,0.077863604
CUST_JRXBCRACH5,0.03837822
CUST_Z8QMIFHI34,0.025809659
CUST_S0CBDU6IPY,0.16044
CUST_CLC22JO7H8,0.030247545
CUST_3K2W2SEPPJ,0.027613685
CUST_0895Z8BSSX,0.038233172
CUST_MEGG9DXMD4,0.06642965
CUST_H3CBGNGJX7,0.83271223
CUST_75D8LPOMNH,0.1020208
CUST_DQEA9UVM3U,0.11563333
CUST_FD779YLXWO,0.032743413
CUST_4E8D8ASGOL,0.078542404
CUST_Y962YBHVVU,0.03636246
CUST_URUO4E83K2,0.03171541
CUST_GMCU5EFVI4,0.11917209
CUST_2SFNLK86XJ,0.12501648
CUST_XIWHRUG6BD,0.028499361
CUST_4CN1SQ4A9U,0.08598387
CUST_CDDADIJGG4,0.13731262
CUST_9BXOJPPGSU,0.06905805
CUST_VPA9ML9097,0.07116275
CUST_OUQ20WNEK0,0.08512037
CUST_8I6ZCQH1W9,0.022543784
CUST_EB28LJL75K,0.021956386
CUST_3AXAAZPKQG,0.021003969
CUST_811O9HB2AJ,0.8701178
CUST_9ME11RSMXT,0.018726053
CUST_VD65CHLAIM,0.031807978
CUST_1BB1SWZO4O,0.037990898
CUST_M96NLUE7Y2,0.030363739
CUST_NZVPFB4MU1,0.030576305
CUST_QQA35J9AII,0.022511724
CUST_KREMEN41XG,0.03525944
CUST_SQXV0A11OY,0.022860838
CUST_GTVPMFOZX3,0.132365
CUST_UIUE5TAY9M,0.687564
CUST_RO76MKRN5J,0.043415584
CUST_IM0NIVO7MC,0.037085224
CUST_O9Q6FYC8AB,0.022425754
CUST_6GZFKN52Q7,0.025534697
CUST_Y36D206VEA,0.02111518
CUST_EXN69TLGHU,0.0816892
CUST_MIBIQ26SZS,0.8957014
CUST_US6WBT7NS5,0.12902032
CUST_6I3WXF8O3B,0.77819866
CUST_32AXHBSRFG,0.030884981
CUST_ZDKJT7KYTH,0.021474844
CUST_MR1KAFKUYE,0.83227015
CUST_NEEAWH28K6,0.09571564
CUST_W2GDXGNOV6,0.028212253
CUST_4RYQBTDXI2,0.12286798
CUST_UHB8O9HCXX,0.091769874
CUST_IZ0WC8GRD2,0.11207752
CUST_18WZDSRX8W,0.10065341
CUST_0BJDDTWT6X,0.021903137
CUST_R451MPOVKJ,0.024019325
CUST_YSIP9UQ2ER,0.032529004
CUST_DXWKW53V12,0.021344317
CUST_BDZDE86SJG,0.15613496
CUST_E3TM22NTOL,0.02232248
CUST_7505PEVGAC,0.8243536
CUST_VQEHAN8Q10,0.12163724
CUST_QP8JK6FXZD,0.07030764
CUST_U8RYC7Z15V,0.044305403
CUST_HY3E28X6T8,0.1655183
CUST_3TOU41MXJJ,0.114465564
CUST_UV2RZC0R31,0.13941938
CUST_T2976VOBOR,0.034393083
CUST_7SYN1PIAYB,0.1034904
CUST_OZY68IVH2S,0.032280624
CUST_7ZBZFYVTE4,0.018764397
CUST_AYTL4CNIZO,0.11111653
CUST_V97OXD24XM,0.025349319
CUST_C346TK8XJU,0.042119622
CUST_H4HI8KLEI9,0.020413455
CUST_7Z31W92Q23,0.07191972
CUST_ICCMX6THV2,0.028250892
CUST_X5LYKNE5MJ,0.036700025
CUST_PT56DTBEIJ,0.02711458
CUST_8U0EROQ71P,0.1319062
CUST_AJMPQ33YW3,0.026077664
CUST_LQJ0FBLFMS,0.025492148
CUST_DQB0XVLAS7,0.026070101
CUST_ZZLULRONMH,0.1432776
CUST_DELQH1JSC9,0.10093759
CUST_LU4UMLR2UH,0.07093282
CUST_8LD8KVMCMN,0.027841836
CUST_OS76JI4GXU,0.082936205
CUST_YOBLIVKGQ8,0.029737193
CUST_KUN05BUB3O,0.10676062
CUST_8OF2YYLMSZ,0.06752372
CUST_GFDU4A5JRR,0.029418562
CUST_JUCZ1166YU,0.026413457
CUST_DCEINGA1T7,0.10021809
CUST_UAYSI35XES,0.13269651
CUST_Q61IB6V2YG,0.094070755
CUST_BX1D7EN519,0.03282525
CUST_CEXU17863T,0.022003867
CUST_SXNZ8AMIIJ,0.022940926
CUST_UQN0Z4OXCA,0.021625645
CUST_OXMMSS8KF3,0.06286056
CUST_7QCL5RK6JG,0.091054566
CUST_5ASKX6Z6NU,0.09624276
CUST_HY5P8I5U9I,0.027610032
CUST_HXS3KYIXFD,0.15947826
CUST_7OCORXRLDO,0.018509
CUST_CKOS1E81WL,0.021628557
CUST_W6JK7V7IYY,0.03071819
CUST_IU6JKJB017,0.06617362
CUST_C4PRKTTTIQ,0.025264004
CUST_8LG0GLC575,0.029874984
CUST_35H3GYTUWW,0.019168776
CUST_IUB2MXZ0R3,0.03463194
CUST_1CJ84Y0K85,0.022938298
CUST_53FZX7S9N6,0.038743984
CUST_FTGZNID92Q,0.02353147
CUST_IQ5OD8LLKW,0.031001775
CUST_VUXTKFB8E8,0.108658955
CUST_SXZD8MK7QE,0.072689615
CUST_J3WRADN06V,0.022798466
CUST_UJFUXW81E7,0.079055764
CUST_ZN7GN18HNI,0.09127556
CUST_TI7ACF18Q0,0.17505893
CUST_YV1EOIRE8E,0.023921825
CUST_GKK2VDQRYI,0.019712625
CUST_OIYDBVJ8WE,0.091599695
CUST_N8C8SCORL4,0.01942092
CUST_ZGBHEW9FYA,0.11380956
CUST_7RD4QGWIF8,0.024433238
CUST_Z2ORDM5DV5,0.02176252
CUST_TV95TRWNJF,0.09557626
CUST_2JIH09WNHQ,0.031269755
CUST_NBZ0YEU673,0.030372044
CUST_3XMHB5EWD9,0.03305085
CUST_SAK3R8727I,0.018804453
CUST_HFWB5G8E2A,0.122021995
CUST_UK5RZ6N1X0,0.14837192
CUST_3WY4JDHWFQ,0.025512045
CUST_EYW1D1BPIE,0.767873
CUST_0TCLB1KO9S,0.018605199
CUST_TW3HO4R07Y,0.8756863
CUST_EFV4HQPFW9,0.029348165
CUST_5WSJZB8KBC,0.033076186
CUST_JIUSI7OOKQ,0.033777133
CUST_RIWZ6TAPTD,0.09567857
CUST_2048AQ7UI1,0.02269792
CUST_D5T2UDMOIY,0.030827044
CUST_WO9ZS1JPXJ,0.025595736
CUST_7HNG79QHYE,0.035119444
CUST_Z2E9XH57Z4,0.031358574
CUST_HRKYG81K0B,0.054816578
CUST_7QN4O4W78V,0.0566915
CUST_P5XZYUXDXO,0.025129639
CUST_D5XPZRDC28,0.025369667
CUST_SXHQOZQL6H,0.12910971
CUST_NH2O8WR5YA,0.028267585
CUST_726PVFG1OP,0.110372014
CUST_SM53IJ3VF7,0.14124319
CUST_TY16U1A96X,0.02907816
CUST_WI3QR277K5,0.046871994
CUST_ZHL40T2ECN,0.02114012
CUST_7BOQR7H8CK,0.12714085
CUST_BPGVH6L7EI,0.025800968
CUST_BMZ2JP8324,0.81506735
CUST_LN2TQL4OKI,0.13349234
CUST_IU2J72N4P7,0.8588159
CUST_F4QU4WN2GX,0.11043103
CUST_9OMW1L421Q,0.16843323
CUST_1273ULRVNU,0.14048567
CUST_0ELLJ6YA73,0.028098654
CUST_B5SLAEXOWA,0.12816693
CUST_DYWIAJZPQ7,0.09022919
CUST_IKIZ5T4K3G,0.10331014
CUST_0Y75YO54VO,0.027107304
CUST_V55R0R1E2D,0.02435583
CUST_OOIZUIKHSW,0.85723495
CUST_TASKM2DP1J,0.020130781
CUST_OCVCV2CRJ6,0.033361096
CUST_RNYKFVLZ6J,0.033466287
CUST_2XV9FWF6NR,0.018336082
CUST_OY7UIGVIM5,0.10818421
CUST_RAF892D3KN,0.020165872
CUST_Q6OW3MYFEA,0.1314447
CUST_754MT29C1F,0.033598058
CUST_K1YXMFPDQ8,0.08502749
CUST_XIAQQH4ZPP,0.17432086
CUST_N8YI64BNPN,0.020523977
CUST_4UA0BTWQ3W,0.038049176
CUST_268G5I55MN,0.031985212
CUST_HKSKPDATFY,0.02344688
CUST_IZRB3IVVVL,0.022959849
CUST_7TQ1720JZJ,0.84444374
CUST_1FZ31UW50Q,0.03131395
CUST_YTWQQ0MNAL,0.04530706
CUST_T039B5MYEV,0.0669245
CUST_H2LYQH6PDP,0.8815934
CUST_A01E8YZWZ9,0.101478264
CUST_CPN4LEQKAV,0.76097834
CUST_TQFY7JSUHY,0.079586506
CUST_XIDEYKDLC8,0.09636494
CUST_3FMENEXTYF,0.09310885
CUST_SF4X0T8K4M,0.028928686
CUST_7HEKKADB9V,0.033097744
CUST_FBCLX70C4L,0.11391774
CUST_DD9WKAU1DE,0.12738563
CUST_9S7EO461PE,0.091258295
CUST_CX8U2GTCFA,0.034167994
CUST_P2A0KN5U82,0.026316263
CUST_MUKJOW5EID,0.12138807
CUST_CQMZTLWAQ8,0.02214852
CUST_YGKQPBZ6KF,0.042843286
CUST_Y8VOBF0UJK,0.021880327
CUST_BXNL09PBNJ,0.022526378
CUST_2PKV8W90SE,0.15558696
CUST_57PT8QRNT5,0.03640368
CUST_KDH2UO15OJ,0.10643231
CUST_V11ICIZP8V,0.03146361
CUST_0NWCNLUSQT,0.02531156
CUST_J2PY426W2O,0.026661431
CUST_3XGU6OG1TS,0.03725782
CUST_1A5S6QENZN,0.11669002
CUST_GPR5M0B271,0.06629056
CUST_KAKJO7IVLQ,0.023420528
CUST_4CCHPXO83O,0.022070456
CUST_MZQI250XJK,0.096170805
CUST_7156JMSN44,0.02630348
CUST_LMP8TVZW0H,0.109446354
CUST_5IXDIXP8LM,0.029812127
CUST_F0ZMM2YM84,0.02537466
CUST_UYTA9LO4SX,0.07089563
CUST_QE7DIP9VCM,0.023878735
CUST_PCUGJAOXB8,0.13519429
CUST_061EULWOOJ,0.02008673
CUST_NYSRSL056Z,0.0734319
CUST_GN7RPB2343,0.044709913
CUST_387I70VLE3,0.023787763
CUST_GCU32YYDCI,0.09938473
CUST_0HDPSZKZPU,0.021672009
CUST_XMOWPSFIZR,0.116760984
CUST_T79PCKSY4P,0.023658495
CUST_54YJ01P8VH,0.87882817
CUST_1P11D2UA5R,0.09335562
CUST_6DR5DWVXER,0.13013783
CUST_W59NRBPKLG,0.83633
CUST_TJVKJU3QM9,0.13345657
CUST_OD91UCES21,0.023332607
CUST_L4U8K4CLFI,0.035920702
CUST_PORR8KLWPU,0.07159405
CUST_8BWENZPH2W,0.030663194
CUST_4MIB7GKPJK,0.024079008
CUST_FA1KF71QI4,0.03677317
CUST_PVLHQ4ZCEF,0.038175866
CUST_I1L47YIA3P,0.023115706
CUST_AL69O3CQBH,0.025037287
CUST_QDKFAOMYDE,0.026273977
CUST_HVU4X9EH11,0.026746372
CUST_LKFAQB2F6S,0.089223675
CUST_83F88HWD80,0.073083214
CUST_JB46IBEXJL,0.029875359
CUST_B5LK0P8Z53,0.13956048
CUST_WI2BBY258X,0.02355561
CUST_B438JP5YR2,0.11100726
CUST_Z4JVWZVIFE,0.12562987
CUST_L9LM3XK5WV,0.7316826
CUST_U2MFVB7JAE,0.10046183
CUST_RJ3UL2HJFK,0.039105114
CUST_JZEVYKTVN8,0.11939327
CUST_L713KMXPY0,0.13845128
CUST_5VFIUWBB47,0.11026126
CUST_UWJJUY9FI1,0.027917325
CUST_J9PLO912FV,0.025070958
CUST_PKLHC8G8NF,0.10099513
CUST_U99ZL6V119,0.83993804
CUST_A89G9ZGKC1,0.027272763
CUST_2R7OCZZJZ7,0.09145429
CUST_CZL7KGJCZK,0.1040462
CUST_VXLRB34RL3,0.033817448
CUST_6RCGAJWEAP,0.13209237
CUST_Z559DHTH7A,0.020610666
CUST_65ZS9S4AIR,0.077294044
CUST_892MJ4W4DQ,0.027396264
CUST_RVJT5AZ6P6,0.02574039
CUST_3F7HD0BVME,0.023567094
CUST_I8JZSZOHBL,0.8604584
CUST_292E1772GY,0.08950396
CUST_X3X2PBD044,0.12157476
CUST_KEL2I01AD6,0.07802875
CUST_2Y0EKDM9F9,0.02454872
CUST_V0G1LR3Z5K,0.061744086
CUST_41NJIIQXY3,0.09769031
CUST_C4ZLOJS21C,0.03228418
CUST_29NJ8PYY0X,0.12026506
CUST_6PTS77QTCZ,0.746999
CUST_R5A9345SMW,0.02568389
CUST_HJTM0HH11Y,0.08684272
CUST_H4B7WN2V0S,0.07129136
CUST_L7L6GC5GCY,0.025509125
CUST_GTG3QSCAZA,0.03514497
CUST_770E6NIZWE,0.15547758
CUST_042U77U1JW,0.10773952
CUST_O0ZCLYOI4X,0.03692033
CUST_CX5VKLJ703,0.13466942
CUST_UCB9J9ZEYJ,0.07748178
CUST_UB8NK839BZ,0.04182043
CUST_PQAXYA57AH,0.14835064
CUST_ATL332AWFJ,0.09682004
CUST_O0NNS8LXEO,0.114298746
CUST_9BN8S3Y20Z,0.12227636
CUST_8F4BXJ0IU7,0.113158256
CUST_M1OLXJ7ESA,0.15447405
CUST_IWZ5AOWIH2,0.023054555
CUST_LLGI2FB7FH,0.025828477
CUST_I2HT5Z35HY,0.020305676
CUST_53JZZO9VE8,0.85031015
CUST_LO3Q9FSO4G,0.02597619
CUST_F0TPTPGJEY,0.7712414
CUST_686B2MLUO2,0.18131845
CUST_9V437MLB5S,0.035787143
CUST_RUM6FEK2LQ,0.022079235
CUST_AYL9GTGFH6,0.023807863
CUST_Q8B6NY6ZK4,0.023031909
CUST_SDPP1TO4CG,0.8622522
CUST_VJZV6F8HK6,0.11906985
CUST_T54FWX4XT1,0.07862922
CUST_QTS3302X3Q,0.027026957
CUST_H6Y8BNL82B,0.024610754
CUST_DHVZP6RPAR,0.025246074
CUST_PDGA7CS6PD,0.024024362
CUST_MQTV0BH60Q,0.029802786
CUST_VCRVZNCB47,0.022632811
CUST_6FFMG2DD6X,0.06123532
CUST_VCZ7KRZLNW,0.12626645
CUST_ITNRPPOAYF,0.03214441
CUST_3H85SIFOJG,0.083497204
CUST_Z334AWRXFA,0.09351599
CUST_1DZK4RJ5X8,0.13283299
CUST_GCSWE8NE7O,0.024446977
CUST_9NP0S3T5AX,0.021367332
CUST_F41HDNC1KG,0.10765959
CUST_FD7DYBC5MH,0.09104786
CUST_QHA138AW6B,0.08206495
CUST_M14FD8ES5B,0.11464719
CUST_A2Q7U6X9M8,0.033399682
CUST_P2XI47N6U2,0.022821726
CUST_OKHQ6CH8KR,0.0840446
CUST_FCRY6B29U5,0.020281255
CUST_ZVYAFAJF4E,0.09919727
CUST_GWAN0JS1R4,0.036846224
CUST_A0GMF4FIX0,0.022372264
CUST_ETGSCIHLVE,0.71532845
CUST_QN2PIGAB4B,0.024866166
CUST_P8TQCT7BGK,0.082651325
CUST_TTMD4F75YF,0.10137993
CUST_KPZ1ZSCFA4,0.085867435
CUST_3QAE3H190B,0.019338299
CUST_5BNRKO1UXB,0.7532828
CUST_2FUZT4T6LY,0.033204444
CUST_9QFU99QVX3,0.091732986
CUST_VD5AX969B3,0.035973582
CUST_CU2RGCLUSM,0.028251741
CUST_A6C0QJ0MU8,0.03808044
CUST_RORI2BV2D8,0.03286462
CUST_TBXIDD2TXG,0.026945401
CUST_YZODHWW8C8,0.14687103
CUST_WY1PCVDJEP,0.026441509
CUST_H72KDYV0O1,0.08056961
CUST_OZO9SFAOU6,0.025662594
CUST_GU7Y3H0ALF,0.021950178
CUST_HG0FQLA6RI,0.026869822
CUST_ABTQ3CUI0Y,0.036186647
CUST_AGVTUV02AM,0.022350684
CUST_5DA0C4KCVM,0.028471095
CUST_XK9BEKAAR0,0.028284311
CUST_A7LH9EICSO,0.022480072
CUST_RA9JK2M5QP,0.030080862
CUST_A943KIKGVF,0.023454344
CUST_OGDGU18RMA,0.030555801
CUST_7RV4XMRQFN,0.030781131
CUST_OJ18Q1SNBQ,0.09481651
CUST_N8A4UR6D6H,0.032947708
CUST_8Q1TI7NSYO,0.03808495
CUST_F6MBNQCY2Z,0.16294816
CUST_VBE9SINQO4,0.02644
CUST_278N0W5EBO,0.026089245
CUST_PBKZAH53PH,0.13430053
CUST_GHORMOT2IC,0.031546693
CUST_4BG12JP2LW,0.024936846
CUST_DFUU7UTVFW,0.022041488
CUST_TOB3W70L01,0.028054368
CUST_VH690AKKY8,0.058848917
CUST_Y9DYRUKWI7,0.031249236
CUST_OJH0RZUEIM,0.03577505
CUST_MKXDBPPMZM,0.03289024
CUST_BK5DUI56SM,0.090664186
CUST_YWVW6BEPJ8,0.022621987
CUST_49TJ5HQYAE,0.08161571
CUST_FY92CE4BUW,0.068310186
CUST_R13XQ9QL48,0.13114989
CUST_EV5MUN62I7,0.033004858
CUST_OY826WBA63,0.025027417
CUST_GPBZKOP4VC,0.08380707
CUST_JK79I8QDG5,0.029154088
CUST_NTR83ICEV9,0.022839418
CUST_6NWY92F9CQ,0.0259511
CUST_X21RNL7YPZ,0.856311
CUST_DRK6LRDVBX,0.067049965
CUST_0AGWKE35NN,0.028006632
CUST_C1NAH8CZH2,0.7312974
CUST_Q9LB7R3XPG,0.16032197
CUST_QHVSABPGDK,0.13545135
CUST_2R1KIZFJXC,0.13711211
CUST_WFDJWXWLW6,0.03483931
CUST_Z8N8HDS621,0.081610754
CUST_3IMVF3OPLQ,0.17337279
CUST_Y99CJJHLVQ,0.07625654
CUST_41U3G73Z95,0.7160408
CUST_VK4ZFCS8X7,0.07491292
CUST_53WMU001C9,0.0299882
CUST_SLWLAS31QR,0.14277443
CUST_MHT9KYGL9M,0.13393164
CUST_X2E6A312LN,0.036273118
CUST_08TPSNVA97,0.030651957
CUST_VMSVX1N0OA,0.038329452
CUST_IZHTVSTTWR,0.09489495
CUST_TJ87OQS9C1,0.032390647
CUST_YA0SUZ19LY,0.20484012
CUST_SBM3VWCPQ3,0.021608073
CUST_8RNBWBB6TC,0.14040038
CUST_AZSK80JHTB,0.032382
CUST_K4GRF4Q5EF,0.029519284
CUST_27XNBWFEG4,0.021274088
CUST_V9KBH4DFW2,0.8124072
CUST_AECGMQFS3S,0.12219515
CUST_5ECYGH6LXJ,0.0913368
CUST_Y8CXXLS0XU,0.23758878
CUST_P219DGT0YM,0.12537293
CUST_34XKK75AYO,0.13426031
CUST_HGSCFLLNO8,0.023288794
CUST_T7FQUC9DT2,0.02218613
CUST_2KRRFBSXDH,0.025830042
CUST_1PXP3628GG,0.14500892
CUST_8ODERFAJ2X,0.83186793
CUST_91EOBAMKW2,0.09258233
CUST_U2B45BKC9K,0.03408689
CUST_1CZWZ0VIL6,0.03226523
CUST_SFOO4TXZG4,0.081899434
CUST_I6KIXE01Q0,0.123384655
CUST_KNL8JLE84R,0.026024709
CUST_CB7RU3Y4A6,0.027969895
CUST_H49O8LPJCB,0.14898743
CUST_Z6MA9L1MA7,0.1839931
CUST_0Y7GPYM0QH,0.031294018
CUST_CG6B0KKPNB,0.027572244
CUST_B5XG46M9PH,0.12355543
CUST_KLB0DF6NDN,0.12723422
CUST_WL66AKPCDZ,0.034911465
CUST_JPV9UBHQGW,0.089997135
CUST_UW3VF1M4DJ,0.14844437
CUST_L8JT8D2TO5,0.7877219
CUST_Q15SV1SMUX,0.022559794
CUST_WWW1RPORAH,0.020446124
CUST_5C0F335T2N,0.017967362
CUST_XI63F9Y7KA,0.10111235
CUST_LPUECFNZKH,0.019101348
CUST_E5WG7K5RHC,0.030930353
CUST_T0I2WZQA1Q,0.07055334
CUST_Q7GINAHXXX,0.019619344
CUST_R11IPD3VQK,0.024993302
CUST_XD4Z14WSF2,0.07578772
CUST_HSJTLMC0CS,0.02161254
CUST_H0H8X4C2GF,0.02153536
CUST_97BAUQM80I,0.026274087
CUST_PXEEIJF815,0.030894984
CUST_5BHUPMCXPW,0.8707455
CUST_KWS6U5QLCB,0.034494173
CUST_1LN6LJVSJA,0.078056835
CUST_2RFNVJ1NVJ,0.024603538
CUST_YRP84OB3GU,0.031927135
CUST_7B1QSC8I60,0.12197978
CUST_52MA1GUQ7C,0.14514476
CUST_L6H3F5PP8D,0.14757548
CUST_KDD2XLVJZN,0.78909004
CUST_1TYJ6F25PC,0.028460039
CUST_I6O61AH836,0.022619579
CUST_RSOL4G3SMX,0.032884873
CUST_UCXGK7JT5A,0.026816554
CUST_S4TZTBX17E,0.026889168
CUST_JOJS3RCFR9,0.060904097
CUST_2R1MTIHVV7,0.025917463
CUST_EZTPB1K3G7,0.14019966
CUST_V0V973YJQM,0.0221943
CUST_OS9DCNZTM7,0.019730538
CUST_ZNHE3A4W0W,0.025232384
CUST_YZH2GFJ8VE,0.6610949
CUST_4UH9LPCIF5,0.10915114
CUST_I7QNSVDAG8,0.03440459
CUST_XY407B62P3,0.020704415
CUST_QEQ05CC0QK,0.05055011
CUST_3S6567DBIK,0.039259497
CUST_N8X1OCPTYQ,0.022077141
CUST_I0QR3TIWY2,0.023344267
CUST_GJJ8T32NOX,0.026011074
CUST_QCQXQYYUBA,0.11449305
CUST_AMPC1G7Z8C,0.041765913
CUST_KPO8WO8GCP,0.021271829
CUST_MNOJBW2WKT,0.09668091
CUST_M2RTOJX2N9,0.025434427
CUST_B79GEQ29O7,0.025056545
CUST_BOZ8Z5BQMF,0.028863074
CUST_JVX1JJ7E0L,0.02533024
CUST_0M7EY64I1O,0.112383716
CUST_PJP2VKHJX8,0.024631668
CUST_RS93GNKZFL,0.02932623
CUST_NO0KKF5OQF,0.10411768
CUST_ACEKYGLG3R,0.12544711
CUST_Y252NHHEIK,0.085386984
CUST_G7NVIEFST9,0.022533255
CUST_K1CRYEWM4Q,0.021185756
CUST_5UKKV4QPV5,0.02300156
CUST_EHZHRAGOTN,0.090597086
CUST_HRL1D03182,0.11916216
CUST_46VKPF6JMN,0.026032627
CUST_0LAV0MJ3KV,0.12046515
CUST_BH22FAPYVX,0.025827212
CUST_7XDDVDNM1R,0.04095178
CUST_WWD08YHK2P,0.030170314
CUST_5TH1H5GDBV,0.03491831
CUST_167UFD3BZX,0.8595507
CUST_LCOHOB5ZPZ,0.09112205
CUST_PT0KIJGHSP,0.09314912
CUST_5M2FRKJRD6,0.10177194
CUST_WDC1ZXBXS8,0.10062164
CUST_78ODNSS7OL,0.025275433
CUST_O5ARQALN7P,0.89396405
CUST_UTJCSBHSX2,0.78352094
CUST_96FFQJL5NJ,0.7944603
CUST_5WC34B3LPW,0.018719131
CUST_J3WEB2EMBA,0.03208888
CUST_958HX5VXM3,0.034547586
CUST_6CSZTMOS54,0.13849445
CUST_LXJREGP5U0,0.064067975
CUST_SUZ8VGK8LS,0.07955727
CUST_PZZO8XZROD,0.111412235
CUST_M3LO5EVLK8,0.1406357
CUST_VOEQWMFDGM,0.020852726
CUST_RHL2KZSKMP,0.095580645
CUST_V87TWQ4XDI,0.024103936
CUST_7F62KBKL2D,0.028930413
CUST_GSD4LY2PIV,0.028323878
CUST_429YMUG3U1,0.10198617
CUST_7JYHBU2P4U,0.84912694
CUST_IWX8PIB1CP,0.13860463
CUST_BH9C4ODYKL,0.01747983
CUST_DHMS6E7NUS,0.14354351
CUST_DNBWYJZ7WE,0.11638417
CUST_3UHDNGNLQA,0.13554372
CUST_7F6ZHP6494,0.0290088
CUST_ONEMOUJHJ8,0.03308548
CUST_0NADJLD1IL,0.12310932
CUST_NUN51S4A26,0.033278696
CUST_0ONY7OHKWN,0.10709488
CUST_VNUCHYIRB8,0.13222012
CUST_DR1BFTSJ1U,0.46334508
CUST_2V17C3PE6F,0.025742542
CUST_MHB1WSWPPY,0.026428787
CUST_BFDN12ECXB,0.027068391
CUST_U136YW9ZA0,0.77783287
CUST_MLI7CHXUWU,0.17532562
CUST_1IIAWVWWPT,0.025380056
CUST_XVLGY8ZKEH,0.07483326
CUST_1AJTWEEP55,0.7154175
CUST_633HWSTA4L,0.11604196
CUST_03ERC67EER,0.030617857
CUST_M48PKBVAUL,0.16013731
CUST_ZTG5R1J0G7,0.01958503
CUST_32L6BIVHTK,0.17648396
CUST_C6KMSQ0GR6,0.022364343
CUST_9ZWOEL9CA8,0.030611567
CUST_KQDIOHCFML,0.12081382
CUST_460UQ7T4KM,0.10958586
CUST_VHESEPK93D,0.09010953
CUST_8OASK3BX8U,0.074002035
CUST_DW561NW0YW,0.8107814
CUST_8P2O5NP6CE,0.031624835
CUST_UI0T1V9MYU,0.11052273
CUST_Q39NI0IWV8,0.035147548
CUST_3EZLS5H74F,0.8266958
CUST_R2TEQE3QS1,0.027635582
CUST_G9U3P67ICA,0.15296814
CUST_W83M2PK6GL,0.103973575
CUST_242BI6B1Y8,0.10960626
CUST_A51Z6X8ACP,0.03421139
CUST_QGHD94M9Y8,0.09157258
CUST_3U5VZN8XB0,0.028741295
CUST_E74Y72D0K5,0.023674658
CUST_ZMQ8G03FMV,0.1326278
CUST_MWOSPC5TJ3,0.023484709
CUST_QWG8MEW4BE,0.03291179
CUST_4YLZANWIYN,0.030299157
CUST_6IJKATEYM1,0.12298298
CUST_GTN0T1C03D,0.032672778
CUST_5H5WVADU3M,0.095387295
CUST_L5Y7JN8QFU,0.12093711
CUST_O2S75U8CGZ,0.026168404
CUST_7UCJXH5YWX,0.1302513
CUST_MB99KVIV2F,0.13429272
CUST_U4ZALG3HGG,0.07721211
CUST_P4G5TUTUSC,0.1490114
CUST_ZQWRR4GL4Y,0.024277588
CUST_54MXV31IV1,0.09025333
CUST_NJP0YMLNMZ,0.023208736
CUST_V3TEIE7WSS,0.02726838
CUST_G7UMMZHJJ9,0.0933288
CUST_KTN3M6P3B0,0.1366838
CUST_9PSTULNFUZ,0.08906343
CUST_XWXJXABMM6,0.08545266
CUST_HTO7ZCXUSJ,0.02773721
CUST_JUVV059SIQ,0.6434989
CUST_EUMAY5H7XK,0.02599025
CUST_Y2LKNTRWD6,0.022866875
CUST_T4H3I61B3P,0.034420524
CUST_OCWJYXQ7M5,0.027039737
CUST_J7846N6VHP,0.13117874
CUST_1QFVXKR6JJ,0.023388278
CUST_MVD6KOJL3N,0.027981699
CUST_I58RFGF0BL,0.023824302
CUST_5W7L0QFWTM,0.10082598
CUST_LIC2VAVOCI,0.03064608
CUST_HIMDLL0C0N,0.09258689
CUST_N50EFDEISH,0.105302736
CUST_WHQDC0SMNO,0.07248012
CUST_0OOPJ98VPY,0.042046107
CUST_V72VQNTF2W,0.10760053
CUST_ASOKHEMGHY,0.10949226
CUST_YMRB1Y2F6O,0.07690243
CUST_NOKAZUVP0F,0.857554
CUST_RLJTESZP3H,0.028471775
CUST_O3BBITFACR,0.03427665
CUST_6XDP5KYQQ0,0.02732844
CUST_ATLQPDUPIS,0.10326154
CUST_5B5FMS7CRI,0.024091247
CUST_77PYIOJQU9,0.081563614
CUST_X9EN6TRQRJ,0.18852799
CUST_SHTJGC8FJC,0.04062882
CUST_EC733BS95N,0.028037809
CUST_74KNFRUX4I,0.09010665
CUST_K9KGCY3NHJ,0.72981936
CUST_WGG7NVVCIO,0.10437814
CUST_2RIDH2N4IK,0.03272442
CUST_5QQX6QKKZZ,0.03904415
CUST_PFVUQ8NF1A,0.027252063
CUST_L00R1V4PJB,0.6280285
CUST_ZKFN62GFYJ,0.10491418
CUST_B3HEMJZRN4,0.10286318
CUST_59EBFIF6PP,0.032405846
CUST_3O2FNXAEO4,0.041791137
CUST_MOI4IUKGIP,0.77321255
CUST_RI0C0GAY6H,0.02299693
CUST_UPLJQSXVE2,0.03244939
CUST_O1LDHULHHX,0.035926778
CUST_C0Y6IH5IVP,0.042131156
CUST_SP47BLU6MA,0.07234417
CUST_JU6NX7ZL50,0.025193622
CUST_JHKSWGCB5V,0.03484102
CUST_BF4T5LS5P1,0.017927593
CUST_L8BJU75XTQ,0.040453386
CUST_1SKIH1GL4V,0.10838521
CUST_HESPH212ER,0.065703414
CUST_CJRVT1ALQJ,0.12892823
CUST_WYG6GC1DWM,0.03423064
CUST_E370O9J96T,0.13448349
CUST_17MSCKM9VR,0.024375038
CUST_NTSI7KO1SK,0.113559306
CUST_8384PQRRBN,0.12521066
CUST_HAHB1PZY0R,0.10109798
CUST_PJN2NIT4FG,0.12827662
CUST_UREILMCCPP,0.8288487
CUST_XX9HBGL860,0.018854443
CUST_CBWGXKIVX5,0.024450706
CUST_7FYMGU9JKD,0.02418183
CUST_YDEFJI6GKD,0.028708268
CUST_58SNL5SFXB,0.117957115
CUST_U7U21F1UFB,0.14782396
CUST_0YX1P2410P,0.027940411
CUST_VZVWO2C65U,0.028573427
CUST_MPFKW1HLQN,0.14948146
CUST_9XY4J8VE4P,0.08623463
CUST_6A8P2MRSSU,0.021195201
CUST_7VFNYTIWFY,0.1091792
CUST_APH18LXJRQ,0.038700186
CUST_QYJNCBTD3W,0.030182127
CUST_2JONWW7BTT,0.08318874
CUST_U0VKEE1XU8,0.02650155
CUST_H0AMMG3Q3E,0.029774362
CUST_949D4TX7TJ,0.021867866
CUST_5RFF8FW6ST,0.86847216
CUST_UQJ3ATPMAF,0.78427595
CUST_G9XCTPGNMN,0.091241315
CUST_VYUFX5DODI,0.8399715
CUST_52399UM815,0.028424865
CUST_DBRJC8F5H9,0.024620038
CUST_7K8HQHGSVR,0.022342907
CUST_S0MA10FGGP,0.14415221
CUST_EB6J9510QG,0.082388416
CUST_XW5VXULRT3,0.08203945
CUST_I0ZO191G7Y,0.025052283
CUST_AMADVQY8II,0.67502534
CUST_9E8K46XXKO,0.028847914
CUST_GVNW8Q6X22,0.02691497
CUST_4OT4RS9OKA,0.7669412
CUST_N1KW3Q4Q9X,0.11737748
CUST_ABZDNDWR24,0.038173977
CUST_FFBY4VBFTR,0.01955222
CUST_D2Y5NC0D4X,0.0229223
CUST_KQDS1B5C12,0.078318566
CUST_1UP89P3W8Y,0.091542915
CUST_U18Q76WWWQ,0.03150023
CUST_JVON1RKVZ7,0.036039993
CUST_HAM5VBHGG8,0.119400024
CUST_2Z5JZ8ST3K,0.120272726
CUST_4O9NOH7LYR,0.06710124
CUST_8785QZSYXG,0.69831663
CUST_ICBYOIHC3T,0.075916514
CUST_X5P7X9QEFA,0.11940453
CUST_19037E4VS6,0.096910566
CUST_JV4I7OZ28D,0.08212332
CUST_CYG2GE75WC,0.026744131
CUST_SGOJ8ORDKY,0.052758943
CUST_KI97W3TAPI,0.18161291
CUST_XUXEXPS45U,0.030654065
CUST_YEX6W3WUBC,0.11810515
CUST_MD5664XKOE,0.02156675
CUST_SQVH42MXIF,0.08399017
CUST_XN643TJPIK,0.11714286
CUST_DUQ9L64Q9H,0.02838687
CUST_SLMJKSQOFC,0.08379128
CUST_37ED9ZATBV,0.024135785
CUST_8TSPYD9O4P,0.024818482
CUST_GRM0AQ7CQH,0.033776462
CUST_H3OXBI03N7,0.023901727
CUST_ROK1LR4ZUP,0.030417524
CUST_RBPRSEFJYZ,0.038522687
CUST_MAC18LFA2P,0.022813667
CUST_GW7KWWCZD7,0.090123326
CUST_TTAN35PFWP,0.028330326
CUST_U7H4VFWMOF,0.026557902
CUST_CV5OTMWNXQ,0.8624291
CUST_NGCZMZW41V,0.036714535
CUST_9AA3YWPVYE,0.0209423
CUST_TG4KSUWN6V,0.02994255
CUST_5FTUS7QU8U,0.16242296
CUST_UQI7W92X9J,0.084073946
CUST_RPCJE6KHDE,0.03264824
CUST_7QCV38O2CA,0.075945355
CUST_N1PL5GYI0Y,0.031140737
CUST_KJ3V24R4Q4,0.036411215
CUST_5ZD386ZA92,0.08858964
CUST_RXC7BECRYB,0.7732156
CUST_BCN2SR5ZOD,0.03055109
CUST_C1OMDKEPAE,0.06840457
CUST_YDSS5DRUSE,0.035263974
CUST_BLENISSID4,0.11918953
CUST_R0GHQOEB1P,0.09140521
CUST_DIDHX7ILGJ,0.024920579
CUST_VF6Q05GJYF,0.11192726
CUST_LYQG6ESNQ6,0.019066937
CUST_OKZCI7QE27,0.040357735
CUST_SRLOC20UJ5,0.03311997
CUST_X3CUXO3G0Z,0.10547449
CUST_L8I513FYJJ,0.02710922
CUST_LS91M6CXR2,0.018272765
CUST_E09V64N1EI,0.089662865
CUST_WUN6QCHJ1K,0.028183244
CUST_HSL0AUHM6A,0.03695827
CUST_D07O55A0N5,0.033014074
CUST_VN2Q1BSNQF,0.095067985
CUST_IEH92OKFVM,0.09914941
CUST_PG0MKVUISM,0.06780379
CUST_FSRRXM7KNM,0.06786822
CUST_HXLH78D09Z,0.08707478
CUST_SOL149G3D3,0.03685835
CUST_464J5ASHK9,0.1485139
CUST_AJ89YAIKNT,0.09850177
CUST_VL3ZDOY4VH,0.05021205
CUST_YU2B4QJHG8,0.10620931
CUST_53P0UD5Y2A,0.1397409
CUST_OFFPBOXRE3,0.022141093
CUST_5EUOQEK7VZ,0.12994088
CUST_MLMN0I6DAX,0.14248349
CUST_XZPTXX9F0H,0.0431823
CUST_275VW7HDWB,0.018168172
CUST_V3VW3QOUBX,0.02787078
CUST_BNOUFOUD8B,0.025876837
CUST_MYDEXLUWNM,0.024758741
CUST_EJE37Q00DB,0.07307669
CUST_W7BDFOGAZN,0.035267178
CUST_LM08QBWM02,0.1151884
CUST_DF91L0ZG4H,0.022447988
CUST_CNWRCE0U12,0.033980317
CUST_ANL1Z1RNZJ,0.13957408
CUST_46ZR0DT5V1,0.077323556
CUST_E5WLWGPEBK,0.077360205
CUST_KSA7I84625,0.143271
CUST_29PQOZ255C,0.033809632
CUST_HLSVCBBMT1,0.08222521
CUST_F9JYNTWF9Q,0.025123458
CUST_JELJWRXI5Q,0.13185203
CUST_0UUDANVRAF,0.10142447
CUST_99OLKEKHEJ,0.021057995
CUST_U92Y3QL6IL,0.026723202
CUST_9GYOQOS3E0,0.09380218
CUST_LHUMNARTI1,0.13454355
CUST_IM0GU8CRA8,0.01843299
CUST_88BSZ8Q0OJ,0.8700501
CUST_PPH3DDZXQC,0.029607233
CUST_6EI79J7LYO,0.02438585
CUST_G7SYRT0WP5,0.03387063
CUST_7B94YJLWSQ,0.021985887
CUST_VF4QOFIBJJ,0.12210387
CUST_UJQ066WTUD,0.059088286
CUST_N3HJPW9ADK,0.027458342
CUST_UIHISPKHNL,0.025041966
CUST_6AOW01WA2V,0.027377106
CUST_N0I4RCAX5O,0.035160355
CUST_722Y45UD1E,0.02296141
CUST_JCQ0E3RIFL,0.86109304
CUST_9MWM3CADX5,0.13720828
CUST_UJM1VL40K4,0.11559261
CUST_1HZI7536AC,0.16253763
CUST_V8BNLO104A,0.033200372
CUST_UDUV2ZT94F,0.030611489
CUST_755H0OYR17,0.031861987
CUST_641JHRN0CW,0.04406975
CUST_9CBVSOXYZL,0.6614494
CUST_Y15EI1L2V4,0.8016178
CUST_N16TGN7EP0,0.025862414
CUST_D32VXVMUYL,0.10035458
CUST_OLXDHQ4K4B,0.07247837
CUST_VG6VSYPM4C,0.036031753
CUST_Y6DHZAO17D,0.03289172
CUST_C9JX3YWJEI,0.038813125
CUST_A3CSIACS4J,0.09390336
CUST_LRG6NHFCYQ,0.023598898
CUST_1OJFNYO2PK,0.8497761
CUST_JRVH7UES48,0.7877756
CUST_BRC1SCHHYT,0.07399307
CUST_4GHWNTRZER,0.10693198
CUST_286D69MKXW,0.024165818
CUST_MJX8PDTP42,0.023260893
CUST_RRU7JOK5HS,0.02145705
CUST_KFC18AENYN,0.12219361
CUST_DWKFXPVL62,0.02185912
CUST_EI5IDFIB73,0.035604108
CUST_YJAN2U2DEL,0.021492876
CUST_MLQY1DHN6Q,0.7773061
CUST_RMSGQ346RQ,0.023380427
CUST_V0GTTW1TM6,0.11282392
CUST_P3DXQWTUKA,0.0902218
CUST_8F6QOXU6W0,0.028606242
CUST_HUCU1G20SD,0.0765525
CUST_EHQU0ZTH9U,0.02702794
CUST_ELZ32UFP3D,0.12799446
CUST_T0E6LPPZC6,0.18720578
CUST_MPW5H1FLD5,0.022618668
CUST_4E8YJA0D6Z,0.024226665
CUST_8JX2QW7S5M,0.75978774
CUST_PY33VDNVF9,0.1613991
CUST_U5F1Y3MJZ6,0.029485732
CUST_GA1B6D3MVE,0.021001277
CUST_BMBEFSGN4H,0.09790334
CUST_HEQJM4I6FW,0.02544952
CUST_NNFKEY05RX,0.02196832
CUST_1C3ZPFHCBV,0.069373146
CUST_VEXYANGE45,0.07568085
CUST_YGVLH22WVP,0.026689127
CUST_KCBWKYPGEB,0.03842675
CUST_ZT2TXNMHEF,0.023657134
CUST_BNCH6OUPW5,0.020729717
CUST_C7S1X70K94,0.77204347
CUST_5MWTR7LTYP,0.10419198
CUST_SHXRC73E1P,0.84250855
CUST_T2LOUQVG33,0.02218712
CUST_XCPK0ORUSV,0.036529124
CUST_AMZ8PGGJ7R,0.043987438
CUST_WW0Z6MWFDN,0.7622792
CUST_MOEQSGMGOS,0.10950762
CUST_I8IRDGT5RP,0.07989811
CUST_BVRF6D4XJG,0.032640107
CUST_ZNM1CEZPKD,0.10282398
CUST_J8JJPAXXA7,0.026564518
CUST_R7C4GVF323,0.03052234
CUST_0EV0K24NR8,0.03254175
CUST_I96KXVUTUO,0.024214111
CUST_DIXLUBGRE6,0.023726655
CUST_DYEH8BXAKC,0.03516086
CUST_A6E0WNFXVY,0.1028379
CUST_NXNJ0Z71XA,0.035602808
CUST_UU8AE8NK3J,0.087167785
CUST_18B91J0795,0.029023051
CUST_JLBJDUZ4QM,0.88277423
CUST_FOQBEFCQ72,0.733739
CUST_5J5R5E5OKI,0.031950817
CUST_82E6IFOJLC,0.07294286
CUST_VP3MPHKEWW,0.038178686
CUST_XRDPG2ET05,0.11338482
CUST_B6NLJRXL3G,0.039441697
CUST_8BJCR3TVF8,0.105726555
CUST_RF6N0DFH4J,0.11405031
CUST_KLUWV6UWUX,0.02355585
CUST_14HOQA0PS0,0.024504188
CUST_2B322ZLVEA,0.07129706
CUST_9A8MS5G8TB,0.104914315
CUST_STIMWH344W,0.024236187
CUST_JATS652RPJ,0.13529906
CUST_3UGR43XL0Q,0.029038258
CUST_3BEOVQI37E,0.11814526
CUST_G5Z0ALX7RO,0.020958487
CUST_GOS6SLH3YK,0.08384638
CUST_I2QDZ6Y82B,0.03494607
CUST_TRW8UTWAZJ,0.024625642
CUST_819UOUUSHS,0.021277847
CUST_6EYZF2DPIT,0.14346027
CUST_HKJL89MYW4,0.027304772
CUST_1ASC47AWP3,0.1080418
CUST_GN27XWC8DM,0.03689323
CUST_X1S5WQUSAY,0.10342325
CUST_BL5ZKDWKSM,0.0275359
CUST_7YEA3AJCUN,0.030539302
CUST_MLUSNFCB0S,0.02422384
CUST_NS65B49DIL,0.036638957
CUST_UZY7RM0TW7,0.02064555
CUST_BLXD9SJZ1R,0.1310494
CUST_5B8TJMICE3,0.8142729
CUST_C2459XC28B,0.10840655
CUST_K73PSD9RT2,0.03363383
CUST_7Y8MENY95J,0.029785354
CUST_8AZWE2YI23,0.085388005
CUST_CNM45YJSJ2,0.81901234
CUST_XC20SCOSEW,0.057349447
CUST_1SAL0XMNZ6,0.039723396
CUST_5MILQKIK65,0.030190216
CUST_83JFF62125,0.09643748
CUST_NJ16U6D1V3,0.031284038
CUST_WLKIIZBFRX,0.7171302
CUST_B1CYEHTVUF,0.024169058
CUST_QJ89O1O1NY,0.09517297
CUST_6AKNZBWGVH,0.027119568
CUST_XCOJVYAV36,0.055094574
CUST_05IXV7VI63,0.14926676
CUST_34YO1K0FLS,0.08033193
CUST_Z6KG0HSRCC,0.03710946
CUST_XH2K7LELMT,0.063211605
CUST_XHPYF2EY2E,0.03351252
CUST_6BM198PPJK,0.07744722
CUST_Z7JNHJO0J5,0.026082126
CUST_B4XWLU7M0K,0.87490815
CUST_IGE2US0MEJ,0.08975844
CUST_G7BIKBI7LB,0.019012624
CUST_3WP2UDQ67C,0.023575217
CUST_JW5YPRG64S,0.027357932
CUST_KGLSGPUL59,0.14473835
CUST_0IE37VKQ3U,0.10190558
CUST_VUTU2SBVNI,0.8439267
CUST_SJQYOGRJH7,0.03504038
CUST_GWOFD4WPX7,0.058818173
CUST_PJUFCUTZ2T,0.07292219
CUST_9S73RXRC5Z,0.024206799
CUST_7W3QLUG1X5,0.13918936
CUST_ZHBSS6XNJA,0.07970853
CUST_5YUY9CFYBO,0.8813395
CUST_ZSICBEHDVU,0.08735705
CUST_EVPRR9SDT4,0.7778507
CUST_K6Z7EJC8TB,0.028135374
CUST_826C0V5KVY,0.034090307
CUST_3QQN7T0L7C,0.093910314
CUST_HI8J2GSN38,0.02303272
CUST_T8ZCU3NAMX,0.02879086
CUST_IJIQOIBQ5A,0.06824268
CUST_OCICKX1LO3,0.069988444
CUST_HWH6NBRBTP,0.034474805
CUST_T9PLAN7NUQ,0.12123065
CUST_6FGU177SVS,0.84873015
CUST_3TYE424GK3,0.022366382
CUST_UHEJRZLVOB,0.025915982
CUST_WIWUL823Q5,0.10154371
CUST_6HMXQ4SNXK,0.07157832
CUST_KM8LAIIV5Y,0.026114507
CUST_STC2DWXSQU,0.12147255
CUST_69A0148T5S,0.14228646
CUST_9MMG0DO4TU,0.025672866
CUST_MUVJ0AFGF4,0.021967296
CUST_HONFWRYKP6,0.02689356
CUST_ZC5O4213R6,0.12178987
CUST_RU2VJRUTPE,0.03335922
CUST_34Q9IMP7K0,0.14436723
CUST_VYMKZK1VAH,0.026812244
CUST_ZVSVL6T6II,0.13378379
CUST_1FR2929YG9,0.026564326
CUST_U769OYVGP0,0.01997853
CUST_FFMJGNV2XS,0.8433361
CUST_YUH8XSHLMO,0.019120056
CUST_0Y72TT368F,0.023576511
CUST_GJBLRDUE4E,0.02636663
CUST_CGJ8BIFL58,0.12497003
CUST_IM8XZHA0Z3,0.09695431
CUST_E5055SJM7K,0.033746596
CUST_HIYU9QNEVP,0.10745444
CUST_P4OB80SI90,0.7854309
CUST_BIBPHFYU7P,0.033689015
CUST_RMERA8ALL5,0.027506294
CUST_4EEU1L1ISR,0.038019802
CUST_LEBXBHE2O0,0.09781281
CUST_I5II8R69C2,0.10891043
CUST_BF12NRXPPK,0.026904693
CUST_2FHJF2TU3M,0.09017463
CUST_B8IMWGFFXD,0.03242274
CUST_2XP02RO2H4,0.047148302
CUST_OUBQWPFD0M,0.1123545
CUST_HIC376PEKK,0.10066676
CUST_DD7WX166E4,0.035453036
CUST_GBOP5UX5H8,0.032326683
CUST_15U2ONADA7,0.027475463
CUST_8WMO8D0G2D,0.1231967
CUST_2QOL2YVX58,0.025988728
CUST_RFV0GH824Q,0.12301244
CUST_N7JZ6LU6QG,0.029391507
CUST_T71MZYUXEI,0.03621552
CUST_KOG9FCUHM6,0.09167658
CUST_SYPGFHEAUW,0.11650919
CUST_VTJ4YPGKZP,0.035594966
CUST_3SGCJ9X8B2,0.022836598
CUST_LLB5RXDLR9,0.02209878
CUST_NV55MW87W4,0.03424086
CUST_D9JCGZG7WM,0.8405065
CUST_LR7MRV9E6J,0.026494218
CUST_JPXX85HXF4,0.08520794
CUST_CHWSLH0EXK,0.14173992
CUST_12S06MQF11,0.034775015
CUST_YHIRB9QCJJ,0.18730138
CUST_HUXS0JF1K8,0.023623474
CUST_GXVHARU8PW,0.7606881
CUST_9PDQO27TDR,0.028776195
CUST_66UEG40UAO,0.12901099
CUST_CBK2BAMOTX,0.09558195
CUST_0JUK8ZBQO6,0.8736488
CUST_94RMVHJMYM,0.027194833
CUST_T13Z81H7O5,0.034139737
CUST_WP9CRI4SZ1,0.11280432
CUST_KW61LU2UNE,0.028242199
CUST_LPB2ZVCSIJ,0.8343635
CUST_BAG3CRG1OA,0.8803068
CUST_Y9IJ5KPB7S,0.06552665
CUST_VIV1Y62KGQ,0.03343002
CUST_ZN7OWP17UW,0.030574149
CUST_XHM2HXM8LV,0.13898641
CUST_76A0OI7U7C,0.026834063
CUST_JNE9DBV5XP,0.025552608
CUST_R6K5WEP55O,0.14589882
CUST_AT7KTDAXLQ,0.019631859
CUST_JD32KQEJ16,0.018631948
CUST_F4FJAQRK34,0.07368705
CUST_RU5KOYQ69P,0.10970041
CUST_6WKFPKIQ2E,0.08810506
CUST_SFP2RHAE5X,0.030973233
CUST_WT7E9H7JDS,0.027115561
CUST_9WZAK5ZZW6,0.023027586
CUST_0FLACENQGX,0.025373252
CUST_RLVLOX87PR,0.13188496
CUST_08Q63SZH9X,0.088444054
CUST_SB7FN7M0A1,0.026445897
CUST_082M1RWK8U,0.03064545
CUST_8DN7LTIWU0,0.0866133
CUST_8RX1BB7DZY,0.081373125
CUST_68HG6J3G8T,0.76619583
CUST_KCENG18K4X,0.03537861
CUST_KFFG6X43BF,0.03298343
CUST_E10EZD95ER,0.03674804
CUST_KTXXDLG0WH,0.06726156
CUST_NT5KNCL4AX,0.01938175
CUST_K9DTQB0SLF,0.02323614
CUST_RRWO2E7GTT,0.031827286
CUST_IBVLTHI1UU,0.031841148
CUST_KOKSHFT2JF,0.8472578
CUST_VF5QL7AYMC,0.117546804
CUST_HUKH4M9VVE,0.21331657
CUST_C6A9SS1KUK,0.11011154
CUST_1DE2SYHIUR,0.14425637
CUST_VIGOQ28I4N,0.11727548
CUST_SS6JVQL4TX,0.029993074
CUST_MVM2GJ8X3D,0.032685116
CUST_3UZ51IFOCY,0.13495862
CUST_SGHEXINPZ9,0.025067648
CUST_X3XR4XT7S7,0.11843501
CUST_DD935BX4PO,0.028650174
CUST_DI6ZT03VRZ,0.8623617
CUST_EX8L72UXDG,0.13968977
CUST_D3Z5ZUGUDW,0.03355077
CUST_S64SRCR4FD,0.02416539
CUST_PHRN12NF9I,0.11465459
CUST_2FWWPUARH7,0.8826646
CUST_4PQMA9XU55,0.019858366
CUST_SWB5UHYA85,0.025466803
CUST_1VI6ZPFC09,0.026968336
CUST_CHLTMZI2K4,0.12682936
CUST_QY9N4XSB6I,0.91560346
CUST_37U7T5I9FR,0.03246185
CUST_74SDI5GJ6N,0.14886661
CUST_L5LNH622HB,0.093295835
CUST_Q1C8VHGW6Q,0.10153873
CUST_K3DJODUGYU,0.031164613
CUST_FV6PHMPB6Z,0.10119563
CUST_HQAH73EEP8,0.127785
CUST_YQRKSBYBBU,0.8624538
CUST_IBDF8XORYN,0.031245708
CUST_U5ZWZMXTBB,0.07818532
CUST_8M6QECFLO0,0.16058263
CUST_O4D2R5K0HM,0.023451177
CUST_5NHBCCSSMP,0.14372672
CUST_8LIIWWTSU8,0.13569191
CUST_TOWIMO9IZC,0.030722814
CUST_6FUWRXWJBK,0.021517156
CUST_6LGE01ZOSQ,0.07958488
CUST_80MHI1PZ7G,0.038451787
CUST_N3K704FBEB,0.035112754
CUST_4WZ3QZF7FL,0.025053907
CUST_2BHGMCA5OB,0.10269304
CUST_FHSIA3OK24,0.020905653
CUST_MJGMVOJVJN,0.066967055
CUST_Z27X6AVY90,0.14394802
CUST_QDWT4MWRM2,0.039578382
CUST_UJVQDND8QI,0.8518735
CUST_YBOTMSHTJJ,0.03001092
CUST_1U0GMSHDFZ,0.023660643
CUST_I83E6VWY8T,0.029191222
CUST_FRXE9F5L9K,0.024264432
CUST_5V2MXLWG27,0.11641058
CUST_VVZGMT0JO1,0.102572076
CUST_BENDMTDFL2,0.13702111
CUST_WZLUYL4RTW,0.085733324
CUST_CFKK9XTQHP,0.032537732
CUST_3LCDBKNXMG,0.1103435
CUST_WQGWDAYCS1,0.16566677
CUST_GDZKOG4ORS,0.07032907
CUST_ZPFGPY3XA1,0.11206808
CUST_CWGL7A52Z1,0.027329182
CUST_RZ2PVIRXE3,0.15422133
CUST_FPWYW58LRQ,0.020973282
CUST_AX9CIHNY7O,0.103402406
CUST_9H5340MQRO,0.105974756
CUST_0BNLNTTMIE,0.040565033
CUST_90DEMBJL0L,0.024042726
CUST_GJ6HY82FQO,0.02927615
CUST_08YA17XDX1,0.030554574
CUST_IPLPH8POLC,0.71585244
CUST_MRHCH749BY,0.023366679
CUST_C9DPSXPJAB,0.032555833
CUST_FKIZWKFETM,0.03227576
CUST_3R6QDNK6JT,0.037110843
CUST_AE5IN93L36,0.020785421
CUST_U0LSBORZ1Z,0.029286593
CUST_U69XCDYFV0,0.7853556
CUST_5B2TBLKKTQ,0.026615947
CUST_M8P4WXCRFJ,0.02429971
CUST_BNBET9T0BH,0.140522
CUST_U502KV52DV,0.038370345
CUST_E1HNZ8P5V8,0.100547336
CUST_VVMNM4ISRA,0.033928223
CUST_51C9X1969M,0.099832475
CUST_8BMRDNX90Y,0.022335691
CUST_9SD0Y7CZ9O,0.026479721
CUST_OSUX8ADIHV,0.032886747
CUST_U4LFQJHW1H,0.13045157
CUST_VXO3ONQURS,0.13089803
CUST_W9Q8M5HA6R,0.167904
CUST_O4QHYFYFC1,0.022915069
CUST_KP7U48FWEZ,0.025456948
CUST_9SVCD0OTBE,0.02543636
CUST_7P8WMDB21M,0.13111554
CUST_SL5XS6NFQI,0.7945069
CUST_7LTHHU425U,0.02160935
CUST_C4TVEMZ8N9,0.028051931
CUST_SM9L4IDFJD,0.023992522
CUST_NE18Y5XN2I,0.027684199
CUST_FFRE29KQ2K,0.025471568
CUST_6RMC8TPL4F,0.04131651
CUST_E9TULTA8QW,0.030629648
CUST_SP4ZRAB01S,0.024973584
CUST_8VR03U7KJZ,0.036646355
CUST_TN32TL55MM,0.02135172
CUST_22BX6FUT4J,0.020895993
CUST_YN06RTXYYP,0.12468546
CUST_I3URROWOO2,0.029933797
CUST_RV58XECFXL,0.06054036
CUST_SUT6H6ZG8U,0.12785989
CUST_GM9WL4CNPE,0.07913923
CUST_CSQBGC23A8,0.13480815
CUST_08G3L3ND5L,0.11558915
CUST_RCSUNSKWBE,0.031559747
CUST_6VA0RAYS7S,0.021079006
CUST_B2FTCD717F,0.026875567
CUST_UIR35C1D7F,0.025659654
CUST_AV1DRZ3V0O,0.11812645
CUST_1W2G2AS2R2,0.04022025
CUST_IBGV84ZA78,0.055963613
CUST_GHUQCC2Y4O,0.86451024
CUST_P0MJZUEIT9,0.869585
CUST_9L3Y2PVTUG,0.02048568
CUST_AG63B4RP3V,0.02053192
CUST_6U6FQR0ASG,0.026582938
CUST_0GHAJKV5VS,0.023362132
CUST_TER9JIRJW1,0.031550035
CUST_CSGYEX931G,0.083277345
CUST_DNWR87TXV8,0.82431364
CUST_0UMULOHO9O,0.09280807
CUST_FU50U7QVPM,0.029250568
CUST_NR8JB5BB4U,0.025058758
CUST_HS7VU02Y4W,0.027443174
CUST_S7DD862RGP,0.09035224
CUST_L6TT6Z2GPU,0.033857375
CUST_BFLSQAOP9Y,0.028711291
CUST_U0Z139SZ0B,0.026386525
CUST_PNMSO27P38,0.025142625
CUST_7PZ7W5CDPJ,0.023156194
CUST_NYO8VIVVW9,0.03410531
CUST_8V09RD95QP,0.025897872
CUST_A473EWNI72,0.025553789
CUST_2O4RFE2QFQ,0.10400418
CUST_65P6IW61JS,0.15591975
CUST_OHJVULH1O6,0.11721621
CUST_0AMCY7R02V,0.021529315
CUST_IGYFFJC5XX,0.82661366
CUST_8CAGY7T8C0,0.02548162
CUST_Z1DBEXYTDA,0.13730526
CUST_YXEORZLUUV,0.025015151
CUST_F3W1OO6RWO,0.037570316
CUST_VMISCLOQHX,0.03084076
CUST_LT5D191IBO,0.14712441
CUST_85BKFRG6T0,0.14226855
CUST_RUU5QSHKGA,0.12265324
CUST_PUGFYRPHCN,0.018384816
CUST_E1PF7IEHUK,0.762539
CUST_3XIUQEVUCC,0.0321799
CUST_DHP4VU6TSY,0.08062008
CUST_EIX6V32ZWY,0.747894
CUST_L1AEPYGPPE,0.08559502
CUST_L8Y9HXQ2XV,0.024377692
CUST_JRKS1E5J2R,0.13366935
CUST_8A7F5I5JC3,0.023526443
CUST_C9B82CNNBR,0.025766388
CUST_ELG8XR8B60,0.0834302
CUST_R26NJDO8GD,0.027757203
CUST_WQ2JOW3PPW,0.75302625
CUST_NVTBT49OAJ,0.027491601
CUST_U8XRGGD261,0.10256003
CUST_3YHQL6RA5N,0.023420867
CUST_Y1F9LN76NM,0.034239374
CUST_300XPIIHUL,0.101437375
CUST_8IW5BH3IYT,0.77272844
CUST_60OHK9KDM1,0.022157388
CUST_AWP2C5F5EZ,0.023918658
CUST_JMAAZY75IB,0.78745687
CUST_LUYADNV11D,0.03128604
CUST_TRWLT2VN3Y,0.09211946
CUST_4RER9S41XL,0.73888254
CUST_DHJM4908NA,0.026669452
CUST_Y67UCC7ULR,0.13733977
CUST_SV9BGRZ781,0.10967755
CUST_VAZD3ZF9XR,0.035138223
CUST_ALQU1NIS5G,0.09128784
CUST_YO5WVNQHYX,0.024288744
CUST_HJDFATWWO2,0.025749546
CUST_ZW12DBFWED,0.01900944
CUST_6G5ECHCG9W,0.024372248
CUST_TQVDIMW285,0.0330378
CUST_QU67L58ARQ,0.032417793
CUST_ZFX9J32F2J,0.022986155
CUST_MITS5SZ18Y,0.024521831
CUST_5O73BB2PS4,0.020613695
CUST_STCVUEAOXW,0.030737227
CUST_CQZNVRXAXR,0.122980066
CUST_URFD8SF98J,0.03001289
CUST_DCNUKWTENX,0.043346062
CUST_V2RQB8G8NT,0.12885663
CUST_Q82AG8IAQ1,0.035672374
CUST_IX3COKGS66,0.019705882
CUST_87CSFR2JWW,0.08236513
CUST_T32D71CRRT,0.8298497
CUST_AP9MY5PR9M,0.04259772
CUST_P3KP45N71V,0.037449636
CUST_1I69HSZVRA,0.06766375
CUST_3ECXSR8WTQ,0.024216538
CUST_LDIP29K8UL,0.025098741
CUST_ZFAKD6LV0X,0.024882162
CUST_OYT3CJN7DB,0.02618526
CUST_URTGUZN0Z8,0.07024941
CUST_GI0H6IH0BM,0.01949955
CUST_KGAZ231Z42,0.10799459
CUST_936XVP28YM,0.029243177
CUST_J2VYY7PADL,0.050813794
CUST_NJVME6TK5M,0.08139964
CUST_DVQ4ZKZG2W,0.02004701
CUST_SEDYRPOWOD,0.13063748
CUST_ESAGBKR2Y1,0.028910836
CUST_4NEHSW8JJD,0.08684371
CUST_FELWEBQEDM,0.09449435
CUST_FJRV88V189,0.039441608
CUST_0NYS49A6XQ,0.13922209
CUST_JQWEAJB6AD,0.0295684
CUST_S4ESF6CFRR,0.13134241
CUST_H39V8PMH0I,0.060435627
CUST_EN0WW5VBMU,0.07364764
CUST_5PWTRTRVGI,0.093085036
CUST_2316475K1P,0.03283158
CUST_2EOESNMU75,0.10380149
CUST_ATE7YW0S7M,0.65551627
CUST_KDE3G1TR1O,0.030391105
CUST_QR1T3YQOBT,0.02008979
CUST_G36MOKMEBJ,0.019285383
CUST_P4G03WA7ZP,0.027811194
CUST_IDPQUZ22JQ,0.025075587
CUST_6KNMHJT6PB,0.036733672
CUST_ZJAK2Q7A1H,0.022756584
CUST_XIOOWCQB84,0.08268892
CUST_0CDHUXSE78,0.7675835
CUST_C0QA0KAVAM,0.82079685
CUST_H3XBJOEORA,0.022369891
CUST_XF7D8PTFZY,0.08292607
CUST_XUOFM8PNGV,0.09376792
CUST_BBS1NL8AT1,0.028106475
CUST_WWXTZDZS89,0.030071527
CUST_OYL4DLTYHS,0.10840072
CUST_ANHSO30997,0.036664378
CUST_APH4WMT3A8,0.032733306
CUST_8J31MJMC4Q,0.030747995
CUST_E7S5L7I4E4,0.032655228
CUST_SLP437DZ7X,0.02076361
CUST_W49PX9TIGH,0.023087172
CUST_5LT8RH2OFS,0.098250754
CUST_7R061MX9X4,0.07813394
CUST_PWE5GBDH2X,0.067991376
CUST_WJS33ZVNDN,0.14559458
CUST_DF6UPBH2DJ,0.114475965
CUST_MHFWLANM44,0.036381938
CUST_X0G8RLIF62,0.10807335
CUST_R577WF8MHY,0.025976859
CUST_YJJ676XECU,0.0853207
CUST_LZ1221KFWY,0.025806235
CUST_7B3YEEYZ5S,0.019492181
CUST_0DVWGYXFRO,0.16815265
CUST_91RCO88UR6,0.025103176
CUST_TWGB7KYHXD,0.026189763
CUST_YDN9VFZTID,0.031212933
CUST_2SFL9UAZGI,0.02788173
CUST_YMMCWDX4GF,0.20276946
CUST_QD53UXH5II,0.12273846
CUST_ADSK0CYYI9,0.026542025
CUST_W6NR727MGU,0.11981257
CUST_1F8QQ1SISX,0.7984884
CUST_1EZ6CS53AS,0.11816499
CUST_93IF3KHKNE,0.13755447
CUST_5VHGS5B5QR,0.039361764
CUST_VZ4QKRHLUZ,0.027133467
CUST_UFACJ6BFKY,0.02701615
CUST_B9FZLFI27Z,0.11202543
CUST_2P9AYKQQHP,0.021969274
CUST_4SLB1NXDR3,0.02839139
CUST_WVGBXH2SI1,0.77593386
CUST_LOXIX1Y40X,0.027093945
CUST_CUQGMMAI8P,0.022161277
CUST_8J68CNCCCO,0.021452175
CUST_SPTK1WKD7U,0.029567802
CUST_GT8JCP7Q44,0.027738333
CUST_4Z0K54AUXE,0.13716242
CUST_A0AME8KKBE,0.03421602
CUST_BY73EKDJB7,0.8251783
CUST_CV309T2QPW,0.02317227
CUST_CGAZRZJ3RI,0.03552562
CUST_OW478R7IRQ,0.025001995
CUST_T3GR7OS6FH,0.022466078
CUST_AILDOWBKR5,0.029632747
CUST_VRZMNWHOYW,0.11204344
CUST_QRTDT9BMX8,0.15774053
CUST_FYTEV6NA6V,0.075132675
CUST_HV30ANRYUD,0.09579388
CUST_G1HLK4RFSQ,0.886782
CUST_QB3Q0O4A11,0.033309292
CUST_BA18AMKO91,0.022460006
CUST_3MHEWXZV6J,0.0833538
CUST_223E95I34F,0.12590294
CUST_1NYAB0P5B9,0.05292719
CUST_I48OHMCIQ9,0.089470975
CUST_DES9Y5BUWK,0.022294894
CUST_FCT6O3PRX0,0.0862205
CUST_1LUR2V9WPQ,0.026819168
CUST_6ICSMQLS0Z,0.040904675
CUST_19CKOU0IV5,0.026930522
CUST_FFMW3TIH1Q,0.823299
CUST_X25KTC8L46,0.024858624
CUST_4109YKJSMP,0.027060697
CUST_X3Y7G5WVR2,0.024317278
CUST_IA3A5PFVID,0.046435516
CUST_FLSJP94NSH,0.18561691
CUST_UGK29YUJPN,0.13337712
CUST_W4QX1O5EAH,0.030315839
CUST_RKKBPHZHX7,0.02899555
CUST_F722KDLMA1,0.11708
CUST_845AY49WYJ,0.10705405
CUST_L2CHX0AZLO,0.02949173
CUST_C3UNFVRB8P,0.024941605
CUST_RL466O3DBC,0.025755329
CUST_8M2G0077ID,0.027197156
CUST_I3ZIW1HPHZ,0.8620663
CUST_7SSRBKAUQP,0.0275967
CUST_JLW0FNSB0Y,0.097285196
CUST_XSZNZB0A65,0.11314136
CUST_9JEUV0XDFG,0.026108608
CUST_SDMMGI49SG,0.034435805
CUST_0ISEGPEZV7,0.021138478
CUST_A5ON1U6B9M,0.11949603
CUST_I5PIUVR38T,0.14798595
CUST_7QPIGSOUL2,0.0706885
CUST_5XGGOBBOC6,0.02277776
CUST_7I8B5T20AU,0.01870278
CUST_W21XEA8124,0.036342483
CUST_H0UBENYI0Q,0.02322558
CUST_HZAXDOJJGO,0.033894863
CUST_73TWZUOQMC,0.03585112
CUST_SR9OOLHYGR,0.029392337
CUST_4M64951Z4N,0.82858354
CUST_7KY8SEXWHB,0.05510341
CUST_WYZX1QFTOL,0.8872816
CUST_NHBVRKYFN8,0.02238066
CUST_PNB1DMIB9K,0.023934554
CUST_GMHBCK1A7C,0.10404301
CUST_96WX0ISY0D,0.025620002
CUST_FXQC9SM3E3,0.019292003
CUST_FPGYIMK7SR,0.11543457
CUST_QPYTOG2AH4,0.092295706
CUST_IG0RUOIEPN,0.038934182
CUST_IMD79HZQY1,0.08252849
CUST_92QAF5N58I,0.0208999
CUST_ALHJVED4O5,0.11365131
CUST_DE0E069L0X,0.8751114
CUST_JUW7ZR4LDX,0.071983956
CUST_ZU2ZTUVG5Q,0.022334909
CUST_DXGZKVZ2BC,0.04940316
CUST_FJXKLSI35B,0.0319799
CUST_HJ4EQ2PY7X,0.10470532
CUST_XH3NFPJYH9,0.023697872
CUST_UWPBOQREWE,0.10406463
CUST_41DFKABCQ9,0.019468104
CUST_PI1X11C1L1,0.10686897
CUST_B6C4VUF8C4,0.08473018
CUST_6HVDLQL74N,0.023504134
CUST_A20REE7YTS,0.0740753
CUST_VXM69YC1PF,0.78048754
CUST_730YY9K7OK,0.020648485
CUST_N498IOJDH8,0.023729092
CUST_A8WQP20J5Z,0.11277172
CUST_0U83WZTUR5,0.83721936
CUST_O8SX4FN3P5,0.021226805
CUST_DRN41ZGPKS,0.022181492
CUST_K9YYPUIZ30,0.10505265
CUST_ONXV30S0KO,0.022977954
CUST_NJOVMHRWN5,0.07682345
CUST_B9FKLT528Q,0.027228113
CUST_1M3BIJI5EJ,0.15171236
CUST_NR8PE47IH9,0.022291398
CUST_8GI5HHBR61,0.02227598
CUST_RRP9T2SA84,0.029989088
CUST_F9DOL1ZYYF,0.026279736
CUST_719GJTSF63,0.07286767
CUST_YBKIXD41I6,0.018927226
CUST_87VUWXT6A6,0.0991952
CUST_BKM3TUSLXT,0.8489248
CUST_HKYU1GJQ70,0.026239645
CUST_YJW0JDRK44,0.15184447
CUST_7LRWGFRJ9I,0.023461565
CUST_YZYIAQVKCS,0.053105555
CUST_344HVFO7BD,0.12087446
CUST_PS2K03T3U2,0.04062816
CUST_8LZQ9124VL,0.023586206
CUST_YK3B3HTC72,0.02926277
CUST_0QTEGGTUJ3,0.023312103
CUST_YBM21LJ9FX,0.85473543
CUST_1O106FUBVO,0.032815028
CUST_2VJDJ0WWLS,0.08838579
CUST_P4AP5EP8UQ,0.04068775
CUST_PT84PXN6SE,0.027587827
CUST_TXYNIU3NC2,0.025176138
CUST_KPLLCZN28U,0.11243968
CUST_UMCVYZ9Y24,0.029564925
CUST_9X815OOVYP,0.0702935
CUST_3BQ36EFMUJ,0.81064314
CUST_DTOLMJ6NZR,0.100172386
CUST_MUF1H3E5VJ,0.024179894
CUST_4TBDAKUHWW,0.022466356
CUST_OUODHPIT2L,0.024547024
CUST_RUFR8P59ZO,0.07864283
CUST_GVJ4I6ANJK,0.052283935
CUST_KI2QLT4QIA,0.022889744
CUST_52NZ4S0APO,0.15206327
CUST_HR2F44R2W4,0.07081558
CUST_KFFVB0PLPE,0.02311297
CUST_HVIE41QKIP,0.022365887
CUST_NV2AX6K8S3,0.09361315
CUST_QYQ3BK9VUY,0.085639134
CUST_VU5IFZ46SM,0.022218486
CUST_G3B9MW7KCG,0.023753913
CUST_NJLGVIDKNU,0.030748183
CUST_MSGYKPTKX0,0.033785604
CUST_HI719GPN3L,0.017651416
CUST_IB80FB7BVJ,0.028963212
CUST_JE7XM2WP5Q,0.025992204
CUST_6MLFWZ4GJ2,0.65013325
CUST_5B0SA4USUM,0.13608739
CUST_7DZSX4PGQN,0.040650293
CUST_DD7LIAI22C,0.036677014
CUST_87F8ED0ZJJ,0.031429153
CUST_3VRO4KSLFL,0.031202292
CUST_PEGYZ9BUWM,0.06626554
CUST_34VZ1TTR2K,0.14823854
CUST_NLHTJ50SCA,0.030939806
CUST_HPK2FXDA00,0.07711586
CUST_9USF37PCAA,0.03012507
CUST_JI6ZOG40NZ,0.13194081
CUST_1OCS19PBHI,0.08200184
CUST_AF1DT5EIQ6,0.040031057
CUST_7XKNOR5S53,0.025865715
CUST_DXR3M6OX11,0.12367056
CUST_V4ESE8Q78O,0.025520902
CUST_8YJ5JC8DJK,0.1050837
CUST_NLTYJ7H34H,0.12535934
CUST_KNTY3XW4BW,0.17439447
CUST_TOUTU1WM6S,0.10223884
CUST_EARKT77HVW,0.11225774
CUST_YT5HYUTQAP,0.037245978
CUST_88HGH4ZN70,0.032558557
CUST_VDOP5ZQZNT,0.07693601
CUST_M0WHQB1HD9,0.12505615
CUST_72TN4BQO78,0.02639665
CUST_A3TPB5EDW1,0.021251
CUST_7SPAZIZAV4,0.023563655
CUST_8NVO4WSMEY,0.12862743
CUST_UU7R0N01ZC,0.10626533
CUST_DA6Q6NOUN4,0.10557866
CUST_HYDOKG2QUP,0.15797196
CUST_JX9U5YX8SH,0.027542746
CUST_IZRBC8EXX5,0.031235749
CUST_TAJQ3XHHXI,0.02514123
CUST_MTLLUGWDOU,0.023430264
CUST_WE4RG6OV1U,0.022961076
CUST_GNL97VUQI4,0.8982082
CUST_AHTX4H9XKY,0.7546281
CUST_VTKCDUCL4Z,0.024960235
CUST_96S835TEYU,0.030802928
CUST_YYEVHRSAUH,0.12197964
CUST_8PDOFG7R60,0.034076396
CUST_2EM4YV6NYE,0.087417714
CUST_NTHV78IMQB,0.15661573
CUST_NG0WL45PU3,0.14248839
CUST_DB6KQBHYCI,0.08647388
CUST_BODG45PH13,0.025034143
CUST_MD3QAZ41KX,0.027287923
CUST_ZV0U8WGVCY,0.022620875
CUST_KOX1W7JF5Z,0.09939193
CUST_JM1A0WX53J,0.024902405
CUST_X2YBN8KOYE,0.025757793
CUST_4N289J9WRA,0.11610637
CUST_UCYQ5FCPW5,0.14775494
CUST_Y8UPFEDVA9,0.1057088
CUST_CMHXQ35SBE,0.022084467
CUST_W3OKGWCUQY,0.09656741
CUST_1H7E4VMCZB,0.030698027
CUST_S6PK2EPEB8,0.021807145
CUST_OOHXMXLT11,0.026131969
CUST_OJNF3Z9MPO,0.028100206
CUST_KCJ7I9SDEP,0.033788502
CUST_DTK0AWUQN7,0.0213157
CUST_T3EAUF9SR8,0.09291815
CUST_EMGNW38FVF,0.07000508
CUST_S1RDZ7T02F,0.026194876
CUST_7MS8PGVFVE,0.02421001
CUST_JW9PQFU5YD,0.023697777
CUST_XO8K8OLIOH,0.8018185
CUST_2VSKV6QKLG,0.11986778
CUST_CNWLHRP1W0,0.091491714
CUST_N0HHY3837Q,0.08928977
CUST_8XBMT9MQK4,0.07968357
CUST_1KZBPXXFLS,0.111337624
CUST_FUWXMKGRIU,0.025179362
CUST_ZKMQDLWYJB,0.12262704
CUST_2X2A60YWL1,0.82819307
CUST_QKGS863HNK,0.0384023
CUST_DJ207I4D2O,0.10824434
CUST_F1I6MO270K,0.8362428
CUST_EI3QUL8Q54,0.0868363
CUST_5MAOBMUTDX,0.03667639
CUST_MGS5IXGYDI,0.029934183
CUST_PC7JC59TJP,0.020673692
CUST_7OC3H3HGUC,0.023367118
CUST_7GRCIEALZE,0.084250234
CUST_RGLCR7CPD0,0.17192122
CUST_EPBRO88BDO,0.026714122
CUST_3VV3NB6KF2,0.036333226
CUST_5MKZ8ARKGQ,0.028423516
CUST_KKEZYRT9E2,0.02023004
CUST_QIJ5GU2M8P,0.09499565
CUST_J28HX034BW,0.12384447
CUST_Q0LXNRE4X0,0.117652394
CUST_HHA82GNR7X,0.05643412
CUST_MZK51MXKHP,0.09158368
CUST_73TG4J8KMG,0.030914746
CUST_1OKRMHXQ3V,0.029339548
CUST_S9P4JSE154,0.023402266
CUST_0QWMLKWIDT,0.120593965
CUST_XLB6RWK15H,0.022084156
CUST_TQ6965HDEK,0.031341463
CUST_5NJOYXG69I,0.027598312
CUST_6F0SEAK3OR,0.030000636
CUST_1ODB6UWPNW,0.022732317
CUST_ZW6RDVL6R8,0.7380415
CUST_3A1LLW7VX2,0.021306751
CUST_JRDK5XT05M,0.10546435
CUST_EQVHWRMP0Y,0.031991962
CUST_LM9JO6FBIB,0.0302843
CUST_4VUOU792UD,0.113229156
CUST_G9DIHHH74U,0.04138652
CUST_TLLEUZEH87,0.030750755
CUST_JTPIRYEMHR,0.07468269
CUST_DL2MQTA7TE,0.029300397
CUST_8PRL8982ZJ,0.0753064
CUST_Z4WD6WGT5H,0.022184622
CUST_BO1F9ND8IY,0.023631025
CUST_35FLAXVWF9,0.02421704
CUST_SUPOBRA7LZ,0.02876119
CUST_7IQOVF60VV,0.15329221
CUST_9FBD8ZNVKM,0.15324502
CUST_HZ38WW9H9B,0.030855572
CUST_BIQEIUCGKS,0.044812273
CUST_DFQ9KY3N0B,0.090039685
CUST_S7CEWWV6IL,0.02412785
CUST_OTIJHL221N,0.8469554
CUST_DDDNXRIQW2,0.021426756
CUST_H9EZWG3V5Y,0.09556125
CUST_5SU28SIDQ0,0.12597437
CUST_LSS605QLNW,0.027118016
CUST_ZKNS06ROAU,0.03445843
CUST_E464WMKJ3L,0.07073125
CUST_SD8M5W56NU,0.17395875
CUST_8N8NB3A5E0,0.021592805
CUST_OR6C3A7LSJ,0.11337952
CUST_2MXSSEBA5X,0.035129253
CUST_5ORHONABBX,0.087959394
CUST_UEQQ9AUUBG,0.094836235
CUST_D9912X7L04,0.090843886
CUST_R6X840LPEX,0.02228501
CUST_Z7UJVMTANW,0.10043365
CUST_953F7X1PG6,0.103401795
CUST_WUMNXSAEYA,0.090333976
CUST_L5EA346TMD,0.021739747
CUST_JFRSG0TYKY,0.023949798
CUST_PUPWLEPYIU,0.02308752
CUST_CPNCJZ8NX5,0.108914524
CUST_8LG70PDJSH,0.91741383
CUST_GL0C2LA6ZW,0.12464828
CUST_T4B1J7D0HT,0.11505242
CUST_MZGGKAE9JG,0.021183288
CUST_86C4CLHUSY,0.039777536
CUST_023IICVZ7I,0.024610033
CUST_YWKUV4W1SM,0.78171545
CUST_5AUV7AR8H6,0.025501816
CUST_HF04VFPAU5,0.91174567
CUST_86A0D2FT69,0.02979758
CUST_DV9LXYJ0ZO,0.02449886
CUST_ULNEDJBS6Q,0.03408689
CUST_I9Y9O9G84P,0.07618864
CUST_2ZB6K2BGKR,0.09046032
CUST_IZLNDKUU55,0.07786025
CUST_5JLDHMDM3W,0.10838577
CUST_XR7ID6Y6YZ,0.02154763
CUST_PX7IOU532U,0.13410565
CUST_6OVA70USKV,0.03301929
CUST_NMICH08F6G,0.07821179
CUST_89X7SP4UHK,0.094614536
CUST_AGCIAZERG5,0.021214044
CUST_0I4ZJWROVE,0.024978368
CUST_W8X4ZE49NG,0.1215698
CUST_W3EETZ5899,0.024005739
CUST_GL15TIWSN5,0.16832657
CUST_XL5RAIE3BB,0.022852873
CUST_4489GQ7BTW,0.027852394
CUST_FL1IIT9IUZ,0.10033201
CUST_K7E52XH68J,0.108311236
CUST_W1O4H40K0U,0.03379854
CUST_WFR6AO6N58,0.15959264
CUST_DBU6SHC5PZ,0.027912216
CUST_OA342ADJ94,0.026821582
CUST_4QSD2SKGOW,0.021561107
CUST_8AV2HO6R6M,0.82754153
CUST_VD6KLDZGWF,0.104104094
CUST_QSF2X020DC,0.09271694
CUST_RZ03IYGDQP,0.0216781
CUST_5ZZ0OA3KN4,0.15201625
CUST_OXLJI8DZLH,0.024566831
CUST_25R7GK1WLN,0.031343803
CUST_SW23EV7EBN,0.025090335
CUST_FUJ4ZMV1P0,0.028916104
CUST_W7O9V6UB0G,0.025670981
CUST_KITXVUA345,0.0295119
CUST_RXLE4ABPBF,0.14310119
CUST_BGSBP9TBGN,0.17087007
CUST_RWZEYI7RPZ,0.023663674
CUST_KN3IPEQVUW,0.025875501
CUST_P5H9E68CO1,0.03716056
CUST_L9QN0XH5LA,0.025902793
CUST_FAZO0CZWQZ,0.0318003
CUST_99AJRDWKY3,0.02423185
CUST_JG8UDAX6I3,0.067518614
CUST_C3U9QPDVPU,0.11351471
CUST_U5WTTHDZXJ,0.021324603
CUST_56Q1W6OAQB,0.1079034
CUST_TJSEMZS4F2,0.028702546
CUST_IUIO8MP6G2,0.027366605
CUST_UOUSFYTA01,0.018117208
CUST_Y19BSXISS8,0.13725424
CUST_9L8RM5S6LG,0.03146642
CUST_WCZOY30ARS,0.025962627
CUST_T8RX2ANMMY,0.11280333
CUST_TDF51T6R0F,0.070406236
CUST_U88OKYL23W,0.11083188
CUST_6DA8KT3SXE,0.09826093
CUST_TD18KJUKU2,0.03333843
CUST_FR87NKERN8,0.02404601
CUST_VS1QMQM27D,0.04572895
CUST_PEJ4OBRFKM,0.022591654
CUST_LROU4UOWGO,0.022020997
CUST_ZY41COFH1E,0.08484758
CUST_6SU0WETZKL,0.026447922
CUST_CHOUDLPPQO,0.029994454
CUST_AVEG0CMBQC,0.027058015
CUST_BV33G4CKBI,0.12582918
CUST_OXSDPBGLBL,0.10694085
CUST_IASG0HDJ8P,0.030528015
CUST_OJG5S8XEK6,0.025253505
CUST_BGSOCQPGHH,0.10849771
CUST_STVRTPG814,0.10957058
CUST_FQ3DHUVIS2,0.022101775
CUST_WD60QG8I9N,0.028481273
CUST_X1PUJKG17F,0.07000673
CUST_9996N5JL5N,0.8401435
CUST_EX6NLPMEZE,0.11808581
CUST_L1W7V8BNJU,0.023234153
CUST_BU3UXZM1WH,0.034318857
CUST_BWOH3D5ETZ,0.07348101
CUST_1EIU09ARAU,0.021011168
CUST_84MBZY18HT,0.07340224
CUST_JVJV8PH6OM,0.16896027
CUST_KROAW80SMS,0.028646996
CUST_KM4JCYR701,0.77581507
CUST_DFTS1WYXG0,0.030839225
CUST_9WFSKIK8X8,0.12804964
CUST_KDV3ESFFAY,0.024984507
CUST_7LOFKKS29W,0.020943336
CUST_FWWF8UH99Z,0.7449589
CUST_ELABPFWLLW,0.041297324
CUST_WH520LR3XK,0.03125417
CUST_BPL79H9S3Z,0.02754051
CUST_68MKM8E9LG,0.029777206
CUST_JNOHVET0LZ,0.8231827
CUST_V21GW5YLV3,0.021130182
CUST_LD3Y86D2UA,0.027316213
CUST_G2Z9J9CRCV,0.02100247
CUST_PAB38LAGNR,0.0753187
CUST_8HGVGQVFFB,0.024176372
CUST_A6NJP7ISWH,0.15233529
CUST_W6QD0CR2PC,0.088653795
CUST_HWUML9FD7W,0.032137588
CUST_8JHV568SZ5,0.03178698
CUST_O7Y65EHGOR,0.025827715
CUST_3QJZJ7U2O6,0.109097205
CUST_MU1U04053I,0.029955275
CUST_3LLMEDIU9O,0.11429858
CUST_839BJIXVNU,0.11392058
CUST_EM8OTIW2TC,0.1053819
CUST_8YFL3IHJJ4,0.1155611
CUST_2EZVHKHXB3,0.029132323
CUST_FBO74T7PZY,0.02148677
CUST_X23JMA4RDU,0.10603595
CUST_RASETUYY76,0.020012613
CUST_JEML0YGL1U,0.12539074
CUST_I1XXY3EDST,0.027067332
CUST_JWMA6GAD66,0.0636849
CUST_JGV2C62O5O,0.06907052
CUST_RBTWMWW9UV,0.07515017
CUST_FBS1QVTFZF,0.026195249
CUST_MVZ0EYVH74,0.024572123
CUST_M4W7C1YV4R,0.10849395
CUST_L9O0BIN4LZ,0.11086692
CUST_PDULCL5O31,0.01970181
CUST_MYVX6W6E1W,0.038606048
CUST_Z586MBB1MH,0.8202673
CUST_8KON2MB8KN,0.027778089
CUST_SVTLG877EE,0.09493368
CUST_H63VYB7LFM,0.037830293
CUST_JQVYI9WKLF,0.6392389
CUST_50QFAD5HD2,0.027287228
CUST_3CLGJ6D1RR,0.11847615
CUST_DGPE4PS0UM,0.8727494
CUST_XFDIE5DCEP,0.14994687
CUST_YCRF639RZ3,0.023135649
CUST_OBI2S3XWG1,0.076687075
CUST_WVMENQWYZN,0.08666356
CUST_B8Q96K46N7,0.040095165
CUST_E4ISOFT8K2,0.024377024
CUST_HWWN8H1N8M,0.08987053
CUST_O8UEQUPHAY,0.031221613
CUST_M4AQ9U0808,0.089967966
CUST_G80IILZ8Y3,0.028404426
CUST_V1UH7YZPTS,0.03286059
CUST_RS5N10UZ5B,0.020969503
CUST_3MDN4BBXI9,0.08078018
CUST_GJ2QP4JFYL,0.12957412
CUST_AQAO60J4C0,0.0928675
CUST_Z568NQ5M3O,0.027111996
CUST_JLQBMP0UD3,0.019993447
CUST_S8KZRFGZ4E,0.022963881
CUST_XV8JTDOUGW,0.049729522
CUST_6FQ0RC14ZD,0.1276605
CUST_LHTM34P56E,0.12147485
CUST_431VK2TM2I,0.087712705
CUST_B4WJYHXZX5,0.7943841
CUST_KGHGTCP3A1,0.87575114
CUST_TZF4SGRSRZ,0.09081829
CUST_L54VJ53NT1,0.10224694
CUST_1V1YH4ATDF,0.0227676
CUST_D16RITFZZN,0.02820122
CUST_6NN3RR91W1,0.084763974
CUST_OZ7XO5GPEH,0.0316805
CUST_032JQISU3I,0.08284624
CUST_CUYT2LUX7V,0.06487884
CUST_X5QPVLJ9D8,0.02389876
CUST_SDAGPA7XD8,0.89584064
CUST_55MEXU7XG3,0.03938815
CUST_CSQHEZIL2G,0.028669078
CUST_V2OKLTNKTG,0.022745002
CUST_RDBF4P0GQR,0.06445027
CUST_562V96GP5V,0.052853514
CUST_PMAIYUM9C2,0.10085851
CUST_BWR1HEZ8KG,0.023549074
CUST_1OEC4AVE7D,0.02329853
CUST_13QMNZ83GT,0.09001639
CUST_VF4OIIPAXJ,0.03966768
CUST_VBIN9BSDJJ,0.032275394
CUST_M692UJ3S4Q,0.022237185
CUST_DN6SDPY8T2,0.025267065
CUST_HTJCT1TGN7,0.07586104
CUST_VEIBLVUA4M,0.101236776
CUST_9Y0NJ574VE,0.022116326
CUST_ZWK1CN8VC0,0.09204892
CUST_6RKVRW3GBP,0.027411401
CUST_RZJZHQCNMA,0.09470454
CUST_X54LA38ERC,0.03541508
CUST_VXDUPVR4BE,0.028254693
CUST_4C3XJR8WKM,0.09205388
CUST_91M1224729,0.12382575
CUST_IIF3YJDMCW,0.072582714
CUST_CJGAXMVOPH,0.13254037
CUST_OLMNIH4XF4,0.8451377
CUST_ACVEAWCEAV,0.08295801
CUST_M2L5OKNU53,0.020698993
CUST_97SWF0MTUV,0.028651336
CUST_JCN6L09NKX,0.03228014
CUST_SLAC83W83G,0.10508942
CUST_SN14XBLA6O,0.03167164
CUST_GBJGXSM1MW,0.0346483
CUST_5ESXYQ6PWF,0.031205565
CUST_1DQYMKAFGI,0.033064812
CUST_YDRBX3A875,0.031364214
CUST_FEYK5JR0OL,0.039820466
CUST_DS4QVW2LOA,0.11340719
CUST_ENHZPMUUC5,0.023821043
CUST_M4D92WRH5R,0.025056912
CUST_HH9A51C5MJ,0.033896774
CUST_607RWG58GS,0.026102412
CUST_7VD09MV6FY,0.12361206
CUST_UM5RAXE2Q6,0.0745466
CUST_91610OU3N7,0.09821943
CUST_ZK3QRNNCEI,0.038395893
CUST_UNQOP5F8M2,0.85882837
CUST_0Y006K9VOX,0.12552008
CUST_6XQSBIPBB4,0.76495755
CUST_CPK2CXZMVL,0.0964412
CUST_OOZDSHQI44,0.7381756
CUST_EY8P1R3FKO,0.057538524
CUST_6MMJMWXMZH,0.13398243
CUST_S3J37KH6IS,0.1319199
CUST_UFBN71TGMQ,0.8068422
CUST_UO6SHN2FR4,0.0709452
CUST_1FZ3ZT8QYJ,0.030297427
CUST_2BHTFY05MS,0.019874992
CUST_3S7J21E32E,0.031068645
CUST_GUUVPSEDMB,0.01821457
CUST_FT2GGUWET7,0.07860083
CUST_2KM8GXMELG,0.0341561
CUST_287EINGYX1,0.026026178
CUST_TK3BKGAIGH,0.024376495
CUST_BPMIJ3DJZU,0.03451684
CUST_EWYG6J4E47,0.023593098
CUST_3681FMHK12,0.081553146
CUST_G6HRA1NLVU,0.023565536
CUST_7S9R1ZUY07,0.030125389
CUST_ZGG6S12Y97,0.083813116
CUST_F7UGLUG9RA,0.034779426
CUST_6UU24ZBPM0,0.032796636
CUST_2GOKP5EM4M,0.055359006
CUST_9UN5Z6KC0V,0.03164462
CUST_R8C02TEUMB,0.03843518
CUST_P3LLH2DW1R,0.107045755
CUST_S9W0612910,0.1114397
CUST_KA0C40CECU,0.02176177
CUST_QCZRG76ZYC,0.03047471
CUST_2ZVFLATBDK,0.025176378
CUST_R0SHVKBHP1,0.02641285
CUST_ZUO9L0F2ZR,0.030658571
CUST_BJGHI48MPD,0.8082372
CUST_IJT490MIMO,0.058877263
CUST_3A2EO15HOW,0.028334495
CUST_EHA9KQBJJX,0.031559844
CUST_QF6X3ISZCJ,0.021659076
CUST_KHBN5TF18Y,0.029537063
CUST_8W6JMDJV54,0.09477021
CUST_BDFYDIYAYQ,0.07590614
CUST_BE08HYLVSW,0.7819227
CUST_LGBDIZOI7V,0.028650282
CUST_XAPQSL4VLN,0.17110844
CUST_P3SD0QR903,0.027091581
CUST_5404ETDN4J,0.112355076
CUST_FPOBJ2BGD7,0.023603164
CUST_B49T7OG46J,0.10882309
CUST_J8UEEEJ5CI,0.027348138
CUST_HGU266QB60,0.026685245
CUST_K70P92FGR3,0.031072041
CUST_Q8XSZOVGUG,0.030579308
CUST_26I2AV6LLW,0.16627812
CUST_KMJGG1KZ6Z,0.1465638
CUST_22LRTKN9XB,0.12314662
CUST_H6OSDC2JV1,0.023678306
CUST_5KBXESE33C,0.025980243
CUST_868DW5DH7L,0.11383841
CUST_JCDN9LW8SZ,0.07046828
CUST_EF9MIAN2B4,0.036721464
CUST_N1DMD1NBZ8,0.020094667
CUST_IPZFJS0S75,0.20176719
CUST_521JB66ZUS,0.025033154
CUST_Z55E14Y17A,0.031644505
CUST_CUA98QGV1V,0.025084168
CUST_C8ZVVLUQFR,0.034999948
CUST_2FMMHHZWGL,0.09929838
CUST_YQGSCXRJLG,0.085053526
CUST_5VEBNDVIIS,0.02749635
CUST_SY9X4IVTOQ,0.024770256
CUST_V62P2Z9DIU,0.10749414
CUST_UWNLCJBKPV,0.018751768
CUST_579EXFEFK8,0.024536386
CUST_TKROEBFP9Z,0.090413906
CUST_R1YNURD2OL,0.79767287
CUST_1876X7V7LE,0.019660123
CUST_8EQN79PMOS,0.02884318
CUST_8AUFTQMHH0,0.026957508
CUST_00X4LHBPRC,0.8680674
CUST_4D8H7NHWTP,0.02398223
CUST_PFQZ2K3434,0.805363
CUST_TRHD9BI8E7,0.035541367
CUST_W4TZGS6KAR,0.031943038
CUST_D3H7631H32,0.08148064
CUST_5HE5MV1Y80,0.11339762
CUST_JOWBNAH3G3,0.022757363
CUST_UV2KMZU8SO,0.03716837
CUST_MRRZDP4CUA,0.028049504
CUST_28BTBW4Q95,0.76873785
CUST_JKL2KJL9C1,0.028170506
CUST_C5KVAHV8EB,0.024033736
CUST_4ZXXJMC5KO,0.037383337
CUST_30QU5FP60C,0.8294543
CUST_ST9YCVWZ4P,0.22776058
CUST_Z9AM9MXK3Y,0.025188109
CUST_HDICYGCFAP,0.03086703
CUST_6F9GZRMXEC,0.14222337
CUST_FBZL5RIX53,0.021796502
CUST_QTWUQ5WJZB,0.028117355
CUST_DQGSUASTYG,0.10225714
CUST_9Z1WGVEP26,0.0447322
CUST_YI7KCEX5W0,0.05424591
CUST_1WIICCI2BB,0.7999633
CUST_PV89J78NC4,0.026475502
CUST_29YFCXHB2V,0.01868033
CUST_1UENN82OU7,0.10509623
CUST_AAADFEQZJN,0.1037983
CUST_6V6XU4UQTW,0.021892153
CUST_3I5B0IBL2J,0.030281495
CUST_OW9XYO9B2Q,0.023675388
CUST_MWW30ILEX7,0.026421705
CUST_32DX0DL2JX,0.1078189
CUST_CCV29BXSSB,0.10634148
CUST_Y7TLE5DBJZ,0.085370876
CUST_UHCYKYHA24,0.031192917
CUST_J3BXNY1O0W,0.07622728
CUST_X19ROUKIQK,0.87964296
CUST_ZSZ7CAVYF1,0.027149463
CUST_1UB9ZAFUCM,0.024491763
CUST_NW6NSSY89D,0.034026958
CUST_Y83EOUX3D1,0.035625402
CUST_KPGHFTT372,0.77737284
CUST_Q034S0W4QD,0.023203079
CUST_IH1PSPRIGM,0.11041686
CUST_D96C6AYLES,0.028455768
CUST_VYZI4HWJJ1,0.12227797
CUST_VSMG00YC8F,0.067411594
CUST_VGAAC8ELU7,0.8295611
CUST_41EIZ0MC11,0.085987546
CUST_P4SE57ARWK,0.036157124
CUST_888QR8BPA2,0.082655795
CUST_S3205CH70K,0.024769377
CUST_X5DCAI66VC,0.042500436
CUST_VYBC2Q1FNM,0.024179433
CUST_MDKVGN2QYP,0.09537997
CUST_H9ZWZEGM2Q,0.030308237
CUST_RVSOHZWYWX,0.03360243
CUST_ZEVQD458M2,0.11048118
CUST_GVBD3G00DS,0.024900805
CUST_OK237OUDXD,0.025144665
CUST_K1N8GNNFD8,0.021269979
CUST_AYRO1RSD3B,0.09149784
CUST_C0YN7S49HR,0.036085237
CUST_N0F8L64U5B,0.8157694
CUST_TOCIANIWYQ,0.86943364
CUST_GNNATFEJMD,0.14517233
CUST_UGDIO8IIWB,0.10480954
CUST_9UWTD97QIF,0.032238346
CUST_EFXZC65TM2,0.10085444
CUST_8QGWE4ZEPV,0.023984578
CUST_B3VDB9POAT,0.021620253
CUST_U7B3RYRIDE,0.023967326
CUST_GQNHP2QA0D,0.022774544
CUST_Y4WKTL74IJ,0.14688288
CUST_ACEAL15EG8,0.71423745
CUST_4YWM2VFOY8,0.15143524
CUST_6624334NUD,0.10122658
CUST_OAVXB65600,0.06504529
CUST_TZS8BYBKGK,0.11494045
CUST_299V7FYVB6,0.033174675
CUST_HVVTA0W2OQ,0.028133022
CUST_T4QZLYKE6I,0.9087981
CUST_FMK4E9KDJP,0.028901951
CUST_BL63FEU729,0.01955939
CUST_QAV6MB7D5E,0.019852621
CUST_PZVXIQQAG7,0.022602312
CUST_22ENZY2APL,0.13913667
CUST_OTCDVL3FBO,0.02912009
CUST_DIU16Z47T2,0.026645865
CUST_RY2OD03Z6G,0.030976394
CUST_TX2CT0FC8H,0.10978667
CUST_MYPLYN6605,0.13685392
CUST_O6VZ0XIG32,0.10715551
CUST_BWLJAQBLFQ,0.12683816
CUST_N5TYVZMX75,0.07474379
CUST_OZ5ON5S5PV,0.093656465
CUST_4CHELLXS9O,0.02440251
CUST_CZF6B1BXHB,0.111701235
CUST_CSH90CGB9G,0.042143572
CUST_GWBDTB3UOG,0.07957295
CUST_XWQXIOZYOE,0.043909762
CUST_UPKNQLVQJH,0.019182494
CUST_2N21LF7VVP,0.044456955
CUST_7I6AQIAT9V,0.08657526
CUST_Z6EBFFK6WF,0.11862474
CUST_2ZLYCVJN7D,0.02951959
CUST_W5Z6HX9HYM,0.031899247
CUST_0MHH6BR0R4,0.024078483
CUST_N90MNKZX7H,0.023454612
CUST_AIJ55U20WJ,0.12331192
CUST_PUGJ2ACPE4,0.020366129
CUST_QITP0N6UTJ,0.0332339
CUST_4G1CO09IVJ,0.07733721
CUST_I8NJCR5I37,0.7586573
CUST_IOOR3XWXU4,0.12495294
CUST_ZPBDZ6FZ1O,0.02989649
CUST_OS8YY0TGJE,0.03254716
CUST_LW8XXXNUNK,0.03686922
CUST_HJP8XX25H8,0.03493492
CUST_M5EENBB6Y3,0.074025616
CUST_XEX7EUM7BS,0.029050164
CUST_CX1K10K12J,0.11313645
CUST_IGHK0MHJ79,0.026328819
CUST_O2Y2F9ISBA,0.023885835
CUST_ZOJBUXGOU5,0.02352411
CUST_MNV5TGBY7V,0.026074987
CUST_0JOEUNWO4J,0.023007276
CUST_ON086BGAAU,0.020253759
CUST_QEJLHHVZ4S,0.8628115
CUST_ZQFKDUUP99,0.03137166
CUST_IYG5T1M700,0.1194473
CUST_A4TYE05DCL,0.02535593
CUST_JZDJAS6HN6,0.023276877
CUST_CVPF1UJA7N,0.02756717
CUST_WLR8N0SEPG,0.038751192
CUST_HESXAD0N2X,0.77453583
CUST_CY2C0NG77A,0.13865872
CUST_BV74DVEU27,0.06763897
CUST_1NKSWAVCGA,0.09419845
CUST_YV3C1NC5YU,0.032365568
CUST_PVMEVYUBII,0.03006274
CUST_AI9JXROX6G,0.033621848
CUST_CMZBPTJ1C0,0.086512595
CUST_AM5QRSRRYU,0.077706374
CUST_NSXYJUN4I6,0.181956
CUST_I6TA7ZDHFM,0.039081417
CUST_9EFHW0L3R7,0.12460542
CUST_RTL20MSL17,0.7416498
CUST_2H104QIIOI,0.1253626
CUST_KK3KKBJ7XH,0.027064247
CUST_VAQ919VC1U,0.10341617
CUST_HH08NDU7C6,0.11825961
CUST_BOD4GELPYG,0.02578496
CUST_RH8QFA825A,0.029002959
CUST_QS89WA8G3S,0.89407724
CUST_SY5SUHDBA0,0.08921153
CUST_Z9EM4ZIXE6,0.8554581
CUST_GHHCM402TG,0.8301754
CUST_2OUNWJN28M,0.034442686
CUST_8TKG36I7EV,0.84013236
CUST_HYRA60Q8DF,0.116720304
CUST_VPR55HR7T0,0.051526204
CUST_6KVE41ZHRX,0.8696724
CUST_MRGWRXJOGN,0.027867982
CUST_4OPVSBGB59,0.77576476
CUST_8M8I89H66F,0.022684133
CUST_D0PPD9243V,0.022552734
CUST_6H545999C4,0.020203058
CUST_C5YVW0CRTU,0.13575014
CUST_H9KGR1G8RH,0.02182371
CUST_NQLX0F2EDM,0.025587298
CUST_JCDOH6S0OI,0.024787202
CUST_LET6WTE7U2,0.023030479
CUST_R3QZH82GPP,0.09119999
CUST_L4UW0CG17J,0.06708042
CUST_E0ZJLDSLET,0.11160031
CUST_9O7YRV5YYX,0.11705257
CUST_CZ9PZ8JLCO,0.8723206
CUST_88XDOCJR6W,0.025083821
CUST_QYQMBD5KF8,0.024869543
CUST_X8SAOP0YKK,0.02632272
CUST_7KKXO62H2I,0.025757877
CUST_BDU61J1EV8,0.030475687
CUST_9N506IV1ZZ,0.045442138
CUST_WKGO15R5QP,0.021101264
CUST_HBIXR5O7PN,0.02451039
CUST_J8VNUZV50K,0.85943836
CUST_Y1SOKOEZDC,0.1151379
CUST_M4MU63TVGQ,0.8798916
CUST_9FTPSIVGOB,0.030594848
CUST_ONNPOOINQ6,0.029344723
CUST_95MP90M11J,0.8362349
CUST_KM0P5ALZQJ,0.103097335
CUST_VXBZ6QBEAA,0.058816876
CUST_M9VXFCM06W,0.027290745
CUST_YP4JLYI92N,0.020609032
CUST_TSLFUWK54J,0.037770737
CUST_VM63ZTRPWQ,0.021883952
CUST_91W1MSOS6C,0.028784394
CUST_UCH3JPPAP2,0.038827207
CUST_LJW0SSUKIA,0.02751752
CUST_HFTOPBNW65,0.1287863
CUST_09U9DFQA3X,0.025815671
CUST_K9H2Z4A5L3,0.089091495
CUST_JJRD6FDX3O,0.026333118
CUST_XT5AYWJAIZ,0.08643833
CUST_C9KK4I646T,0.09185646
CUST_RBTM9W9C0D,0.10139492
CUST_BBNUUYZ7HI,0.08090554
CUST_KIAFI2JXJN,0.07509406
CUST_WD9MM9UYJJ,0.11879388
CUST_VD7G6E1ZXU,0.09594131
CUST_S5ENFVAJXJ,0.78075206
CUST_QDPNCBEANR,0.14822124
CUST_PEGQ3S5AGJ,0.022515507
CUST_UDTWHCVM37,0.025945365
CUST_1W4IV3E79M,0.093342036
CUST_UC2FI8EU5C,0.11609886
CUST_ETGHYDF471,0.028068889
CUST_NBV5DSMKFT,0.03624953
CUST_UKQNXGGD79,0.034596935
CUST_FKT65S7NMC,0.091723725
CUST_GQCZX9QB3O,0.01973555
CUST_IXP917J8NO,0.090113536
CUST_TR06NG1A59,0.04344961
CUST_MRC6T95QGQ,0.06351916
CUST_6CYGA7C3K4,0.11196228
CUST_4CZHYK3E9E,0.11601505
CUST_97844DGE4O,0.08284883
CUST_LOI6JSR3DJ,0.08289705
CUST_KGPLWIJG5X,0.12106283
CUST_DL7S3D23K6,0.14992651
CUST_090FKHF3SB,0.02637168
CUST_GIBPW7F0JH,0.07951056
CUST_XD0MQ4LIFZ,0.08624297
CUST_9V9P951Q0H,0.13245246
CUST_QX1HX90Q0A,0.031379964
CUST_CLBI5DI9JG,0.14479929
CUST_7VBMRLWT2O,0.13576439
CUST_6F0RS2OMIV,0.12339778
CUST_0DQXFGEP12,0.14890999
CUST_MQ6YDLH18H,0.11906627
CUST_SDBOZD1WUF,0.029075416
CUST_EDIIBIUNYH,0.08874031
CUST_FJ39M9W78Y,0.14094156
CUST_LH2QA7BDMI,0.027126547
CUST_GYV3B51JQ4,0.10388898
CUST_1V08BGBXZ6,0.03880389
CUST_KPQK48HXEF,0.026367249
CUST_QWNMUYJFMK,0.075643286
CUST_CM8YG700IJ,0.07628806
CUST_VYTRHD0VZS,0.1446576
CUST_BS64IDGDEX,0.15141286
CUST_ZQCXYTZGTH,0.05517609
CUST_O1WXD0BN1H,0.10381844
CUST_5XAD0CXUBA,0.03043598
CUST_25E5COSBLA,0.043381114
CUST_1UA4HHLN6H,0.042112514
CUST_LQ01F88GZW,0.035292096
CUST_MBQK7GLUK3,0.05542758
CUST_JL157WGYUB,0.025604026
CUST_X9990HX7OM,0.08541434
CUST_GC9H57WJYQ,0.110739626
CUST_WRSVRW8B9N,0.08857302
CUST_I3JKCLTGH2,0.12888518
CUST_VNQK4MC1BX,0.07984155
CUST_38DA91UL4C,0.017921263
CUST_0Y6TJCEVC4,0.8503405
CUST_IDY7VTVVNN,0.07907893
CUST_IZAIDRTPYE,0.020894509
CUST_B5RQO1S58Z,0.13970187
CUST_RK2VXIJLV0,0.026554437
CUST_9E0N81B7L7,0.02063183
CUST_578N3KSBEE,0.029816499
CUST_10YD94XT1A,0.033075105
CUST_YYPFXBXL91,0.018461777
CUST_QWBOL7PBV6,0.03301412
CUST_HMEAODB4QT,0.0806463
CUST_5ZSXJY1V1E,0.13117988
CUST_67DIBSNCC5,0.026059637
CUST_JCAMG60H94,0.021709876
CUST_VWOMR3GNC5,0.07783908
CUST_673BFURA6I,0.15609555
CUST_IE1TQXF3PK,0.017493831
CUST_ZGHR7CT7PB,0.02143318
CUST_SNJX52IB4Q,0.020651774
CUST_69KFNBV5H2,0.10058676
CUST_KY97HW9NE6,0.08971466
CUST_07CM06QILL,0.03451017
CUST_C6K6DNYWO8,0.82929105
CUST_FZDQ0G9JXG,0.09770857
CUST_FYC1NQ2X2N,0.09605353
CUST_2EACTGR4VJ,0.10235946
CUST_HECA7PGANF,0.02628009
CUST_2Y2MGE8OZD,0.032995835
CUST_WYG4OUBC97,0.0264173
CUST_V02D9D3MOM,0.023587804
CUST_41UJ9QNL9O,0.034342643
CUST_9OT66Z2DG1,0.022460021
CUST_7FN3K9JG04,0.08778357
CUST_M2UNPTV05N,0.021406464
CUST_W33Y2N1LH1,0.025790177
CUST_EW11HAK20H,0.09149661
CUST_L14QCSYNZB,0.027716286
CUST_1P8WHZY3OA,0.028824344
CUST_SW5QSVYBHQ,0.09625268
CUST_N1YT88AUWV,0.031957727
CUST_7SK2QJF898,0.076901205
CUST_BUC5VT9S6D,0.11216554
CUST_QZLJGOL27X,0.08523655
CUST_MS18TD0PSL,0.7262375
CUST_NYJYN3GVFV,0.029013315
CUST_HNUALE2RCY,0.031322803
CUST_Z5N0Y4OYRK,0.090455465
CUST_72GVU7WXKN,0.9215011
CUST_WG47HX378X,0.89579654
CUST_JQE9DFVF0E,0.02527161
CUST_GB58FRH1DO,0.09918093
CUST_EC6FLNZ638,0.031495444
CUST_O4D7GHB51G,0.028787034
CUST_2I2JGKJ5RQ,0.044374518
CUST_C6PKSXWJ9H,0.03503423
CUST_KKX5AAAR0X,0.7915457
CUST_RTKAXGXUB3,0.09026508
CUST_BAY12MB22F,0.03525186
CUST_YJKHCRTDKY,0.10371892
CUST_XOQJ8660X8,0.023087693
CUST_093AQ43LQH,0.09174512
CUST_QAHQP2CG8X,0.031986278
CUST_6J2KB7LX8J,0.032159746
CUST_Q25RQLCRUQ,0.033759575
CUST_0O6X2LF53H,0.098726
CUST_4UXVZ3XWGC,0.01864822
CUST_XMO6ETTCYO,0.024448989
CUST_EK4LJAT618,0.026647076
CUST_JG82DCGCDN,0.022511877
CUST_Y5IAH99YHD,0.029000495
CUST_ZXY8HXQOGI,0.021281665
CUST_NJGS0IZL2M,0.12468922
CUST_F1TQWG9VUG,0.028238717
CUST_DMMZTY7X9D,0.102884635
CUST_G8B07E9WAY,0.021867957
CUST_T9PVQQ6XGT,0.04504183
CUST_FZNN6PEBWT,0.12124283
CUST_EIGQVH566X,0.025012808
CUST_K1IVIB75QJ,0.024737038
CUST_RO5T3P41Z1,0.025991468
CUST_4OI3Z3VO14,0.031025227
CUST_0K0Q07MMUP,0.035151597
CUST_M4F5BQTJY5,0.022667203
CUST_K80CO7XHB6,0.066453286
CUST_HDZDCV4ERU,0.027124545
CUST_WGURKWJEOP,0.82174516
CUST_ADIE81RDNU,0.024913175
CUST_0UGRAXLUEO,0.026651207
CUST_FO5ZXQ3XCZ,0.026657084
CUST_JQ195PW4WS,0.8160017
CUST_QJQSANZB1Z,0.8402835
CUST_J1BTZEYMZS,0.07575412
CUST_VZRF7SENS8,0.105595775
CUST_OTVN46NQ58,0.030972011
CUST_4R0G9F5ZZK,0.026308548
CUST_FRE59V3EJ1,0.08638748
CUST_BW73WFTAFO,0.024101723
CUST_BZL2U5ZKIL,0.2221679
CUST_P9X797UHBN,0.107807934
CUST_P482TZJ8SY,0.032958005
CUST_6E4J3W7UWZ,0.1011824
CUST_6J47IAC08R,0.0225586
CUST_G25B5CSY24,0.025662377
CUST_1SARJ7W2ZX,0.13776955
CUST_YQ748HYV64,0.03036046
CUST_S101XFMAOC,0.041003827
CUST_UN0OZ2FU9X,0.08068296
CUST_GJAHJBTFF9,0.023504501
CUST_1ZQB3UKTTB,0.02720195
CUST_D6ACW3MX6A,0.07569223
CUST_8MMTCW1PT5,0.08281624
CUST_VOKMAK0QQE,0.12526096
CUST_ZCU544AESF,0.031731963
CUST_7F9PBYDTBG,0.12668383
CUST_DYQ1P3XD1S,0.032274418
CUST_0QF80YQ073,0.86727667
CUST_NCB9TH0T5K,0.118691765
CUST_TEFG59PLAA,0.028169371
CUST_Y30F52AAT7,0.02408987
CUST_56HBR3OLZZ,0.030455891
CUST_DWF95OJJIC,0.041809253
CUST_1SV22RB88P,0.71097684
CUST_FF9809EG7C,0.026644243
CUST_ZINVV7JZOG,0.027518395
CUST_NQH5OY4U6E,0.78209555
CUST_L6HKKAOS3S,0.087373786
CUST_HVCO7JUDHQ,0.049036745
CUST_LF0TDBYAEG,0.06495371
CUST_OX9PID2J6K,0.1005848
CUST_47RGNDUZPT,0.08752754
CUST_D1JWGVDJM3,0.10429138
CUST_QWNOE3JBPO,0.028762018
CUST_8POF47Y8LB,0.03478086
CUST_KQBHZF60RD,0.0419995
CUST_J4MNOXTY45,0.06963256
CUST_G6OOFAF025,0.16627504
CUST_TRRVLRRP7V,0.022606505
CUST_7C0VPTYZFM,0.10909414
CUST_1YW8YI7SJY,0.023813741
CUST_OGF5MVDDK3,0.08891338
CUST_LMRWVEMM7Y,0.026659787
CUST_ZGDJ736TPC,0.075178936
CUST_9AU5VCI7A5,0.023024866
CUST_D4CHD6K2FC,0.85000384
CUST_8JBGIO60F2,0.039730817
CUST_T8VGBCZOOM,0.168899
CUST_6FKQG1CX9W,0.03547739
CUST_WFZET0P4KM,0.026867699
CUST_KNVOKK51IC,0.80452293
CUST_Z1W5OKWRS7,0.025279269
CUST_CT1KNQ1ONR,0.11660194
CUST_D2Z0QCWDMR,0.021812206
CUST_WV7WAM1MVA,0.03367451
CUST_WMKDXLYDU8,0.02188879
CUST_7LZ9PW6G9W,0.022070615
CUST_JV0UHEG7HT,0.03155257
CUST_PXALLEI1J2,0.144357
CUST_F8EN1C7FIV,0.025401011
CUST_JI2HFOV3Y2,0.023905085
CUST_BK3WRDHQYS,0.023894317
CUST_F44K9SFCU4,0.06822645
CUST_IW5CVNUTZ7,0.020267501
CUST_JD1LNO5EZ3,0.06940771
CUST_6BIB7I37A7,0.019171525
CUST_9XXJRFZE2F,0.08085336
CUST_SR2IHKBV1S,0.08437623
CUST_VWOGE4OU80,0.021891162
CUST_FAC2SP093B,0.028682578
CUST_U0NXZDSRIM,0.028025595
CUST_72EYZIQA9C,0.027015023
CUST_TZF46FT91J,0.023381514
CUST_5K43PNMLQY,0.026707994
CUST_ITB2B2IBIE,0.033882786
CUST_LBRFPDBXEX,0.024413008
CUST_BMWEHHMC24,0.13257846
CUST_G3TOT1E5A7,0.19699197
CUST_C00QIW4AS6,0.02705398
CUST_K9UNVB0BWO,0.028397769
CUST_ZYV6I6ZKMR,0.8602865
CUST_HRF2JNL7X4,0.022876577
CUST_OV6TU0L83A,0.037772346
CUST_K2FKFXE82E,0.022564026
CUST_V9O15FZ6TG,0.027187644
CUST_N6OLRBGE70,0.16265863
CUST_H57SCNRU1G,0.021878436
CUST_B29P0XWL84,0.026822696
CUST_UTSHX9FKNN,0.020672569
CUST_455XJP660N,0.026897343
CUST_JY3C9G4HLO,0.022039674
CUST_6HTWHRD96V,0.8831394
CUST_5VF1JCDYO9,0.03278274
CUST_9HS4WM3T3Q,0.021327082
CUST_0MWA4V4R8I,0.119059496
CUST_36MNLYAEDG,0.123133466
CUST_YUYNO75J5W,0.13650748
CUST_H1E0RE6TWW,0.046521455
CUST_H8TIIL2VHU,0.11812734
CUST_CHIYLJDMPU,0.02288977
CUST_6GPBKD8HD8,0.8443172
CUST_1ZLGEUX4VZ,0.019307341
CUST_CL4PLXLN4N,0.87031645
CUST_XW8D2ZO5FK,0.11259717
CUST_ZUBYN61COG,0.029826578
CUST_ACZVS6LYAN,0.034148425
CUST_T3F94LS2HB,0.12456483
CUST_SJZQTC8TLE,0.034823105
CUST_IOHWXBPJ1T,0.025018752
CUST_VAX0DB2RF6,0.02110237
CUST_N9JW4X2N60,0.13539486
CUST_6690ZZTNRK,0.026674362
CUST_ZGXU7NJ4RC,0.109911636
CUST_4D79LYS4LR,0.80530053
CUST_H3TZ94V2QF,0.03188108
CUST_7WRMG97FB5,0.14072861
CUST_V8PRSFY0E7,0.028855182
CUST_NQ54Q12HD5,0.02651474
CUST_RKV7Q2JJI4,0.080303185
CUST_8SHDRCTJQI,0.0253684
CUST_EW9OD06EBS,0.020682141
CUST_SVVIPVXZ19,0.038426317
CUST_XRDY1BR1W9,0.09529408
CUST_4J1SJGHMX1,0.02233075
CUST_VR3TXAVH1S,0.022061761
CUST_HNQTNK9IED,0.11537768
CUST_9496DUZ7ZO,0.018874058
CUST_B6ARC91XJI,0.1215737
CUST_NNHJQ6OTA3,0.8174121
CUST_21PGXT8LKV,0.031197093
CUST_LLNOUA02WO,0.07160445
CUST_HCDFH123BS,0.01981783
CUST_D0L9UG8JBI,0.09231332
CUST_ZRCUDYH2X6,0.03375365
CUST_N4L1F8EZND,0.07302151
CUST_AJCCS6PKHP,0.02732182
CUST_9MW3WAIF8Y,0.099541225
CUST_HNFQ2MXAZN,0.08425962
CUST_CTS9FDR3EN,0.041923266
CUST_Z5NAE998LP,0.0259162
CUST_BYIQJ3ZO8Z,0.028246406
CUST_Z580RCHS3Z,0.12424544
CUST_9N1DDT389C,0.7844995
CUST_2C8DJSRSZ4,0.07362217
CUST_K1Q9VZVEH6,0.17810413
CUST_I5U85HJ20F,0.12324364
CUST_IBTHKHBSSX,0.037662253
CUST_XIMEJL9O7A,0.08946818
CUST_8SP84V7X2M,0.022910751
CUST_18DGTK16B4,0.08861191
CUST_AKN04U0GMU,0.021534078
CUST_O7OPYX44LH,0.08110905
CUST_X4A0YRLXUK,0.022100126
CUST_5EOOKCQW65,0.73966247
CUST_IAC8VEBKX0,0.02697577
CUST_4DYOVZUFKX,0.033770464
CUST_YUWLR5P64O,0.08761934
CUST_O3MMV2T1HT,0.10000577
CUST_A7Q8QCMTXQ,0.025936684
CUST_GN539U3NXC,0.022485916
CUST_41RPIKIL5E,0.14091274
CUST_REZHEX0Y8H,0.106338374
CUST_OOP2SPTG9O,0.032917526
CUST_GBT061XSLM,0.19702978
CUST_FX1B1DVIX0,0.029359626
CUST_O8GQ7YVNA9,0.025940387
CUST_561C9BS2TY,0.02119861
CUST_9DCS2UKCRX,0.8111575
CUST_7E4ZBAKAAW,0.7387784
CUST_1WJQ028EFI,0.037105773
CUST_UN6B2RPTNG,0.024665331
CUST_RX53R3IW32,0.039599895
CUST_7SGVMB8MRM,0.16258092
CUST_LB1QQV5U8R,0.045518134
CUST_5MM0V9OYUS,0.14405923
CUST_GRCXZECVQ7,0.79229593
CUST_QVMVBDPRM3,0.08876981
CUST_S7DPWCP1NV,0.03401237
CUST_WPO2UNSW37,0.022021098
CUST_463IZECGSK,0.027994704
CUST_EKOPBSIXPK,0.109622106
CUST_3DW29XQYWW,0.026203211
CUST_JZ65N9AWB0,0.08133472
CUST_I4X999LRRI,0.021352416
CUST_SRF8HQ013I,0.12707764
CUST_FQPF37523X,0.13718304
CUST_R8LTH3EM6G,0.81104624
CUST_IASNM044MA,0.036019158
CUST_RE46E9DO27,0.019800635
CUST_A9ZBB84TLZ,0.028650275
CUST_6NQKHMJNJZ,0.106907316
CUST_ZP9102RJO2,0.13717625
CUST_E7Z1GH6EH0,0.74494445
CUST_VBOOKB6LVL,0.08399346
CUST_UIUQ4DWKCY,0.093394026
CUST_9MJLMUAXW5,0.8062616
CUST_MG0NDV5SEM,0.032162737
CUST_IMS2F5PYKE,0.024424385
CUST_AD4P5YDKQN,0.023218095
CUST_ABUQMFYD4U,0.021297123
CUST_UGXPS8I24B,0.026515072
CUST_H056U1TD9R,0.14576589
CUST_QVMRZL2KN7,0.028754668
CUST_BQUSP0MBG3,0.02429916
CUST_YEUFK77IOL,0.021202805
CUST_JZ3UCR67ST,0.08505812
CUST_4T9IE9UJS5,0.03300403
CUST_VJBB4GU0QQ,0.03713987
CUST_AFDMFQAS96,0.07400869
CUST_6WJ2NIW5ED,0.025302472
CUST_RK2FJZZPOS,0.028163884
CUST_47EV4Q19QR,0.09457513
CUST_A4B3ANNQPX,0.029959014
CUST_QKH86R1FU3,0.032891434
CUST_3LV9Q2TB29,0.029308934
CUST_AV6R66WKPL,0.023259219
CUST_3HVYDS65L0,0.022513444
CUST_Q8ZEH8163W,0.025587764
CUST_889Z4OZD25,0.029027967
CUST_MO3MR034KO,0.021386616
CUST_ILNBYMEYDT,0.0653319
CUST_9K0T8HQDE9,0.04309596
CUST_FJS8ZVA1HZ,0.03495759
CUST_FB2QDDSHZR,0.03389757
CUST_YSG9KFWH6K,0.03405835
CUST_QI6BL2NXDD,0.88760287
CUST_H3G3EBKIWO,0.12016854
CUST_SQAXJ94P7K,0.1479288
CUST_3B85B3USGV,0.04215414
CUST_S7KJOQTJS0,0.67714554
CUST_U73GQ6HJC8,0.124788016
CUST_5ASKBJXHBP,0.08178263
CUST_C8A1B6XHKK,0.0758193
CUST_6XBFIUWP4C,0.10449535
CUST_MWLBIS3UK0,0.12955466
CUST_0XWEFLOYAS,0.12778959
CUST_C6OAEKNIBW,0.06522988
CUST_THADACYD6T,0.8704046
CUST_MBGXHHB2GH,0.026715865
CUST_INGD8GCNCN,0.037632838
CUST_FR0PRD3BGC,0.093704924
CUST_6IGMP2HHYK,0.13471536
CUST_L9C62GIHL9,0.025989778
CUST_L43MD9WGSU,0.06617866
CUST_VGEWD3FESK,0.025092373
CUST_PQM95Q9WSA,0.026916126
CUST_BFABL3YMUR,0.025873045
CUST_0DHBCKYB13,0.16231859
CUST_4MEY67LW4K,0.025359746
CUST_POEGPLLRQ2,0.027952418
CUST_UTIS0YFXCL,0.035887755
CUST_Y33DUIM2A5,0.024265205
CUST_PWUZYBZDT2,0.023001408
CUST_1TU4XECGMC,0.020782169
CUST_QK04R9PS1H,0.13635595
CUST_WAX30UIUGH,0.025837686
CUST_MUPPGIMG8V,0.07611629
CUST_1I8G5X3ZJV,0.041064434
CUST_696Z23X7K4,0.815186
CUST_RR3LHTK2G4,0.01984257
CUST_ZIDIO72QXQ,0.11864209
CUST_8AM1YRJ2JL,0.10177061
CUST_NKPNQJZ7VR,0.023805924
CUST_1LV027S2E5,0.17494042
CUST_HZTHFMDM2D,0.14466123
CUST_0F6EDV2PDF,0.02675318
CUST_O0Z9AADJSC,0.026814371
CUST_1MQEUCNVM5,0.07619357
CUST_NIEIVV2AB2,0.022529384
CUST_35AV1ADG8E,0.052318167
CUST_BGJDC8CWP5,0.03855828
CUST_VEKM3IOMCM,0.03458726
CUST_2UQ7VMNPS8,0.022098249
CUST_T9VAAIUF7X,0.023960464
CUST_GWEMNPD3X7,0.08690886
CUST_GZ86HV6W1Q,0.8866275
CUST_BABUBMHJE5,0.17663573
CUST_P8UQNOUV3Z,0.022303388
CUST_M0AJLNOFXZ,0.026640113
CUST_Z3ON4Q05PT,0.036100082
CUST_9N0XSPE3XS,0.097911045
CUST_IUH8Q61QCF,0.022086041
CUST_ST2I8O8V5F,0.080605045
CUST_1BH7XMKC8X,0.021517381
CUST_WJAP4CEPX8,0.028238535
CUST_GKVJRYQMOD,0.02398507
CUST_LMT1Q004H7,0.111325994
CUST_NBHYYCZ22Q,0.027420029
CUST_22K51YDJY6,0.024390198
CUST_30BSGVLSSG,0.022410126
CUST_T7JOJ9FQ7T,0.065742105
CUST_XPMJ6E20R5,0.07687406
CUST_6E0OI6I8IK,0.028340364
CUST_FZLYBSUM2I,0.028512608
CUST_WUECV5B6BC,0.11235472
CUST_YJYY9ZFYBE,0.09499772
CUST_868DFBROH2,0.09546597
CUST_L7V3C82MA1,0.029406216
CUST_6PHWCFUY7V,0.10474524
CUST_8SVPC7TJN8,0.098802365
CUST_VD3UX6BZ4G,0.021864887
CUST_ULBFK88A1Q,0.09537371
CUST_GE4Z3AX978,0.023534168
CUST_IUKUESI53Q,0.10651033
CUST_YK3UXJ3P66,0.022842383
CUST_SP3XSIJ5A2,0.023296643
CUST_K2XYXTGOXZ,0.11559266
CUST_BP72IBEM48,0.587868
CUST_P94036YMGC,0.027518306
CUST_5S5B7RO8W6,0.1395174
CUST_NO4PQ43OQR,0.10979985
CUST_9BQ9QDP019,0.029943228
CUST_5LY25HVNSS,0.03004701
CUST_L72WLFCNKL,0.026396576
CUST_O9940CFK0W,0.054344155
CUST_PUIABB4Q6O,0.04517232
CUST_OWS3AT78DL,0.089886755
CUST_28EA5ZQI7C,0.024214521
CUST_H2CX20CA98,0.020944994
CUST_8AM6OPOIQS,0.029619338
CUST_F98ATPBO50,0.10384104
CUST_B28U8FNWNF,0.07062647
CUST_G57TYM86MX,0.6071262
CUST_YFB2SD46UE,0.032972384
CUST_5QU61UPWGQ,0.034119498
CUST_2QCFMBRYXL,0.0781125
CUST_AY6KW1G86J,0.048309352
CUST_GXB83GVHN8,0.029021678
CUST_9ZX2CVGIHW,0.066791475
CUST_A4GTMZ28NQ,0.024223728
CUST_E2CNXEBW2S,0.024249647
CUST_PAZACSHOTK,0.08381652
CUST_6ZBUUOVE6A,0.024517266
CUST_LVRIT8D7MX,0.024900824
CUST_O5ANBRSUYK,0.094206266
CUST_8EHKPPM7JV,0.026836148
CUST_TIDPT6FONC,0.024680123
CUST_498BSIYBUF,0.12317078
CUST_27QOPFKNPL,0.10511787
CUST_Q4HVRFZVMH,0.12672503
CUST_ED4TQW4ZAM,0.03503468
CUST_STMP3BT5X4,0.025620354
CUST_8JXWGSW1TL,0.025140354
CUST_HBTLED8P9K,0.09085334
CUST_XUPWTTEWEP,0.02332927
CUST_4NAY2CUO8J,0.16903493
CUST_H51ENP77TR,0.03411429
CUST_9JIDAHT4QU,0.028274305
CUST_SJVQZ5NZKW,0.07112787
CUST_WMIDHPW2LS,0.09876064
CUST_JG0BCHU1U7,0.03358368
CUST_Q8KTOG2TGY,0.09517421
CUST_F0NVU8DTSJ,0.02894503
CUST_4LHLZUHDIB,0.028277751
CUST_5I7JE4ALW9,0.023252942
CUST_GGWRSOO2WG,0.09782626
CUST_NOG90QLI4O,0.070448115
CUST_YAX7QJMNQO,0.02741187
CUST_1SJ9VHNOUE,0.02971733
CUST_DFC6T4KSLH,0.032727227
CUST_CX19PS450B,0.02118575
CUST_4H5O6MBGP9,0.02383545
CUST_EJ4KGAN4KP,0.023762718
CUST_7DP8DPB56A,0.02860921
CUST_94D0ADGRU7,0.07833997
CUST_LYASUXCVG9,0.17447142
CUST_UWI9G7BWBE,0.17266855
CUST_TO4ZT5D8QK,0.027062766
CUST_HPKOY3TUK0,0.02576743
CUST_5F3PSXK6GS,0.028455736
CUST_AYBE5XCR5Z,0.8695071
CUST_KIO4UVHTVX,0.10939008
CUST_6G9GGC7ZYV,0.09516035
CUST_3I09I2OM90,0.033290304
CUST_GQRMW5BMER,0.098661736
CUST_WOJHJR7IEO,0.021297483
CUST_0MMNGJ7MQH,0.039807815
CUST_B7ITZKR22R,0.08729619
CUST_WLFCR41S7Z,0.165949
CUST_W806YHIUBI,0.024973754
CUST_34BL6QC5JI,0.0829566
CUST_NKXDRKS2QP,0.13672626
CUST_FVVE23JDWD,0.05754467
CUST_ML90TYHA78,0.85414225
CUST_3RD6KJSAIX,0.024023028
CUST_DY6MAZIHQ3,0.02914561
CUST_FRT9S1M0JX,0.07888756
CUST_JVE0EE07ZN,0.076919116
CUST_3ITXOQHBJP,0.089817755
CUST_SCX85O4A8J,0.027788593
CUST_9ICI962T7D,0.035361372
CUST_OV1OYRQLPA,0.07582421
CUST_U2TH0RI4K1,0.027981862
CUST_OK8B1RTOEG,0.08326393
CUST_CB6VLQYC96,0.030986456
CUST_8BM8GYXNZJ,0.030323053
CUST_F2S7BIOGXZ,0.02046244
CUST_U5HG3BHROE,0.07992473
CUST_42QWIBSIKR,0.025434513
CUST_APQIVJDJ6K,0.14460045
CUST_XCUY8R54M9,0.03301728
CUST_1J6AZN2BFL,0.023181284
CUST_WS6YFTKV7E,0.02228109
CUST_U5G5U3FV78,0.02750653
CUST_YJ4PV9DA9J,0.14758617
CUST_AGTXRJSDQT,0.021555137
CUST_RZCA2XPWTA,0.029470213
CUST_LPD9FKNSXV,0.04006619
CUST_RALFF70SAO,0.10696066
CUST_UQHJH01J0A,0.026999956
CUST_VKQFIIANNL,0.028653923
CUST_T1UVDUICN8,0.108949535
CUST_EYV6YVEL1U,0.746816
CUST_AETIG9XAT5,0.0243876
CUST_EAW5BTZ082,0.10675701
CUST_LCRA6VTJHZ,0.14600088
CUST_B9IEOVOPHR,0.022638788
CUST_8M06IMMM7U,0.026241362
CUST_GSHSY1UAW1,0.037650008
CUST_OURI0T9XDE,0.09619966
CUST_CH7ALICIA5,0.027159806
CUST_CDX3P26JVQ,0.031534255
CUST_55DBTA3TSZ,0.0328947
CUST_HYYY17BYP1,0.03867207
CUST_H0KBH4OW0H,0.83879536
CUST_14MC2TENVU,0.10582983
CUST_BX3OTA6TY6,0.10580284
CUST_XGGOPP9U75,0.037091993
CUST_6PJTBH9JSW,0.11948499
CUST_8ZM64S51RQ,0.022902882
CUST_OQTC9LTAG5,0.02814143
CUST_U5MPPK431T,0.072656386
CUST_F3SB94SPDH,0.0232733
CUST_IAARYXPZGW,0.022193365
CUST_LQZ6FRP3RZ,0.024869112
CUST_4S8HRDRDBE,0.024362499
CUST_LPH5QAV23A,0.020094346
CUST_5KHT75J7E3,0.083886206
CUST_5EPK6PC766,0.021713853
CUST_CT0CPZCTB8,0.8014649
CUST_U6N5T2HN3Q,0.117726654
CUST_QU881J8781,0.03074119
CUST_0K2FK8KZ4X,0.023206044
CUST_0IDXLCTX2T,0.023387661
CUST_4BUM56U0W2,0.025275191
CUST_YUIKNA4T27,0.76416224
CUST_768X9AP3NS,0.028981911
CUST_V9IS8LV4H2,0.027175201
CUST_31XQG4CNNB,0.13603441
CUST_D8JVKATBKN,0.018716788
CUST_45ZCJE19XE,0.026590634
CUST_3X3DA0H8HR,0.07705428
CUST_3JNM0TX61Q,0.84689194
CUST_8FMZQ14QGX,0.08781401
CUST_XFMBLLV4X7,0.8445647
CUST_C03KSGXVM7,0.027663438
CUST_6N53DEFNCW,0.026683623
CUST_4C6AZ4VOJV,0.026335586
CUST_YAB2QB8I5F,0.09127429
CUST_R8XH50KFZC,0.027136842
CUST_X2W426B5FI,0.030723965
CUST_WJG7937D1Z,0.10232945
CUST_HN7WPQ5RAS,0.12797529
CUST_Z76068ZAZZ,0.19504151
CUST_OVQB7FGCFQ,0.028228404
CUST_6QB6JGP5F7,0.09722305
CUST_JMURSTE7QI,0.03676463
CUST_IPLL0YNQT9,0.025845489
CUST_ZQWLAV9FR1,0.03546646
CUST_XRFBK33REL,0.020711532
CUST_Z4SO29A8TJ,0.097162485
CUST_29JD96WBF6,0.83640134
CUST_36OBY77RU8,0.060944486
CUST_6LODYXPVCQ,0.83870935
CUST_5DHZSA9CGD,0.026245123
CUST_UOI9XU4J43,0.025546564
CUST_4OM693EIKZ,0.027183926
CUST_F6QI8PLAZR,0.03977463
CUST_1M01JTF60L,0.116693676
CUST_W2HERDEJSU,0.1284846
CUST_WKKIY9ZJ0I,0.025210233
CUST_U67EYXQZ7Q,0.04129405
CUST_EXADOOR1T6,0.8611655
CUST_ORP4KW4ZDK,0.026600113
CUST_S18CUTNQS7,0.03952949
CUST_SPPG5PTD60,0.09923621
CUST_SYMQXTHV00,0.027030513
CUST_4LVK8LIDZD,0.10081925
CUST_32WSFFERRX,0.025046507
CUST_E1NF6M0CAB,0.02383448
CUST_IPEZ8YF21G,0.024716374
CUST_ODQ76OAHRB,0.022355057
CUST_8II54HWAMI,0.024597531
CUST_5DDQIICVSS,0.059745457
CUST_TM9TKDR1SJ,0.11301073
CUST_P0RXUUTORW,0.099083096
CUST_LYHCI43844,0.031489797
CUST_W0LEWRJB1Q,0.032617327
CUST_H8Q97GCTCK,0.023825606
CUST_9IQ31LBF8V,0.822077
CUST_ZDKAXXH2VD,0.12870473
CUST_PBSJS233TF,0.024345687
CUST_KGYPA6B977,0.030580157
CUST_V26WNYC0V8,0.07964695
CUST_PYK2GGL8C4,0.033418808
CUST_SMVV8C9R9E,0.111838326
CUST_7K7YN6RII1,0.11814406
CUST_U9HBKGSBKN,0.032330114
CUST_2Q72D0LPJ1,0.019623982
CUST_COFY19BGE3,0.10648522
CUST_HXSYX71UO0,0.07167602
CUST_E80T9WKAW0,0.02998503
CUST_ST6UYJ6JYE,0.028816288
CUST_A8NCZ9QMIF,0.037376694
CUST_GC6HD4EL7U,0.025747051
CUST_HHBJC5W4WP,0.035054065
CUST_N5UY8FJNNJ,0.05831127
CUST_AXEY2AD9JQ,0.040047284
CUST_AXYTQQXL4Y,0.023614742
CUST_BJ6OK1VW9X,0.028056696
CUST_IJQBYN7554,0.033909224
CUST_FQFJJH20HE,0.12059034
CUST_RYQ2EUZ5HW,0.022865025
CUST_JDSP7DVS7D,0.11196945
CUST_13ZS48DYGW,0.08707173
CUST_78951YT27B,0.07201316
CUST_Q6FIK4CBJG,0.025911102
CUST_K4UIZAZ7D6,0.10579495
CUST_YARBI7KHYI,0.024375906
CUST_BFH503B6PR,0.106214255
CUST_8QWPZFKTFO,0.10619334
CUST_9LX3AWVC96,0.12703845
CUST_PCC2FHGAHK,0.032903176
CUST_KTUJ5UFLTG,0.09976267
CUST_VI9EMEVFIK,0.170251
CUST_QSBHVID362,0.81787413
CUST_P3HAXKZQF2,0.089848384
CUST_017KXFC2F1,0.038578156
CUST_GUHDR9BIYR,0.17399116
CUST_FKKDT7WAXT,0.023330089
CUST_2R5A8IVS68,0.04796812
CUST_JP5MFD5G0M,0.1164299
CUST_3A9C3MFMA7,0.11281423
CUST_7MD4EH144N,0.06734849
CUST_DFYFTOMUFN,0.02506854
CUST_RZEDPYAAPV,0.09519133
CUST_89L7GP0G4W,0.8310901
CUST_8TM0WEXU1Y,0.032572463
CUST_VQODLCL3AC,0.13187143
CUST_W875OO5KQI,0.07798083
CUST_U3YEFU8X6O,0.02354458
CUST_5NZVP2HJDF,0.0919583
CUST_NG6XN0VEN8,0.031375922
CUST_RNUKMNJWQW,0.031280164
CUST_38FE4QVU0V,0.11786327
CUST_13Z12AWBQ2,0.028944228
CUST_MILDTY79SL,0.1711721
CUST_OJ0L5SW6XG,0.035689518
CUST_PBS6Y1YBLR,0.16662712
CUST_GB73RYZIQ8,0.024511205
CUST_XNACM5D299,0.026708934
CUST_3Y2QZXMGCZ,0.118620604
CUST_U6DDQ5WB7S,0.08279454
CUST_B7VQ1H0SEL,0.074483685
CUST_81TUTELDOP,0.09271264
CUST_P9GQN6AIIC,0.09905611
CUST_68BUTHYNBC,0.03453548
CUST_ZKGQ7ZHFCZ,0.021050332
CUST_6RU2GGG95E,0.02411451
CUST_DK57NQ9QJY,0.07349404
CUST_5VSSTKG9Q4,0.03337617
CUST_LS9SNM636E,0.029170308
CUST_FCYNKOASQM,0.09011211
CUST_YWXAHLBUUA,0.019575624
CUST_CIOW55APDT,0.09563752
CUST_ZXV2J3Z72P,0.042408545
CUST_SOWR4MCNW6,0.032028746
CUST_7134YBTXDG,0.06090279
CUST_WK0F7PDPJ4,0.024580833
CUST_VJ1MSVDV0B,0.092972845
CUST_9JU5DZ3Y94,0.07559246
CUST_K3BZKRHWX7,0.0997072
CUST_IU0NGUT6WD,0.025776885
CUST_5DXGBBMEHY,0.03651812
CUST_Z2G28G7IAB,0.08955979
CUST_2VOXK1UNZQ,0.040705904
CUST_SA2YHA9WE8,0.16247512
CUST_0E0M554LUD,0.021329092
CUST_DHOV60VTYB,0.021669269
CUST_0ZK6SA6AHO,0.12574436
CUST_CW97BYPRBC,0.06876437
CUST_X91CX2GH7P,0.11608595
CUST_UTZLGYNTOV,0.12526791
CUST_YJ5SGMADSL,0.10009621
CUST_PY4KE48ZKA,0.075872004
CUST_0B5RLD2P8J,0.043588225
CUST_J66NSAGT0K,0.1328915
CUST_IJ8UOYV2Q7,0.85892284
CUST_7NUIIT0MDS,0.02417822
CUST_3VTCXSUGAY,0.022159344
CUST_W97N6J0NFH,0.025102144
CUST_CE0IVEIFN7,0.0757653
CUST_RETNEPCOAD,0.08878485
CUST_QNV9ZSC2GT,0.025820894
CUST_T8JQ4DBYC9,0.034393083
CUST_DHTNSHAJNX,0.029525166
CUST_81KDKZWJFL,0.02382393
CUST_IJYLS9QVAX,0.022258159
CUST_DEQPN5PM01,0.027613716
CUST_G0KSWPKTS4,0.0449552
CUST_WAUW8C4EFD,0.023434535
CUST_SLU33UWLW7,0.07333948
CUST_NZHY4L579H,0.08651304
CUST_LABCPB1BF9,0.16341582
CUST_JUTX1V9ESX,0.024313664
CUST_5ZWO9OIPYL,0.026012404
CUST_6LN524NKDM,0.023027768
CUST_A1JS0P1KGY,0.10914441
CUST_J5TXPS40GX,0.033829305
CUST_09NAYV6IQ0,0.11797171
CUST_NDL6LBZ0AA,0.15922588
CUST_0VQUOEOP2T,0.018461902
CUST_ECIGOHC4GE,0.17095478
CUST_PCJU993V71,0.03188338
CUST_IZMK5L6XT1,0.07210792
CUST_QIWB908I2R,0.15925238
CUST_EL45DADF04,0.036742553
CUST_QZM4DXG9M1,0.04373262
CUST_9GFHBUZUQ9,0.024810784
CUST_IMRFZFWXT8,0.11000373
CUST_YFQ041EMXJ,0.02202462
CUST_B4RPO1D5FD,0.7984204
CUST_4YMRFFKI8H,0.036534794
CUST_UDEMGXYWYT,0.136533
CUST_COTVDZ6631,0.8793808
CUST_BE79OFF7EL,0.02567963
CUST_2R9BNOZ337,0.039647646
CUST_Q7E8TS4YYD,0.07357353
CUST_0EN2K61ZNM,0.18720888
CUST_DQEV79T4NX,0.096925385
CUST_5BBQUK5DOV,0.040543992
CUST_5G67BNAH36,0.1425138
CUST_WIJOWXO6FS,0.086462386
CUST_P7WDD91BJW,0.1235371
CUST_S6JNNILPC2,0.05853366
CUST_3KPQHMRF2D,0.032674693
CUST_GIH962A1JG,0.029273786
CUST_HBH1LSFD09,0.027655007
CUST_SRFBLZNAA2,0.085848324
CUST_IDSIBXW4DY,0.03312819
CUST_98THMKTJR9,0.124536954
CUST_3EOP46U4PO,0.11811816
CUST_GPAPQW9F7Q,0.09771734
CUST_F2C2A6I2WH,0.035988208
CUST_082EDRBLNP,0.13868064
CUST_LEQPWJS3D8,0.1110107
CUST_H5DXZGJCZ6,0.034606315
CUST_Q4VWEHEBNM,0.026926607
CUST_E8CEM44X04,0.90762806
CUST_0U9OGNBYXH,0.028779913
CUST_5CQVC1U5WU,0.02291829
CUST_FKYENR200H,0.11388346
CUST_B5CP6TKL74,0.123426385
CUST_HX0SSR8LB7,0.122100964
CUST_IUF7F7109T,0.0333731
CUST_LT0BM1J2F9,0.1088574
CUST_I7NU674MSQ,0.025371194
CUST_40T2B0F3G0,0.027411997
CUST_II6NGFJWVJ,0.11252547
CUST_WJG2JCA4BJ,0.118667774
CUST_F6KA5F1M62,0.1386165
CUST_G67UN05P2O,0.13157426
CUST_UD3UL9TBER,0.13783906
CUST_TEZEO5IKTF,0.028587746
CUST_SXMH7T0IRT,0.1047536
CUST_PN36UCVCNC,0.7870161
CUST_JDE4V0DACP,0.02804309
CUST_3XRD6XA7U2,0.106252514
CUST_EJ3EMC61IM,0.023089012
CUST_LWG7ZFJ2PI,0.15477215
CUST_KG4NL278RZ,0.026427053
CUST_VI61XZ75QF,0.121011816
CUST_DBVTCGGGYA,0.8268326
CUST_IK4KU08K74,0.096091785
CUST_PKKJHID93L,0.1000687
CUST_VAJGDOLTJQ,0.037659567
CUST_4JHBC3IZRP,0.033010688
CUST_UZ2GSYTV4W,0.034579735
CUST_9918WFGB82,0.025140071
CUST_D7N5VKMR6A,0.02500042
CUST_2PXGQP3U3S,0.02779525
CUST_EFS4V5QA92,0.11574113
CUST_AENVQZNN34,0.026031425
CUST_DQDSTYHAO7,0.024405396
CUST_29U4U33IUA,0.020185148
CUST_W8QWOB8OX5,0.102452725
CUST_X5SXDPSJ6T,0.8257499
CUST_OIRAN0T9P8,0.026946833
CUST_AGOJO1IPPY,0.09342316
CUST_CD4DAP2Y2U,0.07856589
CUST_Y8T7PWQ6U0,0.05638151
CUST_IZIK3117OC,0.03659617
CUST_K0SDGJNG5D,0.105075814
CUST_DVPQDEVQFN,0.02491829
CUST_KXEK0F9AW6,0.023302251
CUST_C3QKFW0OOG,0.113177404
CUST_3R91GOU0IP,0.12445288
CUST_87PBGXV7ER,0.7290893
CUST_TMNTCF93M6,0.06156634
CUST_MK85CTP32Q,0.0275435
CUST_PJF2DMTB1C,0.021864194
CUST_NXKLT4N1RU,0.026687244
CUST_8UOIERIG5F,0.07462101
CUST_KAFYJPLYGQ,0.028686257
CUST_AKS3KOUT29,0.034815475
CUST_HGM3P7RIJC,0.10585485
CUST_CQX5G050E5,0.06392248
CUST_XEIM7UUQT7,0.027005661
CUST_FROASWMEDX,0.11491128
CUST_HD8GRI3UUF,0.019701973
CUST_CJXXNE0M0Q,0.078605354
CUST_IF45BYOPJA,0.024548892
CUST_V0YZL9BV0E,0.026837662
CUST_FJITWU6GSZ,0.07762636
CUST_3E2S3NASWN,0.022099601
CUST_L2EWLDFTZZ,0.030918006
CUST_2R75UVHTHX,0.026069952
CUST_D06S1X9WCV,0.03755562
CUST_TCRT9BAXS9,0.085634224
CUST_9KLZXB7GS5,0.024389574
CUST_R5G0T6LFLW,0.026289623
CUST_CN5WJR12EG,0.028831333
CUST_AL8GZIE7BM,0.11734822
CUST_J0T2KSOSYE,0.76055
CUST_U8KQXK6MTS,0.041722547
CUST_91J245U3KA,0.03622549
CUST_1XELR5KI84,0.1344236
CUST_1T14R6FA5H,0.059647508
CUST_M7HHWZ6EE3,0.098604925
CUST_0FZYZP6POE,0.8080302
CUST_VSSGILYPHA,0.032235943
CUST_I65XSX8CYV,0.10984767
CUST_DAT527NF26,0.06456188
CUST_OSH9GWF4DF,0.13704126
CUST_23VC95JTUR,0.02161197
CUST_4NID45XK0C,0.029026521
CUST_0JP158CY66,0.8493748
CUST_CRLXM08BHG,0.027729183
CUST_EIOMT60I0L,0.019320862
CUST_7BYKWBQB79,0.14975014
CUST_Y4YJ3WA1KE,0.1613637
CUST_7Z3R3A5O7I,0.0193794
CUST_IYQ8DY5A0J,0.79387
CUST_YE64HTM6X3,0.030170018
CUST_709QKA5FGX,0.033525307
CUST_T148QFSY91,0.030287398
CUST_SOE6MPIQJ4,0.06452015
CUST_FCXGWGHX13,0.037763536
CUST_53R6VFZEVB,0.08377722
CUST_69IBUN1KL6,0.09365954
CUST_X84ENIOFZ2,0.15809758
CUST_S7SIFJ54SF,0.020147508
CUST_B3KOAL9HFU,0.17630683
CUST_YZ9ML01B05,0.13175265
CUST_ZYUHJYXADB,0.071062855
CUST_3BK3SSRQOR,0.07315833
CUST_3GML3GTKBG,0.07510026
CUST_TV0OBDN6K7,0.16820684
CUST_TVYLTHVT14,0.7759203
CUST_W1V56XEZT3,0.03284939
CUST_VFU9LCNOQT,0.12144445
CUST_7H502UPM0R,0.022997985
CUST_D9R7TBTXJ9,0.024578415
CUST_UCH9RGFPJO,0.02335626
CUST_1GNJ57DY0U,0.121021904
CUST_VTKB1V96RJ,0.15857044
CUST_25D4MBUGKH,0.02646515
CUST_PSP8E1MU5T,0.023345599
CUST_0NVT1QGESI,0.030510483
CUST_952NVJQ3M1,0.74422634
CUST_5UYQG3CN0N,0.019630762
CUST_L03H1ZAE38,0.08746859
CUST_DA2AXEUKXE,0.04451583
CUST_G0WE8709CL,0.02803977
CUST_57YEG7CI23,0.04279858
CUST_M90FFEEPV7,0.10934497
CUST_F000QBQGND,0.10913997
CUST_Z5DZ36Y676,0.82070595
CUST_9YLQKFL7MT,0.09702069
CUST_XQOY2QT9SC,0.020623513
CUST_32536SCYRO,0.030693175
CUST_DGSKXDX2W9,0.026452811
CUST_JDONHOMKZ1,0.033275865
CUST_SYEIO16SJA,0.1020744
CUST_JDT6U7XH5V,0.032089524
CUST_BVBF48NDEI,0.09378478
CUST_A67CQE8EQV,0.03475021
CUST_923XGUC80J,0.035655715
CUST_J2ODMEJFYM,0.8735906
CUST_P3BHWXSZDJ,0.029843176
CUST_0AWEY2QDK5,0.74521387
CUST_AK3HV6O61T,0.09361315
CUST_0UE62FSIZH,0.036840893
CUST_4ME7VBSWHU,0.7854995
CUST_HDAVVB6AVU,0.029317293
CUST_ZZU8T9DYS8,0.023549452
CUST_9VPQG26W97,0.115879014
CUST_16F6CY650U,0.027604083
CUST_SCBCJPALHA,0.15478545
CUST_ZVZMBX0DV6,0.03031572
CUST_TD0U66YT2V,0.026784677
CUST_00CHEU5YPX,0.1579465
CUST_8M88XUTQVR,0.0557227
CUST_9B6J2VPGWM,0.020533888
CUST_FY3BJSPQTE,0.021879165
CUST_QBJJ8U9G8C,0.1348664
CUST_0F4ILQJX5Q,0.043305296
CUST_MVEVIPCC4M,0.08478493
CUST_BR1IOKPHPY,0.07698892
CUST_8HTDA12PQH,0.032743253
CUST_Q6R2YLRWIR,0.8779744
CUST_756O357ADN,0.7897156
CUST_EVFW7RAQKF,0.023991177
CUST_PXN8Q25VNL,0.025408745
CUST_AG08R0SII1,0.0985777
CUST_V4VKRVCBJ1,0.08402999
CUST_047QFXW6OI,0.10262284
CUST_Q5FD65877U,0.029946018
CUST_1JBNKTTAH6,0.12314836
CUST_ZQ1Q4UWVIO,0.027332142
CUST_AB5PG4YKB6,0.026760953
CUST_V97NUK4II2,0.09921849
CUST_BCJJZPSOLA,0.04719089
CUST_G9E9QZL746,0.03470597
CUST_7IOFXWAB7B,0.11658972
CUST_Y4EH96SXT4,0.02283309
CUST_B0Q1XWDZ3O,0.08611261
CUST_HNHWUKQB2B,0.027134532
CUST_UOX0JAVESC,0.026928686
CUST_4YC63EDVE8,0.018563954
CUST_J9G34HHD47,0.030675601
CUST_GD4SQK41T4,0.028652903
CUST_8L1UOV1LMR,0.11529229
CUST_0CWCDH2HFN,0.027858794
CUST_RNQ2OTJ8C3,0.027649105
CUST_WTE88BAFB7,0.70328194
CUST_RAUVUVSE9J,0.09629531
CUST_28YTPLOLJ6,0.10125279
CUST_P8AYQ8RDTD,0.029180784
CUST_MZJKQZDI3T,0.07053207
CUST_M7E5RWYH6J,0.034583893
CUST_HLDFY8JCAM,0.85861653
CUST_K1SFX6P5GQ,0.020283818
CUST_5MY3Z9DWUR,0.1166358
CUST_R2J9I6Y6S6,0.029984968
CUST_0QV61WY9GZ,0.033470098
CUST_ILI4YKXTTS,0.029727632
CUST_8K52EN4NAE,0.022460036
CUST_G1WPAEI5FD,0.024247313
CUST_K4JDKB6WGQ,0.101538144
CUST_MJT4Q0RTEN,0.017964115
CUST_0QR6HIB28P,0.08637001
CUST_OKNWSCX69Y,0.13385165
CUST_WURUX1LGB6,0.14101723
CUST_630FXYTG5H,0.7972463
CUST_PV78QYCWYH,0.025218554
CUST_EFPZJM1WOJ,0.022217378
CUST_NLL9JCFA82,0.05398157
CUST_COVO68DIFW,0.04456124
CUST_4CE1BQTP98,0.14314553
CUST_EQ7R89SSY3,0.89195
CUST_QRPH5QFMLM,0.03567144
CUST_05OR5HFMUA,0.656733
CUST_328SFNRRCV,0.02381112
CUST_1E6VGTMU6Y,0.09212032
CUST_5BEHSI3YK7,0.03462829
CUST_BYWCXX1XZY,0.02974653
CUST_EKL5F6XE9S,0.03714949
CUST_8XBNPNJ2WZ,0.024163863
CUST_OBBU6FGWFQ,0.023955787
CUST_7GP2CKHEEF,0.07413011
CUST_7L0BFYHWA6,0.022139624
CUST_BJ7MQRPV44,0.11165587
CUST_9P75OR2PLS,0.06666569
CUST_UU2QV3YZ2I,0.028994173
CUST_4EW4RSWBA4,0.032800753
CUST_MU9EQ14I9R,0.028764604
CUST_BEUAQERRF3,0.7678443
CUST_G4U5YI5RYU,0.02688132
CUST_5NBY29CAXH,0.19050668
CUST_XVKXQL5PRP,0.11482757
CUST_GXYDLOMLEB,0.032486606
CUST_C5FYWP12P1,0.046883274
CUST_Y1OIG1UNI9,0.027424162
CUST_W0URCU0Y52,0.038257997
CUST_0RSIKDRQFF,0.038618747
CUST_FD5OUJ5BUS,0.040185522
CUST_O7O7IPJ4V0,0.028252492
CUST_A8ZXXQDRIH,0.11328961
CUST_9OOSQR4TZC,0.129567
CUST_98GMBBE4U0,0.033133544
CUST_QZLF5WCEBW,0.117201
CUST_2QD4N3RBC3,0.08647366
CUST_13DNCA9MIJ,0.07340158
CUST_UXQPNYSG2D,0.14047392
CUST_OL3X43E8HK,0.025136033
CUST_1NSYI26EPP,0.06051311
CUST_L2HELR4H89,0.025557274
CUST_SOETGV52TT,0.029463254
CUST_ZT5N7SAXM6,0.08994807
CUST_DTZNQY8KUE,0.14503981
CUST_49194MVXNC,0.12268631
CUST_XYBNYWLW3S,0.752534
CUST_QZFQITYJ08,0.08956629
CUST_7V5VMW0Y8H,0.024545815
CUST_KFZMQSUATW,0.09958951
CUST_ZP1IZ67IU0,0.027953913
CUST_YMDZD08ZGU,0.06192981
CUST_MVZTERO22J,0.06379879
CUST_PLLUM0TDCF,0.11634796
CUST_HO2PVAIPFV,0.024367413
CUST_Q3IO7JV0P4,0.03376245
CUST_8PXRH5WXNI,0.027320292
CUST_0KXALJR4KB,0.13531378
CUST_G0LAGZ45PP,0.024615996
CUST_M7B6TQSQS7,0.029558064
CUST_QFL1X5WOKV,0.13681872
CUST_0J783UM6HR,0.8494268
CUST_NRHM59USMW,0.024691809
CUST_4XGA37MYC9,0.03643595
CUST_4527RMP4MX,0.04055953
CUST_5J2OOD2SJ1,0.022565346
CUST_ZRNBJR8LX4,0.022540087
CUST_UBL1Y6ZH1F,0.08821307
CUST_G6KT9T442Q,0.029036833
CUST_VQLK2T186O,0.03247482
CUST_250ITUCX4R,0.8266604
CUST_9W6W2RAFPX,0.085454784
CUST_HKEBCYVAX5,0.09029919
CUST_PC7VFNQFQ7,0.7759865
CUST_4YNFP6NWHY,0.11194817
CUST_4UQL2XEGQ1,0.10174782
CUST_0W2RFAF6NX,0.029064493
CUST_S6NGKT1RMQ,0.047282085
CUST_2A2BY6Z754,0.06856957
CUST_Q85Q1NPX11,0.08377275
CUST_RAB050I2MY,0.12251964
CUST_RSAUWF7WE9,0.023291621
CUST_MF0MSS0KM2,0.027693057
CUST_0SDWJ9NLR3,0.15870832
CUST_MMTKZCHJBT,0.11175994
CUST_6U7F6K36QU,0.024133611
CUST_YTCSZXTIPC,0.14708956
CUST_3XHFDSNYD1,0.02275097
CUST_0YR7HKJTJY,0.76974565
CUST_V8S77HATHT,0.08195998
CUST_16GW92FHCK,0.02249027
CUST_7GL47BV6CD,0.10235444
CUST_HT83MCXXK7,0.6928314
CUST_664AO7IT34,0.81567645
CUST_WMQUIUKFUA,0.15110649
CUST_8XE437O2O3,0.019406304
CUST_WD3J5QV4OU,0.025793292
CUST_5UNO85NL2O,0.024284784
CUST_DCTEUXHZG0,0.033208136
CUST_OGSK0APFKD,0.02403915
CUST_3N2XWHBZXP,0.10196527
CUST_BOPNFTXQAX,0.031881433
CUST_8FSTENGFZ5,0.022938544
CUST_N8PTX3HQVX,0.0253099
CUST_CDZX2KY8GV,0.019780943
CUST_LP38M8YYF0,0.023272574
CUST_4ZG0M84MFM,0.072276644
CUST_H3I93FBVDJ,0.026147014
CUST_2QMBEWG32A,0.027029954
CUST_XS22CLTGA7,0.10574525
CUST_AV9VYRW95Q,0.09862856
CUST_QK1PBPW1C6,0.10213879
CUST_KMJBDBGOY3,0.10787609
CUST_CFQNFKUSTH,0.027674386
CUST_5O0GSFZX8K,0.8387949
CUST_1OSE7W0DJX,0.16806829
CUST_IHMLSE0DSC,0.111510254
CUST_WLU4VLZRAA,0.028612543
CUST_P697V2KRYI,0.034248766
CUST_Z24O22UUO4,0.022490172
CUST_EPO4GC6WVE,0.08342722
CUST_C1DE01OK7W,0.035943687
CUST_BQLAWI7YKJ,0.10285501
CUST_GFTIDQBS3N,0.02414472
CUST_NXBKCNP5MF,0.13892661
CUST_HDSGXDW46U,0.028951064
CUST_8YAICXBCK2,0.027694335
CUST_REOIISJDCW,0.037170116
CUST_KBP9V7V7UY,0.035857048
CUST_XENZVHDNNH,0.122879416
CUST_22S3JYXZCJ,0.031317297
CUST_CKQDT4QR6E,0.019017711
CUST_53ICSV3VOP,0.02201284
CUST_849X12Z5S9,0.021070978
CUST_P6XP21XFQH,0.024700237
CUST_0EOEPTJYLV,0.026503457
CUST_FD0KJ56Q5A,0.062165752
CUST_GEYCPE5TMF,0.028953323
CUST_3GOLT3CRA2,0.035198275
CUST_2WN83SW0C7,0.09640331
CUST_NXCSTPUOM7,0.036028266
CUST_ETN8KRXCZV,0.030500973
CUST_QY201COMOZ,0.026783522
CUST_1KLMJ5PRB7,0.022927923
CUST_OJK11GUDW4,0.02987171
CUST_LZWJB1STLG,0.11028358
CUST_FA1YUCM204,0.13211435
CUST_82U2Y56CYC,0.034890063
CUST_M43MKORCE3,0.024433898
CUST_8BA4ST51UV,0.12236865
CUST_E6X8V3RJDE,0.08913746
CUST_4BZFTVCNZL,0.08124219
CUST_4KFXOOL03D,0.032168675
CUST_GBP7XRIQ6P,0.16156662
CUST_8CGGP1AGIH,0.09312175
CUST_JL97M26N94,0.07890648
CUST_LA3XBG965E,0.03268334
CUST_MG7GO2UUX6,0.047413252
CUST_NGW2GVYT9D,0.025107155
CUST_DBY9511YZ7,0.14776109
CUST_546TBFWC8X,0.025679655
CUST_DNH9XNU1YG,0.0284173
CUST_UU7Y5Y0Y9Y,0.044580027
CUST_DYAG8T9FN3,0.036285356
CUST_NP8VZ7168R,0.033682954
CUST_HCLY117ZHN,0.03226961
CUST_TGTDB2SVFR,0.8552563
CUST_1FILGA3YTP,0.035862423
CUST_A6LQ1A5VKT,0.81329244
CUST_XT7WKBTC4I,0.89553815
CUST_PUXM7M614E,0.09820419
CUST_60AMSJF2B1,0.03447235
CUST_9KJK5ZP6EA,0.0314981
CUST_R6BNVYAAIY,0.088416286
CUST_GJ2ZPHN1ED,0.06556451
CUST_JTUG1T3C9K,0.027520437
CUST_88FXE8C9NZ,0.090326175
CUST_LEKJ6NKUVV,0.02619563
CUST_YQWD06SWP5,0.02372027
CUST_YO77IB6Z0N,0.020826664
CUST_OTKK4RK5TQ,0.031656545
CUST_KLZDJ09S6S,0.09881336
CUST_EAEPWLIQ8E,0.09132087
CUST_1JNI6WKOQG,0.1053819
CUST_I80K6M87SI,0.15115844
CUST_EXCYQU8NAI,0.031738233
CUST_KU7OQEEURE,0.10074562
CUST_9PIT6E567J,0.12677948
CUST_QQ12AGLCVG,0.082405955
CUST_P63YEN7EC4,0.02557883
CUST_O3OM24CSRM,0.021705069
CUST_F22GFOKUR1,0.107539184
CUST_V8X8ER5M0C,0.027036468
CUST_ERRFA7C46H,0.023090608
CUST_HTN4M9NNDB,0.097748935
CUST_KO3147D4TM,0.13773695
CUST_0G781S9199,0.03201173
CUST_YOPDXKI1N4,0.13436818
CUST_XHK6UE1VYL,0.021421447
CUST_4LA3KOSRTT,0.023233445
CUST_FEMZR4644B,0.032404575
CUST_RSUEEFKIR8,0.025006779
CUST_J06ZI53GM5,0.101683035
CUST_0OAZBX30ZH,0.038222186
CUST_247TWOGDKO,0.094256625
CUST_9Z7ALNKDHJ,0.8719335
CUST_YCBACT5EBW,0.02168023
CUST_3YFKY0J0KR,0.12233408
CUST_AAPW9S98XU,0.14532775
CUST_F1V48RM776,0.024878621
CUST_VY6MDWQMZY,0.02657664
CUST_UKZKUIFD2V,0.16365999
CUST_9PQ6DH0EB0,0.09024738
CUST_6KYMRA8FDA,0.02547689
CUST_DX0F4MREKP,0.13661759
CUST_SLA3XNDXMJ,0.03325065
CUST_SS7H9T2S7A,0.11454371
CUST_8OXSCOTFY2,0.049676023
CUST_0M7FNR7TYT,0.023123939
CUST_V0CH53NWGZ,0.031372845
CUST_DNOAH8YK6A,0.024286762
CUST_O1HMXVQ9ML,0.13138065
CUST_KS7DX8K3GI,0.10953669
CUST_U5BXWOR87S,0.13843422
CUST_RMOJLRCIII,0.14507636
CUST_91TNF7HYOD,0.8491853
CUST_AI29UIX1GN,0.031991843
CUST_7ZHZHO9JZJ,0.02682335
CUST_RQDMXH1NOC,0.089085765
CUST_FN94YUV8KD,0.02600697
CUST_DL4IR1EEP1,0.023777151
CUST_ICTVG8BL7A,0.036282305
CUST_B4E0J9AX27,0.0850198
CUST_YSKWUB970J,0.020170769
CUST_3D26PLV5CE,0.026781658
CUST_M897GIL14V,0.09406951
CUST_7CBANNYF5B,0.7815795
CUST_M559EP6L24,0.0268695
CUST_WV3XCYJM8V,0.111756556
CUST_T3LE5RD9HG,0.023768
CUST_PZPVX0JW7J,0.033369645
CUST_D0LOJTY8JQ,0.15010755
CUST_G2DGRLYAGL,0.06986736
CUST_P3C6CTME1U,0.025670672
CUST_KG76NGABVB,0.1678062
CUST_NLR1UVVW1L,0.085991666
CUST_QI1EJ5IXVX,0.025306372
CUST_YGXF3D87GC,0.023002513
CUST_26U8LPJAUM,0.027534012
CUST_7H1RBMRJLX,0.024544118
CUST_QXMK174Z6O,0.02607109
CUST_VGXH1Y0NSQ,0.080185644
CUST_MJ2T6ZX2EF,0.093570635
CUST_0N4LPGLU5X,0.022443188
CUST_RTOMXRGH21,0.08330317
CUST_KL2N4T1XJT,0.019326022
CUST_2TZL3CJEJQ,0.03275716
CUST_Q7CQBWEUY8,0.034373626
CUST_JHZV92OB0Y,0.021458419
CUST_WFTPHYJUCK,0.07907618
CUST_P8PDYEH37D,0.076212585
CUST_YNQ4MN3Y5L,0.02334748
CUST_B6XE0QHISC,0.020013021
CUST_AM45VZBJ04,0.02223288
CUST_8AFI2TOBWE,0.022953335
CUST_5JBWNQOEWA,0.027975773
CUST_A7VSQ8BC30,0.035266653
CUST_98DK5IS82G,0.02803067
CUST_DW3VRFFKWT,0.059677802
CUST_LEGASVL6DM,0.8069366
CUST_VW8682FS5A,0.03238602
CUST_1FPMNGTRMX,0.13033785
CUST_NF8CN8NNU9,0.14900488
CUST_HGF0FMZEMM,0.07848963
CUST_EO2IEF35LW,0.11248059
CUST_9ZDIY1PMB9,0.1022216
CUST_O360E1X6WE,0.02358726
CUST_BROHX9EJPL,0.023949804
CUST_UF936P83XK,0.087792024
CUST_6RV4OYHPHB,0.027272535
CUST_7NP3AMQ5XK,0.021645334
CUST_N3AOF4OG8T,0.023553422
CUST_YT2ON500Z2,0.12832418
CUST_HRD53JE2XU,0.14943123
CUST_8BZLOPIPB8,0.03585671
CUST_VPOKVGOAN9,0.027122382
CUST_XHS5B9B4CF,0.10481375
CUST_AK4FMGDKLS,0.032545567
CUST_QRBTNT3IA5,0.02595178
CUST_DAMEXLPX3D,0.01864613
CUST_JVO2NLKOFR,0.027404403
CUST_IIQZIYO3KO,0.1184416
CUST_86IZL8GTJC,0.019784234
CUST_H3W2BO7RY7,0.14209871
CUST_YFW2J5O9SA,0.022492304
CUST_5QOXK75KWZ,0.036887478
CUST_CM5Q6GGFKB,0.038206834
CUST_JDEOHQHOSO,0.8634005
CUST_UJRHT6S3AM,0.03201584
CUST_KA082HT20Y,0.021530723
CUST_SNINPPLPOQ,0.11118847
CUST_UMAB3TZ65Y,0.85036755
CUST_2JGJRIJNCO,0.021970276
CUST_3HVJGEL1VM,0.078347854
CUST_T46OX9N8MO,0.028435836
CUST_2Q8F9O9GO3,0.027630534
CUST_O5GIUVTWI8,0.034317467
CUST_BKJGPD41YI,0.09985574
CUST_S33M4IRK36,0.02511375
CUST_RMCHDH9L9H,0.030180344
CUST_F9HBLER528,0.032474045
CUST_Q3N3KKCBJV,0.10122838
CUST_GXEC7AA6VP,0.03735168
CUST_Y5YUA5N7IF,0.032735296
CUST_HU1146QI3X,0.039037924
CUST_CS5CG6Q7YC,0.04534778
CUST_CJC7ICIXKM,0.031195115
CUST_8PZ72893ZD,0.8263049
CUST_5QSFG5SIT6,0.028155403
CUST_80S3MSGZ95,0.022687372
CUST_ZCNADYKDUQ,0.089457475
CUST_CKDCQWIMXQ,0.080212355
CUST_6K5GKD7TDK,0.022790028
CUST_NHHOBG92QH,0.06511563
CUST_5KZOR7UUD8,0.022890551
CUST_14UBQMH5JT,0.0384461
CUST_DXF03Y2QYF,0.025274433
CUST_5Z7R3FMGOQ,0.07206404
CUST_EUUXM8VV2W,0.276041
CUST_TDULBZQ6PD,0.09773556
CUST_IXPKVGI1Q0,0.024924152
CUST_SAA2XHBR14,0.14062594
CUST_VHSO0A1EGP,0.03254421
CUST_E7KKUXLJNC,0.03541368
CUST_WH6HNJ14I7,0.020867424
CUST_721CEI9MVM,0.027265726
CUST_WDK6NMICQO,0.025709627
CUST_04LPJB4Q01,0.18563603
CUST_4SYFZWG0R2,0.14429846
CUST_PLVUSLHZ0P,0.023550916
CUST_98V2FMUIJ8,0.118427776
CUST_L21RC666DV,0.82062256
CUST_NHVUZOFPDA,0.03788835
CUST_2O9VCL9ISI,0.021745143
CUST_EQKPM7DDI5,0.8463833
CUST_1QTECZ4B76,0.15113853
CUST_968JFUWB3A,0.070481315
CUST_DBVLZVA73D,0.08441182
CUST_HI6PWZOFSJ,0.104811914
CUST_TUXB5GNA45,0.86798525
CUST_APXAYCU0RW,0.02156907
CUST_015XWBW7KM,0.021538148
CUST_IO0LDHGDK0,0.12239449
CUST_DIYYKPXM8W,0.025073668
CUST_OQH3XCL4Z4,0.16221385
CUST_L9PJ95JUU8,0.03331755
CUST_KWXCF407LG,0.11958329
CUST_DRFCS3B6U9,0.027077448
CUST_BNG8LXVUVQ,0.029895382
CUST_SRSXKASLB0,0.027176822
CUST_JP9O1A224G,0.07680897
CUST_EMFG2KQ0CC,0.025379024
CUST_HKAJI0I5KD,0.07687768
CUST_9HCNLXGFFK,0.02833374
CUST_5YVH77Q78D,0.025116138
CUST_SFPHA9LYLI,0.075208016
CUST_SPL8EDRXVX,0.038375255
CUST_21IGVZSC89,0.8132815
CUST_8X2DBQD1RO,0.14072312
CUST_VMVS0POVDQ,0.12128999
CUST_I50N9TQ3P4,0.06758092
CUST_N2BXQ9Z1L1,0.033725202
CUST_WNE70PNGJX,0.09007392
CUST_BLCDD585XU,0.0340055
CUST_ZRY096PPEN,0.028201953
CUST_WPSAAH6IU5,0.16102743
CUST_RUOFYVNY4A,0.09975887
CUST_SFFZDP75FO,0.025111724
CUST_R1UVAQP5H5,0.024129974
CUST_PCB5VR49MB,0.15861103
CUST_AZ8QLBJSLI,0.121642485
CUST_YJGF8YZX0X,0.022589669
CUST_AMN5LKC0ZP,0.024946777
CUST_LN3ENUQBLG,0.03013753
CUST_BGC2UCL5ED,0.028895972
CUST_8ID2RWUBRI,0.039817378
CUST_AWFUC97YAD,0.115365304
CUST_NWOJ7VNQQJ,0.036415905
CUST_Y9OLBQID0I,0.03416159
CUST_EOIL8PSJ2Q,0.01889594
CUST_OXG5ZGHWUT,0.12719734
CUST_KV23NBKFNF,0.022172337
CUST_SGFVMS80LH,0.0309788
CUST_YK7S6TI3ST,0.099576876
CUST_YRZYJVTCK9,0.027663529
CUST_O3I7MATN3Q,0.028572764
CUST_WATZGL3040,0.034233887
CUST_S6OARI871C,0.036307313
CUST_23TBCUIPLP,0.025731375
CUST_J6O7UOHOBG,0.0818697
CUST_O2Q8MTHWLW,0.032103077
CUST_ED9TAA1XGJ,0.07030081
CUST_V7UHZ4V0BB,0.095153525
CUST_MKNNOFPS6A,0.050456982
CUST_A8LN4FRWN0,0.10104143
CUST_6HPG1YVLTX,0.11509844
CUST_5QV6YVDCD0,0.02716874
CUST_VFASJVGIYA,0.14720765
CUST_L5Z7FDJBH1,0.115023606
CUST_YVLFIV3T4O,0.027657233
CUST_I2676AA73E,0.17930228
CUST_0FEVZS726Q,0.021008959
CUST_7OZOQC2HPL,0.023125242
CUST_OJ12BCOBJ5,0.110506676
CUST_6NAG5ZLSFF,0.028770706
CUST_IF24OL5U4V,0.021178281
CUST_TJHED1RJI7,0.8098195
CUST_DLN68NEA7N,0.13025165
CUST_BIJ781V1IY,0.05361243
CUST_1L0O3Y5XL2,0.024639357
CUST_ZOQ7JRLZF4,0.020302959
CUST_TCGVW8G36G,0.07613729
CUST_G0BY6OFRZB,0.031616013
CUST_E3KYHJD6KB,0.03476596
CUST_537WNKNAII,0.021978326
CUST_YFKQM710H0,0.08818915
CUST_1V0547NQUF,0.022302924
CUST_HRICT9Z41E,0.10414922
CUST_WREQD42PP2,0.11600871
CUST_ZD45NRZD3M,0.8656235
CUST_5Z0ZO29HCP,0.032505304
CUST_0Y52VFMZAJ,0.035763014
CUST_MDMPYHQ029,0.031820007
CUST_JRD2JGVK6S,0.11178385
CUST_GZM33KUXXX,0.021661103
CUST_2M9E0NMFJW,0.111465596
CUST_UV76WEKHW3,0.025768243
CUST_PVZX0KZ9D8,0.03069193
CUST_6HZ03II1HV,0.023224194
CUST_K3T2DVKDBJ,0.023644594
CUST_K0ILMOVKL3,0.09001557
CUST_7N91UQPWF0,0.12993443
CUST_E7YKWQUH5I,0.8560508
CUST_RKK3QPJBLR,0.023027001
CUST_DBJ4QJ8F1K,0.10400774
CUST_3SA29QFQ7Q,0.11186226
CUST_QBUH9MYCZR,0.035593558
CUST_CYNKW4C27V,0.12762822
CUST_P7B1H9MTRZ,0.04094942
CUST_3PP2WMMSU7,0.039575998
CUST_THAOZEIF2T,0.12198146
CUST_LBYIA9FRPN,0.024686962
CUST_687T3S6MB2,0.02351842
CUST_FWVYDVFZVS,0.029238066
CUST_4SF48S6PYK,0.02530807
CUST_JYBUTL3TMG,0.034718506
CUST_92M6CBR9PT,0.1030892
CUST_UACVZLSIL2,0.084325776
CUST_D0BW77CS3T,0.023998385
CUST_DUHESYII3F,0.022680357
CUST_1O1GXVJIPM,0.02571562
CUST_BOKIBE3O0E,0.10587631
CUST_7VEJ4VC2CA,0.09227297
CUST_C93WGSRRX7,0.10437409
CUST_GBYCPCYQ1Z,0.030113984
CUST_6MS0DMNUNZ,0.7589984
CUST_Y69PZGY5TK,0.018917218
CUST_IF25IT8SFD,0.026336644
CUST_CWDDSUJOC6,0.14576244
CUST_DN0U2JBC1D,0.03711656
CUST_VMSX9WFUHO,0.03233667
CUST_6637J4ZWCT,0.14576253
CUST_8Z3V1BP1AI,0.14524826
CUST_CO5FGHU33K,0.11237781
CUST_BFXSLGNIIZ,0.023511115
CUST_M0957O5JV6,0.14217877
CUST_F7BN060CCG,0.028670857
CUST_LAZ8F7VO1I,0.036768556
CUST_180025LP63,0.034201976
CUST_K6YHI3YTTS,0.019690128
CUST_AJS7YF6RAQ,0.031470504
CUST_KTP7KZ26XR,0.025404913
CUST_LVK8YY5PA8,0.8150421
CUST_TVC5KEQPJ2,0.75336057
CUST_K1IRV6547R,0.022782573
CUST_PFYG4KHHOT,0.08887717
CUST_GC0OTLF2DV,0.10687971
CUST_DC1S15LHM2,0.038666725
CUST_DD18LWIU49,0.02403042
CUST_FWSLYV45JN,0.026168417
CUST_X15V2B1S48,0.021628547
CUST_3QGGB7RQLA,0.032942057
CUST_8A8SZ0R00F,0.022480812
CUST_8880N9MI55,0.031789076
CUST_SPWVMY7U58,0.032334603
CUST_0RL91VJJT9,0.022577075
CUST_0GKTLMRZ0Z,0.106893726
CUST_B3YWXZYSY1,0.021054642
CUST_V6P2DJOUBW,0.025373904
CUST_7IO6LG6Y0W,0.024501394
CUST_F83IDCRGM9,0.030138344
CUST_J4G8PMOZ7A,0.03803457
CUST_E8IIJ02PYX,0.12055319
CUST_78N7CBBPFV,0.10789564
CUST_1BK9ADKPYP,0.17568994
CUST_0WRXCL10SR,0.019234678
CUST_QW7Y78GS6N,0.04256339
CUST_YX30LQYBER,0.033596464
CUST_2R8FSGVVDM,0.077040896
CUST_V5F4TW20XQ,0.06435094
CUST_77QZELHGWU,0.027096324
CUST_KBPVTBMC1A,0.033000942
CUST_MKW1Y9TOA7,0.08023452
CUST_8ZYNOI5UJW,0.12314662
CUST_QE8526ATAA,0.026028184
CUST_3HCB120JTY,0.73580074
CUST_QNSGWQM6WJ,0.031251892
CUST_1MJXXWPH6H,0.018803911
CUST_KAD90KZHX3,0.033559375
CUST_7ZBGHDFN2C,0.026091967
CUST_0KVD8N14ZZ,0.02330111
CUST_8LD5DXB8L9,0.019931685
CUST_D1T3XJMSXI,0.02398469
CUST_LP0H3CM0SG,0.10219885
CUST_0NTM2W5GO1,0.028347054
CUST_UPFHETP5RC,0.03629492
CUST_XC8QOUDMNF,0.020017514
CUST_C7Z6VL525Q,0.10129237
CUST_A75XMDTB9Z,0.10235686
CUST_IV4YJ416M1,0.14330694
CUST_2WC00HPQM1,0.12955523
CUST_KXW0NEU34O,0.088717
CUST_K2G1HD54G9,0.07148212
CUST_BLY1Z3WMPC,0.74788254
CUST_M3AURTRUVT,0.050287575
CUST_JFHZQZZENX,0.024310248
CUST_2EI1WEY0C3,0.03385938
CUST_UKFM7UQB6J,0.10510368
CUST_I4C8ZM0RWO,0.023529774
CUST_37JTQB302D,0.07926787
CUST_DTWA30M19X,0.12591304
CUST_B1CC4R3SPZ,0.04106831
CUST_DYRJYC11JJ,0.08705991
CUST_K6LR927QBA,0.13957408
CUST_BUZAR0YWGP,0.07832827
CUST_YTEKS4NWGL,0.14095183
CUST_RSTAK4KSN8,0.07265314
CUST_HOXSMBI12E,0.02573117
CUST_L3OR1JB8G9,0.020403087
CUST_BMR2AGAV59,0.022656146
CUST_5ZORJURPGW,0.033534884
CUST_7VS7U7N14J,0.07830073
CUST_THDEJMCNUZ,0.1269499
CUST_YSLD2DYALX,0.035940472
CUST_9GD8NBGBI4,0.10195492
CUST_S10A3RPM7K,0.11999255
CUST_ECAXHVUKLB,0.030294562
CUST_QRA5CMFI75,0.031301804
CUST_17XYNVC0UV,0.02591399
CUST_TQU4RQOIF1,0.034966975
CUST_IJ6BMPPKFA,0.8539451
CUST_8DULDLWGF6,0.10054356
CUST_C65G3PUZWP,0.02451133
CUST_JZO5YJHC7A,0.026101582
CUST_I4QDYSQJWR,0.03601327
CUST_T5YMP39KXN,0.030730275
CUST_1NTI9MXIAG,0.8487328
CUST_UKKXB1QFB9,0.723683
CUST_U20VE94REN,0.12064594
CUST_KMNBH8SYT7,0.020727752
CUST_EE6AT0UFUR,0.08718234
CUST_F42VR651UK,0.09912717
CUST_KRA3MZUZ22,0.10407608
CUST_RNL73WXJK2,0.09373427
CUST_9R5KCCQYIN,0.075346336
CUST_JCM7NSSIE9,0.032220975
CUST_PVB8J7TFOS,0.028419577
CUST_X80QPT2IGW,0.06957336
CUST_TB7QWMRIBL,0.10214926
CUST_S3C4FIX1FQ,0.058640506
CUST_Y8MXB94OQ7,0.025307417
CUST_D2LB3NAEFX,0.087843634
CUST_E3JCTBBPNB,0.09895522
CUST_7W3JJP7WFS,0.020076366
CUST_DOZF66YDQ0,0.02020685
CUST_75R220RYQW,0.11664017
CUST_TRT73SGAC7,0.022923432
CUST_3K7XOQXANR,0.035109024
CUST_8UFAKA19V7,0.073241
CUST_6EKIOVLJZ4,0.02115116
CUST_XNXFWDQOYY,0.07618837
CUST_UCO7PKD1JJ,0.033632252
CUST_4THTE571N4,0.021258235
CUST_GWETT6G6TA,0.019710347
CUST_KRBE1IOV2G,0.063447416
CUST_R7SODCHJL1,0.04468146
CUST_5YSMX0DVNU,0.01798302
CUST_7YO20BA02L,0.08596021
CUST_QNILPKAEON,0.022110408
CUST_LADZRVDDB8,0.028088784
CUST_QJY6X5K1UM,0.7785363
CUST_YIVMTZZPTS,0.13798892
CUST_F201K64OI0,0.02841607
CUST_BGJ1L00T4W,0.020246886
CUST_PKZORSNIJB,0.11600335
CUST_QJMC94U3YU,0.024983572
CUST_ZBY0UJ41UD,0.03606369
CUST_OLN8I31QH6,0.10647478
CUST_4V15SP6ZYV,0.02721762
CUST_Y2OC6LQLNU,0.03097712
CUST_Y8P4R6K750,0.026684912
CUST_KHXJCR19QK,0.16835636
CUST_ONH6S3O3U1,0.03153354
CUST_0ZE3FVAASO,0.027830137
CUST_1YWZOMAXDN,0.12889673
CUST_NFAPAXAQGP,0.026643584
CUST_FPGGM70X6O,0.12753907
CUST_EQC7KTBJ59,0.02546361
CUST_P9KT3M5U0H,0.8915375
CUST_6SQ8FCS60B,0.021779977
CUST_YRFN1SQ25B,0.031292427
CUST_J14QUXCMX0,0.079481915
CUST_0179EE3OOT,0.029343098
CUST_0RNS5QW255,0.032886285
CUST_FCBOW5IUP3,0.74652016
CUST_SQFNNUGC19,0.02132309
CUST_M5LOLAROMF,0.0247827
CUST_EAMNCI03JE,0.034252092
CUST_NLMW5YKLKP,0.11462498
CUST_AIXX0CU947,0.08903386
CUST_M2LZW6K6O2,0.07805685
CUST_PZX4FZOMQB,0.056742102
CUST_663UCDBCDF,0.034918636
CUST_PDK5JQLVQS,0.02125246
CUST_SFHAXZZDY9,0.09363617
CUST_K5P6RX3ED8,0.023454163
CUST_JU2HAXXMFB,0.107719794
CUST_2304DZCZLC,0.106580615
CUST_8D3OGCKJZF,0.026319856
CUST_QWNMHWPIX2,0.032571223
CUST_F43WYR8MBJ,0.11461408
CUST_XHUY7579WB,0.022994518
CUST_HWHYOTVHBY,0.026190208
CUST_BN7RO91HG0,0.028796587
CUST_WEXN6BAM2C,0.028334495
CUST_4MSOJLVAYG,0.1121994
CUST_HVKWZT3MOC,0.018967139
CUST_S2M6IDKSIV,0.023620857
CUST_6UOX08LB68,0.11583964
CUST_39JG108FM5,0.02297704
CUST_PUOYC4DNZS,0.028743403
CUST_05CW2FP55D,0.14130236
CUST_B658A6OVZH,0.04535507
CUST_7IR440AF5S,0.020201188
CUST_GIXB4J7V43,0.025970465
CUST_UIRCZ35NCF,0.036685504
CUST_1MSCEQ0WEP,0.023542149
CUST_85XFGPI54Y,0.028809272
CUST_C33I4T4MCA,0.118082725
CUST_VNCPLLR03W,0.8384922
CUST_KZOCGWUVDE,0.12572995
CUST_CLBBN7RLOO,0.01878332
CUST_64F8Q9IR88,0.033847637
CUST_KVMZWM1KPT,0.026360497
CUST_TMK1K7VP3A,0.12108973
CUST_0O5OARI0CX,0.025845584
CUST_JN4OJUFODV,0.02479676
CUST_1R867MLH3E,0.023382904
CUST_06JEALRNP6,0.02769576
CUST_K2Y63YYPJD,0.019512482
CUST_XE0KAJEHQ6,0.14854224
CUST_K5EIHZLB8E,0.10080869
CUST_A5QYDG4R3F,0.027107693
CUST_XAFREABNWB,0.077173576
CUST_E90APXB5FS,0.1306348
CUST_JMVJ4S22HE,0.025453815
CUST_JGA0AQ4NGY,0.15623672
CUST_LDV9LK8EWN,0.11172371
CUST_3528Z7MQ8A,0.07792061
CUST_KDV2TLT2GE,0.022553844
CUST_XWFP4FSXYX,0.06103523
CUST_SL6RKU58VU,0.060596198
CUST_ERUOP7QS3N,0.0262955
CUST_06188RUQ7Q,0.034498185
CUST_IZO4UM0XG5,0.1193165
CUST_ZOIB9N3BH0,0.111862116
CUST_X9LM25QWB2,0.03183923
CUST_DXDKLDBCAX,0.026728509
CUST_TSL3GSRLKB,0.15245207
CUST_F8SBEJAY8Y,0.7805268
CUST_DDRNUMXUD8,0.024922699
CUST_XAO53EGBYK,0.02387584
CUST_XT7QOXEAQ2,0.03294362
CUST_MKTCFB0ZRK,0.027570091
CUST_40IW6LJPEC,0.104778156
CUST_1WK6R18BZU,0.10316841
CUST_0ACUA7MWL0,0.8632906
CUST_OB8RZJZY0W,0.11842167
CUST_259XD409FF,0.82273424
CUST_0RA7RLXD2F,0.12321733
CUST_F00F9Z0FBO,0.030558648
CUST_MOMINCFYZE,0.1180677
CUST_G482XRNQR1,0.0258286
CUST_2BCFFVU98T,0.08995859
CUST_UEJMZWT553,0.02571541
CUST_HSZ2UU5F7O,0.030733114
CUST_TFAZT71DW0,0.13683426
CUST_2LS0C8NEXI,0.06281464
CUST_RV1V17HY73,0.1577782
CUST_D1EL61W3ES,0.033883754
CUST_F3JALXFFKT,0.09083536
CUST_VDSA29RKN3,0.12325256
CUST_Y48QLFS5S6,0.106099665
CUST_6E8SMPMYPJ,0.034271516
CUST_FE6IM2CB1K,0.02475709
CUST_0AP2Q7QNZC,0.18498923
CUST_630Z8QMR0J,0.14151716
CUST_7FUCH4O597,0.02875369
CUST_XKUDX00MCB,0.083486244
CUST_OVOX30WADI,0.030666042
CUST_F5E72X0YYB,0.041318156
CUST_QWGB9S3FZY,0.019786227
CUST_8844MH4D1R,0.027201293
CUST_853C9EP7BT,0.045169182
CUST_WRCJ103DLW,0.08561767
CUST_7SKGMCFTLY,0.11146088
CUST_V59WIZBRGW,0.15184988
CUST_UMZVW0JJ4D,0.029140085
CUST_CUF5EOHDL2,0.11640129
CUST_E1GF7QK1DE,0.024302253
CUST_CKZPGFRBBX,0.022587143
CUST_169UCFVNIB,0.7470079
CUST_MJ1GKF9QQI,0.027886307
CUST_219YU7Y4JY,0.08275174
CUST_3Q4PVHEU9X,0.08916122
CUST_GZTXGJ5TCI,0.03531887
CUST_IWTQM4ECRQ,0.027732482
CUST_FNFAWADZU4,0.033307824
CUST_50368JIAV4,0.023631763
CUST_Q458KPJVNY,0.08486604
CUST_FBXB3MEGTF,0.085503675
CUST_L8AB571CD7,0.82076955
CUST_W0G4V0LYAT,0.0238022
CUST_AX5KK69NTI,0.028203351
CUST_MI4UQL44T9,0.06781436
CUST_WGLHCFI4GL,0.11740834
CUST_862GVKGZ9V,0.089002535
CUST_KG362QZHWK,0.75190026
CUST_8II8HLKXB1,0.110424355
CUST_UU1KYK4KWV,0.032411028
CUST_TDODBEL58Q,0.028044404
CUST_QPR9PPO1Y3,0.105510645
CUST_AHLBIKPYLI,0.122991346
CUST_41R82YYDE4,0.09751085
CUST_ZEV4JXCY05,0.07442307
CUST_BW1KUI46UB,0.07609088
CUST_UQRKIRCKXU,0.87519175
CUST_23D4MBN1VE,0.034423787
CUST_9Q9WHV67OF,0.028522402
CUST_CR9QC3RNAH,0.019725539
CUST_Q0MALMZL5B,0.14436118
CUST_PENE1FGRM8,0.033537675
CUST_72WFBGF0LM,0.02680466
CUST_Q46LCPGHP1,0.80604625
CUST_XY0THG423M,0.025865702
CUST_WEOSNF74IU,0.023031496
CUST_WLE5ZD39T4,0.18720578
CUST_U24OY4SY1M,0.028345598
CUST_WZSMOO5ISV,0.12726328
CUST_UCVZV6XHWZ,0.025073767
CUST_BI9T4Y17T5,0.036069293
CUST_7AHT58WDP8,0.10631586
CUST_LK1MNP2DRE,0.08933623
CUST_1LV7M6PS05,0.09902005
CUST_MUUK62JAUE,0.032715432
CUST_1AGHQRBTN6,0.08839094
CUST_WNY8BB9VQM,0.16444063
CUST_9K2WCBPA9M,0.017872285
CUST_NOMNC1X7AW,0.024560409
CUST_DGU0095E9M,0.10773378
CUST_656O3R6W97,0.13618308
CUST_FR0ORL5NJ7,0.027493918
CUST_3TU4P0RCDY,0.02268825
CUST_93NCBAW7U2,0.029605657
CUST_4FT8DYA2VZ,0.027350143
CUST_06HD6YMY0O,0.032916218
CUST_AQC38ZQ9U8,0.07701417
CUST_VR860RQ2PG,0.08047341
CUST_4K40OHT7DN,0.08527448
CUST_9T7KP7WPID,0.023793614
CUST_TZRVX1M1UX,0.15603685
CUST_JJJ2O1QWNR,0.03625981
CUST_4E9HVJ3KJ8,0.07737387
CUST_GRI44VOULI,0.82198477
CUST_GOUV8ZN9R9,0.7938894
CUST_LM3YP592SC,0.027804185
CUST_6K6XETGXJJ,0.109443374
CUST_CW31PQ8RYJ,0.07265136
CUST_LLL37J91HN,0.02010692
CUST_IWLS3F4OXQ,0.018404305
CUST_SCYK4HXJ3H,0.02269371
CUST_ELSBYHJR9U,0.022756469
CUST_QCANCAVQ6V,0.034131143
CUST_8S4B0GH7XF,0.020801159
CUST_8EHLUQJURO,0.111733384
CUST_EDE788ZZPF,0.083197035
CUST_SXLVCMY6HU,0.026868924
CUST_FTJSLDZ57M,0.10602144
CUST_LG6GVS0O5O,0.022150723
CUST_8A6AMDUJOY,0.040095523
CUST_9FJ5SB8LUM,0.090914845
CUST_Q097GUBEP8,0.11183639
CUST_KGP0K02FHJ,0.037321877
CUST_LC3VWS5ORF,0.14024277
CUST_LG1FN0D9NP,0.025643481
CUST_KLHPC8ECPN,0.02327149
CUST_OUKRR0PN1R,0.023544783
CUST_L0CA4T99KO,0.02706718
CUST_5SXL16L4S0,0.023594532
CUST_CBD34LF376,0.025184741
CUST_L93XB8YJ3F,0.02149524
CUST_1SBRBU9XGS,0.07710481
CUST_U4YUIGSQ5D,0.030772654
CUST_0Y89XLIMLV,0.10304757
CUST_NT8MN4ING6,0.02866905
CUST_GBIBPIRSJ5,0.024881711
CUST_3ZHLXYHHYZ,0.032929573
CUST_SML1GV9SG5,0.028814955
CUST_1UNOE9DF8N,0.120594256
CUST_LJMK3MCWZN,0.031366568
CUST_WE03HOLKQ1,0.76812553
CUST_3GH4XSGXX5,0.8213256
CUST_K6672M1CSK,0.1091026
CUST_0RU1SF2QPR,0.021604309
CUST_FEQZLXJ6U5,0.78267705
CUST_PLOA8G8USY,0.024759922
CUST_UGHCBA93PW,0.12573786
CUST_URYA6MR3FF,0.027387682
CUST_S22LSIMN1T,0.11441698
CUST_S9RB29CS4X,0.07660784
CUST_H3SNKVMRCZ,0.027528087
CUST_8JS70KV8TO,0.027010966
CUST_BP34UWCOCF,0.050995693
CUST_CNFJB0FBE7,0.07326533
CUST_U4YME6FDMS,0.027366491
CUST_NYOCJ8XNDZ,0.022308005
CUST_D2B1OHKL1K,0.106287204
CUST_SNQH8PLHZJ,0.023081128
CUST_G2HH8BZQX5,0.022925941
CUST_0F2UIXH1RF,0.115952335
CUST_JIDCY9F845,0.07869462
CUST_KANN9TVV5W,0.019671444
CUST_931165PX1S,0.032542735
CUST_71OZHD1M8P,0.037751798
CUST_1JMDC6DU9Q,0.02764381
CUST_IXU3K5QQ1H,0.022141906
CUST_GDI9LS69KG,0.030630462
CUST_CEA6NCZVXS,0.12665789
CUST_R5GEZPO2ZA,0.879877
CUST_IMFCJ09V7O,0.027997969
CUST_LGQLBGM319,0.03233295
CUST_IKFX1DB2VA,0.033965044
CUST_CWUZVEA9EW,0.019927796
CUST_ENH4VZBHJE,0.09654835
CUST_JQEQGR94RP,0.121284634
CUST_VO6ZPJNN5Z,0.06499695
CUST_4YR1CO1B2Q,0.09699726
CUST_IZ9591COH2,0.03080314
CUST_ITYYOETDY8,0.15164694
CUST_UBUXPXU8XT,0.07875077
CUST_CRBCUX0W16,0.022453755
CUST_XY98284BAB,0.022663364
CUST_I8J85GOPOH,0.021677488
CUST_VN716KBFBG,0.84893787
CUST_24AHXE5RLX,0.029192492
CUST_UG1MJPOLJX,0.02837576
CUST_R6ABCQ3QWL,0.024207508
CUST_1RFR38V1JQ,0.12882183
CUST_QDMJGRCWXB,0.023668665
CUST_22PQLTY15Q,0.8074174
CUST_1BGAOGZ6V3,0.02885082
CUST_KDDD1A0OA4,0.080275364
CUST_XJDBLJQPVF,0.022742305
CUST_QBJMNVSJOQ,0.10195757
CUST_HZI6IVAQ97,0.030301075
CUST_0RLHXQ3IN3,0.029448586
CUST_JGKMQ7A36S,0.035332806
CUST_AW2VIYC8MM,0.031696144
CUST_W14UDUPW7D,0.12202162
CUST_GBRIEBLEFP,0.14152917
CUST_LGO15N4NA3,0.028027661
CUST_CDNTWI6WVP,0.020348245
CUST_UI4KMS548S,0.09838886
CUST_6305PHQO8H,0.0323454
CUST_I0RPKOF394,0.03161
CUST_0ZDYS9FEYW,0.025652204
CUST_ZYG07N3IE0,0.022515532
CUST_T8DMVREGZW,0.02021391
CUST_O4QLXYYAL3,0.06927934
CUST_XNSEIV4O5Z,0.02518034
CUST_MA3O5P4F0L,0.023694694
CUST_29DYMZJK3N,0.12719606
CUST_EBQJ7QFYWZ,0.023838691
CUST_1RX67JAGGB,0.08643933
CUST_6TUUNH34FU,0.09680089
CUST_8L3LPS2545,0.039371107
CUST_D91D998DZP,0.0967172
CUST_IW1WFQPG5P,0.10475458
CUST_X3O73MRSLG,0.15737064
CUST_80OAAQBMZ7,0.14051889
CUST_U2H44RTBD4,0.06975805
CUST_29HDMI9KC0,0.022898523
CUST_C5DG7UCPYA,0.021744017
CUST_25G3NTCXZR,0.029897964
CUST_9EJZU8NWP7,0.11828506
CUST_L62M9RZ222,0.024591153
CUST_PO32EYIBVT,0.19314007
CUST_URKTKBILSV,0.12196544
CUST_0EVA11Z8ZW,0.12108494
CUST_43UY95XEHJ,0.8189943
CUST_CHVIDV6BA2,0.027001828
CUST_2UTPWEC6NO,0.10265882
CUST_RTCSXZ79AJ,0.03025211
CUST_VXGA3KLC8J,0.02124584
CUST_TRTHZ5O60F,0.022781555
CUST_QHIQ65XNCP,0.109861284
CUST_0LBG0D5PIY,0.057452492
CUST_R9XM46VWWV,0.04006676
CUST_HKL5Z8AEO5,0.10231297
CUST_Z3Q89XAS59,0.025837759
CUST_UIOERRH2JA,0.08474833
CUST_NF444TB9MS,0.03126031
CUST_JMNJJBOZ8Y,0.09537445
CUST_S4K950ETLR,0.02021052
CUST_LB6IVOPBCE,0.09463394
CUST_Z6O7GPSI24,0.0801061
CUST_I9KK1UZQZP,0.10435288
CUST_SMV4Q840G2,0.09608784
CUST_783865VI06,0.021941515
CUST_YYR861ITSM,0.12715712
CUST_ZW86VS0VEG,0.02556665
CUST_W3J6RZ5R1O,0.04191456
CUST_D08Z7TDBNQ,0.018838758
CUST_9JPH3AVEXJ,0.066163234
CUST_GW7TDPGS9R,0.13328235
CUST_ZB8ZCQX1S8,0.7055406
CUST_QUFKR37CQ7,0.13620813
CUST_IB5VWIUJWW,0.11043418
CUST_WT5EIX67KB,0.02722474
CUST_NYH1FCZA2L,0.11252653
CUST_A31762H4D8,0.17923082
CUST_FQM5CE3SER,0.10013335
CUST_JZ6H27EBD9,0.033332705
CUST_5M4ZS4XOAX,0.13554995
CUST_C19RILSFQY,0.025239678
CUST_NSGLEXFPB2,0.04417163
CUST_M82N6PMPFF,0.031333286
CUST_CD0ZLRS9FP,0.07887784
CUST_EGP7CTAZUZ,0.02474149
CUST_PXH1W20XM3,0.070309386
CUST_MX6MG1VQ8B,0.019003069
CUST_8DAGZYCU79,0.025358623
CUST_NI3NJG1LI2,0.09905125
CUST_NL3ANJD0V1,0.074963495
CUST_6PDYZ8CKQ6,0.02354277
CUST_G8Y6DQ1TUI,0.07995158
CUST_JQWD9LU2H1,0.02341224
CUST_YM2X3NYCEM,0.020667162
CUST_DFUFHXC9A0,0.03185351
CUST_S5NCET7G8W,0.84477353
CUST_ZRZZCF030K,0.117580995
CUST_YXFMBM4FI0,0.096241415
CUST_B78QFVWNTG,0.1462474
CUST_VRCRW0RC6W,0.8272249
CUST_7UR834H4ES,0.025830347
CUST_GV0BF0ZNUV,0.13767742
CUST_T8IFIP68PT,0.108527
CUST_PJ9CWIFB21,0.074944496
CUST_V6IP8ANBTW,0.91982114
CUST_88QAPWN7WI,0.028425053
CUST_FRQO88HJDE,0.07958741
CUST_9I8X38F4ER,0.06826459
CUST_G3346DG1ML,0.026941702
CUST_G0TSAFZ5AP,0.08445103
CUST_ZQCPC68P8E,0.038172655
CUST_BA3VXPJIC7,0.032302056
CUST_1BKL5HBXPH,0.09198078
CUST_KNKCC82ESK,0.09403862
CUST_DDA75BVDV4,0.026716286
CUST_R33WRFV98B,0.120048985
CUST_LX0V5PZLCJ,0.13659298
CUST_Q0ED01M7IV,0.022916105
CUST_GXDV7IOYXL,0.14070904
CUST_XYAAD4SQX2,0.026505418
CUST_3IPFCEONFJ,0.07802268
CUST_OXRET23VKL,0.08686899
CUST_H9C41BEMEJ,0.019879445
CUST_JF87MHDOSP,0.032006808
CUST_HHE5JM9A09,0.7799102
CUST_TSM5YODBJD,0.02844459
CUST_5W02PYND7W,0.02375655
CUST_U7KHLSAZBH,0.85262513
CUST_TVBZ5G9WVO,0.11053668
CUST_56ZNELB2AC,0.037766967
CUST_T39IJHDBUG,0.85562456
CUST_N2JFFF9EKE,0.8000429
CUST_AL9B92E44B,0.12479395
CUST_572PXPRYKV,0.024227887
CUST_HEBIVB6QRX,0.08344845
CUST_UEHUEP4BP0,0.02056684
CUST_PN1A2IP9WC,0.095445506
CUST_YO584OJW05,0.16634487
CUST_ENB3DDT3TY,0.03489093
CUST_7P8QOTD30F,0.08086835
CUST_0O422YY6BQ,0.0290131
CUST_LH15G5LKU8,0.092732295
CUST_VEYBV9JULI,0.11083541
CUST_WBPXO2O5M8,0.02773646
CUST_RXD3WUN7PJ,0.033092212
CUST_SRVUDIIZW1,0.038086157
CUST_QND5LBH2MN,0.13788022
CUST_Z8T5JPF04T,0.023486579
CUST_7MGVBE2O9M,0.109761156
CUST_F8F6U9W2YP,0.084967755
CUST_DHA3TNC0VD,0.032807425
CUST_YBMNHGA8RY,0.025392503
CUST_YZGB9RKLMG,0.87443364
CUST_U2MD2RKDAW,0.028509041
CUST_CSAKPLZZ9Z,0.057970252
CUST_11DVIINS0G,0.056573614
CUST_0EYYEH417A,0.02655638
CUST_C2L8CBG3WV,0.12402467
CUST_FZ2OKOSYMC,0.026357336
CUST_3MMBDJ6A07,0.09542186
CUST_3SUEOM822I,0.03948903
CUST_FTPFPZDSQ1,0.034548566
CUST_N5OUQ29TFK,0.03151976
CUST_DDJEVYZU4M,0.0353599
CUST_IZ7Y4DK7F0,0.11573347
CUST_0CPL4CYHAK,0.025684224
CUST_PC48JYGS0S,0.026652902
CUST_RO133B7EH0,0.020552635
CUST_M7KBRZWZP0,0.08275135
CUST_D8U8N66ABG,0.864534
CUST_WF03QYEV50,0.030282833
CUST_O2P0GVOQUP,0.024066748
CUST_4H2RH3PJ5N,0.02721389
CUST_VIISC9KL0Q,0.027341627
CUST_9Q2J9YBQQM,0.020707969
CUST_E2AD4CYMTC,0.10079137
CUST_XMY3IIJMBE,0.025072923
CUST_RE20OL6Y9O,0.031050459
CUST_OGGAKJGMBU,0.09961078
CUST_BW5ZO5H67H,0.15069163
CUST_V890ECYDD4,0.10754979
CUST_XBS5P51L2F,0.13410042
CUST_BI2A4OS6H3,0.115190916
CUST_YMR1H0B0HN,0.063412786
CUST_7AXSBOK6N6,0.04427549
CUST_CO3HCUS9AG,0.026283165
CUST_KHZYPMJZV1,0.026336027
CUST_A6HX5GTYTP,0.08462628
CUST_5ECHLS4ESH,0.030439358
CUST_58N5NYXDQC,0.02405709
CUST_7F01F5KGFU,0.09277234
CUST_MQD2J0B0EV,0.038640156
CUST_BLV2XFZZO5,0.040201716
CUST_FGS4Q7O2V7,0.030893687
CUST_8C6PNQVFGP,0.027567081
CUST_2LEUB312BI,0.11739467
CUST_X8S7DETCTC,0.8581336
CUST_EMHS4V469U,0.042724907
CUST_PLVLXXVC0J,0.15467687
CUST_VVJC33DI9A,0.030191604
CUST_2ERUI6ZUVD,0.07617235
CUST_FM7NY2K6SY,0.033912294
CUST_1RJK6L6LGJ,0.036360465
CUST_6OD236R07Y,0.021717986
CUST_CH0LL98C1V,0.09584908
CUST_NH3J9634U6,0.02494836
CUST_PWUZMCX4O5,0.064424634
CUST_HV185RAAKZ,0.8260976
CUST_AZRY6WBY2X,0.02626967
CUST_G8TXFVAU4S,0.16244161
CUST_PX57QLTIT6,0.035087854
CUST_WD1HJRXEM9,0.81421036
CUST_Q3BGY69CD5,0.029176738
CUST_U5Z8N4ZWIP,0.120962106
CUST_SKWQ5L6BEJ,0.04448413
CUST_KZ6RNX6KYO,0.11216485
CUST_ZP60IEV5IN,0.021715974
CUST_UI6RUC5BDT,0.8496956
CUST_763Y027E57,0.7692634
CUST_1HI3K9J6ZA,0.07580136
CUST_PXO310XXCO,0.87569916
CUST_27EDZDYDMZ,0.036242176
CUST_2MTWJUU611,0.10668269
CUST_4NTX8CQ3S9,0.057184603
CUST_JDBBB7HUZV,0.7753266
CUST_ZEBPNRG8R5,0.14522749
CUST_VZPNIOCSUW,0.022941709
CUST_GH53HZT82I,0.06398902
CUST_ZFYB4XZBFI,0.026574371
CUST_1PBXHQ1KNQ,0.8718156
CUST_CXI10GD5SV,0.025074968
CUST_VAA40RRY1A,0.20787126
CUST_J5LT54A71D,0.032539263
CUST_KOFZ0ILF6A,0.124568924
CUST_QR4F7IIXTE,0.12751101
CUST_KPVFA7ZGM1,0.035284113
CUST_RXPPIBO1WO,0.022814041
CUST_UZ7LD3BWDK,0.14879322
CUST_T9Y6GZY0WX,0.15658052
CUST_WHG9NSAHUY,0.034613647
CUST_4JRYXL1O3C,0.024683686
CUST_ZN1FZMMEEV,0.041727435
CUST_Q80N0KV768,0.08982962
CUST_OV90C4DNPJ,0.7571901
CUST_MU2VOWBUAX,0.08883998
CUST_J8T8L6U7PC,0.025911367
CUST_LHM8CBIGV9,0.024658749
CUST_IKTS7PNPC5,0.09842069
CUST_HY65OWHYC2,0.14109677
CUST_B52KU1GMP4,0.03321197
CUST_P6R0588B4H,0.025784547
CUST_A3BUICJ4XH,0.032149114
CUST_UAPY5ORGEW,0.03142934
CUST_T8SX5HYFNZ,0.02983628
CUST_WTUCSVAG5D,0.022163844
CUST_43SMRKOFUH,0.74594295
CUST_KDKRM6T1WL,0.035937037
CUST_XXFX842DL2,0.08799752
CUST_XWPQ1FPU9U,0.066689126
CUST_YRSJKHCJVY,0.023761963
CUST_QZCDF35SVQ,0.03224254
CUST_EQUTAG4AUV,0.019477641
CUST_FVXQDO344T,0.5932751
CUST_ZZK42KRIJW,0.023426566
CUST_ZAUED77XLD,0.046004888
CUST_GHLZM31TUI,0.14493439
CUST_LP88B59MWM,0.14839792
CUST_OQJJ4628YT,0.028670922
CUST_9R2JWUL9BA,0.025901271
CUST_NA12IMZ459,0.025010524
CUST_6WKGSWQ8JK,0.026069788
CUST_UMFYIJ80S9,0.14333156
CUST_TFAFCB8EGX,0.8653837
CUST_PR3P0E8UI8,0.033222318
CUST_GWDYL547DV,0.099033736
CUST_JNJF0EC83W,0.03314595
CUST_PGFDG2VENH,0.19415069
CUST_CYZXTW9RSJ,0.029594982
CUST_JXUVPJX9F1,0.025659038
CUST_66ZMBC93NI,0.020865932
CUST_IPRZTGMAB2,0.027828977
CUST_R4GD70GA4G,0.17805398
CUST_R1XIB2276T,0.7463798
CUST_ILBMMICV8G,0.024308525
CUST_8AYVTPQGC9,0.025445234
CUST_BIT0HAZLI8,0.7972258
CUST_6NII9LDFNU,0.022004293
CUST_NGQLZNM247,0.020987717
CUST_H3P6QXA668,0.040312532
CUST_Y9ZGWLTGKL,0.11922425
CUST_Q401KBYAB2,0.028107759
CUST_YCEMIOXTBX,0.036516894
CUST_GWXDBMN5XS,0.027714705
CUST_Q982UDKVMU,0.10841994
CUST_9VPXCUV2KZ,0.024438273
CUST_I4V7G3AFYO,0.090639405
CUST_SR0GUOAGTX,0.07232339
CUST_1XDGX3SSXB,0.1133807
CUST_U7USYL7UGP,0.15375532
CUST_LCQBTVWU94,0.019790383
CUST_N40WJ7TQTA,0.12248886
CUST_IVC783IX57,0.029630216
CUST_LQS6GPQLNU,0.021804154
CUST_7EVMJINFYS,0.030751634
CUST_JI2DG0VJX7,0.025087362
CUST_MNUZHN7UCW,0.029569617
CUST_RPJKM0M3DG,0.024461335
CUST_DUL8DFK5PY,0.018142443
CUST_B6XRVLE9NY,0.022346662
CUST_4AIS20F7C6,0.0743502
CUST_RU3K5JSHLA,0.03761473
CUST_P50RBJSQ8V,0.85315716
CUST_QBW90QN56W,0.020989722
CUST_456EJJ1KP9,0.03361161
CUST_YAMF5NM1XV,0.030186975
CUST_30YF8V8HAW,0.10205729
CUST_22QY5XB3VN,0.032103024
CUST_H5U12TYEMR,0.08620914
CUST_RSJ9LD220A,0.1354346
CUST_7YPR2JQX7E,0.8475906
CUST_CNFU45TLEL,0.058030456
CUST_1W8WVJ8DWO,0.06879662
CUST_PW3WOTSWT0,0.11214527
CUST_WSMEJK2ZW2,0.11935324
CUST_GOWPT8HBA9,0.03619712
CUST_64IDEPTCCY,0.10241165
CUST_NVHXR5CK2Y,0.021284053
CUST_P0QZFGAU8A,0.14408004
CUST_PEDSHVCCRJ,0.07191497
CUST_W5TXOBDMVJ,0.12603451
CUST_J6D5D5XXGF,0.12974836
CUST_0UGMH3M9NP,0.06082343
CUST_TX21Y78KOB,0.024193311
CUST_6DYMIZCK29,0.07651958
CUST_9DIAQX71O1,0.029104907
CUST_71F2WRHRD0,0.09191518
CUST_7P7IMC7W0Z,0.020004867
CUST_ZOEEXOXLMJ,0.027210526
CUST_DURIF0JWYL,0.15655941
CUST_WLMHMVX4N4,0.021502968
CUST_90R3D9V113,0.81085944
CUST_LBF43L3SKN,0.09744184
CUST_E1T766G5F7,0.1212834
CUST_1YKS0YBXTE,0.09060471
CUST_O3HOKNF72E,0.02852044
CUST_2ZJ4COSVKE,0.023671018
CUST_WS7KMAD1C5,0.1005125
CUST_0EV14VVFEY,0.033020142
CUST_D1B614O504,0.027275387
CUST_QMS76F9M4C,0.036738142
CUST_AOU3P18BN6,0.027437696
CUST_T9DQBFC2WE,0.02207741
CUST_2XG40G92DS,0.021195043
CUST_98OD0G9HO2,0.019322768
CUST_E1POUYCR3O,0.070790365
CUST_NO70KQR62K,0.023928162
CUST_IT8GC0PPWN,0.03558124
CUST_1DNZOXFQ86,0.033610523
CUST_N85058GNUI,0.023593174
CUST_03S8S4QT9N,0.1057239
CUST_7UX3YVCAI2,0.034918148
CUST_PKV3Q44026,0.08011264
CUST_9PM7K6MHBO,0.019005407
CUST_3EPU37ETVI,0.86884356
CUST_6PRV0BY7YW,0.09016858
CUST_12YD2HJFSH,0.034950897
CUST_PY7E7HSZ72,0.026709842
CUST_PVJ6DLJUAX,0.036453765
CUST_JG7F2709U6,0.82478607
CUST_ZQ3FTQ2A2B,0.053105723
CUST_EKOXDITVNH,0.038824957
CUST_M3ENWN890Q,0.07703522
CUST_G7SYO0W8MP,0.1228157
CUST_IAFTS24SS4,0.034520417
CUST_B026203W0Q,0.123525634
CUST_PPYGYV4VTJ,0.035444435
CUST_RJHE3GAYH6,0.074739866
CUST_THHVI0M2LB,0.027949464
CUST_9A3LQ7U4R7,0.025654903
CUST_P0C9J3B4BO,0.76549214
CUST_K91UAWJLBB,0.026278643
CUST_LI2SOMQM8N,0.08086713
CUST_Z6GK4MV7I0,0.022076117
CUST_09U3RIC37G,0.022906525
CUST_TZ3V6BCCJH,0.15922588
CUST_HUENVSSWCH,0.10158212
CUST_1Z7AFZ77PV,0.102077805
CUST_N8N6BERW8Z,0.02211219
CUST_74CNZ4NGAY,0.027799612
CUST_GYHLJCI1MD,0.020809177
CUST_6GU58LD7VC,0.11300146
CUST_V9AS3WUUO3,0.8433537
CUST_IEXV6OC178,0.121523134
CUST_TYM5Q4F2W9,0.035901625
CUST_ZON3P0QOJ7,0.06854226
CUST_M6FEGM3045,0.028089605
CUST_Q6JAJXDZWA,0.031047164
CUST_5PUA0Z5DNV,0.03177295
CUST_58TMXL6WUF,0.18538913
CUST_BZ067DRL8Q,0.08421522
CUST_0J2W2P5A0A,0.088582434
CUST_UNBUEOUVHV,0.8982737
CUST_KBMRIT0SJP,0.026586425
CUST_MDYYIPPEHM,0.025135381
CUST_EFTE0NT9T9,0.09377292
CUST_2QHDW1TWM2,0.023822434
CUST_YWJAH39A5R,0.0908182
CUST_I7FEGQDR5V,0.12319787
CUST_8VMGA6E4O2,0.08068394
CUST_ORUDZ5SNJ3,0.029013596
CUST_N5T9LG5DKE,0.14460659
CUST_NENXR9VMPW,0.025332741
CUST_IOJTFNL88D,0.03294732
CUST_1PK6GCVA0Q,0.11044201
CUST_FQ5BXW9MG0,0.030961
CUST_ZECY80ED34,0.026578799
CUST_QM9TWY36X9,0.074108765
CUST_STP7K6B1JR,0.02676933
CUST_6JX38JDG94,0.7828074
CUST_1PTWMJRHS3,0.03619344
CUST_36EST4P1PF,0.034810267
CUST_2SQBIMUB25,0.11628967
CUST_YU4N3AN6BB,0.08782556
CUST_UFDUKCFIST,0.026343169
CUST_3I3B69ZKUW,0.027399689
CUST_P0KT7TZK84,0.09693534
CUST_EOAASB9PJV,0.06661196
CUST_2MUFCE4OPF,0.029562475
CUST_XHVK0T3KNF,0.90108436
CUST_G8DLOJ7I3W,0.02041019
CUST_OXI7GECTBQ,0.10635951
CUST_RLH1AM1P97,0.8358534
CUST_T8QG38SHTV,0.027456617
CUST_LFTP0YZ39C,0.097619295
CUST_ZC4ZRU3OHM,0.1260308
CUST_KIAZ25JVUF,0.08141366
CUST_8WP8NUJNRN,0.027936636
CUST_8Y9TW9K7C9,0.09917936
CUST_IFOKE327AI,0.024540437
CUST_7JUO2X19J7,0.034962196
CUST_ZTCN96L0K9,0.1247775
CUST_V1G8FPLHTJ,0.08995987
CUST_U69J7XANJI,0.13511468
CUST_Y30Z54HKPF,0.021732245
CUST_XWZD8YI427,0.8618502
CUST_HOLXPCZPK6,0.027995352
CUST_DI6FSHZ154,0.7321005
CUST_5MRZSMB7SM,0.033327144
CUST_KIEUY6R02Y,0.01802276
CUST_8YEGY2AUBK,0.038760804
CUST_MAYS0Z1GXC,0.021396447
CUST_S0M1O5P3E4,0.77217543
CUST_5Z43OKE7GB,0.025943208
CUST_39R9V7BS9S,0.026001418
CUST_YSLMWFE1TA,0.07077994
CUST_BCQB4F6RUH,0.090536624
CUST_NQA92QPU7S,0.024423884
CUST_79BWZTT32F,0.029231464
CUST_89TV8K9VIB,0.028849222
CUST_JH59ITL9VO,0.02348863
CUST_975HVOC9R9,0.12146573
CUST_93UQ7M4TIS,0.0968606
CUST_GS89VXBK73,0.82752544
CUST_GPBKFOC01Z,0.0790197
CUST_O10BKCZHX7,0.020966325
CUST_K71WE7OG35,0.78766376
CUST_A55NYCKVH0,0.097992755
CUST_MFXG6C5T0V,0.088141896
CUST_0DJXOBCAHS,0.029674798
CUST_148121MUWF,0.033732552
CUST_TO8R4EUV4C,0.024896935
CUST_1FDD5IFGNO,0.08065188
CUST_I9VSLL2Q31,0.05242607
CUST_EI6N3WPYVH,0.12144618
CUST_7IS30GBHBK,0.101056084
CUST_969POAVZZN,0.10492589
CUST_W4XJOVVA3F,0.08718684
CUST_R5VRNZ79BN,0.7885367
CUST_R51YSCZY7F,0.03674308
CUST_BEFSBRWRLO,0.031935196
CUST_40K0FZW4OH,0.021873247
CUST_5ZGK8SSVJ0,0.02478182
CUST_2TE53KFLG9,0.13367043
CUST_8S21XYNEVM,0.041624922
CUST_EMC5S8L3YS,0.11403263
CUST_X5MDVJFQEO,0.027255066
CUST_XP6T6IXXSD,0.11456319
CUST_EZGUPNOI9J,0.023990417
CUST_RPKAH6EQLX,0.12046196
CUST_4KHPIXYKJX,0.036326837
CUST_0J0BWEBGGC,0.11458566
CUST_DKYTK2ZD9J,0.039807186
CUST_DH50SLSXG7,0.030869033
CUST_4T1SS1AAWL,0.12277591
CUST_XNNLUQ5SW7,0.04942032
CUST_26PBX2NL3H,0.03182115
CUST_VW8UF1J5UO,0.029946357
CUST_A76UMI72TA,0.7639341
CUST_J2P4D4RQWX,0.024194267
CUST_HGGW0GI6X3,0.02656416
CUST_PUDU7JS6KL,0.05171506
CUST_4YWQM7RNUY,0.034483995
CUST_DP965FZPRB,0.03021298
CUST_984W2JBJ1D,0.019488664
CUST_7BQLDZ2QR7,0.13525085
CUST_YNMLUS55HJ,0.069925375
CUST_EL3N9WLND7,0.078993425
CUST_CASKN2GTMS,0.09222839
CUST_9RO7E6G49A,0.07258512
CUST_G9772WYZ3E,0.1186304
CUST_SJSI8UCE47,0.025412396
CUST_VXCQLLBYO4,0.07806943
CUST_WNXNCXMZYR,0.1454388
CUST_DA653ZPNO4,0.1535034
CUST_IF271OUYCI,0.09802495
CUST_F45VA7HZQX,0.06975865
CUST_1OHH6RGDXK,0.10725302
CUST_NZUCXYKIJV,0.16845159
CUST_RTPK0KVED8,0.023987688
CUST_TE6BPX2NZI,0.023595488
CUST_RWH96SHY7H,0.018407814
CUST_0NG94XVCT3,0.106259234
CUST_A6G3BV9KC1,0.8940101
CUST_T6JQ4ETH0J,0.12572783
CUST_GG6T1H0ROV,0.022864802
CUST_Y6KPGUNCCW,0.03191108
CUST_FK20NZS9IT,0.03136452
CUST_MSYISX6O5T,0.026175551
CUST_DWZOWUF6J3,0.12084713
CUST_MVHZNWIRWO,0.037245482
CUST_BYRQ01VXDP,0.07098436
CUST_X7JQXPGUP4,0.022613797
CUST_A1PAR505KE,0.115883626
CUST_4P41JEEO5E,0.02997567
CUST_3C7NLZ72P9,0.11431213
CUST_KDCRKKKTNL,0.09716369
CUST_LD5PIC007M,0.861985
CUST_VT9YVK9ZZG,0.06693568
CUST_E7SFJ45C0M,0.022552172
CUST_JHVJF9FISH,0.023784734
CUST_DTM8UP88B7,0.09409691
CUST_14PIVQTXP2,0.08563349
CUST_OR8XHVU51T,0.02860527
CUST_HVYL44NNQO,0.03877222
CUST_XDQGXDX1X0,0.02229903
CUST_HGTDZOEA0T,0.023439627
CUST_ICACYSMXFB,0.033191506
CUST_KC9MDDH3YT,0.1065838
CUST_TKPDQL2IHH,0.7305276
CUST_69FPMJVWQ9,0.10297297
CUST_01HENLDSMV,0.11114018
CUST_H0V47L2ONM,0.030333206
CUST_0AP1QYKDTY,0.1242865
CUST_MFFDJN7G5G,0.11080511
CUST_FOZQ262RFE,0.02603189
CUST_DDNPSVDVTX,0.03846657
CUST_IEIZOU4YUF,0.022056853
CUST_TYJY9YP07K,0.034689315
CUST_300V07FXRA,0.023430564
CUST_6NPOPJ08OC,0.026898095
CUST_RRJ14S1BDG,0.028481577
CUST_2LCRMRW28G,0.025045166
CUST_3F8LN56O7V,0.037466586
CUST_O6OMMV1A5H,0.07096859
CUST_SL6FPRI2IX,0.06790261
CUST_BGULOFYPUS,0.022649473
CUST_QZU2M557ZA,0.15395148
CUST_MABUYU737J,0.09754814
CUST_Z2P0IHGTSG,0.11823317
CUST_WX55X3ATRP,0.07638655
CUST_AJX3SQ3YKQ,0.13052414
CUST_0BEGDZL4Q5,0.05101964
CUST_Z18GXZEZBS,0.08000935
CUST_YXU2Z516AS,0.029869175
CUST_F9IGH7YET9,0.02274251
CUST_8Y235ASDL7,0.025895592
CUST_6Y8VCS90IZ,0.035489954
CUST_S8UU42ESO3,0.11866987
CUST_SRH8MYZGG2,0.03424071
CUST_GWEBFEW1RS,0.06755173
CUST_SW0F18NCL0,0.12774195
CUST_6XGM0PQU25,0.120290734
CUST_6PHF3G1BVP,0.023187181
CUST_UJFB9NI4VI,0.028029818
CUST_ZCLIHSYBZU,0.023053395
CUST_ISE7L2B6N6,0.028487476
CUST_M6ZWKHNPKZ,0.056165732
CUST_H18DMBPYTU,0.021840645
CUST_3AKYM9QV76,0.052897237
CUST_9F8IY21VIO,0.08346161
CUST_8Y4A49FR1T,0.028802456
CUST_WWM64KDXE5,0.033420857
CUST_XBNH0PWWI6,0.02135678
CUST_RCE62TD1O9,0.02393234
CUST_FE0HTXZ43B,0.028339438
CUST_QL0OGPBPTR,0.0214192
CUST_L09INATQ9B,0.030663086
CUST_8PPJHRANTC,0.08710651
CUST_8YCI2T664M,0.027380737
CUST_410AQ4XJPG,0.026168916
CUST_5FDD6G0ZER,0.025531678
CUST_EYFYDU9VOJ,0.02293678
CUST_W5EUH50INW,0.08902699
CUST_FJ5BQS36A2,0.079035565
CUST_FNT8PNFQAI,0.0860922
CUST_CUEOKV5S2T,0.105153315
CUST_5DSQFDWSWW,0.025528297
CUST_2VS0RJ75X6,0.026184263
CUST_P921G1VBYK,0.028229116
CUST_ZJDSLF3HK0,0.023908935
CUST_XSRZ9H9XUH,0.02576417
CUST_J8AIR92I6S,0.0314682
CUST_3U1Y6TQJ88,0.023437368
CUST_L68WYDVF1O,0.091841325
CUST_DWV0ELFSN7,0.03268669
CUST_CUKEU959CV,0.084792756
CUST_XJU3VGQ582,0.024213096
CUST_7SFC5PV72H,0.028382726
CUST_M1Z9W8S08B,0.02457826
CUST_3BN5FPAXOM,0.082971595
CUST_ZAI95TXZWI,0.8585949
CUST_P72XBCZPMH,0.11013842
CUST_ZQQN1EKFCI,0.024532221
CUST_HNXTU83ER6,0.019807287
CUST_U6QXZLRNOK,0.020157833
CUST_KL0BW1ZUHY,0.033038583
CUST_KRQFFLEDTQ,0.025947882
CUST_SNSNAD10R4,0.0977404
CUST_XWZ10STXZ1,0.030070351
CUST_VW05FCK76I,0.07968604
CUST_WIZD0R80F6,0.023657082
CUST_LSQAH0EWC0,0.03427317
CUST_2FE5DQY86V,0.72578704
CUST_WGMKX559ML,0.10020836
CUST_3S63WDHELV,0.11103588
CUST_A6FQ1YG91M,0.13418567
CUST_VHVX0ENOTP,0.121207066
CUST_GSMNZC8KJ8,0.032877937
CUST_BDC5BVRWS8,0.16118596
CUST_52AGYKKO25,0.026635973
CUST_BTIZ586Z7W,0.025272543
CUST_PIZ3F3GE9I,0.02872093
CUST_HKFZFDHJWY,0.035177298
CUST_FN16LXFA76,0.09327574
CUST_AJNS9RFK3F,0.02858674
CUST_PHKPOLI74S,0.07591502
CUST_TJL1409NLT,0.022988072
CUST_HF1Z8S0XPD,0.21946226
CUST_P79QLI9S6S,0.02067809
CUST_GVIWKVGA4K,0.70557815
CUST_O7IUMRJQVV,0.027050093
CUST_GYNLYK1G9A,0.034801412
CUST_ZWKO8WPZME,0.120013066
CUST_I7OHBJ4U51,0.13259803
CUST_QVREWNMTO2,0.07913853
CUST_2MKVBDMAQB,0.02260224
CUST_9YTW6JDK26,0.11331483
CUST_LUTBO4NBI5,0.05918308
CUST_RQ6K0IG47L,0.038131822
CUST_ZRZDC7P76B,0.041553836
CUST_6Z684W7I2T,0.036094267
CUST_BY6EK1154O,0.07975427
CUST_MWKZP3OH0U,0.8147552
CUST_QYFZ7O7O49,0.13664714
CUST_N3W2TZJ7SW,0.02331964
CUST_W2ZZNZ5YN5,0.079445384
CUST_J9RMVO85LJ,0.0874429
CUST_CLDC16IQS7,0.044083126
CUST_GYV9TWX714,0.72421384
CUST_FJPWLO9N63,0.019554688
CUST_E9O7W3IZFB,0.11400857
CUST_HV9ATCYAXT,0.7659917
CUST_C3LUO6V495,0.1329128
CUST_DXQGIY9LG7,0.07731034
CUST_ZKZ77LEUNQ,0.022343569
CUST_TMBX8TZ6PA,0.025422571
CUST_RLQGNL03EP,0.03535621
CUST_U2A9LRF81Z,0.025228694
CUST_1Z7K4WR3XN,0.0274902
CUST_85N2AYX9XI,0.121597685
CUST_NROPQWR2KX,0.099557064
CUST_9O44QIBZWG,0.024381954
CUST_5I7F1XMRLE,0.09324634
CUST_HB1HW7T33E,0.034300953
CUST_HZBFOALZVO,0.020309333
CUST_UJYGBFU9WG,0.023504937
CUST_GZCIAH5K43,0.029825777
CUST_15GGMCBGCH,0.02865559
CUST_3JTLTRNJLN,0.09341694
CUST_29I3A1ZC6I,0.02797235
CUST_NBG417V2IG,0.025554199
CUST_3H5842IUW2,0.04843631
CUST_EFGWIN1SRU,0.08132058
CUST_CPGWCGUVYC,0.097387046
CUST_E5GHMBKZXB,0.025184862
CUST_N864WYJA1H,0.03732578
CUST_TRAYJBDH22,0.018124979
CUST_9EN73PL8P5,0.024318013
CUST_FX2PZSMLOW,0.028619379
CUST_98K2U0JFXL,0.020668808
CUST_UMUZIL9F46,0.034173902
CUST_YOGF78OMHU,0.022875017
CUST_UT6LW1JN3P,0.08789578
CUST_DRKG9H9Q4P,0.025721617
CUST_Q6DPGXKHV6,0.023123896
CUST_0QYQCUR4AK,0.05547811
CUST_06UG975ZWP,0.019290121
CUST_DO1T0UFE8W,0.024094949
CUST_OVGXXZ2VM1,0.7903406
CUST_0DGSA21TNJ,0.12928371
CUST_S2IK90I8E0,0.03358706
CUST_A009VJF0KL,0.022532504
CUST_17XXOVRBS9,0.022650676
CUST_2G7FZFWOS7,0.0950355
CUST_QDZ9B4YNYN,0.07319632
CUST_NZ8TEOASM4,0.80781406
CUST_1CAK4IO1GW,0.021996973
CUST_EZ4OL3TIAN,0.80552673
CUST_147FECAPOF,0.021854362
CUST_QA3LDNJS0P,0.02294144
CUST_Y4RBHPWOLT,0.024544045
CUST_PJRNYJL3A0,0.15610245
CUST_12ZMONBFHS,0.040373962
CUST_D5318R529J,0.061925497
CUST_9XN7SGJX6P,0.025188435
CUST_CRCZK9DT9K,0.019723093
CUST_3M1J8OHNKX,0.025395837
CUST_MDTYHU1PO9,0.019612899
CUST_MPDKI9S3RK,0.023160858
CUST_NBNU6XGJQ8,0.035154477
CUST_UTQQ19FG61,0.068067804
CUST_HGY9GO0LOQ,0.13018927
CUST_ONY2S7LE20,0.10213829
CUST_ULLMSA013I,0.11178683
CUST_C7MW7IJ3CU,0.022825858
CUST_NMIK2B2XHD,0.02634844
CUST_8BYVCTG7ZV,0.1024663
CUST_S5EHLM1NG5,0.042948846
CUST_JLK2V1RPXR,0.09768822
CUST_L61RHCE2YY,0.026459392
CUST_LLVHRS7PYB,0.021233935
CUST_3K592F68S0,0.03161525
CUST_FYCU3S3JHE,0.86896396
CUST_PPD5DRX5HC,0.14166017
CUST_WR93H0NNKY,0.025971582
CUST_L1WN6ECUB1,0.04397239
CUST_XX6QFREUBR,0.028956976
CUST_O5VOYFKZIJ,0.11504445
CUST_B36RQKLIIV,0.024629854
CUST_42441QP6S1,0.11366034
CUST_RWCI5A173W,0.06399623
CUST_NGVN7XWQ02,0.026858268
CUST_07Z7UWMCA1,0.10014314
CUST_BU9FZNLZEY,0.0326083
CUST_4Y8TC2DFF4,0.024094999
CUST_A1CYWMEQ3M,0.048809215
CUST_8AVH6C6TJO,0.028285803
CUST_RGKGGMV266,0.02955377
CUST_6MCPJCY96G,0.10022762
CUST_RXWRVI1IL3,0.08133832
CUST_CU6LELZ5W7,0.024960566
CUST_AAWS0OLB8W,0.026750138
CUST_F70HR2KPDL,0.026570713
CUST_S5YT9KUUDM,0.81029105
CUST_WHXMGI15H5,0.032697774
CUST_VGMAE0ZVAS,0.024278566
CUST_EHJ7M3RALT,0.117138915
CUST_9KI4HOUZRO,0.085713856
CUST_40TK3DJZ25,0.096399054
CUST_HAPY3N6L6C,0.079475045
CUST_YMENLWXUKN,0.025191398
CUST_W29EAB0CBE,0.029865326
CUST_GQGI1XJLCY,0.028516386
CUST_VZW87EM0X2,0.102943204
CUST_2E20GKHD24,0.084244184
CUST_NMDPVMR5J5,0.027381098
CUST_2MUBGVLM5H,0.039313346
CUST_HATMTOG5EY,0.07698018
CUST_AA7GDT39WP,0.09636353
CUST_3IG8MCU8VY,0.02451982
CUST_X6CUZIYK4F,0.021348588
CUST_PQ60PYQV5L,0.17223413
CUST_Y5VE7NPO90,0.79197896
CUST_JVSRQC1TWV,0.02630847
CUST_17TIJSZTR7,0.1335793
CUST_KFCXNRJVWU,0.17115538
CUST_VJ1WBJU68F,0.12550227
CUST_8LZG9NHVVF,0.0352801
CUST_DEM97AAQ9H,0.034673236
CUST_ZDD4LJOZJA,0.2020539
CUST_ZTDGK554SU,0.025775554
CUST_JO3AELVKDH,0.85775876
CUST_RAVSI3I7RF,0.026951654
CUST_D352CXMAY0,0.024375737
CUST_F9V27MHSLN,0.022932641
CUST_A69XHNCKUG,0.02350427
CUST_86REFRGKFM,0.877682
CUST_NK78K0B56O,0.09268142
CUST_817BT585MX,0.7460136
CUST_LXY8C3BOXI,0.019382097
CUST_AO3P4Z96US,0.8356264
CUST_MM3DWLD9CE,0.10193713
CUST_K7OH5NRTSQ,0.028521901
CUST_QXEFKYRUZ1,0.07269294
CUST_VPZXSBB7DA,0.020944437
CUST_PFHYDY2RWM,0.10853805
CUST_1ZILMVM829,0.042217847
CUST_MI5JWX77Y7,0.024139144
CUST_MTIYPEPYTF,0.022205355
CUST_14NCTQESV9,0.11415476
CUST_AL19MZN6ZT,0.027791789
CUST_WTKC35XXQ7,0.07725753
CUST_XQ84GE9WI2,0.07037797
CUST_P9KA9IANM3,0.112281956
CUST_LW7FHQYKAT,0.10802867
CUST_5S6GF8P60N,0.13698828
CUST_L9D46XOSHU,0.16421483
CUST_WNBBAJ8RSM,0.026623229
CUST_LBW25S4MKK,0.0967119
CUST_B4SO5W79XU,0.09585077
CUST_HT4XUYCUS9,0.022609862
CUST_JUU49EFCRN,0.071640596
CUST_HQ4X4G8MJQ,0.022924874
CUST_VH0B67ZXTY,0.041078687
CUST_1422Z3U29F,0.098150104
CUST_H70C81C8FW,0.033763003
CUST_XE4AMHRLW5,0.02526276
CUST_CSI714C6MA,0.027259206
CUST_SZ95RHG19T,0.054087862
CUST_PXMZAAUHBC,0.16466442
CUST_7SFQ2CPZIS,0.09312248
CUST_CJKNYZ4DBT,0.09128847
CUST_JQNGTRZ1CT,0.11611975
CUST_O97Q9RR4TK,0.5920164
CUST_BJIPQK2Z6O,0.023466459
CUST_57KI1OHVD8,0.023503294
CUST_5X3XQ84F7H,0.07103397
CUST_OLY7B6CUGE,0.100703634
CUST_RYJK9E3V21,0.12933381
CUST_M22J3W5POL,0.10816533
CUST_QK3KFUI5YX,0.10936487
CUST_254NKHLPW5,0.11458945
CUST_0M8RLH73IZ,0.10749156
CUST_N8R6BAB0E3,0.031912368
CUST_R9ZGU19QO4,0.034219787
CUST_19KHBUP42E,0.023583421
CUST_4G3T3S1FMA,0.035845164
CUST_M5872JHY3I,0.031054536
CUST_42152S4NZV,0.022729412
CUST_2CJ1M4SFKF,0.037289537
CUST_5UIG9CSWKP,0.028924862
CUST_5LRM7QEH31,0.11451193
CUST_57P76UWBLF,0.03468807
CUST_QGB1M2R3B1,0.026851967
CUST_GID9ULRFT7,0.7031454
CUST_9O067ZXAVH,0.072247475
CUST_YCKJVFYL3G,0.033813708
CUST_5VE69H6MV0,0.79696316
CUST_FCEGEEZL0F,0.0236451
CUST_92DYS64CUW,0.14408119
CUST_434BYKYIRA,0.16439
CUST_6BFQ0JFHLD,0.027350867
CUST_PVHGVMW3PN,0.8723907
CUST_YCUGI9P09M,0.10524508
CUST_2KRYIPLUSJ,0.02674837
CUST_DE86AHSAJ1,0.152113
CUST_KBLY2WNYTD,0.11848592
CUST_R534832WYF,0.04233886
CUST_EG904CQAZF,0.02996968
CUST_66O5405M1G,0.85260737
CUST_CU4YKHJUU0,0.12070912
CUST_M1FKHX0G5H,0.09681125
CUST_8JZPN3MCBB,0.03193113
CUST_NGQSQQ0ND9,0.20426612
CUST_CC1XUBALWL,0.029573036
CUST_20U59L6T9S,0.07819046
CUST_3RU4IDL34L,0.088066004
CUST_VVHZIWRJY0,0.78274584
CUST_PJBUU46RH3,0.02718306
CUST_W1OJ8THUCE,0.09505861
CUST_APS3YP028E,0.02360447
CUST_Z8TPTC4TGH,0.13351782
CUST_7CLE9ZOJO3,0.019221682
CUST_0UB5SGXRX6,0.021757958
CUST_KA4POKXV5H,0.021744246
CUST_7435ACUU6H,0.022075206
CUST_35U8Q2I4GD,0.029166464
CUST_Y9V2U84RB3,0.088357136
CUST_A714Q088DT,0.14180438
CUST_G7QW5FTZID,0.030767772
CUST_NVP2QDK8AV,0.022118632
CUST_88P8J0418M,0.0206355
CUST_V6XPIVW8R2,0.0285377
CUST_D4MIHDWCKG,0.8438779
CUST_TU4L3ON74A,0.07752303
CUST_1BPLQGMM6X,0.13559635
CUST_MWV46615U1,0.08825559
CUST_TO3MMNFFKP,0.021695297
CUST_9HONM931AE,0.020250011
CUST_5F5TX69TH0,0.119949624
CUST_91EZ4GFPJ4,0.8153338
CUST_5EEJIXPNU9,0.033740923
CUST_ZZ4HYXXP7Y,0.115520135
CUST_BVRZSYB1YO,0.090437084
CUST_3R1799OW8B,0.12802114
CUST_4PPZMM8UTA,0.095254205
CUST_L8ZNKN97U0,0.8445924
CUST_ZC8PDZUSIC,0.08890836
CUST_2C74PYGGC1,0.7767145
CUST_065GMU7YD1,0.023500167
CUST_0ICP0JVOHN,0.03595886
CUST_N5BB9IF5BL,0.051250074
CUST_1WEVIKM6DW,0.027737286
CUST_AY27LW7A4T,0.030698793
CUST_3RZGZZVN8X,0.022960233
CUST_5V7F739XFI,0.027698696
CUST_MNI8E0TJQQ,0.108754545
CUST_8OSODA88VQ,0.14062954
CUST_ZNFJX10EJM,0.08645868
CUST_3SYAN1OTOT,0.023998674
CUST_6O3B352UK5,0.7724566
CUST_OWJK568V6B,0.028162487
CUST_LZEBT34E6D,0.022692166
CUST_588UOM9KRC,0.031719476
CUST_V6UR33I2LX,0.10271631
CUST_8AIOOXQYLD,0.029852834
CUST_X9BDXVWJQ9,0.8601057
CUST_87X4Z81QRH,0.028553052
CUST_KUDFKJWO9H,0.02360852
CUST_3DSWVG4571,0.027632065
CUST_E28DE6706N,0.03339308
CUST_BCD4AOC3O8,0.8096384
CUST_HRXX20895E,0.021721356
CUST_QD34REC8KR,0.7852671
CUST_7J5EV9PY7T,0.016547993
CUST_4DG5ADXW76,0.033274285
CUST_9BG8W4T03G,0.10070042
CUST_TWW4FGODWS,0.8402825
CUST_3NI0DDN9LS,0.07372481
CUST_I8LQ9ROELI,0.0339345
CUST_US6RLCBDVU,0.13570674
CUST_EXDZKJCTEG,0.038422186
CUST_QX7UGKPWZF,0.034521505
CUST_SSPMA9VRBN,0.032504536
CUST_0IWR7DF4M7,0.022181699
CUST_J8BSF6SQUP,0.024384577
CUST_MNOFXJAKLC,0.1397056
CUST_JQ0UR4WNKJ,0.0837484
CUST_HU4K6PC18H,0.018732134
CUST_OUAUWFIMW0,0.033454083
CUST_D04N4OMT7D,0.097530305
CUST_BI6MHHO0UF,0.025095463
CUST_2B81WFXXLF,0.07341473
CUST_B5BFOL6604,0.90494496
CUST_78F5MD5KAC,0.20446846
CUST_IPFZVY3E3P,0.11091128
CUST_63P8H65GSI,0.098743156
CUST_IZ6MPU6U8Q,0.13521379
CUST_TPNUIGNWN7,0.03200602
CUST_2BFFDR2OVT,0.07207664
CUST_5Z6PTOBE2N,0.030676356
CUST_C9VLN2JQV1,0.04152032
CUST_UREPDUSCSW,0.10669275
CUST_IUUI08QP18,0.03262306
CUST_7Q8HYIJNGW,0.048549
CUST_9CO8AGFO0O,0.0283876
CUST_FCLBPC9G8M,0.030414263
CUST_M1FANU0N5I,0.105512016
CUST_BNBEDYC3N7,0.14867125
CUST_GB5ILSLD3M,0.028529907
CUST_L4ZEYVUKVR,0.03537869
CUST_7JDUYUC5OO,0.15283576
CUST_HEEDOD5BTH,0.07425267
CUST_P9A4N4JFVA,0.0766087
CUST_UKOS4B68PA,0.7748686
CUST_HRAVHLRXCE,0.10744456
CUST_9TIYYOOKDL,0.019363295
CUST_6CFVFL14TG,0.10424144
CUST_ZRK0A0021E,0.089564286
CUST_2BAXB7321G,0.84602517
CUST_7GORGE11XW,0.038074534
CUST_U7JLYV85TW,0.084446736
CUST_49WXBYBQFV,0.08751489
CUST_7PSTOH5283,0.028244916
CUST_UNQOJGHKJK,0.10385898
CUST_SUTJ3K4GG8,0.024111206
CUST_8NRQ6JP415,0.021175075
CUST_E4SX5DNQ4D,0.09474206
CUST_R4834F1ZFE,0.022501763
CUST_FN3BEG2RRT,0.01929937
CUST_QSUMBQSPTC,0.024445789
CUST_LMR4QW9UBT,0.026477123
CUST_A6QP9R7LUC,0.035283957
CUST_MFNABBWZAI,0.03163085
CUST_B5ZQS4GKTG,0.11625456
CUST_B7IIJVJ4PG,0.07311022
CUST_7NH3FOQ9TP,0.020181438
CUST_530021J8E8,0.027344117
CUST_U57YQVR4UN,0.09288711
CUST_HYGQL2I62T,0.041012537
CUST_AOSLZVSWH9,0.032309018
CUST_YDD9ZFAQR9,0.12628488
CUST_RM5KDD9O6W,0.15306085
CUST_8QONBMABYW,0.033960342
CUST_82JH68EDAU,0.029800676
CUST_1H14GSC4K8,0.13077842
CUST_TESR3GSL4O,0.018160773
CUST_3IO0W46SY7,0.032059204
CUST_DCFNZMGJBL,0.024610437
CUST_X675EI1SK5,0.071643546
CUST_7Y2G28BNH2,0.023989704
CUST_N4QO9RNQW4,0.027054776
CUST_E3CTMH56AZ,0.027582219
CUST_HJTW2F2F76,0.020080596
CUST_4O17XGJGDB,0.77705884
CUST_WGDHISQNXC,0.84864974
CUST_BGU8I9TTPK,0.017314019
CUST_8MRY311KNU,0.10944122
CUST_7GENYXB4IY,0.13480565
CUST_CPCT6IA95S,0.03095075
CUST_4YSIDOGVM5,0.10455468
CUST_L3WEPJOBNB,0.018836686
CUST_BE2T42UWSO,0.09068324
CUST_WDA9YA5H56,0.07383178
CUST_UOP47XIQAT,0.09364878
CUST_VLDBNJPDUY,0.030101776
CUST_OLHNO31GOF,0.89828265
CUST_C93UB119L7,0.024434658
CUST_JVAIS5YWCI,0.10993302
CUST_5X0EL1BPZG,0.034030315
CUST_I9LGV6CSHV,0.15565461
CUST_OIWNV1X8FG,0.027768768
CUST_1G5GAXJIZ9,0.028627729
CUST_6USLY2JAK4,0.08861453
CUST_BKBYRS0H31,0.019887134
CUST_23VZS0Q7QL,0.032360453
CUST_AJIJQHHG9R,0.039732046
CUST_BA4RCVY4G1,0.77835655
CUST_BNP98LFMDS,0.02653393
CUST_79T2KD016A,0.020270022
CUST_QPFDSQZG16,0.1773484
CUST_8ZQ0RR3SPH,0.14230986
CUST_LE67YIW48H,0.09375202
CUST_W2Q2TK599M,0.78043145
CUST_7BIMLIZXHZ,0.025997208
CUST_E1DLHLYQQ7,0.034777015
CUST_22UN19WLFE,0.102571025
CUST_60WJB47W18,0.01840613
CUST_2SGZDW12RD,0.033592004
CUST_WOD81NHFN0,0.042058036
CUST_Z4MWQ5E4FH,0.10814535
CUST_O005WHO39K,0.021903148
CUST_EV6KY5UGI2,0.8278936
CUST_LOHPG6HCUE,0.0996563
CUST_IL2NHL4A4N,0.11416682
CUST_H1X4IXKG1Q,0.13228032
CUST_IGE565A6JQ,0.16384348
CUST_ELMCZNX0QH,0.12029555
CUST_3FKH7A59EL,0.02631322
CUST_AVGSLU4COY,0.107739456
CUST_XRE51XEWWK,0.02364253
CUST_WKKYHF16GB,0.03231711
CUST_HBACNBZYOS,0.045165442
CUST_IIM2K69S9X,0.03792903
CUST_AH6VKT9QBU,0.7385145
CUST_CYKZ25LCII,0.032124784
CUST_D87PJ4D89O,0.029940443
CUST_HPJZWMF781,0.024658123
CUST_U61W6QLB3H,0.095319875
CUST_4X2KBS0H84,0.09584425
CUST_RI1UT088D1,0.085758
CUST_HORS1NWSDC,0.029374154
CUST_I8K4NBR7LR,0.024820996
CUST_APNDC8JDIF,0.09880621
CUST_PTV6QJ1YX4,0.021941697
CUST_08PK1QB0KY,0.027168185
CUST_55GNJDLOYB,0.8864579
CUST_8JE7OWSPYC,0.019508956
CUST_IL3RX4QMDL,0.032698106
CUST_EJLIH3KBS5,0.029005675
CUST_WRY0K8PFQ8,0.87175363
CUST_04KNNVLTV7,0.025002437
CUST_M9N3MXGCYP,0.03712704
CUST_462SH43VNO,0.033464655
CUST_7MY9U6UI1F,0.024125293
CUST_4PAWFGBCWM,0.02741243
CUST_GUAWUNGQ3E,0.108753465
CUST_YRXROXT3VP,0.12439288
CUST_EQ7TI1XEV9,0.0741664
CUST_T6HE2AQIRN,0.054446306
CUST_S0MQ0IEPAY,0.0408706
CUST_OHXH1UT57Y,0.093735464
CUST_DQJZZ960BY,0.11331103
CUST_RB7W9XHJLR,0.026342887
CUST_K26J5LMKCX,0.026989095
CUST_HYPO5IJPP0,0.022352003
CUST_H6T8SNT64B,0.033008695
CUST_594FTWJCW2,0.90304697
CUST_NCCAGSJ8VU,0.030593062
CUST_WDKKOO42EB,0.0430953
CUST_W1HSLL4OHZ,0.02672384
CUST_X8136CUEJJ,0.13831523
CUST_X6NZLCHTJZ,0.082019955
CUST_FE3GSHRK12,0.038259033
CUST_8X9DZDBVM2,0.02821471
CUST_BB4EQU9BXN,0.022288196
CUST_3SUA87LO4M,0.02166228
CUST_04J4ZUKC6V,0.0811183
CUST_SNWR845BN2,0.036119103
CUST_DAMUJ2FCPN,0.026998878
CUST_D6UEUD1VQ3,0.021898322
CUST_I76DMZ1CAM,0.13354702
CUST_GR7Q4KQEQ0,0.17195627
CUST_TT02Q1YSJ7,0.09674102
CUST_C5C2XZ1NCQ,0.14262924
CUST_F0WZ7EGESS,0.8483802
CUST_S4O3R934D6,0.03451485
CUST_TGZPIR4253,0.017250197
CUST_918D73UU0C,0.024727881
CUST_04AV7GTI8X,0.021455169
CUST_H4TLQQ9QUW,0.02149684
CUST_L8A5H1BLWT,0.11584504
CUST_AOP57GUWG2,0.027621696
CUST_M5YH5JJ6NA,0.14291935
CUST_4W11GSNKN4,0.087208755
CUST_ZF21GTGCJZ,0.02215982
CUST_SZQFANCXME,0.024798034
CUST_ZXT8SFC5A3,0.020757807
CUST_U7SNG566L0,0.09372785
CUST_3N1NEEM5RE,0.032398053
CUST_T3N3HZ6LYM,0.0999773
CUST_P2YN6O4F5S,0.08710934
CUST_73ENEA0XX5,0.024564717
CUST_6XK41C5S7T,0.122517094
CUST_OTSSC833KK,0.15350646
CUST_EX0RI7JECP,0.09470047
CUST_RSJNW787FI,0.11732421
CUST_JN3C7YUJC8,0.13983145
CUST_9HG5BY9G50,0.11874435
CUST_UKV1NCN3LL,0.021634208
CUST_3JPP7R3GLX,0.8932838
CUST_04CFNFTZZ9,0.13024741
CUST_X9O0L3JSS3,0.025525557
CUST_T8REXYMREZ,0.027776018
CUST_YCYHK94VB6,0.024044437
CUST_VI9KRY9PLQ,0.021650117
CUST_O39VIZO2US,0.083731554
CUST_44PFAWRRZ6,0.024657927
CUST_WEY1RD8GM2,0.045357123
CUST_KAH82COIY4,0.020304808
CUST_S8LOTKYG6C,0.016865293
CUST_MXMX6ID9AJ,0.023301017
CUST_HI3M553GW8,0.11980271
CUST_PJCRMYO2W3,0.073336706
CUST_Z9JGTIMV48,0.08675322
CUST_FJNWVEQ522,0.72037494
CUST_KVREB9I82T,0.025372678
CUST_80V67M4P38,0.8437754
CUST_1V60SLTYY9,0.042236242
CUST_FZDWDCJUJL,0.083374314
CUST_UK9JYUQJLG,0.08201137
CUST_IXWO2S45VE,0.08281659
CUST_O9SK6GQIYN,0.02905432
CUST_I0CTXD3ZXH,0.09459021
CUST_UBV64579V6,0.024951035
CUST_QKJT8KTSZQ,0.033896744
CUST_35LY9MTCNB,0.14551602
CUST_XNN8FR7G3Y,0.114498265
CUST_1DZJ8AW4Y7,0.027333086
CUST_IEPG8KKTJJ,0.03553897
CUST_1ATWCZ4MME,0.023017932
CUST_KUO1SX2AAU,0.11254469
CUST_Z36PQCGD2A,0.023222173
CUST_H6V4EQBYPS,0.026983367
CUST_5YPPTOZE8K,0.072531454
CUST_N9E7RNTEAL,0.031477712
CUST_XV15H6290M,0.023402957
CUST_P1TMK2P5OA,0.77231354
CUST_WHJI15B1B0,0.025167514
CUST_EGAXVD4T44,0.026445076
CUST_J1ZAWDETEF,0.02114963
CUST_6V7HXXCKIF,0.8855547
CUST_5QCW7KOAPJ,0.031668622
CUST_FYAY3KOYQ2,0.026023611
CUST_50OO1CT2HG,0.097834416
CUST_X844J2RETV,0.03878301
CUST_EFUUBF13UK,0.020947374
CUST_Z8PLXTVLWP,0.03840086
CUST_KQLFLSAW5M,0.023676373
CUST_T0G3AAXVBT,0.10112271
CUST_A776HFMM9D,0.024575282
CUST_CW154IP9KQ,0.023450162
CUST_3EMN2WULYT,0.033354633
CUST_98N6OM2AR7,0.032721907
CUST_V6Z39Y03YN,0.02657392
CUST_6PPCMXLB0L,0.03016636
CUST_LO3TM2CSCE,0.032709558
CUST_0829DQ23ZP,0.01906948
CUST_T9PO25O7T0,0.02926566
CUST_ZWQTYL1HTP,0.09302326
CUST_8GQ11RNZP1,0.027255097
CUST_9UKHGTURWL,0.087255776
CUST_O6BX58IDOU,0.8678076
CUST_5PSM1H3N0T,0.080388434
CUST_Q0MSYVNAG0,0.16389799
CUST_ACCD40X86W,0.14517054
CUST_TUW83RUR1I,0.1393021
CUST_3DR3M6BA4Y,0.020387106
CUST_OO1LA6LOO9,0.023279386
CUST_HXZ6LF69S5,0.033011395
CUST_6A1VPOGY83,0.030259619
CUST_R02FDNA561,0.026443454
CUST_UG84HH736O,0.024277668
CUST_8JRUDXMAIE,0.022625536
CUST_T439OZAOGX,0.86661375
CUST_2K4AFMXKRM,0.025881236
CUST_U6ZZ82KN5E,0.19830565
CUST_O4QDCMEEFR,0.0605439
CUST_LN9UZG40HQ,0.11075904
CUST_WFO0H74OF9,0.11213074
CUST_DECE5U3WS6,0.10545744
CUST_MQ7E9RYYIF,0.7361482
CUST_VSCBCZC08G,0.02314569
CUST_JTPZ8ONCK5,0.10492811
CUST_9S4A7Q6NLW,0.11391218
CUST_KPHCI0WM1P,0.023905357
CUST_53HD0SD2HQ,0.021087533
CUST_0YXIEV2RHD,0.18375774
CUST_FQ7NYDFU14,0.08236428
CUST_ZNGFFXIHQ3,0.082122184
CUST_7QF94PZ647,0.115878865
CUST_8C9ZWVPGWX,0.038511608
CUST_CIJYMO58LC,0.028737327
CUST_I4CP0S0ZDO,0.08705328
CUST_UE41R4SKGG,0.030162899
CUST_I80H8MXVF2,0.022961248
CUST_WTOO3VNWKA,0.022307802
CUST_WV4KTFB9O8,0.11722375
CUST_M078E8VY94,0.026027055
CUST_LX091XER8L,0.02734384
CUST_NPEI7IUJ22,0.025584107
CUST_O08RMWGVV1,0.02162555
CUST_QMBC1R0DL5,0.020884246
CUST_L27M1TTDDZ,0.15435141
CUST_KDE91UC77P,0.030080346
CUST_ELFQXFW5TD,0.02500335
CUST_ZZXQMT9B99,0.025038993
CUST_X3I7VX10Z1,0.081890725
CUST_26LTEGWNSK,0.023515655
CUST_SDHT0QRP0N,0.028807618
CUST_D1SK28PW0L,0.03678454
CUST_IV9IRRK3FZ,0.028967602
CUST_7CHAK4IRLA,0.031046584
CUST_U5DYKAVV6P,0.10261743
CUST_FQ1VJM8OT2,0.035517745
CUST_8HL05TVFQO,0.119544856
CUST_1RJZCFKYAN,0.042223383
CUST_EYYOC3I56W,0.114169315
CUST_EEGWPBSFTE,0.0396018
CUST_ZOO8SC047E,0.11271982
CUST_XKIZKFTUTM,0.020601906
CUST_8793EEQ91C,0.024595305
CUST_KQ0MVQHP04,0.030047968
CUST_BGGNW90Y68,0.1322036
CUST_AATYXLSE8U,0.03560258
CUST_OVDGGBDNJ2,0.08704575
CUST_51ODLDQMMP,0.025688812
CUST_GG4UFXARF4,0.022833
CUST_C23CUM801M,0.02342368
CUST_QPX46DCJ2C,0.027392162
CUST_FZEYLH6P1H,0.087905206
CUST_B2649JBWLL,0.028617356
CUST_V1JSZY0339,0.021245081
CUST_7KBRLZ5VJJ,0.026952518
CUST_PFM4TYWYYG,0.15963057
CUST_WGQ42WCNS7,0.018386055
CUST_EPK2SROY6V,0.033759855
CUST_8HY6KOQDGZ,0.035421286
CUST_UESPILVILQ,0.070433244
CUST_66PENJXMIJ,0.8969398
CUST_92HU5MA7LO,0.027205415
CUST_GB3BZJIUWH,0.027326724
CUST_ZJQEPT1270,0.024831075
CUST_DGSQ5SBUQ4,0.034470566
CUST_OLU0NI21IQ,0.025090605
CUST_B8A0RBKNA5,0.024347933
CUST_LEUOX9TTI8,0.14925803
CUST_83CR780KBH,0.75654167
CUST_VXUL4I5F5Z,0.025576299
CUST_SAE7MEMVYX,0.07684013
CUST_HWOLFA7LU1,0.065387346
CUST_OFOOPQK3EE,0.07684128
CUST_C4SI7R0YHN,0.022485213
CUST_ZIBV13BA41,0.026049359
CUST_EMP0VSJB3U,0.03332074
CUST_IJGRSU2YUB,0.12064573
CUST_T7WUK1603Y,0.021199426
CUST_0EX8G3KFH8,0.074352264
CUST_J5100PCVWO,0.026446916
CUST_RMIAIDNS4B,0.024463467
CUST_1I1QWYZUBG,0.6199205
CUST_R3BYTVW18I,0.09229553
CUST_23R4NMEJNU,0.11211002
CUST_A9EQKYX7OC,0.8507464
CUST_NPK7FAH2P1,0.026060062
CUST_CXCNQQ0T6F,0.10145813
CUST_WFHCZEGK26,0.031277172
CUST_KN0504S7A2,0.020940153
CUST_E61TW9WUOO,0.02945227
CUST_0QU05TIPTN,0.03571985
CUST_371F4VBIQH,0.18108006
CUST_ZTGWN25173,0.021454463
CUST_E66L90X41Q,0.78110784
CUST_DNAYBY3KT6,0.12994044
CUST_R1NA7HD3NQ,0.12611258
CUST_TR60LXHU5K,0.036048997
CUST_0WYZNM2S08,0.84418464
CUST_Q5WDQI5957,0.02582328
CUST_RM6NIDUDPT,0.12301992
CUST_2O7S9BSFGV,0.021335935
CUST_1KDARG8TVQ,0.023072189
CUST_YEG5QLPGOQ,0.039232105
CUST_YE75LVF7SU,0.08551156
CUST_5HNBAFET73,0.08940604
CUST_76YMA9LD8A,0.020852216
CUST_89I0NSY28R,0.032494906
CUST_Z3NUKPQD0G,0.13060871
CUST_OYHYOWRA2L,0.107560314
CUST_C0UYONU1RM,0.03325667
CUST_V9NUGY4VWD,0.023158474
CUST_URNLQQQ8MT,0.030077552
CUST_3N61AZF5I8,0.11381861
CUST_QHT3KNIWR1,0.024139052
CUST_ICYEK55FKZ,0.86694765
CUST_H7LY5CUD8R,0.029952625
CUST_7X5F1NSZEE,0.122588046
CUST_5KJJDVNUBB,0.01931193
CUST_ABLDDTBCOD,0.7761718
CUST_JHKIJH4DJY,0.15905796
CUST_KO6JXIBMZR,0.08324602
CUST_T3PMEAU3UE,0.112012655
CUST_GFH0MSYX3J,0.1680501
CUST_BCZ6MMQ66S,0.033033308
CUST_NIHTHDCNOG,0.026364341
CUST_L7BY94YQCL,0.87516564
CUST_TJGH5WXYHV,0.07761802
CUST_1BQUDEZSKK,0.023730747
CUST_K63S7KOCYH,0.15499425
CUST_NVQNJ99I2V,0.022012664
CUST_QA80WXE01T,0.077771895
CUST_PU653S4QK4,0.026544813
CUST_0YJXLA84LU,0.15710452
CUST_0G52RZU71A,0.060566586
CUST_9MN3RIUCPE,0.12925868
CUST_0PQ1BAHZLD,0.03387396
CUST_4W78NR8BC7,0.02353759
CUST_XGR26CKDZT,0.081398346
CUST_IXP1TXGG1G,0.034703583
CUST_A26XZATJLX,0.083766185
CUST_JYD3RF8TF1,0.06956358
CUST_AJHICPX4OG,0.099854246
CUST_L9FW1MGGJE,0.022837948
CUST_7H255P6OX6,0.84729767
CUST_28JU9KFFWC,0.112631485
CUST_9HE25ZNNOM,0.083509706
CUST_E9JYS4UCZJ,0.031252846
CUST_2BRKR0RXG5,0.12513499
CUST_7Z1L1Y2AKW,0.026519764
CUST_1NBGWY8FDM,0.10620337
CUST_K9JJRDRGGQ,0.15881465
CUST_AIKLWET941,0.02827821
CUST_E9LKT605V1,0.10664505
CUST_DV4AJ9CDH0,0.023143029
CUST_CZJTW9K0DK,0.12151052
CUST_BRET3OP6VR,0.12527078
CUST_T7OPS53H2Z,0.119281664
CUST_TFWH8Z8GTT,0.06716105
CUST_1UOXYB6EKP,0.02623322
CUST_NRMHJIUGIM,0.12192974
CUST_OQ8IQW1BZ8,0.024246363
CUST_O4L9KUNTE4,0.096244335
CUST_CU3LGFLAVY,0.09851981
CUST_MX7VG6GOT6,0.08138039
CUST_U0AHKIIZ86,0.031003945
CUST_VMMQGO192J,0.026585536
CUST_NRVXS1K1Z2,0.030344905
CUST_O53AS0XBHN,0.03411828
CUST_K3Q3Y57ATI,0.06997907
CUST_2TZ286JIC6,0.031573128
CUST_Q4DGD7ANQK,0.029773487
CUST_TDDV172BSM,0.027121186
CUST_IXU5JC94RY,0.037834607
CUST_66AL72K1P8,0.7652655
CUST_IV32JFXGGS,0.86139506
CUST_ESBT5535CI,0.02347323
CUST_7371LF3LAK,0.1374502
CUST_L6641GJ2A9,0.024286661
CUST_UKQSR6ICW2,0.81728554
CUST_K1TL6U6FXE,0.07779278
CUST_CPXM2AHG7Q,0.15831657
CUST_RB4DL96QXW,0.024962474
CUST_2CT049TVGX,0.08409861
CUST_IIKTQBZLBB,0.031483915
CUST_P0RRVRS9OJ,0.10997883
CUST_1NTQ3TR1N9,0.022020966
CUST_PW0GCKKGVG,0.16400774
CUST_G5K3TAJXID,0.050116174
CUST_RF1JOUQJEQ,0.12820004
CUST_84G5DMF7DT,0.028750407
CUST_D5SYQPQCBE,0.025109513
CUST_ZHZ59K6X4Y,0.10115756
CUST_TTF0XGVFE9,0.028508307
CUST_GBXMFXVKXI,0.7796779
CUST_DEWF18SE02,0.025395717
CUST_Z11MQ1P1EZ,0.86940473
CUST_6ZT071O6DF,0.030603942
CUST_YVMOUBQQZM,0.08997169
CUST_ONOB1299A7,0.02541722
CUST_D7Q2MM843S,0.0922578
CUST_7D7FHO1X6F,0.08349954
CUST_NJNR6IR7U1,0.105720885
CUST_D5T1Y5AN2M,0.07973233
CUST_UUNQKVIFBB,0.018339014
CUST_5SINRRQ6PZ,0.07343128
CUST_YEX02I83XD,0.026219683
CUST_03KFUA5YWX,0.026560368
CUST_IEVYP5II4T,0.026256105
CUST_MXBZAX4N3F,0.07473924
CUST_9MCRI9FNUL,0.026941085
CUST_R5AV90UE1H,0.08088692
CUST_I2M22E0IW3,0.033396587
CUST_5ER68VXUX3,0.10132451
CUST_TAK2AIAF71,0.14209336
CUST_L6GBKEJSWV,0.07977872
CUST_4MXU2F1JHE,0.07064821
CUST_SYH6GF9EJA,0.02533161
CUST_0AW0LYLATX,0.07556797
CUST_3PE2EG8FAX,0.06710999
CUST_VLSMOFXTAE,0.022575928
CUST_8T63BUXC2W,0.8116139
CUST_559EMZNTB2,0.16709101
CUST_ETIEOB5FAD,0.086856164
CUST_NDOZZ4QKOO,0.87368894
CUST_OEBW4H4BT0,0.7986301
CUST_EJKYY9NQ4H,0.075215876
CUST_0GU1BVX0E1,0.097917676
CUST_JCN5QNDVC9,0.7772289
CUST_IU7GRMN4IK,0.035355624
CUST_9XYW1GXFXW,0.13032559
CUST_GJ69RV98MO,0.028547041
CUST_MX2KM4N8PZ,0.02768291
CUST_WWAY4878C2,0.021540971
CUST_K8LSL7I337,0.6641867
CUST_8HY1URUDS2,0.037758052
CUST_QIBO83Z1AM,0.026495147
CUST_03FD45E8N1,0.07950983
CUST_6NF9ZX5BWG,0.029174672
CUST_CSKAKM0W9Z,0.11055858
CUST_BPWH9JXBWO,0.08137084
CUST_2T9IXTUJDI,0.019630812
CUST_JUMIR7ASDV,0.021482637
CUST_7PUF2VZ8FQ,0.09021303
CUST_X3MMGFT9IQ,0.110632
CUST_1EOFTSFUEX,0.03580171
CUST_EWI97XTVFR,0.10436263
CUST_RH7FKFNFHY,0.07722392
CUST_06VAZUGWSL,0.09786766
CUST_JUOYUJQ9GB,0.035327565
CUST_W59BUB06C7,0.12633428
CUST_FM3X3AW92Y,0.10970251
CUST_5UI5HOMIMU,0.042033426
CUST_52EUN5AF02,0.15897971
CUST_21RP31UZVM,0.02274718
CUST_VU6753APBS,0.7738643
CUST_BA44GWJ0UW,0.041380953
CUST_VKPUPY6YNA,0.12070186
CUST_RTF0O99SCH,0.031509668
CUST_6Z7IKFV1R5,0.039015725
CUST_2BC5H9BINR,0.12408656
CUST_KI8ZDXYFD4,0.024133852
CUST_3GMWK1ZX4F,0.103442974
CUST_EGNP3Q06LJ,0.09614955
CUST_P42P1DIIF4,0.024880517
CUST_J9HJJKQ5O1,0.0277029
CUST_654O5BONZ8,0.07166281
CUST_VXQ0MBD5XF,0.078228235
CUST_LV405JXXFT,0.7869737
CUST_PZIF7K59F4,0.14882044
CUST_9VK6BMS0XW,0.027517349
CUST_MMUMC1FQG8,0.14769712
CUST_GHM67UIGY5,0.11237962
CUST_IUSOEMP2UA,0.053793415
CUST_IMPUL57KNZ,0.061249122
CUST_RTIBNJV2PL,0.022070404
CUST_WNWXH2VB4J,0.74563205
CUST_UEFINK31CN,0.032013234
CUST_BT7AHIBZND,0.025977058
CUST_CLE82243CC,0.07833087
CUST_4CQX3GCILS,0.1360645
CUST_2IPASCP93K,0.70023245
CUST_JDXKU12E0Q,0.09615645
CUST_437M5NHOH1,0.6460529
CUST_YNRPBSYT16,0.14915045
CUST_Q4L0ERALC4,0.15390807
CUST_9X0A3LU7GD,0.028111216
CUST_YOUZFYW68T,0.031559393
CUST_6GFIMCK977,0.027667057
CUST_0UOPSC9ICK,0.027410284
CUST_T4SI1D0VON,0.025552958
CUST_33M5PITRCP,0.020514864
CUST_NF41H2O2ZV,0.07168085
CUST_5Y6ZN8JLJS,0.03371152
CUST_6ULY8AFAAH,0.82742673
CUST_8C7NPT0R66,0.10064059
CUST_Z7VWVSTBSV,0.032919887
CUST_DM9TWCF0DX,0.123142704
CUST_XIS2XR2AYK,0.1303568
CUST_OGBVOGMZUK,0.09980254
CUST_BONNW35Y0N,0.025207685
CUST_II7R4BP63G,0.84663206
CUST_LO1M3L8TM6,0.026393365
CUST_UE34871X4U,0.11337639
CUST_SYEP9OK6QH,0.11087
CUST_YQVC8B2TDE,0.15769055
CUST_IKHSXVMJPH,0.022876838
CUST_2LFPZV2TL9,0.11163327
CUST_P402AQGGKY,0.028445328
CUST_DDJ4YQNGSZ,0.0278588
CUST_C3UDYBPFNA,0.037804693
CUST_AVKEG5OZB9,0.02481169
CUST_KDYK7Z8V5U,0.09024581
CUST_YADHK0R1G4,0.03263276
CUST_BBLBZNC03Z,0.02077256
CUST_WVGD787FJI,0.08722468
CUST_13I3U027CS,0.0289813
CUST_WYNU7HH9G6,0.077628754
CUST_CXRTWXV6GK,0.03281045
CUST_7IXT89Y746,0.026638558
CUST_CHV6OGE7PW,0.025801057
CUST_QA4TA4LZRG,0.03442148
CUST_MGWHOQTWR7,0.022088982
CUST_UEYOB519KL,0.024464201
CUST_SE9XOEGXXW,0.031596445
CUST_WB55AAP6GX,0.12690738
CUST_6W7GIY3P9Q,0.021131834
CUST_87TAB17AF5,0.11806149
CUST_34CMDQXX7X,0.017382748
CUST_FVBI2TSQBR,0.028413909
CUST_Q4KCU6SINF,0.025129938
CUST_FHV2MKI5B9,0.11885007
CUST_ZNC37R46X8,0.825433
CUST_8Z6FGK02VJ,0.1289201
CUST_9X1PLXOU7A,0.02643968
CUST_AWH1LTZTWQ,0.14315186
CUST_NWQJMM7VGP,0.02434415
CUST_HDUC362RS3,0.080935806
CUST_VOSAQF8X24,0.020987967
CUST_0CE9FAVG0P,0.023278119
CUST_QGHDSEN099,0.031900175
CUST_EAXIGXHC6R,0.1181546
CUST_1RQ5Y8FIK6,0.077850744
CUST_TNCJQK4AS3,0.02491597
CUST_BPL4PFFIKG,0.022181574
CUST_XN394UDAJC,0.112524696
CUST_46ES0756SC,0.13192545
CUST_P7PYGQKWB4,0.031516287
CUST_3JTW56I41C,0.08500186
CUST_5ICP84C134,0.03703211
CUST_QJGLFR09QX,0.019002955
CUST_4GYLBY3ASF,0.8696642
CUST_XDI8IZ3YKU,0.030447342
CUST_1XXJ2V5VNP,0.022331582
CUST_R4LCHUGUXM,0.035233337
CUST_TKGSJ7X7S5,0.026085423
CUST_I3FRZWRBU9,0.02048091
CUST_XCT6CGBQ1O,0.02749664
CUST_3U2RJ50T4E,0.07993848
CUST_U23FOJTJVY,0.028063316
CUST_DVC4HYCOF4,0.87205744
CUST_WSTU5ZO86I,0.031634502
CUST_GJ80399TPT,0.020603705
CUST_CQCH1Q9I17,0.03365022
CUST_8Y545ZRHUH,0.030499063
CUST_XYLO5C8751,0.11960161
CUST_MZGYSPNPSA,0.06581114
CUST_522FY56875,0.028038444
CUST_583KFB5G1Y,0.025486622
CUST_6GYJZG2WA6,0.8815824
CUST_OEENXC3U63,0.027804619
CUST_1PAWGL2REO,0.03073158
CUST_SXH730CK6Y,0.026176844
CUST_1HKEEPU7VF,0.030919239
CUST_SW7NO04MRU,0.020854117
CUST_BEVOFYHPWN,0.12673448
CUST_RCMRE2BMNQ,0.67863685
CUST_ZLW3MKV9IU,0.084865615
CUST_XI54GTM7WV,0.10778911
CUST_2PALE9PASO,0.083940215
CUST_C39TSAJ91D,0.12755042
CUST_LGKY05C30B,0.022949431
CUST_V4QEWS27MM,0.13753621
CUST_W7FN3LFP7S,0.109597184
CUST_YGAQ027LCR,0.020890033
CUST_5GU1J2PWO3,0.033311717
CUST_N972FM56MD,0.022664774
CUST_W3IJYIYYS5,0.02463711
CUST_IH9H1PQEW0,0.025839727
CUST_VE8067NUB9,0.024338035
CUST_S0EZUJXY2M,0.026918812
CUST_LXKZX4OW60,0.10991769
CUST_9BYFA15NXP,0.026704695
CUST_5JIS7BBNDJ,0.0946795
CUST_84LAPIXPC1,0.021101244
CUST_8R4UFIAGOQ,0.0341738
CUST_0QL7D3F402,0.12895559
CUST_69LBYJB5S9,0.030160371
CUST_J3CQ981FMB,0.1565191
CUST_DL2VJ5CQT2,0.019158177
CUST_JKRR5I4V53,0.0314345
CUST_JBCX1LWAFJ,0.022185113
CUST_JUBUD0OCZA,0.026133869
CUST_JQIDL7QQX4,0.022261929
CUST_MMCAZUW02S,0.880882
CUST_77XIB35IS5,0.020764312
CUST_0E3LC3AI13,0.8284745
CUST_7LOC68A7AV,0.023247175
CUST_2SL9SQ88TN,0.026748793
CUST_VC8XOPNPND,0.13211687
CUST_HNF1ZSE915,0.026098866
CUST_DX73Z1PZME,0.11515582
CUST_RZSKN6SONH,0.021861045
CUST_BNWVAKCXNZ,0.03553083
CUST_0SQDQFYIDJ,0.024329187
CUST_LP9AY60F7J,0.01839954
CUST_BV5GHQ25I6,0.0954332
CUST_W57XJ9HLBV,0.026453558
CUST_H4USN4MS2P,0.02659475
CUST_9OHYVNOCJK,0.026277808
CUST_D1ETL4SHIV,0.024427852
CUST_1OQMH550M2,0.12589733
CUST_QFSJS2TY4C,0.027970929
CUST_QAIX97SM7U,0.8936945
CUST_WAQ4PUOTC2,0.8784449
CUST_CIEKORDU16,0.031423222
CUST_IXGPIZD9Y5,0.02735794
CUST_41XQ97OO7Z,0.027862376
CUST_EETEWB6IZP,0.024633007
CUST_V1NWOODPJO,0.051192477
CUST_7UAKQH4PG5,0.02781481
CUST_OR9FTDSNPE,0.06818367
CUST_JTC03W3HTS,0.10341234
CUST_RZZ3M9I9PV,0.021294134
CUST_6UWP9YVM7P,0.106931515
CUST_F48D9VON54,0.022110397
CUST_JJVH01ECV0,0.834011
CUST_3YMZTEOWIM,0.11111424
CUST_T8389PT6C7,0.026224434
CUST_TBS5I9LUT1,0.08416441
CUST_ZPNP4WMJBS,0.02354511
CUST_Q1JQICZLCI,0.08001978
CUST_9ZN84GY3YW,0.02198436
CUST_HOQP0Y0BIS,0.024123114
CUST_UCXUGQQCC5,0.03469329
CUST_HW0CPZFI6V,0.12790845
CUST_WXLCX4XWS7,0.027578218
CUST_CM7Q9P1LDD,0.113119826
CUST_5PD1PP280G,0.084292755
CUST_X7JD33QPNU,0.02856676
CUST_S946Y9T35H,0.11776711
CUST_XG1H42Q1NX,0.16848783
CUST_BFXNEO8FUT,0.046456892
CUST_A4GGO3EJX6,0.029703677
CUST_KNS1G1VOTJ,0.033174828
CUST_ZD07HTDD67,0.026252046
CUST_1VXC3L0RB4,0.021878906
CUST_WC9NGQB44R,0.026441066
CUST_0N3U8XQZZV,0.1064345
CUST_7T9R0C13XP,0.032345437
CUST_WDPC9P3WPT,0.10181779
CUST_PDMZ8X8RQH,0.026403936
CUST_BKTJH8Y2KK,0.027532034
CUST_YUAPEWSR6N,0.089685254
CUST_W8VJK9DTPY,0.021890149
CUST_BIDPC1YZYR,0.022083618
CUST_8DF6NPD02W,0.022665983
CUST_N8RU5QFCBK,0.1296338
CUST_NFG6NLK1X5,0.023357164
CUST_8E18HDXCWV,0.8657229
CUST_JVEB2FJU0M,0.036381688
CUST_HDYZOWMHHB,0.03535989
CUST_RLUNHOBYA0,0.03702551
CUST_UT0VRXPDKM,0.065559104
CUST_XVV6EOLM0H,0.023207434
CUST_6EQ0ZP8W6W,0.022389472
CUST_LFFOAVM4F9,0.037502915
CUST_7HYHI0NI1R,0.08114539
CUST_FLSR6ULWLU,0.028375274
CUST_89NUFHPAOV,0.021121534
CUST_NT4QUD1OPO,0.022106614
CUST_PKW5O9K9WJ,0.03803693
CUST_Z99O0SJ7RJ,0.033702534
CUST_SR4XQZ25KW,0.15653585
CUST_KL8EDFAX40,0.086666785
CUST_TE8JOI0SCX,0.11436127
CUST_CMDP78W7YL,0.04307404
CUST_BYT8LBD147,0.027289955
CUST_H66CVLRFRN,0.1539079
CUST_3BE9T1TEJQ,0.023094567
CUST_9DVPC04LEY,0.032454662
CUST_VBEPKWJFY6,0.12761155
CUST_L4MTJCOOTC,0.022185512
CUST_LZR3CUGJC8,0.031813227
CUST_DNRSRUNBW4,0.08635097
CUST_PKAOSJIM31,0.01831185
CUST_N83X7SE8P6,0.881044
CUST_CPWMP0RD57,0.09392194
CUST_RRXYSF9AA6,0.07034247
CUST_U1ZN297NC4,0.034603804
CUST_BOG1Y9GZE7,0.022952707
CUST_5PGBT2G1L7,0.13182478
CUST_VAIRMXIJ45,0.09287836
CUST_OEJ0QZPW9R,0.028481651
CUST_XBRP70JIH1,0.0565689
CUST_56JM4D8LDI,0.045202956
CUST_RN24CZAHZ6,0.08752396
CUST_JOLV3XM5A2,0.17198141
CUST_5VNYR4CMU2,0.02977425
CUST_J32HCY2Q2H,0.12305555
CUST_JMXULCVP17,0.11996752
CUST_G4ATZPEMHZ,0.079626575
CUST_KPOEYGCW9D,0.028090263
CUST_GI7M54MPP0,0.024179675
CUST_XNMTOF835J,0.022268815
CUST_PT1D04Z009,0.03230568
CUST_517HUC6P7N,0.116993345
CUST_YPZ2X0TIPS,0.07192156
CUST_4JFYWJHTTB,0.10927655
CUST_SP81B1X10E,0.02470683
CUST_4OBJ9B2DQS,0.019325286
CUST_BMG1EEN6X0,0.023255942
CUST_C9007SLBCQ,0.098849826
CUST_KCG8OYSVGV,0.81972706
CUST_JF2UEVG001,0.068527415
CUST_HDX511IES9,0.027936403
CUST_782OSXDAM2,0.027151473
CUST_MEKISQ5D19,0.023497913
CUST_AY91OWTUS3,0.02468411
CUST_1C952JOXMA,0.025361232
CUST_C6PT0COJT4,0.114570394
CUST_YKGLLP08UE,0.033767205
CUST_ZLXQQ73ALH,0.8553399
CUST_VUAHYZEZYE,0.08257774
CUST_MLDM892RAK,0.106142916
CUST_J267RS9J3R,0.019627629
CUST_IM4GIB0BSC,0.026826728
CUST_NXQAF9GSLO,0.09538198
CUST_UA9PEFOP34,0.17780481
CUST_EVVBH1PTUH,0.09466309
CUST_M0JDY1B2T1,0.8636745
CUST_A8VAZWC9XI,0.027617443
CUST_9BF7IPMD7M,0.036654133
CUST_SNK77N2PM1,0.041133974
CUST_D9ORI39TAJ,0.022955606
CUST_FJVCH4YC8K,0.07622854
CUST_G4YBYG56RM,0.71924
CUST_QM3336AAS8,0.038533505
CUST_USG5Q3COAR,0.038079914
CUST_2IER9N1EAW,0.094271645
CUST_XB0T1GUEST,0.11513165
CUST_LJEEEYV3LN,0.036398802
CUST_NI658ZFMAN,0.031482358
CUST_DAPQZD57KE,0.11171891
CUST_2NW66LCN6V,0.09459227
CUST_5TYFX2Y2ZI,0.87434757
CUST_79YQW8C16K,0.033472866
CUST_KJ5JPT7GP5,0.165402
CUST_R6ST2JJBRG,0.024292728
CUST_6UFJ78YW86,0.03045344
CUST_QAIMHLEWGL,0.18412718
CUST_J148N404YB,0.09562905
CUST_SWFMQYQ69A,0.115363576
CUST_H6SVGZ71V0,0.019537535
CUST_BUQIYH3PZV,0.08161247
CUST_V6IS9J2MQQ,0.024224939
CUST_60LU7EZCF4,0.03153804
CUST_VBQK3YCWTI,0.022667134
CUST_UAVGRHJ16R,0.033474643
CUST_EZXYUPN03X,0.023172976
CUST_TURQSLXZPC,0.8075685
CUST_HID8GJK8GQ,0.02290841
CUST_PIUO4HD53O,0.022772443
CUST_PAHXEAZCZ8,0.089122325
CUST_1CDOEF02X4,0.12125453
CUST_CW9MFX4L58,0.12975174
CUST_6U9RCJ8Z3Z,0.12318088
CUST_ROTCA0IY1N,0.02279685
CUST_3WG0HEW17K,0.029298212
CUST_LE36FQMPC0,0.85444057
CUST_E0TSB7A1ZE,0.06169781
CUST_UL68O0NAC6,0.020667171
CUST_87I9DJG61Z,0.033783093
CUST_SFO3IVMJT0,0.062372632
CUST_JNKIS9SX9W,0.024517944
CUST_NRJ65D79LP,0.02426528
CUST_I3OMIG6X0I,0.13352564
CUST_QC36U4GIYQ,0.03407246
CUST_3AS825JBSB,0.038655374
CUST_D45UF187YT,0.12878586
CUST_D8YKZR5HZB,0.0319677
CUST_SBUSVP52OZ,0.022347242
CUST_1U4K0XO3MY,0.067512445
CUST_JLS1IEUNNB,0.09465823
CUST_OEXPMZBUK2,0.13542941
CUST_ZG9H8MU2XK,0.08937616
CUST_4RAPXPEVXM,0.031306434
CUST_U5VVZZJMD7,0.036090318
CUST_1FMHN1L0UO,0.12159859
CUST_2OA12HLQC8,0.14870545
CUST_FJWD7Z7ZHC,0.045184128
CUST_A0VISEID1N,0.034487315
CUST_FGOYEARFQX,0.15292995
CUST_1KWQSIG0F8,0.07824385
CUST_4Z53L71JW7,0.037719402
CUST_UOL50YOXF5,0.086002916
CUST_DEKJSSO9EU,0.02609519
CUST_XBSHK6GT79,0.13037103
CUST_CH4KH0XB09,0.15123233
CUST_39N1SOGGGB,0.13614276
CUST_K1PS1MIFCS,0.0498483
CUST_2K1H1RP44I,0.034009833
CUST_3SZR2PK0BG,0.82804346
CUST_J3IKALK113,0.01869052
CUST_A09YVA7RG9,0.033805847
CUST_1VVVYA958V,0.045995932
CUST_PM18Q252XA,0.021236481
CUST_S3N8I0EEL0,0.07863
CUST_BF8FCE4IAU,0.84495753
CUST_85253HJ518,0.809282
CUST_YVZJISFLC7,0.085322484
CUST_NXXTO4TSYC,0.07105417
CUST_Z1LYIHMCKN,0.72833323
CUST_RH1ZLVIDRH,0.04543254
CUST_FUTSLAMNEL,0.099404365
CUST_OV8NF18I0K,0.026829936
CUST_HFPG09G50V,0.023071444
CUST_O1PNOJ0VOT,0.02354236
CUST_7106MVPZ0S,0.022033682
CUST_WLKYCNPPCP,0.030788843
CUST_9LOZMPVYPB,0.029908484
CUST_FJ9Y7FZ244,0.029008325
CUST_DCJ9F4LDIP,0.027914066
CUST_GEN476ZVNJ,0.87504816
CUST_RXH275JQ0Z,0.03035173
CUST_I8JMGK7BUY,0.065260366
CUST_ZDKINB2N0J,0.08377883
CUST_EJLC8KAQOQ,0.0264611
CUST_BL24KFLFQ3,0.085637584
CUST_VHEV1RIJTT,0.02637416
CUST_8CKH04YUR6,0.025338836
CUST_6FOGL37P0M,0.08428055
CUST_SNKNUD1TH0,0.114107065
CUST_BQ636TMT8E,0.12468483
CUST_F9JLE8VYVZ,0.021792227
CUST_IJHO2WP9RA,0.06962263
CUST_X1KGGKEIQJ,0.11991666
CUST_GUK72W5N50,0.030245313
CUST_URWW75KQO1,0.026669903
CUST_UPAIB28AAS,0.030791903
CUST_85QG57B8MI,0.086649016
CUST_43LLEM8VEC,0.13184083
CUST_RNCCGGRDZY,0.03265492
CUST_M1Q6BVPVNQ,0.034064367
CUST_3LMOQWWFBH,0.094479196
CUST_4XUZ513F0M,0.10789807
CUST_432F3MT5VK,0.02560022
CUST_MXYY8IOPIC,0.06820306
CUST_CNPZVE6O9M,0.036324587
CUST_9C2SYS8SIH,0.055140853
CUST_PNQIRVL2JB,0.099823005
CUST_R3GUC1OJXY,0.89676625
CUST_TL87T923DS,0.03232606
CUST_CFPAMI5UY4,0.027369888
CUST_AF6WWF7RD0,0.035632633
CUST_M5T4XHINHA,0.14469492
CUST_AWH0IDGEBQ,0.027041588
CUST_H79HFMZ60P,0.035311416
CUST_T1MMBJ4A90,0.05508982
CUST_MT32O2O20I,0.101834424
CUST_OBBH4LHIZ2,0.022648882
CUST_LKTPSV4WSX,0.8649808
CUST_YRZYF5E0QM,0.036374584
CUST_1APDL9WNPY,0.030772807
CUST_A3MSFQG7VN,0.024865367
CUST_EP9NNU4LWK,0.027117418
CUST_34NODXN59N,0.1337641
CUST_DAR85A3LFQ,0.11300317
CUST_QNLEQ4HK7U,0.023116093
CUST_29EUKI4YL5,0.8222355
CUST_KDBTY72UQM,0.08659057
CUST_DU54ODLFSX,0.022884855
CUST_6VKY126NB8,0.07261179
CUST_MZL34HQ5M0,0.79155093
CUST_CYOF7CIAD0,0.020331467
CUST_8T5EG9GAFO,0.094261065
CUST_FG39PQFWG6,0.10228091
CUST_P49QC2M9XR,0.09900514
CUST_XV9QLNBGOV,0.10517528
CUST_2AJJJ8G2W7,0.032820605
CUST_VBMRGOCT97,0.12032352
CUST_K288IVR3Y6,0.09140371
CUST_AKEHV0M622,0.09855105
CUST_X9LTJRG84C,0.10785716
CUST_GRUO9NRG8K,0.12329234
CUST_VSSKQ3QT8V,0.028014772
CUST_9IZIATPU57,0.02792624
CUST_QZMFA7U14F,0.029043514
CUST_93D4J9M7RA,0.16378058
CUST_7UV7DN3DHX,0.033473954
CUST_F9U8J2KIQ1,0.13833451
CUST_27KB6X1W0W,0.085813165
CUST_KAVMF0QVEZ,0.089114584
CUST_L8XTRSVVFP,0.8045658
CUST_5PJ3WNP4FJ,0.08860773
CUST_GOUF9MHCIX,0.022356927
CUST_17RMN2KN31,0.022286296
CUST_TDVNTOX76N,0.023048192
CUST_7C6FE8J1XM,0.88268805
CUST_QS5WAD98K2,0.12303655
CUST_XPD4IDZQVK,0.075843394
CUST_YFMHAGWF5M,0.021712547
CUST_JL078LD2P9,0.14695331
CUST_4IY9Q84D1C,0.034288894
CUST_HZAM8S69H0,0.031399727
CUST_0BTNN8PZAL,0.024516301
CUST_60NU09WWX4,0.024709512
CUST_MW4UERCBUY,0.019470371
CUST_EMBL97OLMF,0.12912923
CUST_QCQXPUNEKN,0.021446515
CUST_HXCML82US3,0.09873726
CUST_P6J79WY0PW,0.106738165
CUST_KK7O2WIN76,0.03578154
CUST_E1N59P5T6V,0.020823874
CUST_KXGC2I0GDR,0.024701634
CUST_0DSFRAEYKU,0.08824134
CUST_5L5NGEERNI,0.037183583
CUST_Z08RQXZZSS,0.116477154
CUST_J7TOX0N537,0.029207353
CUST_9OLLRJNQMM,0.026630174
CUST_P1H9G1RDCM,0.87709093
CUST_7ICLCAB1VE,0.030107304
CUST_D92FZRMKNA,0.026865851
CUST_8IEECDEULE,0.025236936
CUST_ERWP2R66BU,0.025071023
CUST_TSIJKH3OD6,0.036900263
CUST_D7QH78N8R4,0.027341746
CUST_O19M3DXLHX,0.024371829
CUST_HHO54KGM8Q,0.032817632
CUST_H7WSQ35CVX,0.837215
CUST_AARQ7PBRM9,0.83015084
CUST_VZ3MNPX97F,0.024665307
CUST_MR04M2U5Z1,0.030021777
CUST_YG5ICQNBU2,0.027070168
CUST_5IZR7WUWO6,0.026918836
CUST_RJG7IBNDMR,0.11940018
CUST_GW3B374E27,0.088718235
CUST_FJ4PHA8YMR,0.105326004
CUST_YD3VI02HB1,0.7808675
CUST_9SQWJFXGQF,0.08600992
CUST_59DT145955,0.022051204
CUST_J609WCKF3P,0.02236341
CUST_PC3M21GTTW,0.021687083
CUST_GNXUY3DDWS,0.110739626
CUST_HZP3BX2RPI,0.11790242
CUST_8BDEBBTGBI,0.090707205
CUST_6MWSRMNR0M,0.03465004
CUST_U03CB9FQX0,0.037094336
CUST_KETYJ85NH3,0.08693435
CUST_WR6GQ2UVA9,0.1301904
CUST_HV2S1K8Z67,0.032745127
CUST_YTIURR61HI,0.13465069
CUST_74VJEJU9H5,0.019903224
CUST_4QC139CR6V,0.037223917
CUST_PBDYIS4M9M,0.8512886
CUST_O1TZCBNLRU,0.14306912
CUST_2WGV7CFLLF,0.024415677
CUST_Y9KAGURRP8,0.12766002
CUST_VAIS46S0X2,0.15114415
CUST_QNYJ5PJPJL,0.14112009
CUST_Z8X3QGRYQJ,0.09125275
CUST_9XH707Y9Y4,0.07013359
CUST_8AID5D5FHF,0.11663703
CUST_HQMI9ZKUHZ,0.11433504
CUST_WAAU6F5TGF,0.07124378
CUST_EX4XK7G2JS,0.031910837
CUST_E354N2HNNU,0.02920112
CUST_4ZJAX0MBSI,0.09806173
CUST_6C0YUAQDN4,0.12666531
CUST_5C0X1ZU2C6,0.78461426
CUST_7WF5FPRTZE,0.032649502
CUST_T6RBXKRXT6,0.037432443
CUST_EB6XT3K6L9,0.027400402
CUST_ANOFZ5LXFA,0.028716812
CUST_7B09MYC8NS,0.032163955
CUST_ERJJ0WR1HI,0.033259295
CUST_43WQQXPI1Y,0.037468657
CUST_APKXSR2ZS3,0.026032807
CUST_LEW2N57W5S,0.14675312
CUST_SR6O3LQH6S,0.025798678
CUST_MVB41GV3DR,0.0329564
CUST_KIP94V4MGP,0.028933227
CUST_XFCOKXZI5B,0.09889192
CUST_5BFRA5T1JM,0.022455499
CUST_WHNVHJ9ZPA,0.74209493
CUST_QWOBPF87FM,0.022496462
CUST_SYU5U5HP96,0.8298068
CUST_Q0VVLG1H6P,0.1425839
CUST_OQC5UH7GWM,0.029979385
CUST_AGKIURB9FV,0.031794462
CUST_09T5EA6GTZ,0.8998346
CUST_GOQBWJJLBG,0.10449029
CUST_7RXIZPU9X6,0.031651195
CUST_EUOYUNVTJR,0.06573433
CUST_OZ59DRAUWX,0.02348606
CUST_XS8U294GT9,0.09837075
CUST_K608CXA92M,0.021871237
CUST_CVZFKFDOPG,0.10726813
CUST_J124UV7JYO,0.031057691
CUST_E9UZZCTRF6,0.0922445
CUST_RFESSEPR5R,0.035452213
CUST_Z3K2WCVPXY,0.02840011
CUST_MC35FS1M79,0.029127946
CUST_9QPI0P89FL,0.030033791
CUST_CLDONLZBWN,0.88390326
CUST_EGD6I4ZZOH,0.025065435
CUST_K5N9YTNPI2,0.7320788
CUST_3WB1IN8HDE,0.0611272
CUST_KC5ZZRIMSS,0.031715732
CUST_NBNF5ANAXZ,0.026045423
CUST_OLN6OCXTIE,0.16022176
CUST_TTXC1WSMGP,0.83967656
CUST_8FIZUTK8BM,0.74851304
CUST_UTITTFVA2A,0.07499796
CUST_B2Y3H8DHR4,0.09067431
CUST_RBSIK70540,0.023555383
CUST_QBOCIOZMOO,0.11210573
CUST_SSZEDE1DFB,0.02732188
CUST_X55CPC051G,0.10876025
CUST_ZURJLVOXJX,0.03221527
CUST_594QLKQ40C,0.026227606
CUST_NAMZIEJHCW,0.023308553
CUST_4TLJPNVHL5,0.020389324
CUST_ZKXCFD88N3,0.02325416
CUST_7DMZ0UFJJ6,0.03543028
CUST_W2LA8NM5L5,0.16522981
CUST_EVB19MOPL7,0.78383166
CUST_7MDRBZAWFW,0.06626957
CUST_5HZ8Z1P6IS,0.20306692
CUST_F92GZ72S1S,0.03396139
CUST_8Z6M4D04G9,0.03843519
CUST_UK9LM9Y741,0.8669895
CUST_YATC2RRMCJ,0.083137475
CUST_WLNUGLTOCV,0.13971229
CUST_XKAOTQBJQC,0.026277924
CUST_6LPBRPUJ8F,0.02835858
CUST_LUB1K03ZID,0.033075433
CUST_J8MPBZQE6P,0.10568288
CUST_UX4DUJYDJH,0.11038703
CUST_2CBBTFVLSU,0.032552656
CUST_V80YTDMMU0,0.102869816
CUST_31UOIPR39Z,0.029518677
CUST_SHDQ5Y3HHS,0.1400038
CUST_5XJ7XSS3LV,0.041239846
CUST_JCSOUI9763,0.12052769
CUST_788U59EJXZ,0.14407663
CUST_PMWVSOHJSA,0.0955662
CUST_2SANPKTZ9E,0.025998771
CUST_Y9UA9NQ5GY,0.14670035
CUST_4Q4BMTPCG4,0.1146365
CUST_2U7WA48RRK,0.1044725
CUST_X5Z17WAXU3,0.10470999
CUST_2ZZII9C4JW,0.030060207
CUST_CLATPQRR6H,0.027647713
CUST_L97K7TYGEF,0.11515205
CUST_J1T9TGF4RS,0.063151866
CUST_PERN2NUS50,0.027792403
CUST_G5X0ZCM8O4,0.751252
CUST_333SERN4GM,0.10560269
CUST_26TDRJ41BX,0.12104157
CUST_IW95OMTB7P,0.09665986
CUST_MIRNK1MLVA,0.02503845
CUST_Y20U56GF93,0.023770144
CUST_OFSTHKDSXE,0.0883618
CUST_N8FNJ72TFH,0.085132465
CUST_LI4CSVVPD7,0.021298064
CUST_BF4YU9KLZX,0.16541225
CUST_FAAN17IZ1B,0.119729854
CUST_DDEELI2SVZ,0.7640797
CUST_86EQXYM5VB,0.091355875
CUST_0W3NXR56U9,0.02517677
CUST_2D2L40EWNV,0.11972098
CUST_9REP2XYQ6R,0.12837052
CUST_F7SLC5XR1C,0.03807972
CUST_KZMW37OMU5,0.03582387
CUST_PMTZENTUFL,0.026328802
CUST_3V0GHPFHLF,0.022824487
CUST_X28VOMQBF2,0.034853935
CUST_UGGN2ZSZEI,0.88715464
CUST_MP334C2GCH,0.10221525
CUST_33VCN0S2QC,0.081793964
CUST_N66X9ZEHQH,0.117533885
CUST_7O7VTURRX5,0.05139152
CUST_AYW1BRWESF,0.077419795
CUST_6GDYKSNC2Q,0.11621048
CUST_3AGY7A6RJH,0.086739756
CUST_67HHO3O8G8,0.06916166
CUST_FDKYMAFEBE,0.027483733
CUST_QCVCX0RHBL,0.02316634
CUST_YHSSLNHE4M,0.89208645
CUST_8XT0DFCKJE,0.029658439
CUST_ANFCCC4TMK,0.12369304
CUST_6VEDQ25PDK,0.04551197
CUST_M40TU0U7VF,0.036948122
CUST_ONDKW7U3TP,0.032673676
CUST_IWWLZOU74C,0.030274536
CUST_8AJ41HFFR1,0.77216536
CUST_8XZXZDWNZL,0.11856674
CUST_64YXX1PHIW,0.024220984
CUST_DLJDNUGF4Z,0.1593309
CUST_CRXXXRPYR1,0.02412433
CUST_34VON56I9P,0.018120889
CUST_524ZEQG0JX,0.18731904
CUST_D0UJL3T0M6,0.029223612
CUST_RTQ4HYMUIG,0.02945638
CUST_5S0KUUCKF4,0.020854268
CUST_K6YDO67LL0,0.019210944
CUST_J08A7AESIV,0.025090069
CUST_T8BKM9M6H1,0.042717107
CUST_L6IDK5900Q,0.0269361
CUST_3ON6ND3RFJ,0.14855595
CUST_NOKIVC7NNU,0.85392976
CUST_1OM9UCID91,0.034680773
CUST_VDEY72BIZP,0.022290278
CUST_UQEZ9KKIFG,0.01880811
CUST_IXX0BE9VQD,0.1559756
CUST_1TZOK0TGKK,0.03177304
