customer_id,target
CUST_E5RX1BC9II,0
CUST_BHWIUKERGN,0
CUST_EXT9NA4CHU,0
CUST_9FSJE5R1NY,0
CUST_GDQXMODBED,0
CUST_8S20TEQETL,0
CUST_MEJIHBWAMV,0
CUST_ZVLC1MRRAF,0
CUST_WP2LSISPLM,0
CUST_UFMY9N6P78,0
CUST_F3B398YA4P,0
CUST_3XUKMGNLGT,0
CUST_LUN20HAEWH,0
CUST_Q527RFV9GA,0
CUST_Q9L0F7V9HK,0
CUST_I5NGRFVPC0,0
CUST_Y3JWCX6S1V,0
CUST_53I5A9075S,0
CUST_L839ZSPTLA,0
CUST_NSBIN3MWY9,0
CUST_VUO7XXADG6,0
CUST_B9RVU0A5NA,0
CUST_ELEEGMBSI4,0
CUST_48QPNAZQSU,0
CUST_BJD5UPIRL3,0
CUST_8ERLO3O9T0,0
CUST_UF64AEDQNN,0
CUST_9J4L1PA4O5,0
CUST_7E602ES2YG,0
CUST_0EH7LK5GQF,0
CUST_HK5YLVT8KC,0
CUST_AFRRJA10D0,0
CUST_JDVQ660FA2,0
CUST_XKZ26OCI2T,0
CUST_R0FXBXIX1N,0
CUST_BPXBO2W867,0
CUST_W1A28QPJCU,0
CUST_M6XX65U64A,0
CUST_S5K0C2NUJ8,0
CUST_2XV12H0HQ5,0
CUST_9K1AR938JS,0
CUST_E1VTIKRYXQ,0
CUST_YEKXIJGT3U,0
CUST_WQKSAWUHLY,0
CUST_T2J9CULZ7Z,0
CUST_7QO6K62CBZ,0
CUST_NAERW9NPHL,0
CUST_WK1R2FSET9,0
CUST_R6EGBWKNYL,0
CUST_0R9BKFWTYS,0
CUST_KO08RKJGH5,0
CUST_OEPBX90UJB,0
CUST_B4X5M8U6CJ,0
CUST_6XNYWNN372,0
CUST_EVRLCXS9ZK,0
CUST_TK28EDVHXY,0
CUST_QYKZLNN2OR,0
CUST_A7Y6B823YP,0
CUST_RNS4T10J9R,0
CUST_LQO8OTULK0,0
CUST_2H86ZGXK8T,0
CUST_QWV7STRG3H,0
CUST_B1IE8K6ML3,0
CUST_LG6CJPGRG2,0
CUST_MK2NOKO4F6,0
CUST_DI2E7AYXS9,0
CUST_ZLNWHNRQOB,0
CUST_58Z74K0XDS,0
CUST_VVB0QPLXRW,0
CUST_TMBQRVI34Q,0
CUST_9DNN7MFXCZ,0
CUST_9JTHMPIIGV,0
CUST_B9T33T4FLF,0
CUST_9WXXDXGABZ,0
CUST_6LIL32QOWY,0
CUST_9ZTW5ZBHSR,0
CUST_OAMXGM0W4B,0
CUST_B2DIW27TFU,0
CUST_OMBFYE9QZG,0
CUST_A4LEX88SPH,0
CUST_R14BG5BVJ5,0
CUST_A9O4BZPY57,0
CUST_UN9STJB4QW,0
CUST_ODR464BYX1,0
CUST_N6893T5UPR,0
CUST_TVGPR27YM2,0
CUST_56IVSE0TNI,0
CUST_H0G6W9MIGR,0
CUST_LITKWH60P0,0
CUST_IF88OTLMCJ,0
CUST_MLVPDNXQ47,0
CUST_5JDTQD7KNE,0
CUST_6PZVGJMTLZ,0
CUST_ORNZF4JOCC,0
CUST_8VKF2SYIA1,0
CUST_4S5PWTLWZ6,0
CUST_5J8T8M2ODI,0
CUST_6BWTBTC8SV,0
CUST_GLGV3AE1UU,0
CUST_ABJERCF2O9,0
CUST_JMVIHH5Y7X,0
CUST_EBLXSKSR7E,0
CUST_MLVV3LAOOY,0
CUST_YOBJ6D9QYR,0
CUST_JV9B73JTQB,0
CUST_8VKR3JTF2R,0
CUST_XVN4B253IJ,0
CUST_9158G66UTX,0
CUST_D2KSKDSYYB,0
CUST_UW94LM30TK,0
CUST_QXRUPJRRUS,0
CUST_BZZ733KQ6C,0
CUST_JVSI0SUYHS,0
CUST_GV91EI1N92,0
CUST_25FUVABSET,0
CUST_WVL6FO2BLJ,0
CUST_Q5BY1WMMVT,0
CUST_DIYJ27NF5B,0
CUST_9YC0MFSU86,0
CUST_H7FFWYWZBR,0
CUST_NOJTATCUF4,0
CUST_L8K3T40I21,0
CUST_3MMCBTZYZ8,0
CUST_FZL6SQ47HH,0
CUST_P7W0XHZEZA,0
CUST_X1TDSLC0C3,0
CUST_7OLO579I59,0
CUST_RYGBRRD48M,0
CUST_3IH48S9V48,0
CUST_B8OP6FDH37,0
CUST_9271D7WO4Q,0
CUST_GYIRDHPFH1,0
CUST_UD6Y8CK667,0
CUST_NP8EIXMJ3D,0
CUST_1HSO3UT30R,0
CUST_LQP5ASUXCV,0
CUST_B2IJXQKECT,0
CUST_YEC3WLAKYQ,0
CUST_YK25S1LXEL,0
CUST_JOVYEQI28S,0
CUST_PAIOA2XX7D,0
CUST_3MB7UFL10Z,0
CUST_ON4L90X2KC,0
CUST_7K1HB5KLJ3,0
CUST_ULGUNVPLXG,0
CUST_2AB7EY7LEF,0
CUST_N9WF0SILCH,0
CUST_F0ZNU9VIT3,0
CUST_QVLRIECS27,0
CUST_1Z9O7DN0KL,0
CUST_R6LIFFCG6S,0
CUST_YEEH2HPS8O,0
CUST_XMO0NRIX9B,0
CUST_Y64UVBIXTV,0
CUST_DFN4GEBV9C,0
CUST_ZOXXV4FQSW,0
CUST_3XCK6C548R,0
CUST_9QFNECE6GT,0
CUST_LBRA9QWTZ2,0
CUST_ZNBMOBLFWV,0
CUST_SC7M8MFRUP,0
CUST_2BSCCNVQ4G,0
CUST_JTW3QFN9R3,0
CUST_C88XULHZYH,0
CUST_AROGT7RL21,0
CUST_6D65HR9T37,0
CUST_H1LQTUJXEF,0
CUST_M6F0R5M3BM,0
CUST_IX3PMJNSJK,0
CUST_BLFRG8LG5S,0
CUST_Z1YKIPPS5Q,0
CUST_9FXKYPG840,0
CUST_V9L2HLDUEX,0
CUST_F3EPPZEGHY,0
CUST_6E1JXFZSM0,0
CUST_G5AV0TS9SM,0
CUST_ZZHV25UL5S,0
CUST_XUSNQQ4B1R,0
CUST_HO9FQAJJP1,0
CUST_OMVNXL9UHZ,0
CUST_60VPAP6ZY7,0
CUST_FMRGR45ZNM,0
CUST_IKTMADUFK0,0
CUST_VWHA29LY52,0
CUST_5R9OU1V6DP,0
CUST_RPE0EEE416,0
CUST_RGWXNOWK4F,0
CUST_AKQY1N6J4Q,0
CUST_B9UA40B4E2,0
CUST_5FS87VA3DD,0
CUST_FJ83MHJLS6,0
CUST_P0BXO3OHVL,0
CUST_RPZ5IQHM7Q,0
CUST_LFXO89S9DJ,0
CUST_1BOVJGMGGQ,0
CUST_ZKPZK1ESC9,0
CUST_P1A4L3HJD4,0
CUST_MWU0JE2L52,0
CUST_MHDFDQ3NPD,0
CUST_TVRZ8A186B,0
CUST_6UX7OFKFGK,0
CUST_3WQDAOEYLV,0
CUST_1BIZ529D6D,0
CUST_IES5VHY7UH,0
CUST_8U9TZPUZFV,0
CUST_SCGOSR561M,0
CUST_9GUJJ40K4T,0
CUST_29FY21A3HY,0
CUST_BI09GKELWX,0
CUST_4SG7UZDQ40,0
CUST_BNVS8GG2PI,0
CUST_2NORL5UTY1,0
CUST_5TS23FF58A,0
CUST_GJLH353DAR,0
CUST_F7919YOT06,0
CUST_QXGBYMAR2I,0
CUST_HA7SGL1RNH,0
CUST_DBNJKYALAW,0
CUST_7XIN4G8MJK,0
CUST_KS29OS5HRJ,0
CUST_O0RJFS02HA,0
CUST_04PTL918HW,0
CUST_T69ITUH11L,0
CUST_WMSIKFAAED,0
CUST_L1U2P2LZW0,0
CUST_EX9FL11U6T,0
CUST_NXY4C8G7O1,0
CUST_PNG18B7P8Q,0
CUST_ILDA3NIMKN,0
CUST_PNOVGJZAXR,0
CUST_2C473PUP06,0
CUST_9K83O4XJZK,0
CUST_T9D70QOZ3Z,0
CUST_BWYMI93EKN,0
CUST_5OTESPW9OS,0
CUST_SSGWYJOXHB,0
CUST_AKAH8WTAKX,0
CUST_1YUX2O7ZEZ,0
CUST_MFEDBPLXM2,0
CUST_K17GEZGGYB,0
CUST_YBP8W8HLVN,0
CUST_S4VINT2G9V,0
CUST_Q09U9AY3L1,0
CUST_PWZVJEHMXR,0
CUST_VS8LZRLRSG,0
CUST_7NHZKNDZS1,0
CUST_Y58D1J7Z7I,0
CUST_3B4EJKAX1Z,0
CUST_49LWZZ059K,0
CUST_WQ6KF84Z9K,0
CUST_28GF3O9LAQ,0
CUST_21ARVE21QY,0
CUST_F4RUTPXIVL,0
CUST_2P9DG8R2UF,0
CUST_BVR4OMAG0Y,0
CUST_KS5NA676NF,0
CUST_EJ092R1PSC,0
CUST_X8YFJ0TQ6J,0
CUST_ANTNLY4XZV,0
CUST_SDKYTDY9K2,0
CUST_IXZHCUHRKR,0
CUST_GMR3TMAXMN,0
CUST_F9HEWMMOL7,0
CUST_S1RTPS29IX,0
CUST_5UWU9WC1VH,0
CUST_J4RVTZUXQO,0
CUST_7O5Z0G76KC,0
CUST_M92ZQ4AWDE,0
CUST_TKW946Q529,0
CUST_QVSJYIPZWG,0
CUST_FLEMJ6FS6O,0
CUST_WIG076O64K,0
CUST_AIXR5NX3R8,0
CUST_Y64LFHK6WM,0
CUST_XNCSGSG8LS,0
CUST_3HEB9C9DHP,0
CUST_P2OC4M1GSG,0
CUST_ST9N5IG5SP,0
CUST_K5J90A7NHG,0
CUST_H98R06N8SC,0
CUST_ZL47HWMUA0,0
CUST_VM4K7VDOYE,0
CUST_6XRQXL3ZP6,0
CUST_N075FW08AM,0
CUST_5EIUTVAN5V,0
CUST_4QRYWRNJ08,0
CUST_RQOX3BPYOP,0
CUST_TOV5VKAWTI,0
CUST_GRTLHRWDLQ,0
CUST_S2HEFDNW2W,0
CUST_24F36KLSM3,0
CUST_YLNMHIL15Y,0
CUST_AZ5PPSO3Q1,0
CUST_OCF16WIOMA,0
CUST_F5I2W7EJZW,0
CUST_9AMHKMWZ0F,0
CUST_BFQBMENQ08,0
CUST_2M0GD4C9A5,0
CUST_S72P8WLGV0,0
CUST_42OZXZSOAD,0
CUST_MK68XT9Y2R,0
CUST_XB7H49M3FJ,0
CUST_ECJLJR28EM,0
CUST_S752NVJLDA,0
CUST_X7F76I8HXR,0
CUST_K5RWMVF9OC,0
CUST_2RY55MCOAD,0
CUST_HFJ6R8WZWF,0
CUST_MDFZ0H3U4B,0
CUST_Q0LS53Y7YS,0
CUST_KR1P6SUBF7,0
CUST_EVWMG14ZGG,0
CUST_GF9N6OXA2K,0
CUST_7POSJFQO0A,0
CUST_6HUG1UX10U,0
CUST_CXJVN4MG6V,0
CUST_NKWKZ9HI1I,0
CUST_42E7NSV3RA,0
CUST_VYKHS100BE,0
CUST_RZ6CXWKC21,0
CUST_0Q9C42PPAF,0
CUST_Z7AWKJ8816,0
CUST_SJMU5Q2SBQ,0
CUST_M0RUBZGARM,0
CUST_SXAHBLSS72,0
CUST_1XZAWJT01P,0
CUST_1GNHI4QHW4,0
CUST_JRZ9O1RFYS,0
CUST_8SSNWMQW9I,0
CUST_LRE2DUUILW,0
CUST_MD7KCDYFZJ,0
CUST_RAKRUJNYV2,0
CUST_YZS3NA4HNP,0
CUST_4YD9RE8EXV,0
CUST_LYIW6M2HG9,0
CUST_6A5G8NCN96,0
CUST_3OM2OJ8C2U,0
CUST_VS2QCJHS9J,0
CUST_NNK52DNANR,0
CUST_FZSOEROGI8,0
CUST_MHW5VSI529,0
CUST_P5KCX3SA4V,0
CUST_IK821RPPXU,0
CUST_3SB14NK3XU,0
CUST_U11FKRWW4A,0
CUST_G1BNFG4L4C,0
CUST_RI7RINT5NM,0
CUST_VBQXHSMWKJ,0
CUST_LN54NBYIOT,0
CUST_3ONJCLIFDC,0
CUST_OBVJ4W92VG,0
CUST_1TSTDDN3YJ,0
CUST_PO51A4PKQ3,0
CUST_G9G0Y7SRMH,0
CUST_01EP0K446S,0
CUST_5PSUXUMH58,0
CUST_ZMQTIVQEVM,0
CUST_TINNQCJIKZ,0
CUST_PUFJZLV9Q6,0
CUST_N87HA45R09,0
CUST_DX2ALF7ESO,0
CUST_EGHL0JCT6T,0
CUST_0JHNFMOKOP,0
CUST_AON4RBM7WT,0
CUST_FFWX5I534C,0
CUST_605I3CHULL,0
CUST_9JIEMP5V20,0
CUST_4OWGOJ64AK,0
CUST_4ZDP8L7ZP0,0
CUST_JYNSJOFXZS,0
CUST_L77QWWFY1D,0
CUST_C76PV5SO5A,0
CUST_VDSA47KLNT,0
CUST_BU6WY13D0P,0
CUST_SIXY0NBKLI,0
CUST_8ZHB8H7F4F,0
CUST_0Z7I18V18M,0
CUST_E34BQ2YEMV,0
CUST_F429O0175W,0
CUST_YAUZ01AIBB,0
CUST_3SV8PFFF4A,0
CUST_4E49HRXY3R,0
CUST_C9OW3U0AH4,0
CUST_AEJFCQNVVW,0
CUST_ABKAJR7P9O,0
CUST_701PG109HE,0
CUST_IXIC5PAE2L,0
CUST_AQX35G74YO,0
CUST_NSWCE9MCWG,0
CUST_G7UMRKQSFH,0
CUST_D4KFSTUA4B,0
CUST_U02JPUS58F,0
CUST_1GVTL229E8,0
CUST_FKSOEZJLQL,0
CUST_ISI8FR6KXE,0
CUST_3YQGT2WC93,0
CUST_1J38LNL5UB,0
CUST_F9ZQ9K9WXX,0
CUST_X5UOS49VS2,0
CUST_NLV5HUZQKM,0
CUST_M6PT5UZWMZ,0
CUST_AHHJNF80Z9,0
CUST_NY3QBR2OH1,0
CUST_617U79RDIP,0
CUST_G5VAKZME5A,0
CUST_EAXKJRT1TR,0
CUST_LKRJ59D607,0
CUST_T13QDAIBVF,0
CUST_9RENYUCAQ0,0
CUST_3PD1JGI0DX,0
CUST_5H1UZF6O28,0
CUST_JBSL8T4F0B,0
CUST_L3AS5WTU1V,0
CUST_5X4X6MJ7V1,0
CUST_SVJ8DL6O8O,0
CUST_PMWST8XLQR,0
CUST_SS89N0HHRR,0
CUST_WRF5MBE2X4,0
CUST_0FX894G48A,0
CUST_KUJXVOO0SW,0
CUST_YRMLA6IYJC,0
CUST_9C2SX2B2DT,0
CUST_Q4HDK6JH16,0
CUST_580F307T3O,0
CUST_A39GJAYYOX,0
CUST_72SRBBUX8L,0
CUST_JF3NNIKQQP,0
CUST_VMHE1KHHQL,0
CUST_KB1JFCCDGL,0
CUST_K0P6VZ71X6,0
CUST_TU32EEV1RG,0
CUST_F9W113OH0C,0
CUST_Y498VX1MWP,0
CUST_SPB4VU5408,0
CUST_VPCBRAJDLT,0
CUST_N1684MKMV9,0
CUST_3W28GG1LJ0,0
CUST_MP97A4GZR2,0
CUST_8N76KOBFKH,0
CUST_6N3VACR5AP,0
CUST_AFFKBZKQ8C,0
CUST_TMXC5WQYRT,0
CUST_TR9HRSYEJ5,0
CUST_U5G6XKFFTN,0
CUST_6BIOCLJ83H,0
CUST_LX90PQ0TKL,0
CUST_6B6EX66MV0,0
CUST_5RPMVJGU2F,0
CUST_2HEKDVEL9Y,0
CUST_AECFGUAB8K,0
CUST_SJU431D2NE,0
CUST_26TMICU2QP,0
CUST_398FGPI8KM,0
CUST_KRNFYHH1EG,0
CUST_810XO5TYOH,0
CUST_8XS0JTVZ2A,0
CUST_20JI57HYKK,0
CUST_3M4KVU87MR,0
CUST_72THML9ZXZ,0
CUST_1IO3XBZO25,0
CUST_2BPCIM4NWV,0
CUST_5J6O6UTNP0,0
CUST_WLT1YKJDKR,0
CUST_URUPTSUD3I,0
CUST_5X23SRWJJT,0
CUST_71ODMV957L,0
CUST_EW9NKF4X3T,0
CUST_00KPI75LNI,0
CUST_W086RMUUNP,0
CUST_DGT2L3L66H,0
CUST_BD4K297BN7,0
CUST_0BNHN3C1LQ,0
CUST_SX92ROJ2IP,0
CUST_22EZ9JG1NH,0
CUST_B85E50PPDN,0
CUST_AJG9MXFK55,0
CUST_P3AONIMCY8,0
CUST_JL46TUXRVN,0
CUST_FLJDXEYQRV,0
CUST_TTH3BL2GQL,0
CUST_OSBT9N84VC,0
CUST_8XCQUP241F,0
CUST_73AEXZO5AO,0
CUST_BOVGU86MBB,0
CUST_0VDNJMF6U3,0
CUST_P9NTHMGRVU,0
CUST_0B8H9MZ6CJ,0
CUST_HDBOL7KGXD,0
CUST_Q2K2OVONLV,0
CUST_CZUMBKGMHJ,0
CUST_AUU4ROZZI8,0
CUST_FXOLBZNK2M,0
CUST_3UAMYZ4UUP,0
CUST_4N334RQAGU,0
CUST_MTEV4IGA1Q,0
CUST_YMNIQHVCCR,0
CUST_WCUE6PFM67,0
CUST_GDEIWK3X3E,0
CUST_T1GQIYQZHQ,0
CUST_RMODNC2YHN,0
CUST_GVWCVGX8A4,0
CUST_ZRMAIZG32H,0
CUST_V2HF0WE9KP,0
CUST_L7M74D2GBU,0
CUST_J223WKXQBI,0
CUST_V77PXQPWOB,0
CUST_XE7L8T6YRX,0
CUST_81N5PUMK0B,0
CUST_HRYXBNYYMV,0
CUST_DYVQL8XS65,0
CUST_63Z824MOIG,0
CUST_00VYAC6XBQ,0
CUST_O9OT3MQ331,0
CUST_NWG7I21RKR,0
CUST_DYBWPL0HCK,0
CUST_C61MGOKMTX,0
CUST_WLX9J8G82D,0
CUST_VZBVWOW8RF,0
CUST_NS211E89L9,0
CUST_7V4XGT9PJB,0
CUST_3C3RSE68O3,0
CUST_W915MQHOWD,0
CUST_GONOOE6AAQ,0
CUST_F3T4DF391F,0
CUST_M9GSQ1MI5J,0
CUST_WJG2CQ7G97,0
CUST_PBMW37OA3Z,0
CUST_SW6G13Q5WJ,0
CUST_BX57PL6200,0
CUST_2I6PXEXW3O,0
CUST_9U7HLESBOZ,0
CUST_MG57NHMH42,0
CUST_6KUTQIWFGM,0
CUST_8FXZ5EYJVX,0
CUST_IBUB6LH2T9,0
CUST_JVLH7WI5KX,0
CUST_7TZE0AJ4ZY,0
CUST_XSZW4PS7R6,0
CUST_HT8JC5HVV3,0
CUST_FNB73VC1UD,0
CUST_LOXUNKKQHL,0
CUST_PGWDS905GC,0
CUST_OW1VNW7PJZ,0
CUST_IWMFOO8O98,0
CUST_RAO4TLJTKZ,0
CUST_DNP8724XRV,0
CUST_46ZAGOBFMB,0
CUST_DNDFPKP0RS,0
CUST_GS8H8FKTQA,0
CUST_V3EDBNEUIJ,0
CUST_2LG0HZGJQN,0
CUST_H8XNKGZZQP,0
CUST_VHG2YSITP2,0
CUST_VWJE7UJPO8,0
CUST_T5T3TH811P,0
CUST_KVLL2F0L9E,0
CUST_NH5EBOCSVN,0
CUST_OO41CS8BXZ,0
CUST_0NGF7F14NU,0
CUST_49JB0M0U5Z,0
CUST_IN355U87LX,0
CUST_L16L95XME1,0
CUST_HIYJ7WFOSI,0
CUST_XF9X0L9BWN,0
CUST_0EHX9U338I,0
CUST_RF11NMY1YG,0
CUST_LYH70DOW6L,0
CUST_MESMNM3DLV,0
CUST_WN4A0WTAP8,0
CUST_ONYHKTL0IW,0
CUST_FYJFNIJD0G,0
CUST_8MV5Q38LGJ,0
CUST_R3WVHK8V3I,0
CUST_I1213EEZT1,0
CUST_SPDRHIR1V8,0
CUST_W7AAAZ7OYQ,0
CUST_UNJJGGSB9P,0
CUST_EO7VFHFA0X,0
CUST_XGGF9XPFXH,0
CUST_R3ZEBSOHLX,0
CUST_GKC4G7E3K6,0
CUST_VU7GOJPU5G,0
CUST_WAIO26M5QW,0
CUST_E3MBLZXNXE,0
CUST_AUU2K2YD3F,0
CUST_1N3R0011TL,0
CUST_8RATN265AB,0
CUST_Q4URHBIO2F,0
CUST_FMQLV0UHF5,0
CUST_Z2L6QFQ3M1,0
CUST_52X4F1KINU,0
CUST_H73SUY40QN,0
CUST_YG6MLPNT0J,0
CUST_G6AD3K9CQB,0
CUST_P715FVW05H,0
CUST_25U4RU8POC,0
CUST_WWJMZI95VA,0
CUST_1I7E1X2CZ8,0
CUST_V6PFOHCVE1,0
CUST_EIS7XTST2D,0
CUST_6ZF83786ET,0
CUST_ENLWACFLAL,0
CUST_UZW1LCVZ2A,0
CUST_LKAQ6F7L06,0
CUST_AEYIEH09WT,0
CUST_S34WQEUK20,0
CUST_921F7J69WV,0
CUST_4Z5HLQ7QJT,0
CUST_DZISCK0B1W,0
CUST_70ZI2D6F0D,0
CUST_VXT85D5769,0
CUST_WU1YP7K5ZU,0
CUST_7HTD9DN6PF,0
CUST_I4JLVCUFJP,0
CUST_6ZOZHCXUNA,0
CUST_G2APZAA04P,0
CUST_1MEHG7BOYE,0
CUST_D3KG1Y347U,0
CUST_6BBCVMUNZP,0
CUST_8UW0BV5B0F,0
CUST_JIGRDI4M2E,0
CUST_8DQVGPJ2FR,0
CUST_U599PE1TDQ,0
CUST_Q474YMHAMT,0
CUST_CM0YCO1T2N,0
CUST_4YXFMXT5DD,0
CUST_AMK16BBRXM,0
CUST_QYKJ18N87U,0
CUST_LCQMJO7JXP,0
CUST_ZA8NTR8E1B,0
CUST_JQ3IMBWXTX,0
CUST_YA8JP6MR9Q,0
CUST_T7G23F6P3D,0
CUST_IK2ZRCAFA2,0
CUST_F91I3PSHNK,0
CUST_7UUVLB8FWZ,0
CUST_RRGEBTGVXR,0
CUST_WDQYN7XHVO,0
CUST_8MYVSUPYGV,0
CUST_KRSBV8YYMV,0
CUST_MHH32FVJEL,0
CUST_U3VMV8YML6,0
CUST_S3NP1F9ZOC,0
CUST_73H067WP3K,0
CUST_2IM3SQJZ42,0
CUST_6LWMD438JE,0
CUST_6KR0EO1IJU,0
CUST_M7BII8D5G6,0
CUST_8R2B3W81MF,0
CUST_00Y4ZY75FD,0
CUST_VNVKKZMDD9,0
CUST_V8OA6JUIIF,0
CUST_43SKKL11X6,0
CUST_50R5WRJ9BP,0
CUST_29UD1C40U3,0
CUST_57B4LF6W7E,0
CUST_BVIXB7CBDU,0
CUST_VFKPBRHQWG,0
CUST_6GQTJYLNGB,0
CUST_5WUX7IYWI0,0
CUST_CQTFBQP4PH,0
CUST_N4845RK42H,0
CUST_TIK5KCRQ3U,0
CUST_G9L8LKPZMF,0
CUST_WDQDP1MFKA,0
CUST_36SF0370A3,0
CUST_2YOVW5G9O8,0
CUST_S2UJT9C25I,0
CUST_W8I0RN592C,0
CUST_4BRA263M0L,0
CUST_CC7ZMV0Y7L,0
CUST_HBQO0OIDGC,0
CUST_62E7IDAFBP,0
CUST_2UH7KSUXWR,0
CUST_Q3QWVBWCWN,0
CUST_MQILLZPZ22,0
CUST_M66WKNP5P0,0
CUST_8PSDEPBEAZ,0
CUST_Y8OQ7ONIRJ,0
CUST_2392N8BF45,0
CUST_01A3VC2EQZ,0
CUST_61HQHAU4HP,0
CUST_31VPT308LA,0
CUST_LVRNP1LKAW,0
CUST_RO1ZEELIHM,0
CUST_9HDN5L4SU9,0
CUST_JLV93SW782,0
CUST_0B2YLDOXSW,0
CUST_NKEJI1NWOD,0
CUST_LVC0ZEV1R9,0
CUST_4BBPVLBQU5,0
CUST_F59VC9UGKM,0
CUST_0ZEAY88K2L,0
CUST_ASZHYLCCNM,0
CUST_DMJUKTISG8,0
CUST_UF14B40QMI,0
CUST_PA9A6VHFUQ,0
CUST_N3AAHBJAFZ,0
CUST_B4FFJ0QBN2,0
CUST_TTS0AIV2FP,0
CUST_WE3V8OUGAT,0
CUST_10G4VS603B,0
CUST_CWGY72IV4N,0
CUST_WVRZH7CQDV,0
CUST_OTZ85NT0MX,0
CUST_MTNNBT97VU,0
CUST_HGN1HM9X7F,0
CUST_EL6HJJYTSF,0
CUST_417M31LRZA,0
CUST_TWY00I1EGI,0
CUST_L4UK1KJCLQ,0
CUST_2NHQJF30NT,0
CUST_X1TZMLRQIT,0
CUST_J9MHECIB3V,0
CUST_58B3CFDGL6,0
CUST_PZQX4M0A29,0
CUST_66SB51PBFT,0
CUST_J6JFQXHKYT,0
CUST_SIUA2KG6T7,0
CUST_2EB72YH12G,0
CUST_RQ2GAEZMVU,0
CUST_4WJ0N5AJDN,0
CUST_PGLEUMQNL0,0
CUST_PEQBU8E7XZ,0
CUST_M8ADIVNQ4W,0
CUST_4CI2JCEZYB,0
CUST_78G4YYNLSF,0
CUST_MV6LOXU09R,0
CUST_R6BAVIZGY8,0
CUST_IEWZOY4XV7,0
CUST_11IJG38CQP,0
CUST_C7ACMHR7QR,0
CUST_4PRYWHI8TG,0
CUST_E6ZUSDTR7K,0
CUST_XBZSSTJLDF,0
CUST_V9U6Y6Z0ZG,0
CUST_I8LF7LFHJZ,0
CUST_HQ5OGQTYGX,0
CUST_Y3SC2PGP7E,0
CUST_CQAW4EMEDC,0
CUST_0VB49EI4IW,0
CUST_D5WJ84JGB9,0
CUST_7X5SXOJS03,0
CUST_ETB7HQUSII,0
CUST_1BTRJQ2KF1,0
CUST_E56SXNK0U8,0
CUST_XVR9MSXQNJ,0
CUST_4NUSTF07R4,0
CUST_34Z6M1EBJW,0
CUST_AGGAWPCFH9,0
CUST_WUX2U9SSNC,0
CUST_E7SR5J7DKN,0
CUST_CDJBGJFCHV,0
CUST_V9NSJBVLLH,0
CUST_N1OBS6UGZQ,0
CUST_DOFC7JA0F7,0
CUST_8Q4QLSVEMD,0
CUST_E00NNNINYB,0
CUST_64H9CS1ZL4,0
CUST_HK1SNHS2HE,0
CUST_D8LOQ71F5L,0
CUST_6HCG00W399,0
CUST_XAGOCRG2WA,0
CUST_C33YA8ZGZT,0
CUST_6H8TIZ7FG0,0
CUST_4HH8MVV2DQ,0
CUST_GNGQ6J3C1P,0
CUST_CE716KE4EY,0
CUST_0IYWCYJOWS,0
CUST_Z3ZQ30QUG9,0
CUST_NHZLW2Y4A9,0
CUST_ICYUZWC0PK,0
CUST_3XS7D9TNKB,0
CUST_E1MNC6OEJU,0
CUST_HM5T3HQAF5,0
CUST_3OWG2LSLXJ,0
CUST_052730R16E,0
CUST_4QSM3ZEM4O,0
CUST_3DPTOHUU6D,0
CUST_1306U6QOJO,0
CUST_YP8G2DP6VN,0
CUST_3RQ3RPVOX8,0
CUST_THEGCNIPK5,0
CUST_EN4AWZTUEA,0
CUST_IRICATLCED,0
CUST_FE23HP9NUM,0
CUST_L9C4ACGFDE,0
CUST_AH00KPBM28,0
CUST_1FLPF4H3BV,0
CUST_F5HBYX0U5U,0
CUST_JJ3IF96WWT,0
CUST_1P7GWW2D64,0
CUST_QZVVM7VK7M,0
CUST_BI6PKQNDSK,0
CUST_8B4HN27KJ8,0
CUST_B0V0C0PUH5,0
CUST_A0QEFOJ7LQ,0
CUST_UAZ23MIXES,0
CUST_OHW4YJX1ME,0
CUST_D3L65XCDDT,0
CUST_7D2A04DF2U,0
CUST_X2E0RJW9KY,0
CUST_9ZTMRGMKRV,0
CUST_6T2XRA5KO8,0
CUST_7AGF0SQ4HQ,0
CUST_JLNKMS42F4,0
CUST_F26ZHT40TH,0
CUST_IGA4PIUXKP,0
CUST_DB1NLOMIS6,0
CUST_PGLB4LJCTH,0
CUST_MLBHVVX3OG,0
CUST_Q293VTRXK3,0
CUST_B6TGM460ZJ,0
CUST_FQ0ETXKBF6,0
CUST_W8R1EGDJUG,0
CUST_J3LPAUHF12,0
CUST_EK6UDWSLGL,0
CUST_PJS0PL62EW,0
CUST_9DKIZE5CO6,0
CUST_8FFNMX1O7Y,0
CUST_FJC6S1U29Z,0
CUST_O3PGAHP07U,0
CUST_GL3YVDI0K5,0
CUST_EBKYVYUHLB,0
CUST_18SSGFKM2N,0
CUST_T9ZAH0FG64,0
CUST_RCQKCVPUUN,0
CUST_1FLS0Z1R84,0
CUST_J03YYA5OY5,0
CUST_X0TI0Q8G7L,0
CUST_5OS64CTET0,0
CUST_G9FAQX2UI2,0
CUST_JY4EUTIJ1W,0
CUST_9GCC4REXNP,0
CUST_F47ASJ25HU,0
CUST_RL7AG4QL4S,0
CUST_9NDJS8IQ52,0
CUST_LI94HGALOA,0
CUST_DPPK3ZIM1J,0
CUST_3CHRT89GEM,0
CUST_A0KR9TE72G,0
CUST_SV4T5UOHAG,0
CUST_OCVNCP3DG3,0
CUST_849JBT62LL,0
CUST_ZJAEJGKYKE,0
CUST_GZ2J8B70TI,0
CUST_4K4YGK62JD,0
CUST_81T936JZYF,0
CUST_E5U19FQ7FK,0
CUST_980ZY7SYOA,0
CUST_2XRRT9A83Y,0
CUST_RQBVLXZUJV,0
CUST_CD2Y2RYYK8,0
CUST_IGSBK2HSTX,0
CUST_3SONEREH62,0
CUST_PFFL4CBGEN,0
CUST_XECJBFRR0K,0
CUST_2W93J9QP9F,0
CUST_WR27LCHKWL,0
CUST_PX8OSAINA3,0
CUST_BLF3DMDZOV,0
CUST_P15R19YWTK,0
CUST_DXOK3A3LZI,0
CUST_KN35Y4NKY7,0
CUST_98WWZOHJ12,0
CUST_Y35NW9VOCI,0
CUST_52F9O922RY,0
CUST_6IHLQ5C8IL,0
CUST_BOF5D8E5V2,0
CUST_0ZGLZJEP0Q,0
CUST_8I3DGRP573,0
CUST_FPDZHHI4E1,0
CUST_1KL6KC5LE8,0
CUST_NORL8Z1BQF,0
CUST_ETJCK4WXKM,0
CUST_FBIHGHOHAL,0
CUST_ZDCIVQUY02,0
CUST_10U97EA5J3,0
CUST_ZYCXNVXM3V,0
CUST_CEDAAH96HQ,0
CUST_7YIY4IL692,0
CUST_6U7AQIMAEL,0
CUST_MVR1TXJL5I,0
CUST_E39RYQPK52,0
CUST_XC1ERZW7E1,0
CUST_WIFQ2JF4BI,0
CUST_5W0YJ6N4JT,0
CUST_1N09X35TXK,0
CUST_U0D4CIAO6X,0
CUST_0UCUNOSEZO,0
CUST_92H0LGFHQA,0
CUST_KN6NY8KCBS,0
CUST_DRSICL9TPT,0
CUST_1HEKTTJLLU,0
CUST_5V4GV52RL8,0
CUST_T4WFW1AVSD,0
CUST_AGLKESWEDX,0
CUST_HOCVA770B5,0
CUST_XQQ2BI61R8,0
CUST_3R9M5SG5QY,0
CUST_V4WPXW1GFA,0
CUST_DQ8ZHYJQBY,0
CUST_HPGBPSXUHN,0
CUST_VIAPMYZVBZ,0
CUST_RQU4PJCS9R,0
CUST_5X57YYM1D4,0
CUST_JIALYFER3O,0
CUST_HGXZTSNPSE,0
CUST_9DHX4YLPEC,0
CUST_G4N5KNNLQT,0
CUST_6DTJQ0P2KM,0
CUST_U8QKTIRI9N,0
CUST_06MDR4YFQP,0
CUST_FYFNP2G99Q,0
CUST_61M56DJRDW,0
CUST_5QUZJJL856,0
CUST_O697V961WM,0
CUST_V9YN61XSFF,0
CUST_Y7MYLLMQUM,0
CUST_FUQZDMIKF4,0
CUST_EBP6Y4R70S,0
CUST_6CO5ZB2WYC,0
CUST_GQBK4OSCHN,0
CUST_IAFSEQFZYX,0
CUST_ZP4UR5H1U7,0
CUST_FMW3BH86HF,0
CUST_D4GM4PAJQS,0
CUST_0NK2IYHNU8,0
CUST_5IL3APZWQJ,0
CUST_0J2DLXA692,0
CUST_WKMU5C5FDL,0
CUST_VZ16B3GX9G,0
CUST_AYNUIGEUK8,0
CUST_YKFGO14NT9,0
CUST_JCQV9VZKT9,0
CUST_96ZUN3TGZB,0
CUST_JIPZR4VSC9,0
CUST_W2XO1NIP4N,0
CUST_NZWZ41SBWV,0
CUST_WXRXXGULGK,0
CUST_WIW0I9LAG7,0
CUST_HPS8PLXLQ7,0
CUST_564D51ULKL,0
CUST_W21OC228Y3,0
CUST_7Z75J9X3BM,0
CUST_8KY1QTL0SS,0
CUST_YYFKUU3FVG,0
CUST_ESASD5M8W8,0
CUST_P3KWM3KDRF,0
CUST_R8ABCW5SGM,0
CUST_1FUX93A8F3,0
CUST_NWOX1T38MM,0
CUST_6KD4VN0K1I,0
CUST_I72CIJ39FH,0
CUST_FLAAOAPONW,0
CUST_1F94F0B54M,0
CUST_A7XCKXIM96,0
CUST_8VKFVZPEI7,0
CUST_W3LE1ROFAV,0
CUST_E7PNOCXUXG,0
CUST_FFMEJCDDYE,0
CUST_25KEFJ42JG,0
CUST_RG627I5MLN,0
CUST_HTPCT81YGI,0
CUST_AA1TPAL1M4,0
CUST_0UC5V4VORQ,0
CUST_AWB0OI9U89,0
CUST_PV55NDHABY,0
CUST_VI17V0TPCA,0
CUST_ZQ7YPJLH31,0
CUST_9KBSHAND4Y,0
CUST_8V86CYJ6TW,0
CUST_35P6LX0PL4,0
CUST_Y0W5913UUW,0
CUST_ANXYCHGTMS,0
CUST_8JQ4RYGEC2,0
CUST_ODJ4NO0GBD,0
CUST_P3378L49WF,0
CUST_KICAZHE8NN,0
CUST_VB1CFXIHF4,0
CUST_VSTH5M9BQO,0
CUST_HDK75QPFYX,0
CUST_RWYHDVKIA4,0
CUST_43JBQUER8J,0
CUST_O90OU15CO3,0
CUST_3I9YBSZDKL,0
CUST_UXCR6U6H4D,0
CUST_SERJ564ARN,0
CUST_H46ZVKMLE3,0
CUST_NL6EN8HHTJ,0
CUST_ODDDZH1E45,0
CUST_8TXLHAMU3R,0
CUST_4UZWC2O93U,0
CUST_DS7M6R9WEF,0
CUST_MYOE39RKXR,0
CUST_PT1UE9BH7S,0
CUST_Z3RWEA3KJT,0
CUST_EPZDZ7URBF,0
CUST_YYEQKOCYAW,0
CUST_IAL52MRE75,0
CUST_GLQ3G7R7DM,0
CUST_QYRMQU5F9V,0
CUST_000IIPM3OE,0
CUST_ZO8CYP4V7W,0
CUST_0SWUUG0AMH,0
CUST_75NJ5J0L6X,0
CUST_GXVMQLXSSD,0
CUST_WOE4MA45VH,0
CUST_UDI05JCJHA,0
CUST_AKBQV8V4CJ,0
CUST_B4I4C16FT2,0
CUST_FJAA59H9VY,0
CUST_ZPP68I3DLR,0
CUST_3C8PBHZCEC,0
CUST_TGDI9O4GLR,0
CUST_53BFH29OEF,0
CUST_Y2D6OYZCCI,0
CUST_OM0KPBG54X,0
CUST_VH6A23INYG,0
CUST_7S7EA201KJ,0
CUST_XVYDXZSKRA,0
CUST_9H8ZN5GY0T,0
CUST_UBM37L4OGV,0
CUST_Y9CM8DY4WG,0
CUST_ADEPLJK7F3,0
CUST_DZNU808HSG,0
CUST_28IWQQFHIH,0
CUST_84IBJWSHIC,0
CUST_2GAV3COGK0,0
CUST_XOIYRXCGJE,0
CUST_ALHTKSLV8Q,0
CUST_PZ6MB6AKAQ,0
CUST_UVTONQPXE9,0
CUST_VG5GNWAOCX,0
CUST_ZC2JC8OAER,0
CUST_JVAUXMBRF9,0
CUST_BU1F9BPEJK,0
CUST_22Z9IDO4XQ,0
CUST_Q0KCW5CBLD,0
CUST_5V3QYOWCKC,0
CUST_VHTRJD7NZB,0
CUST_MVSCSGLWBM,0
CUST_ZAE4SFIRBV,0
CUST_0CEBOK9VXF,0
CUST_FYU2F6GAUG,0
CUST_9UZFL0PW20,0
CUST_S204NJYSTY,0
CUST_PD6W45JGQS,0
CUST_MDVEQFYO4E,0
CUST_BENF0SV8EJ,0
CUST_KUGQC5OJIQ,0
CUST_OE9MWQVU9O,0
CUST_HN6P4HCKT8,0
CUST_C32RLA8UXP,0
CUST_59HCELWQVN,0
CUST_HW8CRFW4KW,0
CUST_TT3RNLBPLZ,0
CUST_C7I8XV1URR,0
CUST_9VTWM68O2I,0
CUST_DM9Z7N6MI5,0
CUST_R45XE5L19E,0
CUST_98ZH8TVM37,0
CUST_RC5NJURO01,0
CUST_QO2MIGIHPW,0
CUST_Q65TQL41UT,0
CUST_ON8B27S94B,0
CUST_7CEHV5UJ14,0
CUST_AJ1OO00HGH,0
CUST_PVJG8R4QXF,0
CUST_CF0Y93ZB18,0
CUST_UIVXN80NJM,0
CUST_YZO3M0ANOW,0
CUST_3M7WZQXWC6,0
CUST_VFFSRT3CZA,0
CUST_8ZUSJ1I9SK,0
CUST_H22S3HUSCX,0
CUST_TR7ZFW737F,0
CUST_QGCC169A97,0
CUST_H0Z4LBVFP1,0
CUST_0K1WR57J8R,0
CUST_REARG7STCQ,0
CUST_87N0YK1EPI,0
CUST_T75WUGV1P5,0
CUST_AFPDS25YOQ,0
CUST_FS95LYHAK0,0
CUST_4X0H0GZM25,0
CUST_3UOPGLO8AB,0
CUST_K86T87A7IR,0
CUST_H5RXGZDUW4,0
CUST_29BZUHR5HA,0
CUST_3CX1ZMSB5W,0
CUST_67AUK5AMAA,0
CUST_8SACWXAZG1,0
CUST_SSAZQX2GOA,0
CUST_ETV8EIFDJ8,0
CUST_8E4VTCZS2B,0
CUST_6OOS0PYDLF,0
CUST_TKGP50955Q,0
CUST_A62D273K3J,0
CUST_8FHP1YV3E2,0
CUST_P3P5N960IY,0
CUST_CX7UV2NRMQ,0
CUST_NXKYQOZFIS,0
CUST_5RO72XB1MD,0
CUST_J51SV5Y70Y,0
CUST_L3DQKMYYDJ,0
CUST_61SAEAFIZ1,0
CUST_6EOS7RLVI3,0
CUST_BYRFMXLFMK,0
CUST_87VX8SOXZN,0
CUST_NJBE044YYU,0
CUST_UKRVWKNOPT,0
CUST_5H420GKJG9,0
CUST_GCE478MRK3,0
CUST_0EIPJ04TG7,0
CUST_CLE7GYM54F,0
CUST_A95F3WECEW,0
CUST_JX7XHA190F,0
CUST_J0MZF1IVPO,0
CUST_MEQY1EED2X,0
CUST_QI8CWBNR4P,0
CUST_7ZA4CPJ177,0
CUST_PPNJGZLFMS,0
CUST_27PZSXLW6V,0
CUST_XOS9D3N9P3,0
CUST_6WU5HG6ELZ,0
CUST_9QEIGAOPJC,0
CUST_TE8D1WD02N,0
CUST_GPNRS5D39O,0
CUST_W99L5BF8W9,0
CUST_PKZNH2NA9L,0
CUST_8PJMGEVJT0,0
CUST_52OB99H52N,0
CUST_HMG8SYLNYE,0
CUST_M0S4OEV277,0
CUST_2A254AQZUI,0
CUST_N53RDZVH1V,0
CUST_7E2M5X0LTB,0
CUST_2AMNBDWED4,0
CUST_8W6DNRDQMI,0
CUST_8YNY6X8KS9,0
CUST_GGN7R0E5JZ,0
CUST_MIQBFI4JWV,0
CUST_PF54BVQ36H,0
CUST_4BE9OMGGN3,0
CUST_KYU4KDUR18,0
CUST_GK8HGTZB69,0
CUST_90ELDPVM73,0
CUST_7XM6JR2X8J,0
CUST_NZPJ93OG4Y,0
CUST_XODKECANR1,0
CUST_7FY6FH38XX,0
CUST_YI0E5M9KOQ,0
CUST_DQSQRZV8SN,0
CUST_C3QVPMJEUA,0
CUST_1E7PTZEY7N,0
CUST_717FM8MQTD,0
CUST_6YB4OP1NLG,0
CUST_QI1U8DVVAN,0
CUST_LPEULT9XNR,0
CUST_XRE0I9B4YU,0
CUST_7AZST86IVF,0
CUST_7MVQQ4TMRV,0
CUST_DRA8VGOFU3,0
CUST_SH6TYYSCSB,0
CUST_BDRWGYRTLD,0
CUST_TB88RY4255,0
CUST_W4B3KD9AYI,0
CUST_4YPHIFPJA5,0
CUST_B82FM1V3A2,0
CUST_JRFHLZAKUL,0
CUST_6MCSN5K066,0
CUST_BGA4N5I8XQ,0
CUST_H47MM52B2J,0
CUST_RXA6JDFFKJ,0
CUST_FCU1WOXB5N,0
CUST_EWJ2HDTX0Y,0
CUST_R4QISNO87U,0
CUST_M1C13CI3ZD,0
CUST_S1IKDQF4P2,0
CUST_SLYTH3H2HR,0
CUST_UDKZL1P6G4,0
CUST_ZZBOC9CQDY,0
CUST_A96FY3S2UC,0
CUST_Z92C116XB3,0
CUST_FVKXZW35AW,0
CUST_ZBAOZW51A9,0
CUST_GSVB3YBBFZ,0
CUST_D8OQRYMG9G,0
CUST_CPZLPPW4ZU,0
CUST_ZZZHKRHDAM,0
CUST_3C0S1WXN7X,0
CUST_XAEJZP13NE,0
CUST_JSFC26JAGX,0
CUST_Y2G8OW7IAE,0
CUST_PUZ0H8JBM1,0
CUST_BECJKG1WWD,0
CUST_NSY54JK378,0
CUST_I1U551WTAK,0
CUST_5U34JEE1QQ,0
CUST_PSRQGBYYQQ,0
CUST_ROHJWN6WX8,0
CUST_O55E707VTI,0
CUST_DWEKF9NFXY,0
CUST_9WOBDIP4N9,0
CUST_RHHLQUL057,0
CUST_EXG6SQL5TD,0
CUST_E7UDE8N6YM,0
CUST_U59LH03W2Z,0
CUST_4Y68FZ0P0T,0
CUST_0DC8UHP80F,0
CUST_6ZRFGDIDLN,0
CUST_N1E263920H,0
CUST_UWPNV4M3XP,0
CUST_L6BXLMLJFI,0
CUST_KA3UCAG0LP,0
CUST_FBPXVQ1PHE,0
CUST_C0VRNUPOT4,0
CUST_O7MOH1TYB8,0
CUST_RYVT2WV0WV,0
CUST_23SPMZP9D0,0
CUST_CFEX1WUHGZ,0
CUST_E0OL6ZWZJ5,0
CUST_KNXETRPW8N,0
CUST_W41EI8D5HN,0
CUST_63E5XFRESU,0
CUST_1NJMN8TFNR,0
CUST_8WAOYF7AV7,0
CUST_9Z1UOBMHKP,0
CUST_EPGBPPAAYT,0
CUST_SJ4SLSLUOR,0
CUST_Q1PH0GKXQH,0
CUST_P826V126Y7,0
CUST_3IV9MSXJD5,0
CUST_BIBAPN3WZR,0
CUST_Q07C96RP6Q,0
CUST_3YRA3AJJVP,0
CUST_3GTB7847F0,0
CUST_LXCEHVI128,0
CUST_SCAFLFYI5N,0
CUST_15GSQP3RLN,0
CUST_4PYPV6EJBJ,0
CUST_QFLBUHF0PK,0
CUST_I91B8ZJWIM,0
CUST_CVETUISNV0,0
CUST_BNYM2TV2T9,0
CUST_Z6BRIK6QLM,0
CUST_DO18EW75KI,0
CUST_SY8C06O8O5,0
CUST_8R4DTVPDW1,0
CUST_6LBDRX1AX2,0
CUST_JIJM90X9O0,0
CUST_VLCE59LV0M,0
CUST_GW79G1L58R,0
CUST_1HSJ0XPHMN,0
CUST_104CHAZQKM,0
CUST_SL28RRRHLV,0
CUST_DEWNLN34FB,0
CUST_D5H79O9YWU,0
CUST_ZOOP884FPA,0
CUST_B14TK23PX3,0
CUST_SKP9Q99FU2,0
CUST_BLOME2B6SE,0
CUST_V4QBQFAR9J,0
CUST_5WUOWQO5EF,0
CUST_ZOD4HJRF26,0
CUST_VM45XQ74W0,0
CUST_TYW0JVKILP,0
CUST_0RHJUHUHRA,0
CUST_KVIL1JEWVJ,0
CUST_WEPY8BT7ET,0
CUST_4SILH33AAJ,0
CUST_RG0WTZ5T1V,0
CUST_VIQU9O2G8P,0
CUST_KSHWZPIH9F,0
CUST_5KLZYTXRBX,0
CUST_0QXVGXMDO3,0
CUST_0YEBS8HD42,0
CUST_UCAA3XSPME,0
CUST_C0U8XZ1CU1,0
CUST_WMEH28Y1WI,0
CUST_P1OPZX86RX,0
CUST_6QALMHS8QK,0
CUST_X41OKXPJ4J,0
CUST_B2EPIS8N8I,0
CUST_Y4I8A0PG0V,0
CUST_F2EW8HOZEX,0
CUST_5RKBE9F85L,0
CUST_XJTF5V0M6B,0
CUST_D259PIB7NY,0
CUST_DW85CVWD5F,0
CUST_Z8PI40VLMI,0
CUST_LB3TRBXU19,0
CUST_73NJZ0EZU4,0
CUST_RTY9EP5AJH,0
CUST_PS70JW2JPS,0
CUST_MC5L4OQ93E,0
CUST_XB2QJ5Z2Q6,0
CUST_0Z3VVRBJZ8,0
CUST_9LZ4WXQA1A,0
CUST_61UG1TAFL0,0
CUST_R2G08YESPF,0
CUST_USM8KBGONN,0
CUST_EP7LUGPE95,0
CUST_Z7BI6285EC,0
CUST_O1C7S0D8HI,0
CUST_GGFNMAC5XW,0
CUST_AMZ7J2XEF6,0
CUST_NEDBCXBQAG,0
CUST_J84UOFRT7N,0
CUST_Y664DGAJ12,0
CUST_5TM0HYEL0X,0
CUST_WZ6FXBT9XN,0
CUST_T34USZRY9H,0
CUST_OQAEB35M3N,0
CUST_XWHS96SG7Y,0
CUST_C6LQO8W3TB,0
CUST_XZ5VDFEA3R,0
CUST_9JI04LAH3Z,0
CUST_U6UCM0IO7T,0
CUST_Q4OFCZPDTD,0
CUST_CBFHV7BQY2,0
CUST_GSO8TDH7U9,0
CUST_KTQZAA3ZBP,0
CUST_8Q4BX6AODE,0
CUST_M6R6WE0QI8,0
CUST_P64D1SQGFZ,0
CUST_W40N42DCOD,0
CUST_YUFDTJSCGS,0
CUST_AWEMIF0EZI,0
CUST_KXW07F6MGG,0
CUST_3VNFKWS4GH,0
CUST_9A58B8DSTN,0
CUST_EJ2RVF7Q15,0
CUST_IK7TRXSD27,0
CUST_RJ6UW69H10,0
CUST_5OB2D7CP57,0
CUST_H0I3V25MWY,0
CUST_MCELRO43ZQ,0
CUST_XNFK0RJD9G,0
CUST_6FU2XJ6OYE,0
CUST_MN8T4WNKYW,0
CUST_5NOEWZ0JUW,0
CUST_WNKMPWO291,0
CUST_WGKWLXUXS8,0
CUST_QP16CMJ5PL,0
CUST_S3RNK1YKO7,0
CUST_EQ5K21WPZK,0
CUST_9QEG6YOLBE,0
CUST_PIWOTVOITN,0
CUST_YNZFK77TPZ,0
CUST_85QS89MY4T,0
CUST_B98MQMQE4R,0
CUST_87YB2Z2418,0
CUST_0CEVAZF6OI,0
CUST_MFJ4KKSRY7,0
CUST_DR2IM8CA2K,0
CUST_4LY5WK7W6X,0
CUST_QTBZFRWDIN,0
CUST_ZC9BQC96GZ,0
CUST_3AHD39N2KU,0
CUST_IB08XQI4OC,0
CUST_ZTQNNJY59C,0
CUST_8AOSC8667C,0
CUST_6VXLOJ1XRM,0
CUST_2J0M8NTCBW,0
CUST_HMS9Y8LKGZ,0
CUST_GUSEFLT1HH,0
CUST_SW72KDAJMD,0
CUST_P1ONNDZG4L,0
CUST_K6PBR1WFQE,0
CUST_SYAT1R3HQQ,0
CUST_2EWGT8FGPY,0
CUST_GJM0V6O7HC,0
CUST_9USE4L1SNK,0
CUST_SBNDXYY8ZU,0
CUST_QPEASNRHQ1,0
CUST_YXCR52DSU8,0
CUST_3ZAOOCG8P5,0
CUST_6J5PWZCP6M,0
CUST_I4U2H0JQHX,0
CUST_T86EH1IE5Z,0
CUST_82BAII49Z2,0
CUST_G6FEIM864Z,0
CUST_HK84ONK503,0
CUST_HWUGWHM6UL,0
CUST_HAMSBQZ53V,0
CUST_V6K3TZATD2,0
CUST_JA6PGCECLV,0
CUST_F3XRCWAZIE,0
CUST_0R31Q8Z7PS,0
CUST_WFHK4FH82I,0
CUST_ABNYHK6JJL,0
CUST_F2IRSE3PLO,0
CUST_KHTWH34QOF,0
CUST_SL4AFZH8Y0,0
CUST_A02MZ7O6SV,0
CUST_XTYDZ4Z1SD,0
CUST_S0MSWX2JWB,0
CUST_DEX93TIEQS,0
CUST_EWLLE8TT9A,0
CUST_FFC5GIQB56,0
CUST_6K9FVVC0V0,0
CUST_H2BKXAC0A6,0
CUST_0N64KA3J8U,0
CUST_T19ZENAS66,0
CUST_ZOS57NOID8,0
CUST_E0BZI1KH3C,0
CUST_VQB5GANUDB,0
CUST_YKKVB7ONAF,0
CUST_DFV4GNXCHB,0
CUST_AUDLYJTXTS,0
CUST_Q4L10NBAAH,0
CUST_9TDACIVN6R,0
CUST_IRI1UL4D9F,0
CUST_A69EAXG3HA,0
CUST_84ASRNFPFL,0
CUST_QTKH6QZ7UB,0
CUST_WD1FNW1LE1,0
CUST_DQ1J58ROQH,0
CUST_91A79VKHBH,0
CUST_JH6YZH5D7U,0
CUST_6UQIU08P08,0
CUST_4ON30EWJLN,0
CUST_V2YJYUOWCM,0
CUST_OW82ZXERO2,0
CUST_CG67RQMC8F,0
CUST_AE0AQ08N9Y,0
CUST_3KULXEQ5FK,0
CUST_QRCVD323JL,0
CUST_RPE0QA62P6,0
CUST_KIOJPD0WUV,0
CUST_5M9EY859OO,0
CUST_B2NLKX3ZVB,0
CUST_3IL63WSDI7,0
CUST_QILPBE72IS,0
CUST_QL9Z2VA84Z,0
CUST_2ANBRXBLHJ,0
CUST_KV7PHIHKD2,0
CUST_2059BJJAN9,0
CUST_3RKWAPJBXF,0
CUST_8M2PA4MNK5,0
CUST_OEHYOUVEOF,0
CUST_8JIJ61N002,0
CUST_7SJMHZ12LP,0
CUST_KA7M2VDGU1,0
CUST_S1IPFIQ9CX,0
CUST_HCTPM1VROU,0
CUST_Z9A3QL2CYA,0
CUST_86PSPGRX4Q,0
CUST_KH1K0A8WMI,0
CUST_H766FW9UDC,0
CUST_GG7M3L172B,0
CUST_YPNLJSD986,0
CUST_SUYTW1KOK3,0
CUST_8IS8GX5U8X,0
CUST_PODRSLC4RH,0
CUST_4BYOF7NZTV,0
CUST_SQFE3TS05K,0
CUST_T9HW11EBEW,0
CUST_PRARZ81TGV,0
CUST_OH126KFTFN,0
CUST_D0M6NZA228,0
CUST_VCKF6V0E55,0
CUST_8LT9R8E2J5,0
CUST_4KZNY8AKZ2,0
CUST_CMKAV9WCA5,0
CUST_A24KS342VM,0
CUST_HCJ1ZYEQGS,0
CUST_RXYHQJ1GQR,0
CUST_BZAC57ZGQV,0
CUST_RDKTOF9757,0
CUST_OS252OKDJG,0
CUST_2AWZ3JO9PX,0
CUST_FU1I865Z9O,0
CUST_IZJEN2084Y,0
CUST_GXCR65ECMU,0
CUST_NVALQ0SZ8L,0
CUST_LKT4N6D2WM,0
CUST_64Z3EF9CA3,0
CUST_BCN196VSQG,0
CUST_2FIL11GMKZ,0
CUST_ZSAMWEM1CQ,0
CUST_4X69NO345R,0
CUST_9X4CGPK7MF,0
CUST_XBOOSTM1ZF,0
CUST_N79Z8Q28S1,0
CUST_1C946TWL4M,0
CUST_09XLN7K80B,0
CUST_PXGSPP7QQ4,0
CUST_FYV1FDCEZK,0
CUST_B6M9WA8LBV,0
CUST_AOP2AUSW9X,0
CUST_WWA8IZY2SS,0
CUST_CP0BUR0WAC,0
CUST_2GDJQ79ZID,0
CUST_E1QS1HHI5B,0
CUST_0HICW83PIO,0
CUST_77Q4FOR6DL,0
CUST_78YQ6U5QQF,0
CUST_S5E8UHBQI7,0
CUST_W6STQ85ZPV,0
CUST_8ZP3XZBJSI,0
CUST_M0J008L9PB,0
CUST_LXWO98F584,0
CUST_IXT97LVUTZ,0
CUST_YI2FLW5UR3,0
CUST_CMK0QZAMFV,0
CUST_B1Q6WCN6I4,0
CUST_14XO1ERMOW,0
CUST_BTL55HHV4T,0
CUST_HB23HJYTVQ,0
CUST_25CB4E5RXM,0
CUST_AUSOSJWTTB,0
CUST_YNJG5T7H9F,0
CUST_L3I8V22LMV,0
CUST_RXP6YZ5C7C,0
CUST_75AJID7C6G,0
CUST_HOE5R9FRCY,0
CUST_HO04HLNM74,0
CUST_ICCRI5H3UC,0
CUST_CCCW6I274W,0
CUST_I9C7VDJX3H,0
CUST_0ZMWP7GR0K,0
CUST_4GQFLH4K3A,0
CUST_9H923CI70L,0
CUST_57406Z7VRS,0
CUST_9SXBF8420R,0
CUST_4LMQ45H3QN,0
CUST_0QCYN7LJ4W,0
CUST_QBO98B3C5K,0
CUST_H0HKL8UOCY,0
CUST_ZWAAP4TLCI,0
CUST_FBGDN8Y9SC,0
CUST_8HUPHWP3NL,0
CUST_6DZR0AQVQ1,0
CUST_AFO5Q58OUJ,0
CUST_C1S5HNK3FB,0
CUST_PYYEKSYNVQ,0
CUST_IGVFU077KP,0
CUST_6I0PKCAILF,0
CUST_8C4RU3KDSB,0
CUST_4JFF6RDN2V,0
CUST_ET7APM2BD2,0
CUST_MEH8VBQJVH,0
CUST_4XN4XO1P58,0
CUST_OQSAPXH5SS,0
CUST_IVTW4EYLA8,0
CUST_W4BW4HQWI7,0
CUST_F0L3M700VF,0
CUST_73WN7RD8IX,0
CUST_2NEX3C9GRE,0
CUST_15PH8233PG,0
CUST_MIPXHDVY3A,0
CUST_4S6V8BUVOD,0
CUST_OR0IVFZEDR,0
CUST_ICSDNRH2I9,0
CUST_TUSHGU3A2T,0
CUST_9DXBMUD1Q6,0
CUST_MLTIS39W3S,0
CUST_KNLZBOV110,0
CUST_U4LB2UV20L,0
CUST_7UGCW807Q7,0
CUST_OZZ0OYHKFA,0
CUST_BY6VPIZ8ES,0
CUST_TLRUZIH9VA,0
CUST_R78CXLU5ZE,0
CUST_280G4XIJJM,0
CUST_8W7BVN658G,0
CUST_O3Y02H0JB4,0
CUST_GTO2QV52EP,0
CUST_M45ODUX5JH,0
CUST_SPYNXGYB0X,0
CUST_OOPW4ZJ3N6,0
CUST_R6GRJOO6N8,0
CUST_E5JDBWKMGJ,0
CUST_DNMCEXJ9XT,0
CUST_C9O3FF9YH7,0
CUST_XTOFWK7TFB,0
CUST_LH4FWEAWIB,0
CUST_ZUWL746TI1,0
CUST_JZ26L2IFL9,0
CUST_HU9YLBVNFJ,0
CUST_0K6C6OWVFA,0
CUST_UZSHT2V7EU,0
CUST_F3E8QE6OLV,0
CUST_87JYW5JP3R,0
CUST_1V99JFUA4S,0
CUST_1X71ODGQZG,0
CUST_LTY9B1PZ4A,0
CUST_COGAPOWAGJ,0
CUST_JNV9V2COCX,0
CUST_AEL0GPNTQR,0
CUST_XEPZ0EYS35,0
CUST_0QN85OVRT2,0
CUST_NUBGZO06R6,0
CUST_U1LQ4NUMJX,0
CUST_XLZETFKPWW,0
CUST_AN4AQUYFAN,0
CUST_SI9CQF50NP,0
CUST_OTL6JP65NS,0
CUST_TMBHVWSM5I,0
CUST_Y85TP24136,0
CUST_4SIOV27SKD,0
CUST_RSB3JFAV2M,0
CUST_7S46B33NZI,0
CUST_3J5H7YX0LI,0
CUST_00MDVNBYEE,0
CUST_ZQA9HD3E6R,0
CUST_PGLYY4ZHM9,0
CUST_9DJ1WFJU40,0
CUST_SB41017G69,0
CUST_3YNT5RDQYZ,0
CUST_FKVM4SAL3V,0
CUST_CC3VR2YJAN,0
CUST_3SZFA1TR93,0
CUST_7LWHQ3M1VA,0
CUST_M6V9RJFDSR,0
CUST_WOD1BC7F86,0
CUST_MTTQD2N4FJ,0
CUST_UCPPAZ84E0,0
CUST_R8T92792CO,0
CUST_4OSRW0WPO8,0
CUST_4NID6Q0CC1,0
CUST_CSU3GB7NCB,0
CUST_AO6TNP3V3T,0
CUST_IR74EHDQ1A,0
CUST_S88EMMBBE0,0
CUST_NFENKKNMRH,0
CUST_3GW03LIF1T,0
CUST_WP1OLUKVO9,0
CUST_1144QUR6LV,0
CUST_WRYCF64RUZ,0
CUST_QEKK3WJJ3S,0
CUST_5PPSV46PQB,0
CUST_0EXDNGDQ0A,0
CUST_VEHGC9Q7GC,0
CUST_O0M0RB8P0B,0
CUST_8CMASKOE6O,0
CUST_TP0IFEPUL6,0
CUST_ZCJ0PEEL1T,0
CUST_JOI7YSDC96,0
CUST_0TAQJMNAJU,0
CUST_NOUJSM5AP9,0
CUST_2BJN08FJ96,0
CUST_DVOMLOBCK1,0
CUST_Z4992S91BX,0
CUST_VE1J6R3HBF,0
CUST_XEUWUZ1KS4,0
CUST_GW8V8WISD9,0
CUST_J4FGI3L645,0
CUST_RLRXCMS9WH,0
CUST_XNDXEFR3TZ,0
CUST_T0KUHD2HB3,0
CUST_NSUMULKEEJ,0
CUST_3C9A9WGG45,0
CUST_KO19GDGBPQ,0
CUST_R0KH1S1LRI,0
CUST_XMS3GKQB38,0
CUST_E6D7W2TB2W,0
CUST_FBHMP814I6,0
CUST_5EZ5WSPMM5,0
CUST_HQ6F8QI46Q,0
CUST_586V17ICIQ,0
CUST_QN7UC18S3U,0
CUST_0ZR7L9X97T,0
CUST_VGLBY0LGNG,0
CUST_ORQKD6GV3W,0
CUST_QECA36B777,0
CUST_L658SFAWSK,0
CUST_ROQ14VX82G,0
CUST_BWXT0LS1TA,0
CUST_ONES5DGCGQ,0
CUST_GT41W63BIO,0
CUST_0L58U6CH1C,0
CUST_DCX8SYV6FQ,0
CUST_4M2NVE17VF,0
CUST_SPFDJFFDB2,0
CUST_TW1LPB9F6A,0
CUST_U61VFBMHA1,0
CUST_QLI4Y75ZHK,0
CUST_CHC1SG1XMT,0
CUST_0SMQSYPC2D,0
CUST_HLRO3G22SY,0
CUST_2YP5ML8X8P,0
CUST_0RFIUX4TM8,0
CUST_CYOJM2F8ME,0
CUST_PWQWFP3SIO,0
CUST_WMG2NIUMDZ,0
CUST_J9E6DNC1LF,0
CUST_BUYLIQCONG,0
CUST_52KRV3FP7K,0
CUST_G0S5YJC5OY,0
CUST_921XZ7SFJG,0
CUST_5PD1BMGPUF,0
CUST_JLEZH0NRG0,0
CUST_0E4V9YEFWL,0
CUST_6G0C3FD8CL,0
CUST_Z11YHN45T7,0
CUST_68946KPMU5,0
CUST_UZHK7X72XL,0
CUST_TJNQG3ZT11,0
CUST_FN6L9CSMTD,0
CUST_CCJHZ5ATZ2,0
CUST_0ZLZCBD02F,0
CUST_RJV8EFKLO1,0
CUST_3U5OGZTRT6,0
CUST_WOYHCCFAOS,0
CUST_ZQOM8C19GW,0
CUST_L1ULBIG5O4,0
CUST_HMPDW4CST8,0
CUST_D7GZG99VI3,0
CUST_RP57N4Y8XN,0
CUST_LWS7Y46BYL,0
CUST_A4AXEC3SBM,0
CUST_SBPHGKONOF,0
CUST_4900X1Q5UB,0
CUST_X96QLG1EY5,0
CUST_9CA4IC5DKR,0
CUST_DM5YMFRE5J,0
CUST_228CSTXUUS,0
CUST_9LP6BA0146,0
CUST_9H4DGU8F80,0
CUST_1HGR5UTM0I,0
CUST_NKPFJJN555,0
CUST_6XRJ4AARAN,0
CUST_QWLOP7510E,0
CUST_NR6IC766UK,0
CUST_IZGRFJXC14,0
CUST_LSNWXB49K7,0
CUST_ZJN8PJOZ35,0
CUST_RVZ9B0MIPX,0
CUST_7P4JKWXPPC,0
CUST_NNJBKCO8TL,0
CUST_CAPAJY0ZRD,0
CUST_J05PYJ8HOJ,0
CUST_A3QW5ED92B,0
CUST_NO4K3W128W,0
CUST_L9VSRVPH1R,0
CUST_HN81OLXZZS,0
CUST_EW4STORJ07,0
CUST_UD212ITWVL,0
CUST_PFAYYTW06O,0
CUST_QEJNGPAIWC,0
CUST_5SMGGPVQIA,0
CUST_8G2LJ7H6W3,0
CUST_NNC2QK4HKA,0
CUST_ZFC005ACI6,0
CUST_K5DK2MOZC1,0
CUST_NGLFG78GZ4,0
CUST_DX18JUJ62D,0
CUST_YI20IW5NK3,0
CUST_Q16MS9I5S6,0
CUST_7OC1OFWCZ4,0
CUST_4GQ1VUGVQG,0
CUST_SJS4KHH5V5,0
CUST_IBAMTCBG2S,0
CUST_TUTWKKSBSV,0
CUST_O6BVWJXD2Q,0
CUST_JND2XKF0X8,0
CUST_KPWELXQHWW,0
CUST_LBD8RD88OF,0
CUST_CV4WD74GQC,0
CUST_BQZ8WC794M,0
CUST_5QXLHM305Y,0
CUST_Q2G1G0MX4S,0
CUST_ER9L5O6CLE,0
CUST_1G7ZOGFXSB,0
CUST_M3A44UTTZM,0
CUST_P62U7PV4MW,0
CUST_JI4VA7KDOO,0
CUST_C0QHMPMGPW,0
CUST_HBZUY6AV1H,0
CUST_0N2Y3UTDNR,0
CUST_QELEFSDEOZ,0
CUST_M80P3UGB8U,0
CUST_35CMR1MXPD,0
CUST_ZA25NJP8NY,0
CUST_G2NSUWB2O1,0
CUST_OYVUVI8TRF,0
CUST_YS4XR9Q2SW,0
CUST_PMV5NPJUH9,0
CUST_UR9U4PZ4UG,0
CUST_JLQ261MU39,0
CUST_Z5664KX00N,0
CUST_W6IE5BRA6O,0
CUST_XCFIICZKUK,0
CUST_3IMOXVA1T9,0
CUST_QNX32E67AH,0
CUST_EPEDS8J171,0
CUST_CS5W18GP80,0
CUST_YTDWNOHXMA,0
CUST_7VCE16C5GV,0
CUST_I8W1CX8XZD,0
CUST_8VLR5FCGUY,0
CUST_YWCG0NL32E,0
CUST_K79NFWVCDQ,0
CUST_794G53FOLR,0
CUST_R1UCJ9AOGG,0
CUST_CDQAA1BFOP,0
CUST_M9QPGHWPZ7,0
CUST_YJUXV9UAED,0
CUST_Q7SY3CZPOQ,0
CUST_DEH4Z0XDAW,0
CUST_KOFIS17N2K,0
CUST_YYBRF9D8J0,0
CUST_GO05JYUZ1F,0
CUST_J0744LB69U,0
CUST_B4Y9EOWXBT,0
CUST_WJ10X1VQJ5,0
CUST_G9YNO3RYNU,0
CUST_IBPI2A9CBC,0
CUST_ENO5M1J4YJ,0
CUST_Y1RT7UVDA2,0
CUST_DXBBDCH9P6,0
CUST_0MGR5I075I,0
CUST_EYT1D10UPF,0
CUST_IBZW47JTRL,0
CUST_GKGJFUXQDV,0
CUST_A0BV1M4ZID,0
CUST_9HJVIXV9A6,0
CUST_JO1J2S8Y3M,0
CUST_HRB2A0CVYS,0
CUST_4YAC93I86L,0
CUST_5X2YORK6HJ,0
CUST_29186PAYL1,0
CUST_SGPDQTNOK0,0
CUST_WD9Z8VNX1H,0
CUST_ZRE0XHO49K,0
CUST_9SF1UI0KA5,0
CUST_LMHKHE2GFL,0
CUST_VZDD7J5307,0
CUST_WO2S4H1L8B,0
CUST_PFAEV2STL9,0
CUST_P5U37KTUT4,0
CUST_Z9VG0MN5IA,0
CUST_O43KY7T4L6,0
CUST_NJUC5U23SP,0
CUST_AJ0U5OKQBS,0
CUST_K8JRM4YXA4,0
CUST_7OA2YQBOHU,0
CUST_CVNT10D63N,0
CUST_4XJZQ5W1UP,0
CUST_PMWUVTPFHD,0
CUST_QKAB6H7NRH,0
CUST_HEGCWXEWYB,0
CUST_PXNNQXFA4E,0
CUST_H42J3S49VT,0
CUST_WF289JBVIG,0
CUST_2QLOHQ9TYA,0
CUST_SG4AGGRKOA,0
CUST_46J3LNDVYM,0
CUST_O426CPHT7P,0
CUST_3E3YUDI0VZ,0
CUST_5OBFTEOJVD,0
CUST_ZUY1KPYS1G,0
CUST_WT2EVJ1G6K,0
CUST_SB34LGG5OL,0
CUST_5CG5RXFQ85,0
CUST_QYOINDOLL7,0
CUST_FIXD0FZE8Z,0
CUST_2N0BFRLZP8,0
CUST_E8YHY95CRG,0
CUST_WIJXKNGGOJ,0
CUST_4Y1N10LPO2,0
CUST_0Z0C4BYAZV,0
CUST_KSK96BTQL3,0
CUST_015CI87GPK,0
CUST_GS80UB1RKF,0
CUST_OYVNF820LQ,0
CUST_Y1JAD92ZBW,0
CUST_1AIK5ABOBQ,0
CUST_VPDXVCQSR7,0
CUST_PWBZ2XGE7E,0
CUST_HQ1854GO5X,0
CUST_7UA13Z1KT9,0
CUST_4D8SHL5N5S,0
CUST_ITT9DLER51,0
CUST_WSNJZZCBGA,0
CUST_96NE5ZKATN,0
CUST_9ZIA5PUZ4K,0
CUST_E8XDZPCCLR,0
CUST_YH64EDVXWY,0
CUST_KS3E5OZF69,0
CUST_AS7NAA4IWY,0
CUST_UGL9JYZ0XN,0
CUST_XAT9SIGBLY,0
CUST_LQEML9EF96,0
CUST_J614BX60SQ,0
CUST_UBX91BMDRK,0
CUST_FEGRDWAGYQ,0
CUST_BV7E2YEQ8V,0
CUST_3G2WOT4C6P,0
CUST_PULASTH9HC,0
CUST_NNUVZT2A55,0
CUST_43T8YBUFKE,0
CUST_A2Y3R57DD9,0
CUST_216RVL4BTS,0
CUST_F862J0HLWJ,0
CUST_462QSADIE2,0
CUST_HXFJGNPVQ0,0
CUST_8PMS5ECF0L,0
CUST_ALZUXFINDK,0
CUST_60R3IMBTY0,0
CUST_10WLK0LJCM,0
CUST_BEGKB3K6RM,0
CUST_7NZKFX200Q,0
CUST_UZVKJNUW08,0
CUST_LWBUTAS46M,0
CUST_G6KYTOLU3M,0
CUST_NXC7HCJRNL,0
CUST_TTCIAUP3ZN,0
CUST_FVH2N762HF,0
CUST_2MT9W961GD,0
CUST_ULRDFGJ7AB,0
CUST_1IPUYCCE5T,0
CUST_7GX25FUVI1,0
CUST_5NYDSOD3JM,0
CUST_FWAUTPP9B0,0
CUST_69NFGRPLHF,0
CUST_4DTN5TXDZ8,0
CUST_COIRVKHIQP,0
CUST_XPQ9VG6URA,0
CUST_W6LNVDB0RF,0
CUST_PEJTET2G90,0
CUST_5AECGENPIG,0
CUST_E85Z5F5841,0
CUST_PY0XSW4YIQ,0
CUST_7Z3X56M16H,0
CUST_FTEMQWR8JD,0
CUST_AFOU7814QO,0
CUST_ZYNSBPAAJ3,0
CUST_YOGF6V5H73,0
CUST_5C1CDWLRXB,0
CUST_JJ2E4LXBNR,0
CUST_CVTY5KMY8S,0
CUST_6ZXV9LS3P1,0
CUST_LO1CRTFD9E,0
CUST_MBLE5D421T,0
CUST_WBEP68LQUR,0
CUST_I2C5ONHT4L,0
CUST_PPAXV54JLO,0
CUST_RAGB7CETHI,0
CUST_5RDNQ5J1Q4,0
CUST_BF9TJQSETD,0
CUST_MDKK6JHFN4,0
CUST_LGFOVGZX3L,0
CUST_4KT0C4TMD9,0
CUST_P3N9XBFE6M,0
CUST_9MLTT5P4GR,0
CUST_DRIS28XPCC,0
CUST_LNQSVSPTEV,0
CUST_YZDAWK6WN0,0
CUST_JY8CL6SVWC,0
CUST_9HHYJ8J1V7,0
CUST_NAOVKXIVEK,0
CUST_OJUN90WHUG,0
CUST_9RG0XRG0UJ,0
CUST_MOO0UFD4A4,0
CUST_S98B0FI35Q,0
CUST_VEL9B6EC16,0
CUST_0AYKFSW111,0
CUST_7YVT6YYANE,0
CUST_TTXU07RC3A,0
CUST_1DANKXPONS,0
CUST_2TX1MP8D2N,0
CUST_5CZ2JPW6I1,0
CUST_41DA1E1JHO,0
CUST_7G9ENBWNEJ,0
CUST_TMLUHGRQ0B,0
CUST_4XE9K7NJ0U,0
CUST_UE6QY1DSKD,0
CUST_SJPSFJUKQW,0
CUST_UOE8RH5QEE,0
CUST_XJUYEJB330,0
CUST_IMLMUFLS16,0
CUST_3RDHKDMSVU,0
CUST_GWHJT0UHNB,0
CUST_6HS3PUCPMS,0
CUST_1ERJSQ28IW,0
CUST_1UH11W2375,0
CUST_8JF4VAZWKV,0
CUST_02OU124EWS,0
CUST_TLMOELF09P,0
CUST_ULIR5K8PZT,0
CUST_T57VDQ34YY,0
CUST_N9JZB3ALS5,0
CUST_0ZAN4BPL5C,0
CUST_6GV28T89A8,0
CUST_4VYO25AS33,0
CUST_POXAH7R95C,0
CUST_VE34TSX1B1,0
CUST_IIIQVGAAOH,0
CUST_VK2ZNZF6B3,0
CUST_YQ0W1V7QLH,0
CUST_PBTZ9YH1Q9,0
CUST_E98WJ7OJ2H,0
CUST_CL6KV8EMYU,0
CUST_85WRIASQ5N,0
CUST_KSVBU8DG7S,0
CUST_ZQTJSQ7688,0
CUST_LN2V8GY8HU,0
CUST_IYSMBSSOI9,0
CUST_KE3J4K64U9,0
CUST_MG6FCW2LO3,0
CUST_H4E1ADAQXH,0
CUST_RLJLPEYRX5,0
CUST_1JUWFRFT8V,0
CUST_O1S60RN8K5,0
CUST_TD4DHH62Q0,0
CUST_NSWSJ9RMGW,0
CUST_9YH71NV0C8,0
CUST_XBJSP9LYX3,0
CUST_O3CNO5JE18,0
CUST_CCJ5RXDSVI,0
CUST_GILDTN0038,0
CUST_DB2AFWAVP1,0
CUST_VS6BTZSYIH,0
CUST_ZZT5WFD2E7,0
CUST_TRM7XYN9I3,0
CUST_I6HVSCRD65,0
CUST_U7P2WZ1VSA,0
CUST_0RI0UJ61SM,0
CUST_6MFIFG8WMK,0
CUST_C9NY6VD0O1,0
CUST_N2AZCWN0QF,0
CUST_Y36M0C5QQC,0
CUST_3VT0BF54VG,0
CUST_4BXPRCG0TM,0
CUST_LQVP7VGP4V,0
CUST_8OPMSGOCTU,0
CUST_0SXU0RZRDI,0
CUST_UG1P14LWA8,0
CUST_013D8WJEVB,0
CUST_8THBKWQS57,0
CUST_UZFMWTNGNV,0
CUST_X7XM6PUZX8,0
CUST_E8QYQUO2A9,0
CUST_DIA7Y0HQO5,0
CUST_ZCVZQA486I,0
CUST_NMRCN1WLVI,0
CUST_SFIY2TGLHO,0
CUST_1FHET4DDGT,0
CUST_ES0HVNG9A6,0
CUST_7T6UP964PZ,0
CUST_HQUABG3HM2,0
CUST_3VVFOGJKRQ,0
CUST_0RNZI3HLT9,0
CUST_RN8UQ1SFI9,0
CUST_0LVYY42JSY,0
CUST_IERJIUO8ID,0
CUST_G07P533FTI,0
CUST_IDOZXD09VY,0
CUST_NOY2M650DQ,0
CUST_APU93KWW5E,0
CUST_P734J1VE4B,0
CUST_1HXND8U6X1,0
CUST_W3O19LBBON,0
CUST_X4O4ECGEY6,0
CUST_8I5WQ26SAI,0
CUST_MUCL1EH7OL,0
CUST_GH798ABE4C,0
CUST_OOSF0TAWWJ,0
CUST_Y4Y01RV1Y1,0
CUST_RR8HEIIJQJ,0
CUST_BXZPM0EWHU,0
CUST_YOAALB75OM,0
CUST_B35LO6R8T3,0
CUST_LZNIT5YZ44,0
CUST_T6E9TDL99R,0
CUST_HEOW80KKDJ,0
CUST_PXPFFCMY07,0
CUST_5R38G9P01J,0
CUST_HJY9DM2EUQ,0
CUST_6B7V00320I,0
CUST_ME1E8JO52M,0
CUST_L6GYRCG3SC,0
CUST_G1TSNCY7FN,0
CUST_A9SRU8HMP4,0
CUST_MVGS22ERE2,0
CUST_Q8VL3A9BL6,0
CUST_9G0PQZME0F,0
CUST_XPBKW69F1A,0
CUST_WH42WGPLGG,0
CUST_XD8JBIYEO3,0
CUST_R7B98T5ZRH,0
CUST_O398YLT13T,0
CUST_TYOUCAUOXI,0
CUST_K8SZ51U2IR,0
CUST_YD079PB3FU,0
CUST_414DJ1K6G9,0
CUST_L3Q1WEIHUE,0
CUST_0DO8Q5HRW8,0
CUST_ZOHXLDT2WY,0
CUST_EQDXEFAJ8C,0
CUST_PBGCOWKGO1,0
CUST_CH1RNUDCGF,0
CUST_QHMDLNL8MW,0
CUST_X30388X78W,0
CUST_8XXHROSMD4,0
CUST_BXDIERDH98,0
CUST_R29TOOARF4,0
CUST_82ZSUO8V1T,0
CUST_GA7PV8DOP3,0
CUST_EESYLN9TPY,0
CUST_NEGDNBBX49,0
CUST_SMQV9Z8QIO,0
CUST_TZYI9YZEKO,0
CUST_3PP94WFX9J,0
CUST_H3SL0YFQGL,0
CUST_1AEJS186R1,0
CUST_IWICLNYO01,0
CUST_KMCS6ZJ2ZW,0
CUST_KB8SG071EY,0
CUST_2L0NVTAVGA,0
CUST_U8XU1GNI14,0
CUST_NH7EHFODLT,0
CUST_EB1VB33EYP,0
CUST_M3SEXEYSDK,0
CUST_UE0TQWRHWL,0
CUST_6WW9UDKMAY,0
CUST_M0JNTORSU7,0
CUST_6HC6XPAXW1,0
CUST_Z655XMYXPV,0
CUST_QPCEKLPOPE,0
CUST_VOOAQ71LS9,0
CUST_G10RV8DCHA,0
CUST_3M5912V8YQ,0
CUST_FTGBWF3LT2,0
CUST_387GA32M69,0
CUST_VGTOU14KU4,0
CUST_HE7YH4NQNM,0
CUST_VB436AZ9UT,0
CUST_OMKFR7AXR6,0
CUST_TP6N6XAVIO,0
CUST_7XNKK502GQ,0
CUST_N282LRMTCV,0
CUST_NWSVUO12KE,0
CUST_WU8PEIB7AD,0
CUST_60VYQ8214F,0
CUST_8X9I4YC9PH,0
CUST_TN9IQZWQ8C,0
CUST_CDWG1G7L1A,0
CUST_PTUFXWMA8W,0
CUST_HT2TCHFWS6,0
CUST_OC0S75FF4R,0
CUST_MD4N6V9R4K,0
CUST_UJ913AGLG6,0
CUST_203IFKE5CL,0
CUST_5JE055X4BQ,0
CUST_LQE8ZE9C7V,0
CUST_QQFIEG7XJA,0
CUST_HF2MOBWLUH,0
CUST_YD2QMILJVC,0
CUST_VI1ZZ0M3GZ,0
CUST_Q6VGE6RI2B,0
CUST_072H8TKQRM,0
CUST_KE066RW393,0
CUST_OZPHBS6FT7,0
CUST_JQHEMLEP14,0
CUST_VSMND33YZ2,0
CUST_020TX48RHX,0
CUST_M2L6KFHRZK,0
CUST_LRQ2OE1SF9,0
CUST_3I6M3NU3QU,0
CUST_KDDJ7JHS2M,0
CUST_5XPKMJ08GU,0
CUST_3K0Q7RDKNU,0
CUST_ALJASEEOKY,0
CUST_M9C9IU4EIZ,0
CUST_1F4JDVYXRX,0
CUST_9SXS8NGE1R,0
CUST_HBV2OZ7QGH,0
CUST_93BRQYERY4,0
CUST_GKE3MDXLXG,0
CUST_GFZUK36MAP,0
CUST_YW7HRPEEJC,0
CUST_RBS18TWDO0,0
CUST_GK57Z5TNQZ,0
CUST_Z565WEE435,0
CUST_YEDQH6TXBO,0
CUST_U6WPU4QMVG,0
CUST_CGA78G7KXY,0
CUST_99YUA8SDWO,0
CUST_UM56GT4GSQ,0
CUST_IFPJPAZHLD,0
CUST_Z6NFIXYP66,0
CUST_W5UPAN7HLY,0
CUST_WUKAQ9ZV53,0
CUST_IV17S52LWZ,0
CUST_7BXI5Z2PO4,0
CUST_7IW24EH7Q3,0
CUST_ZSHY8ZDVNV,0
CUST_6WYID73ABN,0
CUST_11UJH0E96T,0
CUST_I8ICH2R687,0
CUST_OUZQOPZ910,0
CUST_TERN6PFAZ0,0
CUST_GOS8EIQZI3,0
CUST_4WOAEVQFUD,0
CUST_Y84CX25R5M,0
CUST_3CWQMMT5XU,0
CUST_UWJEXHXM5L,0
CUST_AIUG8ZS2FK,0
CUST_SJO9P56W9L,0
CUST_JM4HXH0QPD,0
CUST_THYG6NAEBZ,0
CUST_0J5SKJOPOY,0
CUST_XMMG5AV1I7,0
CUST_MDTB1A17ON,0
CUST_D8AHAT0FJI,0
CUST_DR4PBE69S3,0
CUST_Q2Q1A8AQ8A,0
CUST_BS3OL9DJ9N,0
CUST_ZJ0IBIVYKB,0
CUST_24KNIX1I8B,0
CUST_ANWTLPI994,0
CUST_DEDTAL7EXY,0
CUST_B0U22KEITB,0
CUST_2CPL6N039Y,0
CUST_KVXY3K7R93,0
CUST_68O2EQDN7Y,0
CUST_7590O1FSSX,0
CUST_6PRE2C6FH0,0
CUST_FDBJ1Z2W7C,0
CUST_NZULH3VW09,0
CUST_26ZG4PA978,0
CUST_VXXTY48BI7,0
CUST_BX4YK6JUD8,0
CUST_PLBBBVAVOQ,0
CUST_DX9PAAD9YM,0
CUST_IVAUKZQG74,0
CUST_4MHRDWYA4H,0
CUST_LO81SHC8NM,0
CUST_NYQUU9QJFQ,0
CUST_P8PT3EDHG4,0
CUST_FHORNH6WXY,0
CUST_FADEV7SQ6Y,0
CUST_CVPMPYMCUM,0
CUST_0S0E4HOBHQ,0
CUST_5EQ4WJZLLQ,0
CUST_H5EZOFY41B,0
CUST_VSWT2JGP5P,0
CUST_DOMXM1AJEU,0
CUST_54UYC2RIZJ,0
CUST_RORFAS2E8Q,0
CUST_JICXN4RYI1,0
CUST_4OJWGTJPPL,0
CUST_1RXTSRDLRH,0
CUST_HJZHOEYCLH,0
CUST_06FTJ5HYXF,0
CUST_E72RKTYHR8,0
CUST_39K9YRVNNN,0
CUST_EMWJNACCZM,0
CUST_JKM3WW7UA9,0
CUST_H217I0X74U,0
CUST_RVL6677QBN,0
CUST_GGKM2YEY8B,0
CUST_K7NAV21UH7,0
CUST_F5NN1SAM4H,0
CUST_P5YIYDDV28,0
CUST_89VIXR9MGD,0
CUST_G04E1F74V1,0
CUST_WJ4T06M9X4,0
CUST_DH8HBYEJDD,0
CUST_UTV77QXHXB,0
CUST_GF2NCZC67F,0
CUST_69Q8CSAGOU,0
CUST_YMN5BXBC8W,0
CUST_7YE5QKBIT2,0
CUST_ZKKZYMGTLR,0
CUST_MQ9LQ1JFI8,0
CUST_2FRK05ZOCQ,0
CUST_POA4Y5PAQR,0
CUST_O8NYFNM3GG,0
CUST_A3L9J14IMN,0
CUST_7S1ZK320JL,0
CUST_6OOOG1HWCL,0
CUST_UI9INZEPJ2,0
CUST_NC6K94NIO0,0
CUST_8II9RV2LY3,0
CUST_4USKLEGGO5,0
CUST_VLXWEQUTZR,0
CUST_ZVBVS8FF00,0
CUST_09U62VZ13F,0
CUST_FHZS0KH7X0,0
CUST_8A23O6XEGG,0
CUST_DG9U6OTXZ1,0
CUST_M7AHDV1XV4,0
CUST_ES4WL9EZYE,0
CUST_2VZXWXZ3IV,0
CUST_F3CUPBKTZ1,0
CUST_V3SHS6JASS,0
CUST_DBJ1QURZ4F,0
CUST_HE2O16Z92K,0
CUST_B90SWYJVK6,0
CUST_M9FP27VN8C,0
CUST_VKL2WAPIZ4,0
CUST_2JMDSAKOO5,0
CUST_DTCLSFHLPZ,0
CUST_FKZI0AZCWM,0
CUST_O0QXO2YJWD,0
CUST_XRG5G7A4BR,0
CUST_Z77YVB1F91,0
CUST_GEYIC74WJJ,0
CUST_1HMTHEYCUL,0
CUST_2IZS70XQDI,0
CUST_XI7FKP34K7,0
CUST_W9MRP3D6EH,0
CUST_SJ47UNRZ1X,0
CUST_XK99HCT5ZL,0
CUST_BVXXHH8IVU,0
CUST_5WWZICISRA,0
CUST_SHTJXTLBMJ,0
CUST_T3322SQMUY,0
CUST_Q2XOC5O0SW,0
CUST_O2AV6D5RT8,0
CUST_YA0X8V6JA8,0
CUST_VXP8VUIWQD,0
CUST_PVP0AWIWN4,0
CUST_JC7FA4HPB6,0
CUST_4Y21B4POT5,0
CUST_9QBVK3DSWR,0
CUST_9AZNTY58D2,0
CUST_GP3RTDEHX2,0
CUST_NB9TUQKCRC,0
CUST_9BYPIB46WU,0
CUST_LOXIJ6MNPF,0
CUST_SS7HBNV30P,0
CUST_F7VCIQX7DO,0
CUST_3WR4QX318N,0
CUST_2QN7BZ9AP3,0
CUST_3OGPKQMNDZ,0
CUST_TCRERS7LR6,0
CUST_9TF3V33XAX,0
CUST_BIV1W2FRM2,0
CUST_T1RWI1TAXL,0
CUST_7OEKYDIZFT,0
CUST_PTJ3H7LH77,0
CUST_1H68HXD01X,0
CUST_WSL3QKB6MT,0
CUST_B8SWREI7X5,0
CUST_7DOOIYZRQB,0
CUST_GXOK810ZQS,0
CUST_9CCRLR14E2,0
CUST_KL8R9AKY9I,0
CUST_808BNXHW3P,0
CUST_HUYG0ESUI9,0
CUST_MMROT4HG84,0
CUST_PPM6KHWQSS,0
CUST_F8AUVYS7A8,0
CUST_ETBL4RBNRK,0
CUST_TH946MO9DG,0
CUST_1OFUI3AN6E,0
CUST_SBYOBM9JS6,0
CUST_CT0AM9D6DQ,0
CUST_X35RSB1R39,0
CUST_P2LULJK5NZ,0
CUST_2UOPMX229A,0
CUST_NKFJM4DKDW,0
CUST_QB9JD301G4,0
CUST_9WB6OV7KKE,0
CUST_JWO9W1HWEW,0
CUST_74O7R669EH,0
CUST_O2M3U35XQB,0
CUST_ZPLCF2C0CB,0
CUST_64BMH8K3RJ,0
CUST_FW5VS4F8OY,0
CUST_UQ0IBW2EE3,0
CUST_P07HRZFEZF,0
CUST_EV0YGV9EOD,0
CUST_BXAYP8TNPB,0
CUST_N0RDRHUT2A,0
CUST_3E9WSGJYE9,0
CUST_AGM5VJM038,0
CUST_82GM7U99O3,0
CUST_8OEZE3DJIV,0
CUST_O08NGVUYOB,0
CUST_2PPXPP6GNA,0
CUST_0L4DBPV8D6,0
CUST_UWXBF73U8O,0
CUST_PHD8CVYOXF,0
CUST_9Y5VDTZA3W,0
CUST_ROEY33SVVD,0
CUST_Q5Z0CGRSM5,0
CUST_SS0VW3P2NU,0
CUST_4F47QEIYT8,0
CUST_4O394BJSPQ,0
CUST_KTSBUX4S9B,0
CUST_SCM9BI4OLC,0
CUST_CKUSYGOB54,0
CUST_H14RF3WKL1,0
CUST_TKYD1PWJTT,0
CUST_OWENBBUW49,0
CUST_MFPBD2AIU8,0
CUST_GITN0MILWF,0
CUST_WW0ZWJX529,0
CUST_GNDA7E3J1O,0
CUST_Y9P05F7YXV,0
CUST_UXFPP1IF6K,0
CUST_WKCROSNLL5,0
CUST_NOD6UBFL13,0
CUST_V5F61NKXW2,0
CUST_JKZUI2QXWC,0
CUST_IN754XHROP,0
CUST_2LYTZF115G,0
CUST_D7ZNI0EGVK,0
CUST_L6LT0N2X5L,0
CUST_9C5VUF18YF,0
CUST_FL51HSTQ9S,0
CUST_C8KFBJWK2L,0
CUST_Y9H9V0EPNT,0
CUST_LWRKNVVJ11,0
CUST_8LHDK9E4UK,0
CUST_J21DSJ7XBS,0
CUST_Y32NPD6KUM,0
CUST_ESL7PS928K,0
CUST_XN711127PF,0
CUST_PEOKN3A9FJ,0
CUST_HMRTVHAOYW,0
CUST_BUJOA8VREI,0
CUST_P6I42O0LIA,0
CUST_5XBWEWZL1R,0
CUST_5IMX9I161H,0
CUST_3TH3C7N3RT,0
CUST_NK5L8ZPOYP,0
CUST_XJI539C8B3,0
CUST_A7QCJM3E5R,0
CUST_MQX3QEHYS9,0
CUST_HQU4WLT9ZU,0
CUST_SMFOUEFRIQ,0
CUST_6Z2ANUMN65,0
CUST_2HGBO13XRC,0
CUST_DL01I0K197,0
CUST_I3HPRLWZUZ,0
CUST_H1WKVGX6B5,0
CUST_77KLXT8OEX,0
CUST_BXQN1GJI46,0
CUST_SWE0IR8QOO,0
CUST_CET56X86SE,0
CUST_KAYY9W8YKO,0
CUST_TR5VQ6R7ZZ,0
CUST_JS1X68S7CU,0
CUST_S95MINQK4K,0
CUST_PFRXM5ZY3G,0
CUST_Z3P5E1THMI,0
CUST_WFV37F1WTE,0
CUST_REFTWUJ09C,0
CUST_EHIDW022W7,0
CUST_UVJ2WZD6P9,0
CUST_563OZ0N5AK,0
CUST_S7S0UUGSIG,0
CUST_W9JHQOP4AQ,0
CUST_32M3MHL0PU,0
CUST_VB2RLSNYSJ,0
CUST_KCU48QLWY4,0
CUST_CT6CTGSVDP,0
CUST_ONYHOU4D3J,0
CUST_5106CN7XD6,0
CUST_SITZ9EWYRE,0
CUST_73HCA0HZFY,0
CUST_ITKKKR4A1X,0
CUST_WBMBKT7H3K,0
CUST_7EI2XF6WYI,0
CUST_G8SUWUWY73,0
CUST_IX1EYIUO7C,0
CUST_TF78Y1OQOQ,0
CUST_G1E4AE7Y0F,0
CUST_3AXX0S3LQX,0
CUST_EIZO28SNRN,0
CUST_8ZZU0YBKAR,0
CUST_CU7Q0KR5C3,0
CUST_FF5M64NA2B,0
CUST_19Y1IC4RZK,0
CUST_516L11PS5G,0
CUST_CIJOID8ZE3,0
CUST_AD9OZ3RD1P,0
CUST_2JBJ3LRCTC,0
CUST_3MDO34MKUP,0
CUST_ECCVJULCDJ,0
CUST_VERLLA3XPZ,0
CUST_WY4T4J1DX2,0
CUST_K5WIJANLX3,0
CUST_Y54GMP1FIB,0
CUST_YOS81HP9EH,0
CUST_AG468AOF8T,0
CUST_WQTHHWF9R4,0
CUST_DC8YVA11QJ,0
CUST_I26QTFJB8V,0
CUST_DG9CIJV4JI,0
CUST_L1R8FWQ1LD,0
CUST_ZZLHHRHGU2,0
CUST_TG4QLV6GDJ,0
CUST_QA6HV9VXEA,0
CUST_B7DFFYLHQF,0
CUST_8HF3OUS5QA,0
CUST_7J9AMYOO40,0
CUST_0UC9QBH8CK,0
CUST_MY9G44SVUC,0
CUST_XFMKRI24HN,0
CUST_CUI137EW2I,0
CUST_FS947NEWJU,0
CUST_4UIBKVDE9U,0
CUST_MBZIN7PBCU,0
CUST_A545AFGX11,0
CUST_CKD3M9FLMM,0
CUST_RNJN6RVH85,0
CUST_KKNQMBVYMN,0
CUST_MPVHHIWCRF,0
CUST_EZTZ67BA4Q,0
CUST_SGMK69TGTO,0
CUST_AQXYX341IO,0
CUST_2XZCCGIH0L,0
CUST_441CANFYMM,0
CUST_JFWGYVTOCD,0
CUST_7SKHDWZ6SB,0
CUST_88TTL2PS9S,0
CUST_28OUQ7707F,0
CUST_FHD16LRVZK,0
CUST_DETRNCHENP,0
CUST_BP09EFBPIO,0
CUST_N17A2MSE36,0
CUST_KYUU3ZRU55,0
CUST_UAE0HUJ1JC,0
CUST_XANUWEDDS6,0
CUST_QFZT97U5GL,0
CUST_165H7OGNIR,0
CUST_0PJFX19IKX,0
CUST_KTM5U87ZDH,0
CUST_PQHOWXU9AQ,0
CUST_UCLRMD7J58,0
CUST_N4BT52X98F,0
CUST_PU5AZEUNQC,0
CUST_A3SGV4JITY,0
CUST_LEE0LPXB5P,0
CUST_JSQ572L89H,0
CUST_2Q8V6GG1OC,0
CUST_4L7N8FP95O,0
CUST_CGZZWEYO6P,0
CUST_DNRF1PIM7E,0
CUST_UP2HO6Q81U,0
CUST_6CAQ0CUHPX,0
CUST_OAPXDS391V,0
CUST_3W9SCP8P19,0
CUST_RMYRCY4EIL,0
CUST_VE9M3C4B3A,0
CUST_AGD9NQSHDK,0
CUST_R0RD7WFE59,0
CUST_WXWVNQ9FA0,0
CUST_PVXDYMYJFO,0
CUST_F224QUV315,0
CUST_X18M9ZY9JE,0
CUST_6QMTB7SP08,0
CUST_VRGL1LO81F,0
CUST_AX6KGWWU87,0
CUST_DB9EYW1LZ3,0
CUST_P4ZB1G893P,0
CUST_M4MI6XTFJL,0
CUST_W599T10LVE,0
CUST_0ZPJF2ZG4F,0
CUST_7N8SGQLY57,0
CUST_X92O0MTEAU,0
CUST_14BYUP4VOE,0
CUST_WSBNGGA734,0
CUST_7KQC695E2N,0
CUST_3HE4KNBS6Y,0
CUST_7JGTGBYP5F,0
CUST_ABADZEGIMJ,0
CUST_97FF0I1V0Y,0
CUST_5FVB46O00Y,0
CUST_13RKD15OOM,0
CUST_861DJ0MQCR,0
CUST_V49PFJV08Q,0
CUST_WR095666NA,0
CUST_KG0QIJ1HS5,0
CUST_4I1UN7OC0J,0
CUST_UHO5T8TVGQ,0
CUST_4ZR3IS0R15,0
CUST_VOC4YWM76Z,0
CUST_SUDOA5RH43,0
CUST_6Z2ORPEGLC,0
CUST_K8L33OJD2E,0
CUST_R7SWLMAYOR,0
CUST_FH7ZC27JOC,0
CUST_3BH7KN4MQD,0
CUST_F7Y91V1SQE,0
CUST_B3JDLOMINS,0
CUST_2ZZB260P56,0
CUST_V8F5U7RFD6,0
CUST_W9I5M73M8G,0
CUST_I3G28BQM9J,0
CUST_4L6B2KJ7FN,0
CUST_GRQXBGZ84N,0
CUST_VYI2H41EE3,0
CUST_Q3C7MJ83NQ,0
CUST_E5ZCJWGSYB,0
CUST_9CP897SDKW,0
CUST_YRZL4U9144,0
CUST_5U9P3OVUU1,0
CUST_M8SAGJ9494,0
CUST_HDJVKB9ONG,0
CUST_TNB4RHNAO1,0
CUST_E5FQ762NOL,0
CUST_BRB9A3UTJ8,0
CUST_NJP5OT05IT,0
CUST_G2SM7BPOXJ,0
CUST_85W2ZZ9RRY,0
CUST_J00EJTFU97,0
CUST_K8TIZVVQLC,0
CUST_G6WBC8VX8A,0
CUST_IO5LBSI6LZ,0
CUST_3BELTTNS6T,0
CUST_FQREWO0Z8W,0
CUST_566XU5GMKU,0
CUST_78366M1TZF,0
CUST_QGSRNLW89R,0
CUST_RX360IZFSE,0
CUST_HIKRZE81EJ,0
CUST_VHEVB169JD,0
CUST_WEY9536347,0
CUST_PMG9D8JFDJ,0
CUST_KRYO77K3M5,0
CUST_ATY28DCERA,0
CUST_GSRPU7L3CQ,0
CUST_LVVDXXVPG9,0
CUST_RL22MMZ0XG,0
CUST_AY26I2ICW2,0
CUST_C5Z3Q8CN2Q,0
CUST_A35HM1LAQS,0
CUST_TPYMNGSFL7,0
CUST_4USFLOZ19L,0
CUST_QRWTR55KY9,0
CUST_M8DOOPOG60,0
CUST_OC9OG1MFO8,0
CUST_GG50JD1RF8,0
CUST_E46ESTLRMO,0
CUST_UDWSZ6LZL6,0
CUST_VKMSH1EQFY,0
CUST_8WEKAKCIQB,0
CUST_QCW45Q4E63,0
CUST_6GOY571WGN,0
CUST_QIGUNHKN74,0
CUST_3LHV372LOR,0
CUST_9NHGPIWBYY,0
CUST_4TE5UZ8V3I,0
CUST_HWI2QC1NBH,0
CUST_236YF2DH2D,0
CUST_JOCR9K3P9B,0
CUST_HILXXUV0CP,0
CUST_N9PWAB7EWC,0
CUST_SPYGY8K9L8,0
CUST_RZDH3BZL2P,0
CUST_MJL4LUP1U6,0
CUST_GG9LVKRPWQ,0
CUST_6A9Y7I2768,0
CUST_IU3LEU5IDT,0
CUST_F89CS53XHZ,0
CUST_UY1MCBAS95,0
CUST_DPKWAGBCIR,0
CUST_R2K0Q0R4F7,0
CUST_BAI97C0LFN,0
CUST_IZ362ZEPV4,0
CUST_E6FSL2681I,0
CUST_P9Y1E2OOSM,0
CUST_9EEI2LNGEK,0
CUST_40DFSVVW39,0
CUST_TEHPL5EYWZ,0
CUST_QXVDWOYJ1X,0
CUST_JRRA18OX3N,0
CUST_LCUQK6MVPQ,0
CUST_1CLT8N1TL9,0
CUST_AMEC4H5WVJ,0
CUST_0BZA7HCJLL,0
CUST_R6JR2CGVK2,0
CUST_VT5F6U2JYO,0
CUST_5AZLBOGDI9,0
CUST_07BUASYSUC,0
CUST_R7VFQRO0DM,0
CUST_1WJPOJ21IC,0
CUST_VF5L6MD1S3,0
CUST_1889L065JI,0
CUST_QYDKA0XR6V,0
CUST_Q3C8M9S0S4,0
CUST_841J9MTVJC,0
CUST_2MN8827TBD,0
CUST_93F4PIF1FP,0
CUST_6PIM3UPWL3,0
CUST_OE2F6VB93J,0
CUST_9J2DHX6I0R,0
CUST_NJCXMK84V7,0
CUST_S7OXNEL2GM,0
CUST_GHX6454Z38,0
CUST_1R7NXRE9CM,0
CUST_JEWQBW84J8,0
CUST_ZM34OJKY9Q,0
CUST_2HF7Z3DLJJ,0
CUST_ABW3VD54VJ,0
CUST_IB86SOWRA5,0
CUST_L3AUDP6GF6,0
CUST_W0N5VGDUS1,0
CUST_J2QKS9FQZ9,0
CUST_HHNVVMP7MR,0
CUST_ULC447TE6E,0
CUST_YVXR4AP2YN,0
CUST_EQDLYY32HH,0
CUST_Y7GJW07MWH,0
CUST_CJUOC7QZ8Q,0
CUST_JRYJ8AK2KU,0
CUST_MOO0JOZCCD,0
CUST_FICCAME72M,0
CUST_FWOI6ZA32Z,0
CUST_D105LVG2PT,0
CUST_GHZ8IWXVAB,0
CUST_WUINZT5OSP,0
CUST_8K2MTZFF7B,0
CUST_2HKKNQX3F7,0
CUST_B44TGOGTFK,0
CUST_DX0ZYEQG2E,0
CUST_Z352OB6PNG,0
CUST_T5IPB5Q8SF,0
CUST_TI4OMG7CRL,0
CUST_WPJQLR9ZHG,0
CUST_JCO1VZ76UT,0
CUST_CIUKDMHP6Z,0
CUST_DKLIVENKL8,0
CUST_A4QCV3PJFJ,0
CUST_NNDPV6AO8N,0
CUST_O47B0P7OXA,0
CUST_20P4JFWQ78,0
CUST_88INM4EPU0,0
CUST_CYWV1EYV6F,0
CUST_BWOFZ22OKU,0
CUST_D3YLDTKLFS,0
CUST_J78JNCJNAF,0
CUST_8F6SMLG0LO,0
CUST_ZFF3ZONPBI,0
CUST_08USH93H12,0
CUST_CF64UF822R,0
CUST_3U2L8U9WBG,0
CUST_QICF9756KS,0
CUST_0T308LHI26,0
CUST_YY1O56UJSI,0
CUST_UZWWI28SHP,0
CUST_JJ4VLJD1DS,0
CUST_C6DVANJ5ZM,0
CUST_FKLYYA7HA3,0
CUST_X1U44R2SXI,0
CUST_E6XQJP255C,0
CUST_BSEULL52D0,0
CUST_VNPUWJXGE7,0
CUST_HMMSO0LV7B,0
CUST_OU8QZ9I2XJ,0
CUST_01JB18VLH8,0
CUST_FW7NMP62LB,0
CUST_TIUXZMFNTE,0
CUST_KBAMUX441P,0
CUST_RVP299Z57V,0
CUST_QW66R7WRC7,0
CUST_Y91AV1SHRB,0
CUST_M4TTXTZ4YE,0
CUST_U46HQJMWA2,0
CUST_P8OSQSM3H4,0
CUST_V631LM11FT,0
CUST_MZNBS49TF9,0
CUST_L2HHK5Q36O,0
CUST_RROGOP648C,0
CUST_KF69B3OL7O,0
CUST_C0WLIWGOAM,0
CUST_4DEQWAA94Z,0
CUST_3B6DLDP4ST,0
CUST_HCGVKSANYI,0
CUST_I5KTBWELOR,0
CUST_FL6LZY7J8M,0
CUST_E6W0URQU9H,0
CUST_D2VY9ONHN0,0
CUST_EKW4XK92KA,0
CUST_O4VEYPSJEF,0
CUST_QGE4SSQ51G,0
CUST_GAU6I1U7HR,0
CUST_HLTNSVJ79C,0
CUST_KEQR6P13K2,0
CUST_RU965ML46G,0
CUST_RTYG0H66W5,0
CUST_8UVBZWYI5U,0
CUST_EJ8N728Y2L,0
CUST_M7D24EBD6T,0
CUST_AUPO01YOYT,0
CUST_O6F50MCDED,0
CUST_BDG8MWAS8G,0
CUST_JV3A7ET1PN,0
CUST_9E041N0F0N,0
CUST_TT152UMH1C,0
CUST_1MS4IAGCW7,0
CUST_ASQGLSL09L,0
CUST_WT9VH89STA,0
CUST_QNLSRGILU8,0
CUST_0ECE3IL1MG,0
CUST_QDZ3NL0OAN,0
CUST_JOXUZBSPSF,0
CUST_MYBASAFEBV,0
CUST_U4O2QBXYN0,0
CUST_MRL4VL5IN8,0
CUST_3YGAMYF1S0,0
CUST_ZSW05TWDGJ,0
CUST_A9HAVHKF8M,0
CUST_V3TPWHAMYE,0
CUST_BX0J1QPWZ6,0
CUST_RKB6JIWEOG,0
CUST_MCNEXYHIZZ,0
CUST_RO2RY639DN,0
CUST_XB6QTRXUM1,0
CUST_2TGRW1BOUQ,0
CUST_XX0A62BC3A,0
CUST_W5FJON4IDA,0
CUST_MGMYD3AMF3,0
CUST_HGVQ2N2W40,0
CUST_XJ0FZFBTND,0
CUST_FF2BXR3O4Q,0
CUST_R87410AAB7,0
CUST_UZD50RMFZ7,0
CUST_LA1X59L3K7,0
CUST_IWEXQ1M8ZM,0
CUST_QTCBPAVURN,0
CUST_P9EAKBQ02L,0
CUST_GHEEPZGQP6,0
CUST_OVE0WUAKC2,0
CUST_BOQV96W0V2,0
CUST_HGNOZD7CIY,0
CUST_HEX0MW65EK,0
CUST_YLV110TOBQ,0
CUST_7NYTDT0CA2,0
CUST_0EW9PL2TP9,0
CUST_CM8LWFB48S,0
CUST_LXEWU6IZVT,0
CUST_I5WBGCZZ9O,0
CUST_NUCDOBDO02,0
CUST_729FBUAHVX,0
CUST_23AQRVABB8,0
CUST_WQPKUFANXZ,0
CUST_CMG2YJ4RX7,0
CUST_U5KOZIOW0M,0
CUST_20LLJ2KPIM,0
CUST_K95AF3QA32,0
CUST_D1D09TEQCT,0
CUST_6X70GPO3HF,0
CUST_3O7V0O8SWB,0
CUST_6TKDLT9OVS,0
CUST_KL7XR4X3E9,0
CUST_MMVMJL5IWJ,0
CUST_UH8RWEEKU6,0
CUST_WQ8M6I902B,0
CUST_RP5SUHJI3C,0
CUST_E54Y9VS9G2,0
CUST_LCBRPS30ZY,0
CUST_X45YL2SMIK,0
CUST_2W2VBHAH14,0
CUST_LPWORBDO9B,0
CUST_CJJ09F6UCA,0
CUST_5AFR0HXRIL,0
CUST_6DTVZJ84S4,0
CUST_4HF2ZX46DI,0
CUST_0A64UVY1B7,0
CUST_1TPZ3V2QNT,0
CUST_FMHORAAWKJ,0
CUST_VO8NRRLOQB,0
CUST_IZ4JG21UMK,0
CUST_DTZQZABR8Y,0
CUST_H9XJL56A53,0
CUST_DGU6HU594A,0
CUST_ZGSCBP44C8,0
CUST_5DSNM2BMU5,0
CUST_62ZB8L6H0J,0
CUST_1SLFG77VCJ,0
CUST_NUSUXH3PN5,0
CUST_A48XO9939S,0
CUST_7UHZFMOWLC,0
CUST_4L9TQ3JYG9,0
CUST_RJRFFMPS0E,0
CUST_JCC22MHRXF,0
CUST_7BLA0AIGO7,0
CUST_DF09X0WWT6,0
CUST_J1NSELQG2A,0
CUST_8SCNJGOWZ9,0
CUST_Q6A56VMK3F,0
CUST_DKG8VT1PD6,0
CUST_4C5Y7D6YOU,0
CUST_HEN7DT5AX6,0
CUST_OA2HXN35F8,0
CUST_XI1PK3JARL,0
CUST_Q7FKEJW8DI,0
CUST_J0RU9IE8SU,0
CUST_77ABG7SP2A,0
CUST_Y4WJGKFY06,0
CUST_RCEEKZG9U4,0
CUST_EGTO6FC5VS,0
CUST_IOZKQWN5ND,0
CUST_TU5GELUELV,0
CUST_R5L896VAFL,0
CUST_5FPKOEV7ZR,0
CUST_LPP7G4SPYA,0
CUST_Z22HUFS1UJ,0
CUST_7FLJM77W3L,0
CUST_BLTKJYRWQQ,0
CUST_A3NSQZVMKZ,0
CUST_VOW91T8HXC,0
CUST_5E025UPTTT,0
CUST_AC3OWVCHBQ,0
CUST_YJXCMF0ODP,0
CUST_VBKUQDS8DS,0
CUST_PSL5UH6H3D,0
CUST_7WWB6DDOH6,0
CUST_RBAEE0RS1P,0
CUST_LS14Z6VVAD,0
CUST_KFPO0K30ZJ,0
CUST_HHAOGC74TY,0
CUST_YONNDKAR9H,0
CUST_PHL33TGHIF,0
CUST_G9XP12KIXL,0
CUST_UI1GNN5YNJ,0
CUST_P50T1U61AN,0
CUST_MOTE5VIKPK,0
CUST_WGB6BJKCSV,0
CUST_DH4X5PJTO0,0
CUST_FW8HVCGTRU,0
CUST_2TX8INO27Y,0
CUST_XT7JLL8UMQ,0
CUST_8C9PU4JR8V,0
CUST_67TWG87TZ9,0
CUST_TASCKL6GQ6,0
CUST_Q6D3PGB1S3,0
CUST_2OC4R7AHEI,0
CUST_TFU0THA299,0
CUST_AR7PZ9G9RM,0
CUST_D65YLA7R6Q,0
CUST_Q8CAGATDEL,0
CUST_OC701GUE58,0
CUST_I6DS4A2QW3,0
CUST_RDDKOF1CVB,0
CUST_3DK88MBD4T,0
CUST_UG760HBGKJ,0
CUST_9T71QQYQ62,0
CUST_Z5ALMUYK3I,0
CUST_WP0YGIU9G4,0
CUST_LZJNIUCI94,0
CUST_30UFIXSCDP,0
CUST_RM7KG3DUOD,0
CUST_UASUFXJ4N9,0
CUST_9F31J6C5M5,0
CUST_B91QVQM0JL,0
CUST_RNB454RZB4,0
CUST_2IM8N3NO6E,0
CUST_LL09A5ID82,0
CUST_FOETL6YCKG,0
CUST_MWRTFW6370,0
CUST_L7QPAVLFUU,0
CUST_GMRPPI1ZGM,0
CUST_0V2QENYZMK,0
CUST_RZSK0QF8R5,0
CUST_464XJHKV68,0
CUST_ZQ5P3HHOY7,0
CUST_HH3MS5W4DI,0
CUST_ZLWZ7UGCNH,0
CUST_7BUK47WDAW,0
CUST_X80KF2N8W4,0
CUST_NZXXE8T7OF,0
CUST_89E6694R95,0
CUST_4YQD5GD85P,0
CUST_24C33BZ5ER,0
CUST_808RSJ0KDJ,0
CUST_SGPZ11GA2I,0
CUST_MF48OLRRMR,0
CUST_R73V8DVGQM,0
CUST_42BNWYZVLB,0
CUST_FT3JF8TWVN,0
CUST_OKR3F62AX9,0
CUST_EXHHTYJT2N,0
CUST_XKDDH0SHL1,0
CUST_MLLZ7LSLT6,0
CUST_ZJAT820H8J,0
CUST_4MP32LI04R,0
CUST_3M9GONIQKT,0
CUST_J6OPC96N2R,0
CUST_1E3HYEGGJK,0
CUST_3X3G91GP4J,0
CUST_3E0R1CCKPA,0
CUST_8B0W2P0BX6,0
CUST_S6DVKZCVZ8,0
CUST_M07JXXFTDO,0
CUST_CATI52CBDF,0
CUST_WW70XP5AYP,0
CUST_RGJYFJ7GUK,0
CUST_7HEMUHGI0H,0
CUST_FDFEDNJFMB,0
CUST_DCIREPS289,0
CUST_7SYRLZ4BXS,0
CUST_3F4HP5W00X,0
CUST_C4YAN4OPY9,0
CUST_OGR1DRZXAN,0
CUST_4NDD0RR4QM,0
CUST_ZSAN88YO6C,0
CUST_R2KVFO641B,0
CUST_UWGL3WYJIC,0
CUST_XIYFKWK29I,0
CUST_TWRJQ3LXXO,0
CUST_S8SRZJLO8T,0
CUST_OSC1TQZ6GE,0
CUST_8HULMWCTS0,0
CUST_BHSB6XAXUM,0
CUST_OUYUP9VXM6,0
CUST_E262XF039P,0
CUST_Z2LW7FXFAM,0
CUST_8EM1344UO9,0
CUST_4R2ND0ZBY0,0
CUST_TULTVMCRLX,0
CUST_DTEETWN5RV,0
CUST_JKSEO67952,0
CUST_XJJJRJ7B3G,0
CUST_0Y9W66KRG1,0
CUST_LGYA9BDZ33,0
CUST_H8RBXLF0P3,0
CUST_LV62XEQAYC,0
CUST_TUXQHPUWEW,0
CUST_RC874DH1KK,0
CUST_3KQQ4EE45K,0
CUST_KGC9MR6UJ2,0
CUST_FOBEPWMJ5Q,0
CUST_Y3Z00ABSXT,0
CUST_85YSBWMLEV,0
CUST_FW35SPM8EL,0
CUST_TTFZWLW1AC,0
CUST_TYFTS997L0,0
CUST_X9T2DMZCXC,0
CUST_IRQCXJ76U1,0
CUST_A39AMGLCLY,0
CUST_FGH6CRT6WB,0
CUST_5DJD4YPFS5,0
CUST_VYEH11DSPR,0
CUST_INMHM2QVB1,0
CUST_MF13FG5C8W,0
CUST_G2L1A2YQLV,0
CUST_VC6JNOB0E3,0
CUST_Y7H2L21507,0
CUST_ELFUBQRKE3,0
CUST_U0CMIBS369,0
CUST_40IM4WVAYT,0
CUST_E0C2QYPWOY,0
CUST_Z5NCD4CUA3,0
CUST_JAGZ1V1WZH,0
CUST_W9531461II,0
CUST_AGBCB82DXA,0
CUST_1BB71BERI7,0
CUST_N03VRQOWCW,0
CUST_IYHT65PXG6,0
CUST_POHWGL8QED,0
CUST_37A1E3D0QJ,0
CUST_M2JX449JTS,0
CUST_JBNLBXR3Z6,0
CUST_2ZIWN328TX,0
CUST_C8QDAL4KST,0
CUST_EOY8X1AQQJ,0
CUST_8OMGO575ZX,0
CUST_W74LGSCI6B,0
CUST_FUZ2GV4EI6,0
CUST_KEHBGRM5MB,0
CUST_OOWWEKPC00,0
CUST_KFVMVXP17K,0
CUST_1MFKU8WIOA,0
CUST_R2YS93HJF3,0
CUST_WJIR2W9YU1,0
CUST_EX6SBIR15V,0
CUST_SLD0VTJQ56,0
CUST_GW8DF4YERM,0
CUST_WK7ZK520P1,0
CUST_XYA83Q85NI,0
CUST_GZYOKM2K1K,0
CUST_AXIRYN2NSU,0
CUST_6I3DDK8FUF,0
CUST_QOLW06T6D9,0
CUST_SN0GTNKXTB,0
CUST_R0TC73HSZJ,0
CUST_YRKIHN4R3G,0
CUST_I8JVCQHGW1,0
CUST_E0DEF3C369,0
CUST_W144ZKB99P,0
CUST_9W5GHPPJQZ,0
CUST_IXZPSEO8YM,0
CUST_YGC6PE9HOP,0
CUST_UCU4T2BMD7,0
CUST_7OYIZCV6ZE,0
CUST_NO48CYCO2O,0
CUST_48ZP0TBLBG,0
CUST_NR57OT3205,0
CUST_VR041FZAOH,0
CUST_AJIG2Z6K3W,0
CUST_TWC8S89DFC,0
CUST_OJDDLSHP1G,0
CUST_GG5BX030FL,0
CUST_6MEFBDJLP3,0
CUST_P22C37BAS5,0
CUST_2ZHJ5M6C8I,0
CUST_M5BSTTJYJC,0
CUST_BL1KSJ9QTD,0
CUST_FPAWEMARA0,0
CUST_8LRSE0CJ5I,0
CUST_NL55Q2KJ4K,0
CUST_Z9LXEJMMKJ,0
CUST_KN3M5KFT4N,0
CUST_KE77VD1VX1,0
CUST_5WCMHW1A44,0
CUST_TAJ7O99NPX,0
CUST_91XL321TK2,0
CUST_L4S2SDIL0C,0
CUST_4U7HXP3UKM,0
CUST_Z4BIF70Z7W,0
CUST_VYY1RYOYN8,0
CUST_2CCLGXQPJS,0
CUST_BF5ABDDV08,0
CUST_AU5JMEMPU3,0
CUST_0BQX9TD1RN,0
CUST_GQ17URX7ZD,0
CUST_JWMHMZKOCJ,0
CUST_IQE5W5RCYO,0
CUST_F5THWPLI2O,0
CUST_MG2TB21SBF,0
CUST_PI5KUHO5XU,0
CUST_V8IOHFW6BG,0
CUST_BMSNIX9NA0,0
CUST_6H1M8BF0KI,0
CUST_YGT2LOXIQC,0
CUST_VGK6QMAXBZ,0
CUST_R5Z1TQ0R77,0
CUST_YP2SCQSOAM,0
CUST_ZAOTSFEB6I,0
CUST_UHFXYLWVDV,0
CUST_Z20Y74UPVK,0
CUST_Z59CV3UQI0,0
CUST_PFX3R1JXY1,0
CUST_7ADE24R1LV,0
CUST_KE7NSXHLYG,0
CUST_ZX4FAUDBBK,0
CUST_MZ229UFHX4,0
CUST_0IE77YC4J6,0
CUST_7UGLD5M5W1,0
CUST_E90GNHYXEI,0
CUST_QX5F1G6PD6,0
CUST_2C5V6T4RGT,0
CUST_F2PT90U85D,0
CUST_KOGD49Q9I2,0
CUST_QAMS2CYA05,0
CUST_8COZ5B1DR4,0
CUST_AWBAZ8CN3O,0
CUST_RZJ6TF6F2W,0
CUST_Q3252MY19U,0
CUST_H0AOQL7S3K,0
CUST_UCT39JKRP4,0
CUST_53MAJGDR4G,0
CUST_SW4LYLLHI6,0
CUST_4M1ORU2ILS,0
CUST_G8UV1VCE85,0
CUST_GIAC1I3PFA,0
CUST_28KLK5C5DC,0
CUST_PUHCX73ZYA,0
CUST_FR1UA9IA6Q,0
CUST_XK7CWFZ1J8,0
CUST_M8NGDAIU4G,0
CUST_0TUBSQ8S60,0
CUST_WNQM95K80F,0
CUST_WPFK4WA1XL,0
CUST_4266I6VOJV,0
CUST_EAOTL1PH30,0
CUST_VWF8YYAJU6,0
CUST_P9OYSUNJ5M,0
CUST_DSJZSUV51K,0
CUST_WPP8FS86IQ,0
CUST_SNQQQUKAFI,0
CUST_NPTRRBWBTS,0
CUST_97FLVPK147,0
CUST_HD1RZUS7QV,0
CUST_OX4E8EQ9IB,0
CUST_S0WGF8MIGB,0
CUST_LFBDIE0ZRY,0
CUST_LRK8PB8D9Y,0
CUST_8QTMVIYWKK,0
CUST_RSGEVJRIOK,0
CUST_UJNS32B6HV,0
CUST_GZWRAG8GYZ,0
CUST_F86GF0PPEE,0
CUST_GJ236WJ5L1,0
CUST_66B8LX38YA,0
CUST_RU3KKZIXAF,0
CUST_PEVWUCOUT3,0
CUST_5X340I0YX8,0
CUST_KLZOUH5UCM,0
CUST_JNA04OSNJE,0
CUST_NYPWW19ETE,0
CUST_8QRV0UT0CJ,0
CUST_VZ1YGJL0P9,0
CUST_5QA22B109R,0
CUST_NMXN437BOG,0
CUST_YMSVJV7YLM,0
CUST_U2C8T57IUJ,0
CUST_1J6MVTX7EH,0
CUST_C2YH52M293,0
CUST_SQI81DTFI2,0
CUST_Y4S9XDR0GO,0
CUST_N3C70BDEWB,0
CUST_ORXDAXUGG8,0
CUST_RGL05CBDTC,0
CUST_B7NQT1SU3G,0
CUST_HKDK61E57P,0
CUST_CATO4JB08T,0
CUST_UO96YYT8JK,0
CUST_WC9S52HRKO,0
CUST_LC1AIUQWO9,0
CUST_BPKKH7R2ZE,0
CUST_DF3NRK2PXQ,0
CUST_0XNIQ9NFRS,0
CUST_SFURN95ZKQ,0
CUST_KS47OEFBN5,0
CUST_QG1WHS1TGK,0
CUST_QK3RQBGB43,0
CUST_W36A9LYC3O,0
CUST_1J83Y57OGL,0
CUST_7FZVWFPPB6,0
CUST_H64G4T2LWT,0
CUST_OKBHG3YN4T,0
CUST_ABVA9TH9RJ,0
CUST_0ZG6I0T2G3,0
CUST_2V1MNMHA0E,0
CUST_NK9XSO6C7B,0
CUST_V21QK64NOV,0
CUST_DVWSZFD0WZ,0
CUST_C2G90ADQRT,0
CUST_ZSVMUPYYCD,0
CUST_0ZQRFBA28J,0
CUST_YZX1ID3TTN,0
CUST_FLWXD8M5E9,0
CUST_9URMNP6XK8,0
CUST_F3WM6D7QIV,0
CUST_9NC0YLC1WD,0
CUST_NHEVZL0N4Q,0
CUST_G5OKKK2NM9,0
CUST_JR8TOSF86X,0
CUST_SJVC9HAHRQ,0
CUST_SNTHTI3BIJ,0
CUST_DJP7XYYQCC,0
CUST_D2NIT09ARP,0
CUST_2D11VUFSYB,0
CUST_IL8GQ5WUAW,0
CUST_UOLE1Q611O,0
CUST_7MRD2549DW,0
CUST_B23CYU67Q7,0
CUST_83XZG2QUCY,0
CUST_XKO4IU6Y0T,0
CUST_WRI7C0H8I4,0
CUST_KAHELU8ERQ,0
CUST_EFQMY5J7MV,0
CUST_QPUVBO68DS,0
CUST_NT6AMBAXWZ,0
CUST_C2ZT5EX8ZK,0
CUST_4AS0683VA1,0
CUST_BK22WRRWIH,0
CUST_PI63XB5ZBY,0
CUST_M3G0BVP4AP,0
CUST_86QT32644E,0
CUST_UPO2XBN1RE,0
CUST_4YRMOFUF2A,0
CUST_0Q8GEZXZIB,0
CUST_LBGGB0RMDB,0
CUST_F0TE8Z0PW7,0
CUST_VOHKBGK6XU,0
CUST_XFWYMCKPXH,0
CUST_1VISWBBAWV,0
CUST_4V0TAPS1PC,0
CUST_QP9EDTL3ZO,0
CUST_FVU8O8JIQJ,0
CUST_NGWOSGM7LR,0
CUST_5FJMI8XXUZ,0
CUST_HHWJFSQK6W,0
CUST_S6M9VKDKBS,0
CUST_CDVL0J1TO2,0
CUST_BYTL22UND7,0
CUST_MIM0246SAB,0
CUST_29OAXS1DVH,0
CUST_AIOTFGG5QC,0
CUST_BXQHZ2PBU7,0
CUST_L340Q9I2GA,0
CUST_GXUPLPLEE6,0
CUST_Y664TFXPZG,0
CUST_ZM9C27RE5L,0
CUST_3R7ELC630S,0
CUST_SADCRXCXUS,0
CUST_29S9HINQI5,0
CUST_DNJNMW9PKF,0
CUST_GXD46CP62I,0
CUST_5DVO0T8Q56,0
CUST_0QYK5671D2,0
CUST_96UPABZRVO,0
CUST_1JA2AHAOE2,0
CUST_R3W7PWCWX4,0
CUST_7DNDG7KAJC,0
CUST_E0AJ7HCEEE,0
CUST_I7Y8EYC5VK,0
CUST_328M38OJNJ,0
CUST_8J2CYSNXLQ,0
CUST_J8BXIF9VUG,0
CUST_4GMEP89W2D,0
CUST_DQI61FFH1F,0
CUST_R4VBTUU9M9,0
CUST_K1CYDHGPXB,0
CUST_TXU3XAV7Z9,0
CUST_PWILFUOYZS,0
CUST_HBGQGFB4FS,0
CUST_F0CWBGY0OP,0
CUST_0WLR5NZOQ8,0
CUST_0448WBCFTQ,0
CUST_I7S4V09OAN,0
CUST_UI5A82UQTP,0
CUST_8WY0MDQX5B,0
CUST_EXPIRSLB8B,0
CUST_LV6F19OXYP,0
CUST_M840GPIEZ0,0
CUST_LA5ZKBPLQZ,0
CUST_PUYKF46IKE,0
CUST_98MROXTP75,0
CUST_6FHTO5BGM6,0
CUST_7N739BM1SM,0
CUST_VK35BL8CX1,0
CUST_CHW2B9BDK7,0
CUST_SFT36YW5NN,0
CUST_GBLANTPLB5,0
CUST_O7JL3XT2Q4,0
CUST_OX8M5KTZAG,0
CUST_EBNFA9QY4M,0
CUST_2TEEG0RXG2,0
CUST_KO7KNS85EA,0
CUST_HZ8WE1I73Z,0
CUST_1IQ3IZNV0P,0
CUST_8BE66K91AA,0
CUST_93YH3CDNEJ,0
CUST_1EZ5WQWLYH,0
CUST_VUWT0S8I91,0
CUST_CMS2UAB6C6,0
CUST_A1J5RDKELF,0
CUST_BJJVYV19OM,0
CUST_0SY1ADMT4I,0
CUST_J4YL1ZIHII,0
CUST_PFJISCBEXZ,0
CUST_IUT5U6BFDB,0
CUST_AKA9OB208M,0
CUST_ND9XIP8C8S,0
CUST_60SBP0ZS4Y,0
CUST_5HTNR1LQV0,0
CUST_SKO04OASTF,0
CUST_Q2K0THZ37H,0
CUST_YH62R1VX7O,0
CUST_3EUUSTZPMK,0
CUST_ASOHXCVU3K,0
CUST_K4KZPSII61,0
CUST_TAQPK4VC25,0
CUST_LE9R676ST9,0
CUST_JUOWHS02VN,0
CUST_JDDZ14W685,0
CUST_474J6QC90K,0
CUST_ST1CY1W83Z,0
CUST_I2RUF6M4R2,0
CUST_A9BK7FLMH2,0
CUST_MO0SGWIBF7,0
CUST_Z445EJEBZ9,0
CUST_3A0LX8R1JF,0
CUST_A4R6GMFH2A,0
CUST_EDRWN0S3OB,0
CUST_EQNZHDEOOU,0
CUST_M2S0HFL3K3,0
CUST_46SH1KRTKH,0
CUST_9XESLRQ6O4,0
CUST_UF7Z9P82TW,0
CUST_2T381ZWH0L,0
CUST_46XB8WI1GF,0
CUST_7IV17BYSPA,0
CUST_68OKEVGR1I,0
CUST_NOEL8UOYJR,0
CUST_CWW8HJHCID,0
CUST_A1PEAWBNJA,0
CUST_1H8A4Z0RDB,0
CUST_HWTHX6Y9ZJ,0
CUST_JLR4V1M8MJ,0
CUST_EFI5704EC8,0
CUST_OKGCBXY8NZ,0
CUST_2SBN5YLYZ3,0
CUST_B45Q0TWSKF,0
CUST_ENCPQG42CB,0
CUST_19TF9F8YMI,0
CUST_EE7DV7VGUR,0
CUST_QAUJFJKG3A,0
CUST_01MO8KO5J8,0
CUST_0JVH6JX41D,0
CUST_CFR8B0II83,0
CUST_7V91PCHQSY,0
CUST_C9HBT8YP78,0
CUST_N932P0LNY4,0
CUST_5HO29RTKFS,0
CUST_R6X8KK0TXB,0
CUST_YB5HNT5ACP,0
CUST_45MVC2256W,0
CUST_A9032F24TN,0
CUST_INAEOQ4LU9,0
CUST_66MGP4TUNT,0
CUST_T8EJRL1D2R,0
CUST_PHSLDRLRVJ,0
CUST_4YMKF4CMHZ,0
CUST_OLL56D78RD,0
CUST_K7POB72KRY,0
CUST_G7F1ZSLVTK,0
CUST_9OUUCF3KDH,0
CUST_HE84TO5PW8,0
CUST_P2RWCU1YPZ,0
CUST_J38W8U1IE3,0
CUST_BADVP9C4N7,0
CUST_K449J2MSW6,0
CUST_7DF9IGZLUI,0
CUST_5AGMUBS7T1,0
CUST_R9MSPC4G8R,0
CUST_CAXBKR3O4J,0
CUST_A1B6I1N8CM,0
CUST_WFQMMVKTZF,0
CUST_V5Y7QN2R4L,0
CUST_3HEVNZB8LN,0
CUST_HPMQJDJ3PC,0
CUST_MCXHTTAOTB,0
CUST_53DI866GBW,0
CUST_TA6DCFCWOX,0
CUST_KUHC6EAZXH,0
CUST_P3B41ZD2BK,0
CUST_LISQAS8OMD,0
CUST_JO6FA8DMV3,0
CUST_3P5PX5DMMU,0
CUST_LKA551I6F9,0
CUST_AEESBNHJ52,0
CUST_55UO9Y9AVJ,0
CUST_ZMLSU1CU3E,0
CUST_XE0177P351,0
CUST_G52YWYPT02,0
CUST_H28DHO0C8C,0
CUST_F2OOU6KVIS,0
CUST_3MF3VF9MB8,0
CUST_PBY43FRHZJ,0
CUST_ORHPHDL0OH,0
CUST_MIR5MEUHSX,0
CUST_7ZI4NRMQKM,0
CUST_1BFNRLTVMO,0
CUST_0OAHGN0MOP,0
CUST_D5H7RFHS1S,0
CUST_FPHMR2CSAZ,0
CUST_QFW6HZ885I,0
CUST_1FQ4MYO63V,0
CUST_355F5RD56J,0
CUST_I5U9AYVMZS,0
CUST_GQN48QUVOD,0
CUST_YKKF3I5P5D,0
CUST_CQXKHWJSIN,0
CUST_H7XZXJSEOY,0
CUST_BF71DT7R06,0
CUST_BKL37718ZN,0
CUST_4G6HYVJ7EV,0
CUST_A2LFAOH41R,0
CUST_F2J4S80LAP,0
CUST_981PGC1WQ8,0
CUST_MJ0P7WKKTM,0
CUST_76CRUSOEF1,0
CUST_VXQN3LJG0F,0
CUST_PXHE2VYL56,0
CUST_382UVW2QFX,0
CUST_B9RU059130,0
CUST_QH0X9GFQ61,0
CUST_ABAHKH43AT,0
CUST_ER8OBHMMHD,0
CUST_71CU4DPIUH,0
CUST_W6LBOGSDQT,0
CUST_NL2K1UL2KX,0
CUST_SLYYHWP3OQ,0
CUST_07M253VMF6,0
CUST_2BHFD6JK0V,0
CUST_I7XLN2MII1,0
CUST_7HSCPPBH4H,0
CUST_IEL157PY08,0
CUST_RUXVA8JOL7,0
CUST_GWNVC1OLPP,0
CUST_RNI6VW5W83,0
CUST_0X024IX5FE,0
CUST_P56RYEVVJM,0
CUST_G7XJ3BF509,0
CUST_PFS8VHFBPV,0
CUST_MCJ7K3TOMD,0
CUST_RE7MX0BA2U,0
CUST_C4QTU84BP1,0
CUST_V05II5MEO1,0
CUST_NEGE844T9C,0
CUST_29HWN3XJ6V,0
CUST_XDYKLHXWBR,0
CUST_RHZ3SCC2CG,0
CUST_QIQO796AR1,0
CUST_DS2CYCUEZB,0
CUST_J6VTE53NNB,0
CUST_4WUB7GMYQU,0
CUST_ZAW6CHDWMS,0
CUST_NUNWWHOKF0,0
CUST_RW07NM9KB2,0
CUST_1IXLVBOH3W,0
CUST_8A2ELE31MP,0
CUST_MA4NU1LN22,0
CUST_GIN1OTOP8Q,0
CUST_PW8TD5CGGK,0
CUST_S1Y971D02M,0
CUST_EDH407S1R5,0
CUST_66VXIR00JE,0
CUST_MFFD7K05IM,0
CUST_0ZBJ0US486,0
CUST_3N6BJJATSB,0
CUST_HL3TF70RWJ,0
CUST_L9CR4D0GLD,0
CUST_CRPBJFXAOI,0
CUST_32FXWFJIDG,0
CUST_U7T3P61GEU,0
CUST_80HJ7CNHMX,0
CUST_CY125GT2MG,0
CUST_Y6GA2TQMLZ,0
CUST_R0GWYVARWG,0
CUST_D0V4SV2VUZ,0
CUST_Y1P9SSR832,0
CUST_FB51GLTLL4,0
CUST_4V5D7XWK2U,0
CUST_ZMXNGOX76E,0
CUST_CW99L1I5E8,0
CUST_IP4XEH74ZJ,0
CUST_9HEB16BJV9,0
CUST_IEH603M1VV,0
CUST_8MFQJ1R3GJ,0
CUST_B6W1ITFNON,0
CUST_IK522GMY26,0
CUST_232JPLJB76,0
CUST_4D6H1J5U5D,0
CUST_HJRMYIJ7Z9,0
CUST_YNZY65IDCY,0
CUST_89GF43XT0N,0
CUST_21SB3LB1KP,0
CUST_VX5V6DDQ32,0
CUST_KD2ZUVX9GC,0
CUST_DFEA9WRW48,0
CUST_PJ1V6MWDHE,0
CUST_PDI1HABPAT,0
CUST_XKIXCCBRPD,0
CUST_X4YCP4DTYP,0
CUST_APP40IDHCB,0
CUST_3J1V7BV0IA,0
CUST_F6F7BZ12CP,0
CUST_9NLVOVWLDN,0
CUST_WM1P7ABNPC,0
CUST_9TFZGCVJ6T,0
CUST_7G5BXSCJCF,0
CUST_YML8TJPBFG,0
CUST_HMTVM00YVM,0
CUST_OLGXY90JIF,0
CUST_M9Q7D2DY5V,0
CUST_4O45VBQF6Q,0
CUST_MFVCR2W2IJ,0
CUST_E0W7C0B7V9,0
CUST_CDU3KQ5JRP,0
CUST_5CVK5L2HM8,0
CUST_ASX2SPW8RN,0
CUST_HU0DHGIRKO,0
CUST_KJ3VZ6QTK8,0
CUST_7MQY5PCEIS,0
CUST_8OF4QOMKZE,0
CUST_8GWU7ANBBJ,0
CUST_YV4N99SXEI,0
CUST_RDDSZ5NPXB,0
CUST_91VOW7R9ZJ,0
CUST_C4VIKP5IQ7,0
CUST_PXYR8B7VC3,0
CUST_EYIQ63MAB9,0
CUST_VJJ5WJAKQZ,0
CUST_IWH08AXSO5,0
CUST_L3DUTJC61R,0
CUST_46YXXRKEAZ,0
CUST_PO6HIH2CUB,0
CUST_XQ4YQ4UER5,0
CUST_ZJXUMKRD4T,0
CUST_N6GDN9MVXN,0
CUST_6804EZH58C,0
CUST_0CPEO1GSJW,0
CUST_M2Z19BKSZG,0
CUST_EBI0IQJDHE,0
CUST_44GCIBRRJE,0
CUST_UAAAT9RUZD,0
CUST_BBOTMXNV4B,0
CUST_3RJ1OU2I0I,0
CUST_WG5HMNI6R1,0
CUST_WVERT0PHPS,0
CUST_2LIJFDTMEI,0
CUST_KSA4KSEGG1,0
CUST_6MB7RZI1HE,0
CUST_4H2ERG6LKQ,0
CUST_6BPP2WVPAF,0
CUST_KDLM20VHQU,0
CUST_MMXWXMFN78,0
CUST_2PKRSMP5GB,0
CUST_PU7IA7V58F,0
CUST_31DLONYQPB,0
CUST_ZCTJWXZSJ0,0
CUST_X8CAV21M7Y,0
CUST_JCKV9TKCO5,0
CUST_DI1UZ7160E,0
CUST_DEJHNBQ0YU,0
CUST_G46WF5YP77,0
CUST_H3PGN1KP1Z,0
CUST_ZSACE0EJUX,0
CUST_PBC8RQMVDL,0
CUST_MHI2PAI93A,0
CUST_AEJHBCKZVO,0
CUST_EYXJMXCM2X,0
CUST_7596JLWGBN,0
CUST_4DQZO0EJSE,0
CUST_TEUJT9B7SU,0
CUST_HEUAYTUBTW,0
CUST_MFUZ5SUEGW,0
CUST_4L5T7AYASM,0
CUST_39CCAN524M,0
CUST_J152UBNJZJ,0
CUST_3NOEIDLM1O,0
CUST_371HBDH2ZC,0
CUST_01S321OYDY,0
CUST_CA0ZK53FYD,0
CUST_37K3F989HC,0
CUST_L20DE8Z0E0,0
CUST_ZKXCWJU2H3,0
CUST_09M2E01J2H,0
CUST_LXKLVUQ4AQ,0
CUST_BHVOXLRNK4,0
CUST_LF8T86ZV67,0
CUST_JNXEO590U0,0
CUST_OAAD6XNLAC,0
CUST_GBJIGZF61P,0
CUST_WX2S94IFZZ,0
CUST_CQ754VCCUU,0
CUST_Q87NL4AZ72,0
CUST_IBBKCK9YFR,0
CUST_4XRB5612BS,0
CUST_SNR1KIO3JG,0
CUST_V40UG0FC9T,0
CUST_83J3FDBPYH,0
CUST_CCTWO6AJ0O,0
CUST_CKPX3P9060,0
CUST_JENS21EPF8,0
CUST_LRQLRG7C37,0
CUST_XD7D4E0H1E,0
CUST_P32S6B5BEH,0
CUST_0E6YJDF5C7,0
CUST_MPHIYKU1W7,0
CUST_76WPQVNHR2,0
CUST_9P5AA0B5I0,0
CUST_8ABQKPECEV,0
CUST_51QTWE2E3W,0
CUST_GGU9Y23SZ7,0
CUST_CEYQREP0MU,0
CUST_F605991XMQ,0
CUST_NXH108N1IO,0
CUST_ES4XFB4B8N,0
CUST_656UAT596T,0
CUST_RE9PBP7FZL,0
CUST_7S0JDY29KF,0
CUST_JB26BMKXTO,0
CUST_S7NEDGSS2L,0
CUST_GW7BKBZK2W,0
CUST_W7P46HZZAY,0
CUST_X0A6R4WIYS,0
CUST_8K0J5JZR3Z,0
CUST_M20LYV0JM5,0
CUST_X7VUCSNPIR,0
CUST_M0Z8MNIWXT,0
CUST_64F8CALDEN,0
CUST_B1DIPF8OST,0
CUST_PN7Q38607K,0
CUST_8TQ8PZDCI3,0
CUST_FRUIKN1EIQ,0
CUST_G8ARNKWVYF,0
CUST_RI8JL5NHRX,0
CUST_FZ89INDDF6,0
CUST_GE772D0GE4,0
CUST_9QYW222LRW,0
CUST_RNUCFUWAXO,0
CUST_7DNA0Y9EYI,0
CUST_HUMV276039,0
CUST_71LA9BS0ZA,0
CUST_SNKXPAFJUD,0
CUST_4UXPHU6BB5,0
CUST_WERFD5QZ8V,0
CUST_BM17T8REWE,0
CUST_CJNF5JYBY3,0
CUST_AZ9OI001OD,0
CUST_HUXBVI4VD8,0
CUST_MQ04HC6E6P,0
CUST_1TOSWT3ZQO,0
CUST_W3C5CD9JGY,0
CUST_BB8108SSZ0,0
CUST_E2XW5HJGXF,0
CUST_UBXA3XIT1D,0
CUST_80YH4SEVKP,0
CUST_6VZJE9K6LX,0
CUST_NTUGWWRHDT,0
CUST_L6PYQH4NKY,0
CUST_LN9NNSUF40,0
CUST_J6E9T0IMCC,0
CUST_8UUVY76TQQ,0
CUST_SZYJZYTNZ3,0
CUST_1VKBWJFN38,0
CUST_F0H7M7ZOM5,0
CUST_IUDO7C6L7M,0
CUST_KSCO8LM6OH,0
CUST_C1RZWKU9BM,0
CUST_2A2KCS2Q5Q,0
CUST_WHHVFPFFPX,0
CUST_JXL6OCOXI4,0
CUST_M8FYE1TDFJ,0
CUST_KVXB1UFCCO,0
CUST_VBUBZ3HI1K,0
CUST_43Q9IW1AA0,0
CUST_L82JVX0D7U,0
CUST_ODHESS5BOW,0
CUST_ZZHS11M7YA,0
CUST_RKD7QO2TT8,0
CUST_0XUTCZLWGZ,0
CUST_5J4FKFYWWE,0
CUST_V13XZIIJ6T,0
CUST_YDHA7QU5RQ,0
CUST_OH6OMN3FCU,0
CUST_4H2OH7XS0K,0
CUST_7FQHS9WMVX,0
CUST_XLZ9DIOK0D,0
CUST_TM7PYKASV5,0
CUST_XLOSTLNLRE,0
CUST_9PKAAGQZ4Y,0
CUST_LNJWLV3BJR,0
CUST_642U6FXIQ5,0
CUST_941Z9H4KC6,0
CUST_7I42J7WDOW,0
CUST_3ANWO84WJ0,0
CUST_SJ4J4K7UHC,0
CUST_CJH3NWYL16,0
CUST_7NK1MS47XQ,0
CUST_TJMJZP4DDB,0
CUST_2DYMECQGLD,0
CUST_I86VUOSW6L,0
CUST_EH2TEWK29G,0
CUST_DA9SYASUWG,0
CUST_7JE0O6DKV7,0
CUST_IN2UM173HI,0
CUST_AB386V05LA,0
CUST_JOMD9T87DM,0
CUST_88UFL3LI59,0
CUST_33W6EKETD5,0
CUST_H6N1ALU1K1,0
CUST_6U9NL3MK0Y,0
CUST_4I70TGX7ZV,0
CUST_S5QXSOJ1BH,0
CUST_6I3L86QBQ0,0
CUST_TU37DEFYKR,0
CUST_F1DFT77SEC,0
CUST_EFRYRZ3QWY,0
CUST_YZLIBPUSAN,0
CUST_PHDZRER0K7,0
CUST_ETJPJQABDS,0
CUST_3O8UX8HABK,0
CUST_U90GO2EJ3O,0
CUST_PR35RU2V5R,0
CUST_WD8FEUJJV2,0
CUST_AXA9OJUOPE,0
CUST_P8B1B5NL5R,0
CUST_1ZEROOS2JX,0
CUST_S4HDQV4ZXU,0
CUST_XHW2Y3JOAC,0
CUST_ZD4J4K43E5,0
CUST_BKHI51SOQA,0
CUST_Y2FELB7UIU,0
CUST_W1OPZ1JA79,0
CUST_044AQOHF1I,0
CUST_VH1L85YB4G,0
CUST_ZWZIDAM4X8,0
CUST_SGMEDNKM4C,0
CUST_F3FT3KKK7K,0
CUST_R5O9835ZVT,0
CUST_5VWKYTVTNO,0
CUST_7JCZPRA7VE,0
CUST_TQ1ZE7M1KW,0
CUST_SXF1FWXAVH,0
CUST_2BV5HGY9WW,0
CUST_5UDH9JERFH,0
CUST_DR04VSUSDP,0
CUST_GDKML4SFFT,0
CUST_VGHSA1ZE73,0
CUST_QEIQGX70WE,0
CUST_EOTFQTQTVC,0
CUST_5KB9SVT6TX,0
CUST_3PIWN6J6V5,0
CUST_CM95HM19QS,0
CUST_9JB6WJ4CM3,0
CUST_V1LT6GJY7C,0
CUST_M1IGJBQPQK,0
CUST_GAF35FM001,0
CUST_S0I1VBI8F8,0
CUST_ANTY5H276U,0
CUST_ZQTYKVFQ7J,0
CUST_BGH0W0PRFE,0
CUST_X4AJC8O788,0
CUST_URNKOQK1V2,0
CUST_XW3C3EKBFD,0
CUST_773ETYF514,0
CUST_JNO99E4H9Q,0
CUST_DSPLO3VIVP,0
CUST_S2GRHFWPJ5,0
CUST_MIV0QK7WUE,0
CUST_N6NBHEF2VF,0
CUST_UPI774711N,0
CUST_OUFFBO6G1O,0
CUST_KQKUM1BOJ7,0
CUST_MQQVBEH4XD,0
CUST_KU3S1ZK4QV,0
CUST_VPID60RAEC,0
CUST_99DYCZ5NIV,0
CUST_VEOEQVQW0W,0
CUST_QQX0KCUZRL,0
CUST_4H6BJOIPNC,0
CUST_BT0R6HWDHV,0
CUST_5ICCQILLTC,0
CUST_MI6U6H92O8,0
CUST_7SCRSF6W27,0
CUST_SRKVNYSPQ8,0
CUST_FUM6IP3XNB,0
CUST_TDDY398DWN,0
CUST_R75OPQ18O6,0
CUST_F3W7JOBO2N,0
CUST_BNDKX5H4GS,0
CUST_7LCG16V78W,0
CUST_OCDLL0VI3Y,0
CUST_7MX8UQTQI7,0
CUST_FCV55XEHH1,0
CUST_MUVFD3NHH7,0
CUST_C93XWE5N8F,0
CUST_38VOKLT98I,0
CUST_QB8QHNQG66,0
CUST_Q3ULYR5O6M,0
CUST_GBB0L1LXVY,0
CUST_S0WKXJLS81,0
CUST_OYZNS29Z58,0
CUST_S7JPNBEUTB,0
CUST_4XXL6VASHG,0
CUST_6E5QOD5U7F,0
CUST_AH6WJNWQMK,0
CUST_Q2Q9XGL0OT,0
CUST_E7D3WPEPKX,0
CUST_U8WIGMKUVD,0
CUST_0FFH6TWAKT,0
CUST_9CQNJDQ61Z,0
CUST_AHE40QCJDT,0
CUST_VEROQ8EE25,0
CUST_SWHVT7R57R,0
CUST_K74KKGZYLH,0
CUST_5ODYYDOQD3,0
CUST_MQJGTHC0F2,0
CUST_YKYAY7PYIP,0
CUST_X1K4KQKSAN,0
CUST_7DNSR44P84,0
CUST_LHNLZOJGEW,0
CUST_OETT0QO8LK,0
CUST_LFDA0IGE4M,0
CUST_9GQ55J0LEZ,0
CUST_WY4ZMH20UH,0
CUST_R76CAE49IS,0
CUST_46C23QK7AZ,0
CUST_FJE8OSW4BT,0
CUST_BLXDDVFNB1,0
CUST_J5XNJ12AOS,0
CUST_F6Z6AVQEBL,0
CUST_P9VTOF8OPD,0
CUST_5VDOKDIW73,0
CUST_OABDBBPENS,0
CUST_I24JJT41OD,0
CUST_AJKKXG8EPW,0
CUST_C071UNSCCM,0
CUST_VBCIBD1IQ9,0
CUST_152WOL4TIZ,0
CUST_OSA35K8BOS,0
CUST_AFC8XLSNL3,0
CUST_VF3H6NA7VL,0
CUST_BK2909Q2UH,0
CUST_SRMEYELH5J,0
CUST_NQW288LPNA,0
CUST_1B6QK4KJ8A,0
CUST_G2U2C9TLLM,0
CUST_DI7CGGWL3H,0
CUST_J1J2ZZ34O5,0
CUST_C79LXO95TA,0
CUST_3WJGQBJWHS,0
CUST_KFV4LE73J0,0
CUST_2WF0XQ0ROF,0
CUST_5WRUJ6VVG9,0
CUST_F5DCBG57NT,0
CUST_NJWZMX561X,0
CUST_YIX2KR2JC0,0
CUST_BSE6KALSPT,0
CUST_8U6JIDQ5W7,0
CUST_U7WT67G840,0
CUST_1ZCP64JDYR,0
CUST_E6DPZBEZOP,0
CUST_WQZ7B9U319,0
CUST_RK5R7QGTWL,0
CUST_JJNUIH772X,0
CUST_E2DBGCI6MN,0
CUST_3QUMB89SMR,0
CUST_LU053ZF2HQ,0
CUST_803LH641YA,0
CUST_FXJHZNDCXO,0
CUST_WM5LGQ8MLK,0
CUST_PDJVEH81YK,0
CUST_7WZZ7FBCNO,0
CUST_3HIO5BVBC1,0
CUST_KQS196FC84,0
CUST_O369YHKW8T,0
CUST_2H7VFV6FNQ,0
CUST_CBPMO9ESRD,0
CUST_ZHH3TKMH9J,0
CUST_HIV3GAZHHJ,0
CUST_X9USFP0AYY,0
CUST_T7RPLSUCIF,0
CUST_VXB88MZXML,0
CUST_6OI7ZCOQHS,0
CUST_NW63RQZQDZ,0
CUST_CSCQXW4XI0,0
CUST_HA5WPR37C4,0
CUST_T8JEF33SON,0
CUST_QHO4A9WKU5,0
CUST_VRGLP4NK4W,0
CUST_J4JV41DTBW,0
CUST_1G9DYQQMZR,0
CUST_KOMIV6077I,0
CUST_JD1W5IJ4Y7,0
CUST_QKDCT6QPAT,0
CUST_7OIVLLWU1I,0
CUST_TBD9SMFPSO,0
CUST_EHCWHUJOVD,0
CUST_OYQZYWHHBZ,0
CUST_PQALRRPFWO,0
CUST_T9ZUC0HKPO,0
CUST_E3K1GLMO2Y,0
CUST_EMVHEKSXDK,0
CUST_CV0V3ITNWQ,0
CUST_2L5AXEWIYX,0
CUST_LJN9COZ7TA,0
CUST_WR8M8NN788,0
CUST_P2YZX945XJ,0
CUST_EZI640D3F3,0
CUST_XFWZ1EMKSR,0
CUST_3ODZRGVZNS,0
CUST_OMN6DFQR96,0
CUST_QLIFW4QD6U,0
CUST_NLT0RR81ZQ,0
CUST_ALA02564NO,0
CUST_XSPF84LMCW,0
CUST_M0ZQRWYK5P,0
CUST_4ABEGMV425,0
CUST_9JU8BYPL4D,0
CUST_88BZVKGO10,0
CUST_7U3G0NIJZ8,0
CUST_QSXJN3JLZ5,0
CUST_VDGG3B5GTO,0
CUST_M0FH9QGG80,0
CUST_JX748QR46X,0
CUST_9WSUXDLSDQ,0
CUST_7YGBW5PRT5,0
CUST_GYFK28ZKTU,0
CUST_JRPQELU4OB,0
CUST_SYTRCTF189,0
CUST_R59TNC40R9,0
CUST_I811XEO8JV,0
CUST_9O7G9B2AXA,0
CUST_7JV027LDH3,0
CUST_NLK6CSM0F1,0
CUST_LV362ZEQVA,0
CUST_ITJJVI23HJ,0
CUST_CXP1QKKZK3,0
CUST_1DKM2LGZSX,0
CUST_NFOEV1SY65,0
CUST_DWKRJHK7V0,0
CUST_O4H25KME9D,0
CUST_FQAFKONB0J,0
CUST_X1TVHAABVO,0
CUST_6N7RBURWQS,0
CUST_GPXN7PD0TV,0
CUST_1JGGWUHLLR,0
CUST_0IERJ0KO2Q,0
CUST_ESV3NXELOZ,0
CUST_5R2REPRCY3,0
CUST_1MOHKUYKB6,0
CUST_6BF6388Q83,0
CUST_U494A9YYLO,0
CUST_NO7XMM2IOL,0
CUST_BQZ9I558S1,0
CUST_MHICVE12TJ,0
CUST_PFAWEKVYXY,0
CUST_3YZDTJ5TSW,0
CUST_UELENGKMKI,0
CUST_59XRPRUUUC,0
CUST_1OPG3UHPIO,0
CUST_XF6PGF0HHT,0
CUST_FEFOXI015B,0
CUST_XY0QGEXFNG,0
CUST_79NTD6H7GL,0
CUST_QAR5XU27C5,0
CUST_4R3443FOBG,0
CUST_Y5RZFAGDC0,0
CUST_IY6KFRWVRV,0
CUST_2DVSEB95II,0
CUST_ONIZ5PUGC8,0
CUST_S309K9KBK6,0
CUST_91SDF67GF0,0
CUST_ZE737C6U2D,0
CUST_ZBNINFE6XW,0
CUST_2ENCFFRIC6,0
CUST_5VQJTQQOIE,0
CUST_7X2T0PM7XK,0
CUST_X4GYR9GSCX,0
CUST_JCJRAE95C5,0
CUST_KELI6192MS,0
CUST_BJW5S5AE46,0
CUST_74CR491BTT,0
CUST_PBX270CIF9,0
CUST_NCGQXBJOBS,0
CUST_NLBGTH7CEN,0
CUST_YOOB5IVXZV,0
CUST_CZ1UF3DUNI,0
CUST_0NOYY78UUA,0
CUST_XYUV3D30FS,0
CUST_WFTUFM3EGO,0
CUST_FPUA5NU9F1,0
CUST_ISWTOZ0BVO,0
CUST_I1BL80RDYX,0
CUST_FG4MAFSG8R,0
CUST_HGD5Q5WOGY,0
CUST_7PHDQ6PX51,0
CUST_NE9UQ7VXNT,0
CUST_EEWL3SO3HY,0
CUST_1N6WOY8PPI,0
CUST_2AAVL8XIMO,0
CUST_REVVC3D5SG,0
CUST_B891HE4Q8U,0
CUST_2DBNKN3L44,0
CUST_NA5GRATMSK,0
CUST_0E3TPAHYC2,0
CUST_K5O9EYMU5X,0
CUST_4SZ5M3U69Q,0
CUST_I3YZ677AYR,0
CUST_G8VT4PUC23,0
CUST_WLNGCCX7B6,0
CUST_1O2HSQPFQF,0
CUST_HMJKYC54DN,0
CUST_AZGP3Q7MSU,0
CUST_5BLP2YT2DB,0
CUST_TIQ1LYNXZ1,0
CUST_P82BYLZGD3,0
CUST_6QW5JTEA0H,0
CUST_TSN31QS593,0
CUST_Z40PDRF5Z4,0
CUST_IVR4F02N0N,0
CUST_MZ91WEGW0P,0
CUST_YJXOYFX8C0,0
CUST_CBJFP53LGS,0
CUST_2X0O0EHKUO,0
CUST_JGM240DVOX,0
CUST_EDHZSQ6A9Z,0
CUST_V19JVF4R72,0
CUST_XFBDS4YFTS,0
CUST_KJWQEY8LJP,0
CUST_ADVZ44MK1U,0
CUST_AULXJVPV1N,0
CUST_CHUE3XMVJ6,0
CUST_826T89HITD,0
CUST_CMK9DQHIB2,0
CUST_KZA1N7962Q,0
CUST_RK40GWCCZR,0
CUST_J1Z3ICGI6D,0
CUST_LTBG0IKMSW,0
CUST_3DTKF0XFAT,0
CUST_JOE5126UJZ,0
CUST_E3GWUY51IF,0
CUST_J6LNU1OZRP,0
CUST_8LCSJYR1B5,0
CUST_D5I9TG5E4S,0
CUST_A36Q5W8GXB,0
CUST_PWBD9KB5WX,0
CUST_9VWBL744EO,0
CUST_XV1A342TJ8,0
CUST_S0I8KANWA3,0
CUST_2AXO7UF3A5,0
CUST_DIUGMSOO1W,0
CUST_8NL30X1078,0
CUST_XFUI9AWDCI,0
CUST_32E5NM0PJN,0
CUST_LVCDR5U8U9,0
CUST_NNLPLJLOYW,0
CUST_SYF4NDS1JC,0
CUST_5WSFS8CXZ4,0
CUST_J58RKEAHV1,0
CUST_C9RAYXWZSL,0
CUST_K1FRR9F5DE,0
CUST_INBK7004BN,0
CUST_WQ74A5GUG3,0
CUST_FRMP7K8UZ1,0
CUST_F186IWF9L4,0
CUST_Q7YH6N1QT1,0
CUST_1BH7BG2VSL,0
CUST_GMUJU1WMNB,0
CUST_ZBT4O932SU,0
CUST_O93MU17H50,0
CUST_7S8B61Q44X,0
CUST_16HGPFGAIO,0
CUST_SCCOLGPBF0,0
CUST_SIE6KUDU4G,0
CUST_1DXZRBUQY4,0
CUST_PE4NF89MLT,0
CUST_1LGF0AARF9,0
CUST_X6JCVI1A9N,0
CUST_TP0Y581SQK,0
CUST_R5N2ASNDXE,0
CUST_K89KIFHNSG,0
CUST_MVSLSVJER8,0
CUST_Q5C5BDP0GY,0
CUST_RE8SF57739,0
CUST_QOJ426YIX4,0
CUST_2S52A3YYCT,0
CUST_GEVZP9G9OV,0
CUST_M35RD75WS0,0
CUST_7V5JD86RF8,0
CUST_OF66N5TQU4,0
CUST_9C0KEI1LWL,0
CUST_S1PYAA2Y1P,0
CUST_OAOXPPXPOC,0
CUST_IEGRVBGB9C,0
CUST_TCXJZ9AXUO,0
CUST_WWS965DMOJ,0
CUST_HHIH1DCN87,0
CUST_7ML3DFRI3J,0
CUST_SRDOGR5TQ8,0
CUST_5DR8HP6K2A,0
CUST_SWC43DA3Y4,0
CUST_BADBYC8RZI,0
CUST_F1BSEO5ABL,0
CUST_E7EUX512DQ,0
CUST_UFAZEDATXP,0
CUST_PD25XG0AMB,0
CUST_3GPL1UUGD7,0
CUST_336OSQA35E,0
CUST_QB305AU0WX,0
CUST_Y5MSCAAEW2,0
CUST_0QP22DXKMD,0
CUST_ZQK9UBHPDG,0
CUST_7I549B5ROE,0
CUST_IFE5574WA5,0
CUST_43OPN8BXRJ,0
CUST_6GO5UX3OT0,0
CUST_WJIXMG04RD,0
CUST_Q7SACEE86H,0
CUST_F23X3ZZ1YO,0
CUST_4OAEIOKHM4,0
CUST_CCKM9270KH,0
CUST_0RO4UD1KGB,0
CUST_LU50XAWMDQ,0
CUST_G7AFRAM2P1,0
CUST_JYPA8PE5Z3,0
CUST_DAO1T86QEL,0
CUST_SW6RGW5UBN,0
CUST_MLTY5K38J1,0
CUST_JGNGTPZWLL,0
CUST_CSLBGZ4X87,0
CUST_XKI1AS3XAJ,0
CUST_WFQHUJ71IT,0
CUST_JVVP7935CN,0
CUST_5MUP202XM9,0
CUST_DDMB3CLY6J,0
CUST_A5HI0KL51B,0
CUST_6I27YB2EZ0,0
CUST_7DFV99M0ER,0
CUST_655E51QFVR,0
CUST_2DCLAX36K9,0
CUST_5ILKJ55H09,0
CUST_JPOUN4DXZP,0
CUST_9HF01F5D54,0
CUST_KLQOVHVBA4,0
CUST_T9IEFQ6AL8,0
CUST_WFWNHYXIHE,0
CUST_YU03YXYEIL,0
CUST_JU2F6VVZ7N,0
CUST_0UGOFW8UYV,0
CUST_5YJRQPWUWS,0
CUST_D9FVYWNGS7,0
CUST_9Y86U5ID08,0
CUST_BJZSG48Q6G,0
CUST_0C974QO6L5,0
CUST_HZ3IE2WFKR,0
CUST_0F7FQYQ550,0
CUST_ABP33SZZYQ,0
CUST_ZOEAXSWLTY,0
CUST_V53MSADSHL,0
CUST_9OWFWVV6PG,0
CUST_BANUBQ083N,0
CUST_G9LBAUDVDQ,0
CUST_71C6R2K38M,0
CUST_ZVTI3F1RN8,0
CUST_V6IDCWD7OD,0
CUST_UNRMH6KLZ7,0
CUST_ZYLZKKMA94,0
CUST_30O9VLENF8,0
CUST_F43M5FYB4F,0
CUST_XUJGJQZVO8,0
CUST_8B49JEU0DL,0
CUST_DVPFQ93PED,0
CUST_S2NLRP1JWF,0
CUST_S21EZZM9BL,0
CUST_3GNW7ASUYK,0
CUST_9DQCEYZDFN,0
CUST_5317HVXZ2R,0
CUST_3MCW3H0KP2,0
CUST_M2CBPOXDMC,0
CUST_UU8FX0XNI4,0
CUST_ZQXDXY4BUQ,0
CUST_IKJ753O5Z6,0
CUST_LEIPBDUJ1M,0
CUST_EPTOQHKDXJ,0
CUST_05LNDYPN15,0
CUST_RP26O3QQ83,0
CUST_V9W65F6YCW,0
CUST_FKON184GZY,0
CUST_BEXZ7E7V1W,0
CUST_D263KUZM1S,0
CUST_9S6WXRUIXZ,0
CUST_Z15SCA57XW,0
CUST_VXP92O2NKT,0
CUST_AERHB49XY2,0
CUST_0D34GUNNBL,0
CUST_G6IO58TG5W,0
CUST_20COUAC0F6,0
CUST_3T9DCVX3NH,0
CUST_RKFNATBKS6,0
CUST_ZFINCHMWBY,0
CUST_KF0SRVB7TP,0
CUST_1QNDMBFT6O,0
CUST_B031GVT7S9,0
CUST_Q0KTT5QCS8,0
CUST_KZWZ28DX5V,0
CUST_SH2HHMPLCN,0
CUST_WE836NX4PQ,0
CUST_O8TBHW4CNB,0
CUST_RU2C1OAEMH,0
CUST_Z3ZOV0WTJF,0
CUST_C4IYLHPOLG,0
CUST_A9XQNK03Y1,0
CUST_KB42ZTDOPT,0
CUST_X731JAX9AR,0
CUST_J4DFNHYINI,0
CUST_VF5YVIOABP,0
CUST_ZVDZL27KFT,0
CUST_T0VVXTVC4H,0
CUST_NOJJDXSJLT,0
CUST_VEIF1MOK0S,0
CUST_DLEM2AUUPU,0
CUST_NHQ3RMF3MU,0
CUST_GE8LI7WOIM,0
CUST_04YZGUA16V,0
CUST_P86IDWJNPF,0
CUST_PUSU10HCA4,0
CUST_Y932C76EDP,0
CUST_KYZ3V21HLT,0
CUST_UMD9OSHLHX,0
CUST_8NRTBDBOOE,0
CUST_J976YW37AW,0
CUST_0FPT37P0VV,0
CUST_GU4E35AMPY,0
CUST_322ORBNDCT,0
CUST_7IWK2VFM2Z,0
CUST_KWDVBA8OZV,0
CUST_R7PZZWQB7H,0
CUST_KUQY5K3NF5,0
CUST_KEDZWO6PTW,0
CUST_URNL7QJ0AU,0
CUST_M7Q56WTE2Y,0
CUST_7MJBAI4TUB,0
CUST_PNDDNV4UI6,0
CUST_G50Q5JAMMU,0
CUST_P8ZVAZ6MFZ,0
CUST_B3I4O0G97X,0
CUST_NB7LH9ILPL,0
CUST_BHTSYI32VI,0
CUST_Z600PERQSM,0
CUST_JM4GORBQUA,0
CUST_DKUDCON26W,0
CUST_6HCFXLXAJQ,0
CUST_9ZND538C4N,0
CUST_GRTA2YI208,0
CUST_FLPIVRHUUS,0
CUST_ZPH1FY466V,0
CUST_5WFYR4S7OA,0
CUST_4VCKGSPXD5,0
CUST_EZH4D4Q21U,0
CUST_LK2INLJNCW,0
CUST_KFF1OFO2FD,0
CUST_DW4G97BX1Q,0
CUST_0KR16BJVUC,0
CUST_LWIMQLKZH0,0
CUST_4AE66ELX53,0
CUST_6X0B5J4S10,0
CUST_E0DZFESVJR,0
CUST_BCJQDIXVVS,0
CUST_91621TO8KU,0
CUST_01JSS25MNL,0
CUST_19274YC6CC,0
CUST_5AU5NSEUPS,0
CUST_I2WZTHMEAE,0
CUST_A9XJKQ9P7W,0
CUST_SZ1AHNS1LH,0
CUST_JGIVWINF57,0
CUST_J0YY12X5V9,0
CUST_RCZRF5ZX9K,0
CUST_U9EN8TYMQK,0
CUST_T2LWQXRFRW,0
CUST_698FYSI5QR,0
CUST_7C194YNJA4,0
CUST_4PMXCQGHAZ,0
CUST_4OX7CQP053,0
CUST_CDP7WZMIZ3,0
CUST_7AKM0AMOGF,0
CUST_G0BQJU7QW4,0
CUST_TEX243LKT0,0
CUST_PN60QFW1R5,0
CUST_Y3TATYJXKI,0
CUST_ICPFOODH7B,0
CUST_DDFASHIHZT,0
CUST_G9H2MV2RAY,0
CUST_3Z1734JXE7,0
CUST_6V3YG7EIMU,0
CUST_JA3F6CW97S,0
CUST_PR8XX2X0A7,0
CUST_FAHPI6LRCL,0
CUST_5FNRDMS24N,0
CUST_519QNLYYUC,0
CUST_GZ1EAHRB1S,0
CUST_G3V75KCOPB,0
CUST_PZ3BTNE6Y9,0
CUST_V5CROYK8T0,0
CUST_ZGQCSC866E,0
CUST_KHL6OXOIIZ,0
CUST_Z5W9N625NZ,0
CUST_X1297IFXES,0
CUST_4WHLS9SD37,0
CUST_5BTSHX44SU,0
CUST_O7HG4BYTGF,0
CUST_VWSD00AJAV,0
CUST_PKO6XDL0ED,0
CUST_6ISTJL1NH4,0
CUST_U0Y0SOJE5D,0
CUST_2IJPDGPT3K,0
CUST_B6GJPGN98Z,0
CUST_K0H8ZHZGGD,0
CUST_3SBZUPBSFY,0
CUST_TW08V4L81K,0
CUST_EFQRALWZ76,0
CUST_ORXOIJD1YT,0
CUST_NDMF9460HS,0
CUST_HDYLK47YPR,0
CUST_BS1E5JSNYE,0
CUST_5ESB4A6UKH,0
CUST_WSD0VT4KFF,0
CUST_8EYMP53TBP,0
CUST_BC9ZN2UDOD,0
CUST_CXVK1KJH7W,0
CUST_ZBE8CIRK1A,0
CUST_IM4DYZU3AS,0
CUST_RWRP3DYGAO,0
CUST_G2AK8QTQCE,0
CUST_28IE8ZMVZT,0
CUST_IVAD9STUIO,0
CUST_C3EEQOP1C7,0
CUST_6M4VJ6HTKF,0
CUST_3RUL58VI43,0
CUST_CK9WERN003,0
CUST_FBZZXVK9TX,0
CUST_HJMT5OIOIZ,0
CUST_2LZ6BZMQZB,0
CUST_RNA68COW6E,0
CUST_ODNYGQH0M9,0
CUST_D8UGOHZ2SW,0
CUST_9EQM2J6A70,0
CUST_LL3HPR60N5,0
CUST_WBLQ5R67TM,0
CUST_VMX7YW45VW,0
CUST_TJXCLV4RE3,0
CUST_3TYA98SD86,0
CUST_Y6GOGO3OH4,0
CUST_1YT88960GM,0
CUST_UCGTYS9371,0
CUST_G6L8A68855,0
CUST_5LKW3SM61O,0
CUST_Q9GUK4ALGA,0
CUST_MB96RW2HBH,0
CUST_C5R3OWDMA8,0
CUST_014508W9E6,0
CUST_X0MFD8TJEV,0
CUST_4N29OZSSAD,0
CUST_3NF3FLG6ZQ,0
CUST_WMQ08WENLY,0
CUST_QIOYMXVZXS,0
CUST_1WS9NH3HOM,0
CUST_X7OQEWO9TW,0
CUST_Z4IYORWJRF,0
CUST_CYY2FOWU3S,0
CUST_ARSVOTGXPI,0
CUST_529OS5OO1T,0
CUST_WC3V4IYWAY,0
CUST_XLZYLWN1H2,0
CUST_J2WA0UU7J5,0
CUST_KXFA6SU9DK,0
CUST_G0XFXK46TU,0
CUST_C9MX8V1IXF,0
CUST_43GCVG19UP,0
CUST_1Z8F7JPMQK,0
CUST_EW29SYGVLD,0
CUST_43DO3L172Y,0
CUST_FGZC68CRN6,0
CUST_2R0Y2U937X,0
CUST_O6155TKO13,0
CUST_UOL7MRW0GP,0
CUST_3BZ3VE7USE,0
CUST_UFQ53CZIBX,0
CUST_6058J8UX36,0
CUST_5PMKYT760F,0
CUST_KSCJKI8KFQ,0
CUST_ORZQX17QDP,0
CUST_0VPG7HRU8L,0
CUST_ZO1HU9XT4X,0
CUST_ACSTRDS37C,0
CUST_WXEDKHI147,0
CUST_YYJKG00DA2,0
CUST_RFXM5IZXEN,0
CUST_01QA6BULLH,0
CUST_7JZI5P8RFJ,0
CUST_REWTOM2CML,0
CUST_EEQ06VU3Q0,0
CUST_FPD9QMNMBA,0
CUST_WURFZFTTAZ,0
CUST_ZMKN4IXBI8,0
CUST_E7ALQR49EJ,0
CUST_IS8AQDANH1,0
CUST_TR5E8WB2LS,0
CUST_G0AF5IZE2K,0
CUST_TIDLZL61GI,0
CUST_ERMIWGETQV,0
CUST_W48R7ZFG6K,0
CUST_9XLCDFOU3X,0
CUST_FX2VLP7RW3,0
CUST_A60WTO5976,0
CUST_UGEOJ9ZQRJ,0
CUST_7FCS1QYK24,0
CUST_ZDAEA3I9JJ,0
CUST_W6XX6SCCJF,0
CUST_T91IMG092E,0
CUST_PWG1J83YEC,0
CUST_1CKLYR6XJ4,0
CUST_MJPVCVMRC5,0
CUST_I8C73IMNFS,0
CUST_PRLYP5N49F,0
CUST_HQ2JIRG6V6,0
CUST_1N58OS3FAJ,0
CUST_WJO9YG6XGP,0
CUST_4E6VKLTW5R,0
CUST_WYNPCIRQOW,0
CUST_F88FLTDVQ4,0
CUST_KBQGURR2XA,0
CUST_5P2NIY8TQK,0
CUST_UJO6446IS6,0
CUST_D9HOLWKBTZ,0
CUST_3B6TWQ1GXO,0
CUST_UZJXQXV4HG,0
CUST_62DGBRFCDV,0
CUST_QE4D4DLYCT,0
CUST_VDC7EWZCKF,0
CUST_7HIY3B334I,0
CUST_AWKI7XMSWT,0
CUST_KQ228T5AVB,0
CUST_84DEAD88RC,0
CUST_QJIHH37O2L,0
CUST_BKBY7OK5LN,0
CUST_61QOR6IJWD,0
CUST_7P1ZVNRCF6,0
CUST_8GZ9RUJT5P,0
CUST_Y046T05Z5S,0
CUST_PKS29LXDAN,0
CUST_441CJHXVGK,0
CUST_KB40LA94A4,0
CUST_ZXIDT0NUNI,0
CUST_0SHSKUCIGA,0
CUST_47KSM785WB,0
CUST_5QSZNFC0NG,0
CUST_E7UOPUHJLN,0
CUST_VAQJVSI07J,0
CUST_X6JAMJIM0D,0
CUST_N7AV4L2FH2,0
CUST_6AOZNOY8LF,0
CUST_V6UJNPJQAC,0
CUST_DHRJK58SAI,0
CUST_9TIGGVKQHA,0
CUST_SU7DC6C2ND,0
CUST_AQJDOUUMAP,0
CUST_JP1WG8Q9SO,0
CUST_G659ETZA5J,0
CUST_6PX5CD9AF3,0
CUST_A4GRFPKHH4,0
CUST_E8Z1AGCH8E,0
CUST_YY2CE1OFAM,0
CUST_1TR0R1HVR8,0
CUST_0S0Y5FH8IS,0
CUST_9M9F0TNCPU,0
CUST_PH848PWMSW,0
CUST_63P4H5G6BG,0
CUST_I9WXNW4TCP,0
CUST_ZGM2V1FCZ7,0
CUST_9BP1G60KDV,0
CUST_IQC81JPM5P,0
CUST_4V2QDDA47A,0
CUST_KQ61H1MLR9,0
CUST_4KNAIS5XAV,0
CUST_TU1VNQPS0P,0
CUST_KFPSVCLHLV,0
CUST_0T2JJ0NG0N,0
CUST_PNMBVBAMA4,0
CUST_D3ZWE9LOYA,0
CUST_J0LBQNYVQS,0
CUST_RH0SG4Z6L6,0
CUST_XLORESBDFL,0
CUST_QBNVYZLRKB,0
CUST_C2OLD9O57F,0
CUST_I46CMP7GJX,0
CUST_X4URVFYNUJ,0
CUST_3LNXFX9YWT,0
CUST_0ABHSKY6WT,0
CUST_01LU8HJMZ1,0
CUST_RYYATZIEB4,0
CUST_JQA0DQJC0F,0
CUST_9GTZ0FYYC8,0
CUST_XVP8OQDPXU,0
CUST_LRZR0ABZAQ,0
CUST_28CJA1T3D3,0
CUST_0YPCNNS9CP,0
CUST_H1Z9TOGIWM,0
CUST_1DUQVFRSSH,0
CUST_7DL46UGCSD,0
CUST_YXX6BC3JMB,0
CUST_AFDX2287VW,0
CUST_S9YFPPK7RY,0
CUST_N077AIFZLZ,0
CUST_5KKGNT9BFN,0
CUST_J0QW4L0H9W,0
CUST_QMLWQEXKYX,0
CUST_XLZ076HA8X,0
CUST_CZK6NF6KH1,0
CUST_99V5WFEAE0,0
CUST_LLWC2CJ5SJ,0
CUST_6XMILFJ7A4,0
CUST_PC7UEXUEDG,0
CUST_C8IS63HU7W,0
CUST_JRF7P5R24K,0
CUST_50GYUXNF2A,0
CUST_W56STXTBMA,0
CUST_04FGNTNPC1,0
CUST_O568CHSY7Z,0
CUST_80OXEMR4UN,0
CUST_EAOWHJ7TCV,0
CUST_WZIZRN2P0T,0
CUST_TCJ578PLE3,0
CUST_QGY33QSWSB,0
CUST_2J34DQSMEO,0
CUST_H0FRZY0B3W,0
CUST_UN2EX0VMFT,0
CUST_53J9YF8E5U,0
CUST_PPQUSQXHFI,0
CUST_I8WYJ9NAIO,0
CUST_769SRA3H7L,0
CUST_O9LWZN4VA8,0
CUST_BNUDILIGQ1,0
CUST_08G8KT0JTT,0
CUST_7L7HIL2FKE,0
CUST_WZ0H4YZ9HT,0
CUST_PN9FUHO6N5,0
CUST_L8UMVWMIE3,0
CUST_1U2WQ0BHQ2,0
CUST_W4I4ED20OJ,0
CUST_Y0PPGSQD09,0
CUST_R4Q3LCNRCW,0
CUST_MV77GW3QHE,0
CUST_XHNYILMM3I,0
CUST_NYJH7406ZB,0
CUST_IU79XE5JRL,0
CUST_H89V5E3D06,0
CUST_G22ZTZDSWB,0
CUST_SSRZX07BB7,0
CUST_V3ZQOMH51W,0
CUST_U8OI29OIEW,0
CUST_NIM2RBKJ4M,0
CUST_AGLT68BCZB,0
CUST_YAWNFWYHHU,0
CUST_GOSEI39480,0
CUST_SD4C3MFBIJ,0
CUST_282E4QSV1S,0
CUST_1WPQJWSM0J,0
CUST_5NOOXHL5M9,0
CUST_KD4YUG3IQ9,0
CUST_MHLZB55M9A,0
CUST_HCYK9JMMG4,0
CUST_XS6RLQOYO9,0
CUST_W658IBUJB4,0
CUST_SD6LVYVS4O,0
CUST_15RQI3QCRZ,0
CUST_YU7UBB3SF5,0
CUST_CB2KGN5LVU,0
CUST_TNXYG4G5A8,0
CUST_LISWRISK17,0
CUST_49NKXJQQ5Z,0
CUST_26CJGE13BB,0
CUST_53DNVPK6L0,0
CUST_WT0F16DZRE,0
CUST_O0V3XGCNZC,0
CUST_A0QBJFEHKQ,0
CUST_ORYQFO44IT,0
CUST_TM5YA3ZYE0,0
CUST_1ES30JSPXC,0
CUST_BRDQ3D9FR0,0
CUST_QX2XWS68YU,0
CUST_Y3Y9IXB8A7,0
CUST_ILC9XIVOVI,0
CUST_3S17373DPM,0
CUST_YA9CK46WF7,0
CUST_OENPLH6YR3,0
CUST_STXD81MQUZ,0
CUST_DMQJWDVX6M,0
CUST_MDOBFP5BLZ,0
CUST_FTCJ6HPELN,0
CUST_ABN12V4FZ2,0
CUST_WCOHKQMM1L,0
CUST_MI96SLXV2N,0
CUST_F8UENDCXOP,0
CUST_OWD328GH2A,0
CUST_E1RN4ZYJRZ,0
CUST_037X9YM6XS,0
CUST_ESZ0JO954H,0
CUST_5AAO7OSUPY,0
CUST_NMNYGSISM4,0
CUST_S2MNFLLYO2,0
CUST_N4B3HP41QL,0
CUST_L89JT6F91W,0
CUST_DYV4LDUXTL,0
CUST_BMQ99BRZJ6,0
CUST_N9D9A2DVOO,0
CUST_EXZ5V946NP,0
CUST_A29U40C7GS,0
CUST_3M9J4U6ZTL,0
CUST_7O16YVE9BE,0
CUST_NXBIDPQVO3,0
CUST_5HU1F8FWXT,0
CUST_G0ELVJUF0I,0
CUST_A3G9CZ7QBC,0
CUST_CA2YHAG4VR,0
CUST_TDEGO2IQRD,0
CUST_9YKCDAZDZA,0
CUST_UMAMP8WDWD,0
CUST_X5UAYHD1RQ,0
CUST_TT8E52R3J9,0
CUST_2ZXQADGYER,0
CUST_X2GU8V2TJ0,0
CUST_F7WMCRZSXY,0
CUST_O7N4A69TFJ,0
CUST_9YE2THFV26,0
CUST_BVL56PJUGU,0
CUST_F1CYMPNTQN,0
CUST_CX8TVMB34X,0
CUST_8QFNMNO5RZ,0
CUST_MA60RHJURX,0
CUST_DX9F6HE5GH,0
CUST_H1LLCR97WS,0
CUST_8T8EARCWGI,0
CUST_SNO2MDDGRJ,0
CUST_WOC2PE9LZQ,0
CUST_NH7WQIHIEE,0
CUST_X2LEN6QW38,0
CUST_ON71O45K8A,0
CUST_L92CVUSXH1,0
CUST_L1SU0ORMTP,0
CUST_MEHJ2XV02R,0
CUST_JSI7HM6PRT,0
CUST_EVU7IK8B2O,0
CUST_JDQT6WL8E8,0
CUST_0RKOO5TSVO,0
CUST_N98VPK5T1H,0
CUST_JA5M1W5P05,0
CUST_356YKYBO06,0
CUST_9S8F7J3K6Z,0
CUST_UH8QZUAKXT,0
CUST_OBPG0M3RK1,0
CUST_O53KM2JBEI,0
CUST_WD8YI0CRTP,0
CUST_EO8AMKYLCJ,0
CUST_TMUIV1VOXP,0
CUST_WQXA6676OS,0
CUST_GCE7SKZBRD,0
CUST_OMGUZL0JRB,0
CUST_B07YURVFPM,0
CUST_E6AEDR5BH3,0
CUST_775DUQT80B,0
CUST_QGEORSOS8I,0
CUST_EGWFZOKOLM,0
CUST_STETZ958D3,0
CUST_V38EMIY6HW,0
CUST_QHDPJ7B36S,0
CUST_TWVKKQTN90,0
CUST_10OPT1PSLD,0
CUST_28VJTV12Q9,0
CUST_9G14CID81G,0
CUST_JENDD8ILHH,0
CUST_N6XHGA4JIY,0
CUST_UBEMGGV89B,0
CUST_YOVI6PNOUI,0
CUST_6RKBIKVD5A,0
CUST_7JRXKEND2S,0
CUST_5LL5LTXWW0,0
CUST_YAS579LKSO,0
CUST_SVVMEHMWC4,0
CUST_ZJOUBD3AY4,0
CUST_JG7PIFS01D,0
CUST_J0D4CYD1OQ,0
CUST_Z73A6FIYGA,0
CUST_F9LPGKL28T,0
CUST_S0AFXNT7ZM,0
CUST_AIHT9XJEC5,0
CUST_9W6G938JD3,0
CUST_24LDIAS33C,0
CUST_28M3PO09K3,0
CUST_QGL81G26AG,0
CUST_EI72OE28RF,0
CUST_USWJIGB8H3,0
CUST_NZJHQMMYHS,0
CUST_ZSG1S63KQV,0
CUST_I1P34ADAU9,0
CUST_UPB93CZPHN,0
CUST_U8APG1YPLJ,0
CUST_4I718UX7Q9,0
CUST_096WOYWZA5,0
CUST_JCSPGLQH2R,0
CUST_X09JGD2BYH,0
CUST_1S1WSOL14Q,0
CUST_HNIO939I6K,0
CUST_WQQ37D58LY,0
CUST_S7IREOSPHQ,0
CUST_UK68BGO2KN,0
CUST_QOBQN08OSO,0
CUST_MXCCEIJLKI,0
CUST_7UN6P429MI,0
CUST_1P226SCYU0,0
CUST_P0RWA6TZYW,0
CUST_0J4GSAC3YX,0
CUST_9NWXA29AZY,0
CUST_BKTK6LFZM5,0
CUST_4E2VITXH20,0
CUST_DFWBOKY1AF,0
CUST_JSAGBAKNTM,0
CUST_6TFM3UEBX5,0
CUST_LA6WTK43HM,0
CUST_76TLZBQTZH,0
CUST_R8BLXJWLRO,0
CUST_TJE83SGBT9,0
CUST_B0SAKKKL6N,0
CUST_LNFTE2DI3S,0
CUST_K4EI29UJ9M,0
CUST_0V1LFGQHLN,0
CUST_RT20AXN7PJ,0
CUST_ZGOHG8IYE0,0
CUST_COF3FKEFA5,0
CUST_EL36RLY7NP,0
CUST_OTRWNYOEYX,0
CUST_CQFAB407G0,0
CUST_RI8HPIGJG3,0
CUST_UPFSK58N8V,0
CUST_XTEDBKCSPG,0
CUST_2ZLJ0I6IIQ,0
CUST_MHE6Y4XMTL,0
CUST_61AFKK0HN8,0
CUST_BWVPNY1599,0
CUST_LSVNICND39,0
CUST_7O2DDZWKLJ,0
CUST_7TK1PL6PT2,0
CUST_6T61V20ZMF,0
CUST_YUMI6GOQ1L,0
CUST_XB3V3HAAQ1,0
CUST_5CPG5SMNCB,0
CUST_K9FOJB1KJL,0
CUST_ZYQF8BNSB9,0
CUST_CHUWF5PZMK,0
CUST_OJYWYR52LE,0
CUST_230QXWRB8A,0
CUST_QA79BO8QIE,0
CUST_WRP2ON10OS,0
CUST_40QMTRVSXY,0
CUST_HLLFGLE8GS,0
CUST_WNBK5ZUM9F,0
CUST_69WT509VQD,0
CUST_D81KZQU4D6,0
CUST_EW1HGVMIQ7,0
CUST_ZFSXM2SVAK,0
CUST_L0KNB1H0J2,0
CUST_CUP4RC0BP0,0
CUST_EBTR50KD7Y,0
CUST_R6EVL96C3J,0
CUST_6SLCOOJAZ4,0
CUST_DJFI9V3EEL,0
CUST_WIHSM44C7X,0
CUST_YNK3G4ESOP,0
CUST_7UCYYG28S2,0
CUST_QO5TP327BP,0
CUST_2YDZ8ACQMN,0
CUST_SMEV6C99GR,0
CUST_KHK1QTGZ3R,0
CUST_2938PIF2XV,0
CUST_Q4MO1XPOQV,0
CUST_65AB0IK9JB,0
CUST_S7319CLKQX,0
CUST_O3QM6PGZPO,0
CUST_REUEHA7VMC,0
CUST_59BLIRC11D,0
CUST_CLD2UHLZWM,0
CUST_B2LF2DX9M0,0
CUST_6AA3IGJFUK,0
CUST_A5KICQUJ8F,0
CUST_SCEMBBN8IS,0
CUST_Q6RYKWL614,0
CUST_L0C39ZH88J,0
CUST_5454M2ZQV0,0
CUST_49OOQGFS8S,0
CUST_QY7RJ38KES,0
CUST_WVAXPZ5IP3,0
CUST_QE0XB582T0,0
CUST_4RTZAX39HD,0
CUST_8M374I3117,0
CUST_OLT2Z50BS4,0
CUST_538Q7SNQTC,0
CUST_XHMZMB3UJN,0
CUST_VZYP3OLFPH,0
CUST_03MTAALPPD,0
CUST_SAKOHE13F5,0
CUST_BNS5S4S64T,0
CUST_504D3WWL4Y,0
CUST_2O7TM4MBSR,0
CUST_SNB0G2TESH,0
CUST_2HS244NHI7,0
CUST_TL5Q3PXMY3,0
CUST_5UXT3BBNZT,0
CUST_4WRYJRF7WI,0
CUST_9IDXL8ZY3V,0
CUST_MXN1WC6FUI,0
CUST_QN7O2AUQ2A,0
CUST_J3Z0SW5AYK,0
CUST_08M11OWLV5,0
CUST_SWYQY05DIO,0
CUST_Z811SNZZT0,0
CUST_87USUF1YZX,0
CUST_AC56I0A7SI,0
CUST_W64253OM0Y,0
CUST_42E3AX5E8J,0
CUST_M82PEMF97T,0
CUST_7HNU3XW4L0,0
CUST_Y7TEA814XP,0
CUST_GB5QIS0JQT,0
CUST_VMJ7DITPCV,0
CUST_28EV7A60PU,0
CUST_839A831KL6,0
CUST_FGS072TLUY,0
CUST_ZIV9UX6AG0,0
CUST_KJWV0QAH72,0
CUST_6XRDDXNRO6,0
CUST_MF6CNEC2VU,0
CUST_PTLT8Z9ACP,0
CUST_7VPX1Y79YA,0
CUST_CSU8AKT0CI,0
CUST_N1FH3HL1AA,0
CUST_N9DHF396UJ,0
CUST_CC7YW67BS4,0
CUST_MQNP9RBOBE,0
CUST_H542OT1495,0
CUST_01WMKG35JG,0
CUST_TA3YOX5VL0,0
CUST_QTUC9IQYRX,0
CUST_VZ8AR7UI09,0
CUST_UYHOHW6GT1,0
CUST_E72WL7EJL3,0
CUST_0PO5H1TSOS,0
CUST_5P3N2U2KRO,0
CUST_4LK1VXMW8Z,0
CUST_U3YHSMFMC5,0
CUST_0NXFPG4S2C,0
CUST_CQQL4RHUTT,0
CUST_E0MQP0EP33,0
CUST_0N6770WYWM,0
CUST_ARL29B3AL2,0
CUST_PDPHI3EGM9,0
CUST_EKR4452ZW8,0
CUST_D88KITJZCI,0
CUST_OMUZQSYPU0,0
CUST_VGSZGD10EQ,0
CUST_4RST49SMDU,0
CUST_ZCZPBMGZSO,0
CUST_2VTQWQO99E,0
CUST_FI7ZRWPKTY,0
CUST_U6273FD0OL,0
CUST_1QYIWNWFH3,0
CUST_HTDK0XETW7,0
CUST_O4C9BRZ8MK,0
CUST_NGUQ3RJ2RD,0
CUST_ZIJKEN08XV,0
CUST_7C7BFNWJW5,0
CUST_GPCM4SCHUK,0
CUST_VOHFHDVWF2,0
CUST_8DNJBZT2I4,0
CUST_ENYN6N81SW,0
CUST_9YZ7YQRQWK,0
CUST_TO70DL7LC0,0
CUST_3O6TNLH1I1,0
CUST_URINGMSZUG,0
CUST_ORCYZN4UUB,0
CUST_1NDM3F9TY7,0
CUST_UQ3EK1FP60,0
CUST_PA6QVWQO4B,0
CUST_FJV6T98NE6,0
CUST_EKIL4YMPI2,0
CUST_IF76XLNPRH,0
CUST_FNSTUA9QCD,0
CUST_21IUMIE2M5,0
CUST_2RNRXH66C1,0
CUST_D2CZG80MTQ,0
CUST_ZYRY4LEH43,0
CUST_SG1YNQ5LWW,0
CUST_4RKYCHDZ47,0
CUST_TFJQCYNYIZ,0
CUST_B5NOSE521O,0
CUST_PBMMN0NQJP,0
CUST_739IVKLP8X,0
CUST_UENBTVA8DI,0
CUST_RQ0DFNALKB,0
CUST_CLSOAH2WVQ,0
CUST_SASKTDE3H5,0
CUST_GLF44DY10V,0
CUST_37XFIPB5C5,0
CUST_ZNVA1W2LP4,0
CUST_P0S6UOYRNB,0
CUST_TUSAFNIV2S,0
CUST_DP0IWXOESK,0
CUST_887ZMPW76S,0
CUST_676I7LRIJ1,0
CUST_XEYBFP7LHI,0
CUST_FS7IXG10CG,0
CUST_NEUXP7JZHN,0
CUST_7ZD2C722F3,0
CUST_7IRJIO9BAR,0
CUST_E8104YZO6V,0
CUST_36YSMUBK5F,0
CUST_U677G071ED,0
CUST_BNXE0K2HEF,0
CUST_U30I73TXNY,0
CUST_A7JTV4YCZU,0
CUST_VAR0YRIHPP,0
CUST_7B1FHEMVV5,0
CUST_GJ5NFK57RI,0
CUST_EF09NWKMOS,0
CUST_27TH905JG0,0
CUST_37160G2PD1,0
CUST_HCO05YTD81,0
CUST_QCML3I6IX4,0
CUST_B68XXVFPM2,0
CUST_S6ESJ66HTW,0
CUST_DEA707IP55,0
CUST_FT0D7WQBB8,0
CUST_4GQOO19NE7,0
CUST_Z5LI1GNJRR,0
CUST_H3LMGDY1IV,0
CUST_POY2Q9JJMV,0
CUST_FUQ94T2TTE,0
CUST_C5NJMJMWCW,0
CUST_RVWXVCTUSE,0
CUST_7VIKGO8RKH,0
CUST_GY7MS95BNM,0
CUST_NNB9R9L8XD,0
CUST_O2YSH2TZBD,0
CUST_D2B7CSJNM5,0
CUST_YF1TC5RWO4,0
CUST_582CVT00A1,0
CUST_UP13J75L6R,0
CUST_CGC0OE8G0O,0
CUST_Q4YRYNEZ8E,0
CUST_JF9ZUH67YT,0
CUST_9FX37NU3UO,0
CUST_QGDXOKYBPO,0
CUST_9DNW9TSCS7,0
CUST_064TAINGWR,0
CUST_H5NNK9958K,0
CUST_S1MB7XJ6TJ,0
CUST_DDCWZMEEZR,0
CUST_HE5I7HKHKA,0
CUST_OYH1ERJIBP,0
CUST_627STUC031,0
CUST_SNCA6PHO1H,0
CUST_ZSMSLRD1VJ,0
CUST_TNWU5ASZUL,0
CUST_Z0JYHQCF38,0
CUST_4CMAK4UR1C,0
CUST_XABSHRSO1B,0
CUST_EPGTXMYRAC,0
CUST_SY1QUP7TTM,0
CUST_OVLV7SDUK2,0
CUST_AEQ2UJCREN,0
CUST_89VJ9S8RKA,0
CUST_OWW0YHCQHF,0
CUST_YYNSRHYH99,0
CUST_WUNLPX7N7L,0
CUST_JXS0CC03HZ,0
CUST_EO39QOI2A1,0
CUST_MBSJCZMNX3,0
CUST_X88JPZ9MCN,0
CUST_HA9JRTDSPM,0
CUST_90K1AF4F0F,0
CUST_QV5NQKNOFI,0
CUST_YZX2YYJ9YV,0
CUST_EVIJNG2MDL,0
CUST_QR7NW538BF,0
CUST_DOVT4IIQAN,0
CUST_3NB00Z88BG,0
CUST_FDU6XVQT9W,0
CUST_8SBNVJGR9T,0
CUST_25LS21UXRV,0
CUST_65Y6E9IFMR,0
CUST_U6A4EVZHAM,0
CUST_GQM002DR2C,0
CUST_XV46LMKHYY,0
CUST_VNT2L13IY5,0
CUST_672YAVQR8B,0
CUST_FJLYV7ZSN9,0
CUST_WV9J56B123,0
CUST_TEU5LGV1LZ,0
CUST_4CWVYRRGNQ,0
CUST_5YLZE8TTBE,0
CUST_H4HYQ73EE3,0
CUST_HGEUCVBJ5U,0
CUST_UEIJO2ASIB,0
CUST_P7I5OZ1WXY,0
CUST_FJ10013PRV,0
CUST_KT47PYWGPG,0
CUST_4Z5POKMZYM,0
CUST_ZTV7RFD6XN,0
CUST_JL6WGPO9Y4,0
CUST_AHU47BKR0H,0
CUST_8WZI2WZJ8P,0
CUST_4Z7B79NELJ,0
CUST_NJLKK24G4G,0
CUST_7CQIGO965N,0
CUST_EZ5RWC77Z8,0
CUST_96WT282VN6,0
CUST_IQLJHOVUKY,0
CUST_E3D6R6OF99,0
CUST_TOXCWKYHA8,0
CUST_K6CLWHD92K,0
CUST_935EM7QL5E,0
CUST_LN2KNJ9JHK,0
CUST_AOEA1ZW1TO,0
CUST_B30XAF606W,0
CUST_QBTXC03ZV8,0
CUST_VBEY2S0PBK,0
CUST_ENVGQ8N8F7,0
CUST_998Y884JQQ,0
CUST_LTXHWOHWIK,0
CUST_79HDTQS259,0
CUST_YWKPG2FSW4,0
CUST_7L582DEQU9,0
CUST_UAMNBY0O5P,0
CUST_I95LOHUNMG,0
CUST_RUN3AAIS1O,0
CUST_73AWPF2BF1,0
CUST_R247W9YKN0,0
CUST_9MD4GWC31M,0
CUST_HLF1YUWX47,0
CUST_X265K2FQYB,0
CUST_ZPK0SLPNF1,0
CUST_WTPER6C3JY,0
CUST_W3GITHQYI8,0
CUST_LZHUGL7O7S,0
CUST_9H8QC8EK41,0
CUST_94FLGDOV5Z,0
CUST_RAEJVY8WN9,0
CUST_581SRO8IVY,0
CUST_XVWI7W7WPP,0
CUST_UVRUW1NNB9,0
CUST_STJ7FF1SK0,0
CUST_LHWO70M9N1,0
CUST_E93A66LBA6,0
CUST_J0DW76FE8N,0
CUST_Q2EFAQFOPC,0
CUST_VN57RCOEUQ,0
CUST_EIJLHNEIQ6,0
CUST_EI0ROSPST6,0
CUST_3R2VKEQAUG,0
CUST_8GX8WN95E3,0
CUST_G4ID7NW6YJ,0
CUST_GQ3OK5WPUS,0
CUST_D0JBB88TFR,0
CUST_YTT7L49LYM,0
CUST_Q8P29GSMIE,0
CUST_1Z9K4FNOZD,0
CUST_9TSGWC8XQW,0
CUST_0JY17DEW7A,0
CUST_NOJPMTHASO,0
CUST_2SEE0X3J69,0
CUST_RVIUSJCX1W,0
CUST_98M22P8Z4O,0
CUST_RW224NXYB8,0
CUST_NNH3FTGIZ0,0
CUST_MB1KLR7EZX,0
CUST_CQBI1TGBX6,0
CUST_S0Q0SORM53,0
CUST_OMHCI63A3M,0
CUST_Z56RDWR0PZ,0
CUST_JF6W2GOYN1,0
CUST_HSZ6U66PA3,0
CUST_GHM3VSVFE8,0
CUST_SZV2C50TE1,0
CUST_CWT0VTB5CL,0
CUST_S5ZU2DVKD1,0
CUST_YNW2AJHFCE,0
CUST_F7Q8JMO5Z6,0
CUST_DA9WKZDT65,0
CUST_8HSL5KLXQX,0
CUST_T0WWC6IGI5,0
CUST_F4083SKYX6,0
CUST_QT11YRZNMT,0
CUST_FNRYIXCNE7,0
CUST_4ENWP4HLOO,0
CUST_NGDLOGR2UF,0
CUST_WYTGIVXUCC,0
CUST_Y9OVJMSXZ0,0
CUST_KQD4LFKIMH,0
CUST_SZWQ824QWZ,0
CUST_TUVRGM0RUV,0
CUST_596TS9FRRC,0
CUST_QPYUO2WQQB,0
CUST_WGAG8QZ80G,0
CUST_0KUCOQ1OQL,0
CUST_OCI51EAA8S,0
CUST_ZIJT6REOZF,0
CUST_TO3M3DORMB,0
CUST_0JXSJPW8DH,0
CUST_HYBS91J7UL,0
CUST_F8QPZFUO55,0
CUST_Y4WO95RJLP,0
CUST_5IM5SCKYFO,0
CUST_XLWWJN7MDR,0
CUST_S3Z5R92KED,0
CUST_CDAPHQNJ28,0
CUST_H5ALL2ABPH,0
CUST_3CI0EJDSK1,0
CUST_5MH9K68C2J,0
CUST_CTXTQPD8YE,0
CUST_BOBNR67NWB,0
CUST_20LOVTM24B,0
CUST_1Z9KT9XIHO,0
CUST_SI0T2Q0UBG,0
CUST_BLM4SXFIAO,0
CUST_BQYR35P3IQ,0
CUST_WVBI15ZCE7,0
CUST_Q392EDKBI4,0
CUST_5Y2286FKJL,0
CUST_QQUID18FGY,0
CUST_4QFNAYCOY1,0
CUST_DZGQ98BH91,0
CUST_R9WX4XOUGO,0
CUST_LKYTZ0PKZD,0
CUST_HHS54TIDNC,0
CUST_VX5BESNNOE,0
CUST_ETYSKJ2N2C,0
CUST_90XBSS2W23,0
CUST_0I4XET5W6H,0
CUST_I7XASH338O,0
CUST_6LZ5NCRJ10,0
CUST_VXNPYDEJSL,0
CUST_0BCFC04Y4R,0
CUST_LFES0YQ5YU,0
CUST_7FO5F42LFB,0
CUST_AC1WEZRMK1,0
CUST_2CBQZCU9ZH,0
CUST_HC1LOWMFVU,0
CUST_MAVWL1YBGH,0
CUST_4LS93IWR81,0
CUST_QMPCR0YDYE,0
CUST_LKX6SH6NLG,0
CUST_DS6PKBH9B1,0
CUST_HVJ2ETNJTX,0
CUST_547ECJPW40,0
CUST_4AM9E60BEC,0
CUST_RSFI4WSXSZ,0
CUST_HV6V562HD1,0
CUST_CIWQUD8Q9L,0
CUST_9N98IDXJ7F,0
CUST_8PTR3HDGXC,0
CUST_F5SGCTEWYA,0
CUST_XFPHJ0ZJK3,0
CUST_CBBOOIXF9S,0
CUST_T9J70D0XFZ,0
CUST_OSN5U114K9,0
CUST_1KY5XGC50Z,0
CUST_UKJNF58TJT,0
CUST_8IXLIV7A4O,0
CUST_DHKAV6E3BA,0
CUST_G9ABDO5LOS,0
CUST_K8QR2V8MX8,0
CUST_VEGAQ1137E,0
CUST_ION7JPUZ1P,0
CUST_VGBJOBM7BA,0
CUST_AAZHH1W220,0
CUST_TJT1JP1507,0
CUST_C4QTQXRY09,0
CUST_EOGQ400VSW,0
CUST_F8XDKCX4PM,0
CUST_CS2FJITTQF,0
CUST_Y2AR40567K,0
CUST_TBGYGJU0ZR,0
CUST_WS5V6LJP9S,0
CUST_B4G2QT6LJI,0
CUST_XTZO6NBBGP,0
CUST_QR48NXA1W7,0
CUST_9WC2TYPPM6,0
CUST_1P1NICIW71,0
CUST_7KK4INOFBV,0
CUST_PNZAX7G9V7,0
CUST_0ALJ5KNU02,0
CUST_Y3G7UIAZ0U,0
CUST_8B7GHMQBGA,0
CUST_HER8ZB0AX2,0
CUST_E5C1SX3SLY,0
CUST_9VQWSF91FU,0
CUST_E668L5BTPY,0
CUST_ELCXYIBGQM,0
CUST_UPXIVXCT53,0
CUST_ZB36YXNAW2,0
CUST_2BOSLCVFW5,0
CUST_C8WUPDU1PA,0
CUST_QTL5JSTNIA,0
CUST_7HGI6WKBDB,0
CUST_D8GMBBHLKR,0
CUST_0QZ8807JK7,0
CUST_N74ENKCR8G,0
CUST_39CMILXZVZ,0
CUST_Q76X6OITOM,0
CUST_4UD718IBHY,0
CUST_3HX7LKU4IY,0
CUST_QLU0CNK73N,0
CUST_Y52PF5LNP1,0
CUST_NZGDOKXE9K,0
CUST_5RQ6RNIX8E,0
CUST_6T0BFOENE0,0
CUST_GDYO9JUATO,0
CUST_OVKS3SEVD9,0
CUST_K79UWDPWV7,0
CUST_UA2YZ84QEU,0
CUST_S1V7D77TZY,0
CUST_1M6KUHKEGX,0
CUST_SANKKP5FLH,0
CUST_CME80TIDLD,0
CUST_XKU0ME2MDF,0
CUST_IMD97JTH3V,0
CUST_KOP0V6HWY1,0
CUST_85NP4HJH9U,0
CUST_GILECNT5O0,0
CUST_GFK7FTXMF1,0
CUST_Z76SXPR5JD,0
CUST_HVYY880R34,0
CUST_9GJ6YR9A50,0
CUST_U2RKRJCT8R,0
CUST_99193RNEOX,0
CUST_D3XDO6273B,0
CUST_0V24TJEGBG,0
CUST_DSN4CWWUH7,0
CUST_YJZTJPUPQQ,0
CUST_HO4TQK94M9,0
CUST_ZUICHULXVY,0
CUST_W8PEH4514E,0
CUST_BNH1L1V0BQ,0
CUST_LNLE9F6Z5J,0
CUST_J1QZALZ7T1,0
CUST_K3EUL63941,0
CUST_UWWRNVKSSI,0
CUST_UPU5RCPAY5,0
CUST_EKNI39S1TM,0
CUST_WOYZJQ7K5F,0
CUST_2H44CD2UKQ,0
CUST_MU0VCHYG2I,0
CUST_1Q6JW2FJZO,0
CUST_YFM78Y8PK8,0
CUST_KOOJZ3R1U5,0
CUST_IBTXRAZJIG,0
CUST_9AUW5EDIG6,0
CUST_IQRG06Q1KD,0
CUST_IIK50KYU9O,0
CUST_WOBMCZVIMG,0
CUST_T7XHFTTURH,0
CUST_FHEHQ3L3XM,0
CUST_YKFO1S90I2,0
CUST_W70FO3SCLE,0
CUST_IUBMGRKRTZ,0
CUST_0CO4IE2M8K,0
CUST_UGLGIS538O,0
CUST_QONSCAQO3Q,0
CUST_6MXYSG5WS6,0
CUST_5B60Z548J9,0
CUST_QFMHBE7QHH,0
CUST_FGGL39JW7J,0
CUST_P2YTWW5169,0
CUST_UL940TZXUN,0
CUST_ML5R8TCJWI,0
CUST_6THW2KYO73,0
CUST_X50WNMSNAS,0
CUST_FDKNZ54N7C,0
CUST_4HMV0OLZHQ,0
CUST_9REZUX1RF7,0
CUST_RRUVG5B5LP,0
CUST_OHJP5WJ3ZL,0
CUST_M6TSZL8MEC,0
CUST_QHVON0WRD3,0
CUST_E9IK1E5TP5,0
CUST_8JH400TLA7,0
CUST_V4DCMJZCDF,0
CUST_N70PSL8E69,0
CUST_ZC78VQRA5M,0
CUST_BVZIB1NA4I,0
CUST_XMQ20040ZU,0
CUST_RMFQGXAUW3,0
CUST_Z4C45UE72F,0
CUST_LAKO1EYC7X,0
CUST_7OLWFIHFDL,0
CUST_NQ4FR2548G,0
CUST_RF69NRH8JW,0
CUST_AVXLGW9OWI,0
CUST_XMPSIT9BCJ,0
CUST_SQNKMWFSQQ,0
CUST_XAMWYSZGK0,0
CUST_Q2YBPTKHSJ,0
CUST_73SG4I9WG6,0
CUST_L3AW2LH13Z,0
CUST_K3S3AHYA72,0
CUST_Y34C0CI2TZ,0
CUST_R07HULI6L8,0
CUST_41G850NHVJ,0
CUST_N3H8SYGVL8,0
CUST_AUGHDTM01A,0
CUST_ZQBDSU9VQF,0
CUST_M5X0SVRCV9,0
CUST_35FDMTEG24,0
CUST_7MZDLKDKYM,0
CUST_ERKSORPY5F,0
CUST_S43R8G1PMU,0
CUST_B5FLG7ZYUN,0
CUST_V0FI3VE9EX,0
CUST_29MQRZK3MQ,0
CUST_0OIQ5F8AP8,0
CUST_HXR4FZ08QW,0
CUST_MTGNKEQMHC,0
CUST_TYNUF5990S,0
CUST_33CVL4D4EH,0
CUST_V73KJOG9BD,0
CUST_VQBDP5LCP3,0
CUST_ZODASVB72A,0
CUST_8ZI038IF4Q,0
CUST_KOX16TC126,0
CUST_8PC7IOB5EG,0
CUST_395YSRBSNE,0
CUST_NMHRPRMWQ6,0
CUST_H2FQ726NZE,0
CUST_E9JO0MXZ09,0
CUST_4TZJ8HNT81,0
CUST_NTBU23FIJ0,0
CUST_IH4XQ5PW7R,0
CUST_7CMCLPH32W,0
CUST_UJ3JIP2LHH,0
CUST_HPNN6A0XD6,0
CUST_IM7M0SLP8Z,0
CUST_WB0SQF3R22,0
CUST_TKRQ4GUWWF,0
CUST_1GR8AAEBH6,0
CUST_L5PQ2UY06M,0
CUST_PKFPYX7MJU,0
CUST_ND4KNQT5K4,0
CUST_8KPDDDKAQ2,0
CUST_B51UR1QBOT,0
CUST_TTWP85N5EV,0
CUST_UIS2OYSFCN,0
CUST_N71YLP4JB5,0
CUST_HPO0RCXQJE,0
CUST_SF0XY05AXH,0
CUST_ZP0SMPT86X,0
CUST_ISE9WXW0BO,0
CUST_PG0F44IXSI,0
CUST_Q1S7Y8WUIR,0
CUST_F6LLNFD3I4,0
CUST_3WELL4PHDS,0
CUST_6ELAIZ40YL,0
CUST_OFBJTJOZW7,0
CUST_TTLB3A1INL,0
CUST_3JRQ6QHIK3,0
CUST_SX9C44L9OP,0
CUST_YYX8OEXH2J,0
CUST_ZDIULMT3UZ,0
CUST_IM53ON324X,0
CUST_S59OVX0QKI,0
CUST_JBN2OUU3LW,0
CUST_5Q4BXHPG9Y,0
CUST_6A0JHPFJX6,0
CUST_S555GTKX6K,0
CUST_0VPW1J7ZL7,0
CUST_K2R5DBNS4B,0
CUST_UQ2VMB6LKH,0
CUST_RX0SJ5SPD0,0
CUST_NNW80Z88M2,0
CUST_FEKKZ1L3SN,0
CUST_W39T9LK4HI,0
CUST_QOWZELCWTE,0
CUST_R9BQTZID0T,0
CUST_30LU1K4MYH,0
CUST_O1KE8I8ELI,0
CUST_CW9J7F3AFL,0
CUST_4SHVBAC2G2,0
CUST_BHGYA69NQ3,0
CUST_JN98V7BDH0,0
CUST_1A3C8JE297,0
CUST_MRLKARTPZI,0
CUST_8TF6P7XQGX,0
CUST_CGBSD2257A,0
CUST_61S40F5JR7,0
CUST_WZK3E73R5V,0
CUST_HEQBVYTT5P,0
CUST_NDBD1NTP1Q,0
CUST_KNR54CWYZF,0
CUST_FRS5KV3R6Z,0
CUST_HO78MK5NLJ,0
CUST_NOJROTJMOP,0
CUST_TAFOOZI0O4,0
CUST_P6YGLYSAKP,0
CUST_U4HWHOUNYB,0
CUST_6UKEY1XDPG,0
CUST_FZB8GXW6YC,0
CUST_7H4GSOMEPG,0
CUST_LAVQP3B5CD,0
CUST_XNWUFYN40G,0
CUST_PYWT4NN38I,0
CUST_QQCRS97XD2,0
CUST_GWAWOJ3GDT,0
CUST_EW96PDC6T9,0
CUST_LLXWY517GK,0
CUST_1BT7SB3TI1,0
CUST_V6YNIK6QVY,0
CUST_V1122XYJZO,0
CUST_4MMIOEU70J,0
CUST_YQIC3GKZ0P,0
CUST_F9QHJJGJWS,0
CUST_VLZOT0KJYJ,0
CUST_B7U2HU9K43,0
CUST_0MAEO2N8NQ,0
CUST_SN7NZ39P6S,0
CUST_XS2IUTSOSB,0
CUST_XYPQTYRRU3,0
CUST_5BCYS0EC0P,0
CUST_7M90YW2PGT,0
CUST_SQ0H1YDWHC,0
CUST_0QQ1YZCPA2,0
CUST_DFM07MJ8ST,0
CUST_4BO5188PIZ,0
CUST_YQ74IQI24Q,0
CUST_71R9EDP0B8,0
CUST_HT6EDQFVK6,0
CUST_UI8JYIMYVN,0
CUST_J1CLONFWOS,0
CUST_6QLAM95EO0,0
CUST_TC1ZZ0KRTX,0
CUST_WWMIM16B74,0
CUST_VD7BMDCNBU,0
CUST_9YE491RXHT,0
CUST_X8C5R1O49L,0
CUST_UKKQJE8X1F,0
CUST_76U02JNKLM,0
CUST_EE4TOL4VET,0
CUST_AN1NUZY65U,0
CUST_Z9VDMM84S7,0
CUST_C4Y9ZS2T57,0
CUST_665505YE1D,0
CUST_FHRSC43I6H,0
CUST_2OB9CG0H8C,0
CUST_YMH8BEZMX8,0
CUST_1C66Q9IT6P,0
CUST_MUJSHUNOLS,0
CUST_458PW3EQ1C,0
CUST_MZOPLVDZFM,0
CUST_JYWY5O69S9,0
CUST_IZO4XSFGQE,0
CUST_KHJHYXHCEI,0
CUST_YC17626MQI,0
CUST_RMS5N1A5RP,0
CUST_0P5B79E1LF,0
CUST_GF691XPHK0,0
CUST_Z2LUWBWDG6,0
CUST_ANQQNSFBEZ,0
CUST_LQOSSOZFYT,0
CUST_G9CXQTD6XC,0
CUST_KCESXQ9YUC,0
CUST_J07KKCCY96,0
CUST_X32MLDPDYA,0
CUST_Q8RNFF4N4M,0
CUST_35K5MKSYBQ,0
CUST_Q7XSPCZ6PG,0
CUST_MOQGPW8PMU,0
CUST_2ZRJ23Q9EM,0
CUST_C5JNOEHLY7,0
CUST_WEUNFMIX5Z,0
CUST_UMSO7AEDDC,0
CUST_N23V3513IM,0
CUST_0CI7ZG2G6M,0
CUST_MVOTCY5EQJ,0
CUST_1D96UHZRMY,0
CUST_E9V6VXOUTH,0
CUST_V460POJ9K4,0
CUST_JIOP4S9TIC,0
CUST_K7SC51IHAY,0
CUST_ZGJGSU53UR,0
CUST_7DAT24RZT7,0
CUST_7A4KT4DF4C,0
CUST_UBIFBKMJ8J,0
CUST_XP0CV4YWXQ,0
CUST_CGDVL8BV37,0
CUST_GCL7BVLKM7,0
CUST_Q9SD6RY4FG,0
CUST_WASCR6VSY3,0
CUST_EYA79GBF5E,0
CUST_QSSVELTMZ8,0
CUST_9ALER15FF0,0
CUST_KQ19M4AFLG,0
CUST_QU16NNII59,0
CUST_TY97NVAZZN,0
CUST_8KQCCYE1QP,0
CUST_X8SP29HDQE,0
CUST_3EJHUI33MV,0
CUST_20YAV7UWDF,0
CUST_97J7NI605Q,0
CUST_QX3QDWD2MC,0
CUST_XZEZM1MZNH,0
CUST_F3U1GTM0RN,0
CUST_G82MHU2FZU,0
CUST_27433U02IR,0
CUST_YX8GSCIHXJ,0
CUST_LI8N7EUJN9,0
CUST_V5KGUGXAYR,0
CUST_GM9ZTR1FE2,0
CUST_TJ577SSCKF,0
CUST_0VICPE03WY,0
CUST_EJEK7GRQKB,0
CUST_NKBSS0YC90,0
CUST_TRZ195RNQB,0
CUST_4KRWX4I0ZN,0
CUST_C0EZIYC2AO,0
CUST_G4ENC98B1K,0
CUST_K43FVLCZ2F,0
CUST_HP665QSV70,0
CUST_CVL2CZHHM7,0
CUST_CCI0JG3FX9,0
CUST_0FD4VYAQ7P,0
CUST_X7HY98C8W8,0
CUST_WRWM61T62U,0
CUST_RL2R2X0YJ8,0
CUST_P646ZH0X06,0
CUST_ZK82ML3INL,0
CUST_ZZLCKSS0W4,0
CUST_C2XMPNB75C,0
CUST_7C4UL74ZKZ,0
CUST_O2B3KQ21U0,0
CUST_HQ7YS52OHP,0
CUST_NRKAKVPITB,0
CUST_L00LK66GJ1,0
CUST_49ZFVH2R3C,0
CUST_E41V0FL8BV,0
CUST_NGIUW7MFJ1,0
CUST_X5LOO8M907,0
CUST_JLCVXW0PJ3,0
CUST_SHAPL6O51B,0
CUST_XA03MGEPXP,0
CUST_A1ECJ0F3SA,0
CUST_DYGRWN5YJ0,0
CUST_YI8FIOQDND,0
CUST_JIHLI70TP0,0
CUST_H3J97PV458,0
CUST_XMA798EP8L,0
CUST_S233797YIC,0
CUST_IU8E7E5G1P,0
CUST_BI20C3FT12,0
CUST_EE90IXP23M,0
CUST_R24IEJT4FF,0
CUST_ZY7I5UJ1Y5,0
CUST_AWOG812DHG,0
CUST_RQXYNLGS1U,0
CUST_5H088WP8D2,0
CUST_IRHBAQS898,0
CUST_D0KFS1RTYK,0
CUST_I3V3U2Q3GD,0
CUST_JEJSULP74C,0
CUST_RWX3WQIYLC,0
CUST_E9WLWCE5AD,0
CUST_XIIV8EQGES,0
CUST_IGQMMSU8BQ,0
CUST_5P2CDQQN9G,0
CUST_5327V5UYW2,0
CUST_73GQ4YYJPX,0
CUST_0KUGDCJDRA,0
CUST_G6JY3BUA5I,0
CUST_5C6DX3UMHB,0
CUST_MCXYHX2C7M,0
CUST_RKGDF44GPE,0
CUST_ONP1ANZLH2,0
CUST_E4ED1K9VLF,0
CUST_ZEM11FABIV,0
CUST_ITY8AA0MLB,0
CUST_MDDVRAYR49,0
CUST_9CTD8SR79L,0
CUST_UXRQQF5XX4,0
CUST_2Y0IRI8V70,0
CUST_BQF7I253WI,0
CUST_GD6U5DY6XA,0
CUST_V7ZWC6B16X,0
CUST_ABI09LKYIV,0
CUST_AH6V5DXJ30,0
CUST_JZ0BX193IB,0
CUST_TZCOTPYRJM,0
CUST_W0BD3UTSXK,0
CUST_M81HPK9WSW,0
CUST_O2SD67G95F,0
CUST_R1XKRI4RX0,0
CUST_YSGUQ4J8P1,0
CUST_1ZZ7WHST0W,0
CUST_1OX2KJ2NB3,0
CUST_45IGI442ER,0
CUST_Z7YUPYRK9Q,0
CUST_7RTPSMD7VC,0
CUST_JDF0WV6JVP,0
CUST_KP9ZFQQ4PV,0
CUST_M1XE7AJV8B,0
CUST_031AT8PCU8,0
CUST_BWODQ562LF,0
CUST_P9ZUBI4HVL,0
CUST_SV4NCP494P,0
CUST_26IN5YYNXC,0
CUST_TALMESMWJQ,0
CUST_KEP5SBRI13,0
CUST_GY1M65LORH,0
CUST_U5P2A4N7F3,0
CUST_7SJPB3BPUD,0
CUST_7XNPUUVASE,0
CUST_L18BEU2AB6,0
CUST_T8S3Z1OCIE,0
CUST_GH002L1B3R,0
CUST_GORN4IS5PQ,0
CUST_PEF3AXCKDD,0
CUST_9Y6M8K8QAO,0
CUST_5MDJ3HFNOG,0
CUST_NEZG0S21DV,0
CUST_BYR9N78Y5B,0
CUST_2APKRNI6SQ,0
CUST_YT1153R5QQ,0
CUST_23VNZ5DJLT,0
CUST_EV6PJHZFSA,0
CUST_CU8O4ZC4J3,0
CUST_2C01YYMF11,0
CUST_N1CBP8E0W0,0
CUST_5QD1EFV8UZ,0
CUST_7I7NRVLEN5,0
CUST_B309WWEC5Y,0
CUST_KWU0J0Q4G1,0
CUST_EHNE75WCHL,0
CUST_Y0W11JW6Q8,0
CUST_7H0L830452,0
CUST_3J98M8KT5H,0
CUST_RB4DX0SCOY,0
CUST_W027F38R7C,0
CUST_TO0QIPNKPA,0
CUST_J72156G5KQ,0
CUST_NVZYVQMID6,0
CUST_P31O48APP0,0
CUST_8RR1EINUOX,0
CUST_VR4LT38ISK,0
CUST_P5WHPKZ32Q,0
CUST_NMNEBW69MP,0
CUST_6NWQSXB749,0
CUST_X9O6Z76NMQ,0
CUST_PYQ2TVKECS,0
CUST_H918XCZZ7B,0
CUST_13WSMTXWHR,0
CUST_V5TU64FF9P,0
CUST_IJ06UU2PGI,0
CUST_8JQEHP6CS6,0
CUST_D1WK7PAG2J,0
CUST_CDDEBS7DL5,0
CUST_37JVS4GEMQ,0
CUST_GJO3AST7I9,0
CUST_V9TOSQVRRM,0
CUST_92YCRYQ7NL,0
CUST_JGLNW2WRZ3,0
CUST_E39SMH4SD8,0
CUST_GJTMFKVJGT,0
CUST_R6EHFM0ZA5,0
CUST_DYJ722D0S6,0
CUST_97U4XSCDVL,0
CUST_IFJOPYW0EH,0
CUST_S1TX61TCFS,0
CUST_B1M6M46JKN,0
CUST_MJKU20EBZR,0
CUST_MD8ZX78VL4,0
CUST_7YWP3JQ35K,0
CUST_49QC7BV91L,0
CUST_W4ONVDJKN4,0
CUST_P0DFN8POY6,0
CUST_Y58QJ9TCL8,0
CUST_H5D1LQTDZO,0
CUST_ERVPOKRTB1,0
CUST_7HEI2M36BG,0
CUST_9NY0LIZYKB,0
CUST_ROO5W95098,0
CUST_V18OVLGZGK,0
CUST_Z7A1XWR7KK,0
CUST_QZ59O4769V,0
CUST_6TJZEJNPXQ,0
CUST_7L9LJ956Z2,0
CUST_G3AKS7TAG2,0
CUST_M9D411WQ91,0
CUST_B85EHXADMA,0
CUST_RF1SI1J78B,0
CUST_DT2A9MURZX,0
CUST_JWWKX6D0VW,0
CUST_RR9AWXYM3K,0
CUST_OEZH94B9R3,0
CUST_YMCERINR8D,0
CUST_0V8JB8G5IT,0
CUST_LB2NYQG7PM,0
CUST_3BCKCO73CM,0
CUST_AA10RLA8I7,0
CUST_NBDAANBJ88,0
CUST_9HSM2A32D9,0
CUST_NN4LUX2GM2,0
CUST_FWH8T7LTNJ,0
CUST_05IESATY49,0
CUST_1SQZB50Q6K,0
CUST_5K1V6Q8Q1I,0
CUST_42KKI4A53X,0
CUST_DTMFCX0UY6,0
CUST_B1MFB4R1AX,0
CUST_JV75M1ZRGC,0
CUST_A55MAUYQX3,0
CUST_TQDTMDME1N,0
CUST_GP55EBRAIR,0
CUST_ETOWF8MJXN,0
CUST_3SNLOYTKLP,0
CUST_E2T9MLKIZG,0
CUST_GYU6I9SVHY,0
CUST_XX8KLRL8O3,0
CUST_ZF16BR18CL,0
CUST_6S52F4WGC9,0
CUST_HK0EK8NRAB,0
CUST_LGDSYB4K05,0
CUST_UNEIBOZZFP,0
CUST_FL3Z9PA1ES,0
CUST_J5HLXF0BTM,0
CUST_103SI1CHAJ,0
CUST_K3O89BWK1P,0
CUST_0SWX9ZPR89,0
CUST_47CJ26BQW6,0
CUST_97NUM30PQA,0
CUST_N2TQ9WZ5FC,0
CUST_L0S7I90VIL,0
CUST_5MIPC69XVT,0
CUST_45XTPJ816F,0
CUST_IN8Z575RMD,0
CUST_UVUGPTR641,0
CUST_P6MUFI6LIG,0
CUST_HGUZQ3O0Q1,0
CUST_VKLAOP2PXS,0
CUST_OJJZ6NXD31,0
CUST_ETXIIPIK4U,0
CUST_D44FV6BLQB,0
CUST_1RQ8RY3YH8,0
CUST_V4HY31QKFT,0
CUST_OOF6HKCTIF,0
CUST_9YNOC2PFSM,0
CUST_3VIYP457BK,0
CUST_O0U48X8YMJ,0
CUST_8MRXFBK722,0
CUST_O3U82J7RSK,0
CUST_91OVLKBRLK,0
CUST_XQNZNWUWD7,0
CUST_2DBW7N2JNG,0
CUST_026WE13X14,0
CUST_7WVIGQD4BT,0
CUST_TQH1W8BU9M,0
CUST_6N1EMM44SG,0
CUST_0J49P0SNR7,0
CUST_MU521Y9WK7,0
CUST_QK0VVOC93P,0
CUST_XTY6AZF83S,0
CUST_C8FQ3AQ0WZ,0
CUST_8XYBSJU8TR,0
CUST_4NB1BS3URJ,0
CUST_WULHRET6DZ,0
CUST_EYSTGRGVCN,0
CUST_GQI0P9VK4C,0
CUST_HWFAQZEX5X,0
CUST_6X5MIF8F9V,0
CUST_SL2TP79X4S,0
CUST_62WAH1V4QO,0
CUST_7OG4950771,0
CUST_RVZKVHTHEH,0
CUST_JB1Q7IAY06,0
CUST_Z7RN36JQRH,0
CUST_NCZKRFV3KM,0
CUST_DRS7JG5YYP,0
CUST_XLB5M051SX,0
CUST_FM813PH6GG,0
CUST_1B2CSL1JE0,0
CUST_L1FCD8O33H,0
CUST_DSTNW1D430,0
CUST_SBW543WLPO,0
CUST_2QBKREF3L8,0
CUST_4SWEJY9B4X,0
CUST_2362CLXJ1I,0
CUST_GOVF5PR0N2,0
CUST_OASIIZQ30X,0
CUST_G60SSNK48I,0
CUST_VT0NWT943G,0
CUST_4KNG2A9UO8,0
CUST_8CSW72QVM6,0
CUST_A2R474U50C,0
CUST_YK163E56JB,0
CUST_YD6OZFUJP7,0
CUST_LDRZ6J9H2O,0
CUST_4KIFPWEBFO,0
CUST_WQO5GM7IG5,0
CUST_8J6PIPOJYQ,0
CUST_GNJ1TRHVNT,0
CUST_W5XQEGFLAB,0
CUST_PSUWLHYTVD,0
CUST_ZH6YMBLG0K,0
CUST_ULYVBQK1OM,0
CUST_D9W5FPHZEU,0
CUST_8HQ9790KJH,0
CUST_CBW07P2AYR,0
CUST_R308M0H9EM,0
CUST_GHK7Q7OAFR,0
CUST_Z51SRG9IEZ,0
CUST_WQ3PUOIOFR,0
CUST_X22MXW4KC4,0
CUST_DQMMLK1FVB,0
CUST_7IKDFQ66NX,0
CUST_5I6DGODAN9,0
CUST_15POW6B739,0
CUST_2I3KDQX2HK,0
CUST_CWVTR3CLY5,0
CUST_EMMVQJWT3X,0
CUST_N6840E32D4,0
CUST_B0F1Q0LOI7,0
CUST_TOS5C5CG1W,0
CUST_8DT5XKTGGQ,0
CUST_1AWQUQ40KO,0
CUST_HKIEJQKALV,0
CUST_LON66NW9K8,0
CUST_PGHWIDY2PG,0
CUST_EUPW9GQKJ5,0
CUST_HALYPCU5T7,0
CUST_EV224LFKJ7,0
CUST_5W8C26XSQN,0
CUST_VLUQFX7US7,0
CUST_T4IGP5RSJC,0
CUST_G7JO18U7HP,0
CUST_YTDQ70TBY5,0
CUST_E47SXF4Y8U,0
CUST_PZ6VLA27ZN,0
CUST_8IHLS7TNH9,0
CUST_R7A4M8L7XP,0
CUST_UTSYNRG7SX,0
CUST_FZCR15U1KI,0
CUST_YKP11PTKUQ,0
CUST_XF20IZVOL6,0
CUST_K084HH2LPV,0
CUST_ZSGSU73UW0,0
CUST_0SSVS06UHA,0
CUST_X0EXU20BCP,0
CUST_XFLQJ8VUCX,0
CUST_QMY0YMOPR7,0
CUST_DAMBI2E6BV,0
CUST_QZG2BJYSFT,0
CUST_XA9LN5IAYR,0
CUST_VMPP0WBJXH,0
CUST_L5QNUQ65AN,0
CUST_ZDZPXJ8YG7,0
CUST_GZA1HLMOXU,0
CUST_ZERU86S5PX,0
CUST_N40CTSDU6A,0
CUST_4JSRWWKC29,0
CUST_DS0XT3IKWM,0
CUST_BVY62SS8I3,0
CUST_NAJA6E3LZ7,0
CUST_AEPK9NG113,0
CUST_51AS9A2YWG,0
CUST_3HX42TPICW,0
CUST_U04I2L45NA,0
CUST_6S60RIU9LF,0
CUST_W2Z3N0J0ZU,0
CUST_DBSEUPSHGH,0
CUST_NU1XAAOSNZ,0
CUST_1GK3DTGLEY,0
CUST_QHOX7A3WKA,0
CUST_IF4T2O3DPN,0
CUST_BMJ90TJQ24,0
CUST_4FJCMOYIYP,0
CUST_6GJB4QC498,0
CUST_SV3GY4D4K5,0
CUST_5QQ1BH2BZY,0
CUST_9A21V20ECM,0
CUST_3ZOU2HXKEQ,0
CUST_SXAOSQZTYP,0
CUST_ZQ5WSKDCWV,0
CUST_YQ3KF44XV4,0
CUST_VQNB3QOOTP,0
CUST_YRQH6D965N,0
CUST_NM2SHG8WEE,0
CUST_ZUGAHVNA9C,0
CUST_LK2TI7F4ZS,0
CUST_LBCTXJ8M8L,0
CUST_O9O9RKCRF2,0
CUST_888WGGUKE6,0
CUST_UOQM4S2U24,0
CUST_PVY7W5K9B8,0
CUST_EQEUD054HR,0
CUST_XD0M20FRDB,0
CUST_LHXQOXX3RS,0
CUST_ML5N64HQPZ,0
CUST_Z95Z54LEZS,0
CUST_YSZ9FIQPR1,0
CUST_HVKQQ2C9EV,0
CUST_CUBEA9UVKR,0
CUST_NLRU42OPA1,0
CUST_4NCDGV09GW,0
CUST_J9TKJNY7CI,0
CUST_UJGPI0IJ3X,0
CUST_A6NVKEG7GZ,0
CUST_1CH97UMWUQ,0
CUST_VXEUSZTCWF,0
CUST_QFDL3QY5FI,0
CUST_R8NJTTEQ3W,0
CUST_ZTKANVBJ9I,0
CUST_UOOQAWST8O,0
CUST_VPAGZ2YVDL,0
CUST_YIIBGE7HNI,0
CUST_EWLHDYJSDC,0
CUST_8LXKJFAN81,0
CUST_Z0IVE9Y0K3,0
CUST_E75O50RXE1,0
CUST_BWGGD4TF7F,0
CUST_0MVY699OW8,0
CUST_B9A886K73A,0
CUST_H8HA1OP7IQ,0
CUST_38OXUYHLAC,0
CUST_8UDYDQXZPM,0
CUST_BAZ8QVGC2B,0
CUST_DN18YCU4LE,0
CUST_DKYGN8A1X2,0
CUST_QDC46EKQHV,0
CUST_74B4LSUTZI,0
CUST_448RNZ9T1E,0
CUST_XCNGW5VKXT,0
CUST_OE1N93POVU,0
CUST_XT9RI71UD9,0
CUST_VU43YUBYFH,0
CUST_8IA25EO7D9,0
CUST_QI64D7ENT6,0
CUST_NTL84K82O4,0
CUST_ASCMVKTNJZ,0
CUST_FAF0Q1SHKY,0
CUST_V1PDLABZXL,0
CUST_I4WS3PUTEY,0
CUST_ZPFTXSLASJ,0
CUST_37V2ITDW0S,0
CUST_9VVVR3S150,0
CUST_18QVS0QC9L,0
CUST_290GV7DNQN,0
CUST_AHBXGIMRA5,0
CUST_DJCQD07165,0
CUST_0WDJ7VNSXN,0
CUST_GV6XA2LQ9I,0
CUST_BG3SI0YQ28,0
CUST_O89JZT8WWO,0
CUST_6DF2HV2H3U,0
CUST_8CM6ZO490F,0
CUST_Z2584X5V4O,0
CUST_XY9ZFBEY5Z,0
CUST_KJEC6CH9CQ,0
CUST_G5N986IZIB,0
CUST_YBTYFAFYVR,0
CUST_DMNOYDIRI7,0
CUST_DEWNUNT5TU,0
CUST_1ONNMHTY6U,0
CUST_EP7LPBFOQ5,0
CUST_XQUJYPPFX8,0
CUST_DACRFIB5DD,0
CUST_L592KP442T,0
CUST_GNNB72B1MS,0
CUST_RQ196CG9L0,0
CUST_UB7UL2FTTG,0
CUST_0VDBNYXU0D,0
CUST_BIT0XH47OL,0
CUST_1R5BHGKCIQ,0
CUST_QGT3H8VJ7K,0
CUST_AGJDBYJ16J,0
CUST_RPKI0923SE,0
CUST_R3M44EZ0QZ,0
CUST_Z7LDZD9MSJ,0
CUST_J9OUUMIO6I,0
CUST_5ZEXVN29QX,0
CUST_Y64YFLFB7D,0
CUST_Y7VAO5OYW3,0
CUST_TZ82VBQQOI,0
CUST_V6L2HTYDH2,0
CUST_FLMCXJ989T,0
CUST_BJYKAW1ANY,0
CUST_HEZ8MN5KFB,0
CUST_EJMZEJ7ZPV,0
CUST_ID1FW3BLTK,0
CUST_MVNXPM3GYE,0
CUST_QI0CJR6Z64,0
CUST_JY3UI3VZQ2,0
CUST_NXFTKUCR86,0
CUST_J580LSBKDJ,0
CUST_ZZVNBYP9KP,0
CUST_A468KF4640,0
CUST_XG544RQZB5,0
CUST_423S4TFCPN,0
CUST_YRVMT58X8X,0
CUST_3SOBQ113J6,0
CUST_0512HQJ6VV,0
CUST_CX0784DS36,0
CUST_O71B20RAXM,0
CUST_JZ86G6LTD7,0
CUST_AJN8417VLZ,0
CUST_01427Q8GCQ,0
CUST_APGN152IC4,0
CUST_6CMVPEJ6JI,0
CUST_9IAW95CDNO,0
CUST_2YACSII0X4,0
CUST_50Z5NQLBTL,0
CUST_TTC9QYRCMN,0
CUST_CNABRW917F,0
CUST_3FK9BQGT8M,0
CUST_935U5WZ79V,0
CUST_RTR07L05G9,0
CUST_GBELR13U0N,0
CUST_P1BJUOXGNE,0
CUST_17BV746269,0
CUST_ZQ07C24Q6Z,0
CUST_E2JZ1TQB8R,0
CUST_V4IZ62BL7Y,0
CUST_2BBISP3CWT,0
CUST_LB2577360F,0
CUST_HAEICZ89TZ,0
CUST_T4BR7CGM7F,0
CUST_8VBXLWCR6S,0
CUST_0V2UR6Q9XJ,0
CUST_KKZ67YZR1R,0
CUST_NW60C4BJA4,0
CUST_DCXARUTDJM,0
CUST_ISBU9992CZ,0
CUST_FP0VVXHE2N,0
CUST_WWGB98YF2B,0
CUST_JI1FO3BYJY,0
CUST_W1MUYMLOUC,0
CUST_1NMPRJR3FX,0
CUST_3NHP17K9OI,0
CUST_28R4GZ00ME,0
CUST_GN995GXJH1,0
CUST_ADCGWTA99Q,0
CUST_JJ8SYRDJWR,0
CUST_3SLMJ18CAZ,0
CUST_3058EJOC9A,0
CUST_NJEKKZBOHC,0
CUST_KG7KVV13TP,0
CUST_I8SZUWC3WO,0
CUST_KGWMLA2QCB,0
CUST_AH5YLY0CSK,0
CUST_MKRW5AZQHT,0
CUST_RBPS81EZBY,0
CUST_TWJRHCDBV8,0
CUST_1GX1OHKOSU,0
CUST_TF1GSHU8S5,0
CUST_IZKCILL852,0
CUST_22TB6ZAVWP,0
CUST_9ZLYYM908E,0
CUST_IFS0LFK4BK,0
CUST_UBDK8WQ7Z3,0
CUST_1XMQPY21KZ,0
CUST_AD77Y592FF,0
CUST_WB5KDI2K0U,0
CUST_UZLWYE5IRQ,0
CUST_FAZD3ZZ9J1,0
CUST_4F2I6BNKVA,0
CUST_4LVXGK4X7J,0
CUST_L2RG432B3Y,0
CUST_63OIOMD99D,0
CUST_67RPVUY9T6,0
CUST_SAUBO8S34N,0
CUST_4NU2P7MZXQ,0
CUST_OUOD0H7RU2,0
CUST_VCSFY4CKQC,0
CUST_0E1598Q6FE,0
CUST_1EL5FNM1QQ,0
CUST_537UZBVWWZ,0
CUST_VUKILRG1RM,0
CUST_02CW9HN5XR,0
CUST_J2P41U40C3,0
CUST_ULWSZ5W5NO,0
CUST_W4ASPH165F,0
CUST_XT7BRZE8AG,0
CUST_E1WX6R419J,0
CUST_CB6B8NTZB9,0
CUST_8LR74GD3N6,0
CUST_UQBHBI0745,0
CUST_ORZLODLPIJ,0
CUST_0YJFJWHQIB,0
CUST_OBT3HGELUL,0
CUST_2LLHZGU5RL,0
CUST_GWQH8FJTRW,0
CUST_P369NP571Y,0
CUST_P1SN1H0J1O,0
CUST_JCSCMQRQIP,0
CUST_3R6AWF4KW5,0
CUST_GO7EMWYNAM,0
CUST_H8LRKJ8E7F,0
CUST_U0D120W16H,0
CUST_YKSIU7ULDW,0
CUST_1NO6R3TV2A,0
CUST_YLOFNXIMZM,0
CUST_IIE586FBSH,0
CUST_DIAY6G2VMT,0
CUST_GJUVGICEOH,0
CUST_8KIMHOCM2Y,0
CUST_S6LX0VLB5R,0
CUST_1C594OZ3WT,0
CUST_FQ6O7I3BLG,0
CUST_1SZ0Y3IGWA,0
CUST_D3XS2XHJM0,0
CUST_BAOTPVV3F6,0
CUST_DNY2VQTMMW,0
CUST_XVBLK3ENR3,0
CUST_METEKFLR70,0
CUST_RZ4L7C30G2,0
CUST_13YVTCY3AD,0
CUST_SEAHJJVD89,0
CUST_5KQAC3OD51,0
CUST_GN6LNKTG2L,0
CUST_62LZTRCB1E,0
CUST_PJOTPH4BLB,0
CUST_9K9I91FA45,0
CUST_UTOQVF1RAI,0
CUST_NA4BULTUWJ,0
CUST_6MU8MOKCMQ,0
CUST_9HXCWLW7PF,0
CUST_WVGGOWX12B,0
CUST_SDFLGSIPTI,0
CUST_1D1FEVHT8A,0
CUST_OS5IIGP30A,0
CUST_YX92VXQDPA,0
CUST_BFYC47C32M,0
CUST_PO09HRUAUD,0
CUST_QVKUOZIQGV,0
CUST_OMVX1M0XPD,0
CUST_9W53SUCOFV,0
CUST_1VAR8151BL,0
CUST_N014AYSUDX,0
CUST_2MZN2NLMXD,0
CUST_ZLN5MRQNUZ,0
CUST_GOHUS5XA2F,0
CUST_S8T3LN3WG3,0
CUST_SS9JHJFJ5K,0
CUST_KVV5L9WELZ,0
CUST_DDJYVJLENG,0
CUST_2LVGK1Y4U3,0
CUST_XYLVW2KZFB,0
CUST_M28EIMMUGJ,0
CUST_UA3LSFF97C,0
CUST_MDPZMNG8VH,0
CUST_6GHZ07ODE3,0
CUST_JZ31IFZI20,0
CUST_91Q4K0KKOL,0
CUST_M06VCWQSP6,0
CUST_STVROBCL6C,0
CUST_PKK48QEVBY,0
CUST_6D2KQWRT3U,0
CUST_O421MH6YHP,0
CUST_2EORZ7GJN8,0
CUST_19VWQD5P63,0
CUST_EL3Y21H1C3,0
CUST_G482FX8B26,0
CUST_W96QO8EC7E,0
CUST_BXVAWY1F22,0
CUST_8XIJXEMYBM,0
CUST_I1I71IO8BC,0
CUST_0H5VVL999Z,0
CUST_61L8036POS,0
CUST_UUCPSZUNTO,0
CUST_P46XEHSZUG,0
CUST_0L94P9JM88,0
CUST_4S1UXHUZW1,0
CUST_2JZN4IPWJ1,0
CUST_BCSAJO6CWH,0
CUST_8CJWTER6NB,0
CUST_F66Y7PZ8F1,0
CUST_RV1OABN1EH,0
CUST_PKVZ5SF2UJ,0
CUST_9BH3SX657P,0
CUST_70JG6S3WIL,0
CUST_RBQ5GRH38E,0
CUST_0OIJ1MK5AH,0
CUST_PIC64D9UIW,0
CUST_ZDVU30OZE4,0
CUST_83Z3M8UG10,0
CUST_PVP3ZJXQ66,0
CUST_ZKR5Q6QWKC,0
CUST_IG5W2AF6RL,0
CUST_I0J3SSI6ZN,0
CUST_SKODQ00BR9,0
CUST_CPC49622WS,0
CUST_IZPUXBGWQ0,0
CUST_OH4QSX9JJ7,0
CUST_GYKD69528P,0
CUST_6KYSNG42B0,0
CUST_YC47YQ36ZJ,0
CUST_KEVCIIW8ZY,0
CUST_X81LAW38UP,0
CUST_XH24UXFT4H,0
CUST_U6HROBW9RP,0
CUST_DNZSXEWYL9,0
CUST_4VRJWT79WC,0
CUST_YJA4DL7794,0
CUST_0L1PW3RN42,0
CUST_K9ZDTA12Q1,0
CUST_RUUO2O3OB3,0
CUST_7MTV54YHPJ,0
CUST_JV2CFIZRFP,0
CUST_R50O1GR3QU,0
CUST_UAEO3W09U9,0
CUST_KB413YZBQI,0
CUST_6MWNEEL0S9,0
CUST_LS1Y3EOSXR,0
CUST_5ETUMJ4THM,0
CUST_IUZY86XJX4,0
CUST_L3XWEKH8WD,0
CUST_XMZ1J7P7JT,0
CUST_T34D4HWFAY,0
CUST_6Z8CHSV5JS,0
CUST_3ATCA355FM,0
CUST_H69ADY74F9,0
CUST_8VQ5RA9DWT,0
CUST_L9IOU0HJW9,0
CUST_K6C3FQDOZF,0
CUST_0EBZUWXPCX,0
CUST_EPKM6E2QDJ,0
CUST_NVK7HOH8U6,0
CUST_3O3HLXM8SY,0
CUST_ANV2YKVZRA,0
CUST_F9ZA3PRX8Q,0
CUST_DQXZ0G5UWE,0
CUST_9OMKSYOL4K,0
CUST_KJ1VF89EI7,0
CUST_40VDOU8DIG,0
CUST_N6DEMMOWDZ,0
CUST_AIN5GBGQ0N,0
CUST_L4IE7U44B8,0
CUST_ZHT3GAOS8Y,0
CUST_0G5ECG9BYG,0
CUST_XN07AKCKQQ,0
CUST_XI4LXG00V0,0
CUST_1WK6NA5YIN,0
CUST_PWKCME33BX,0
CUST_CJU5G1R0RR,0
CUST_SUJHAR633U,0
CUST_HWYS2DTPRH,0
CUST_ZS3NAQ7SQ8,0
CUST_WGB6OYV2LR,0
CUST_58YJKUKEQ7,0
CUST_UEQS7YHWSG,0
CUST_XVLA8Z1QXX,0
CUST_N56HM7LQ8P,0
CUST_ZXN2QGZU78,0
CUST_OR7B5I0520,0
CUST_J0IVZOCSNF,0
CUST_08Y52PG4M4,0
CUST_ZQHK6MN53X,0
CUST_LY3ORX94DL,0
CUST_7F1GTJ7ZAU,0
CUST_A2CXEX32ES,0
CUST_WPP90YXSAV,0
CUST_ELYDHQJGAG,0
CUST_JD6MB2I66J,0
CUST_OW4XPER2Y0,0
CUST_RX44H97Y09,0
CUST_8SDVOAE2HL,0
CUST_2V5LC6QDLA,0
CUST_XHUN7AVIEG,0
CUST_KX6T7IAHD7,0
CUST_8MPSDCY9H6,0
CUST_POIPHMSQ62,0
CUST_PAGOKI1EC7,0
CUST_E2EZ2SHX5J,0
CUST_GI9O4DO2YA,0
CUST_U1EFAH4ZKG,0
CUST_RASE8C6881,0
CUST_LS855J8U4Z,0
CUST_75XMC3ZSQH,0
CUST_WXOOHJLMSO,0
CUST_7DPUCN0YVL,0
CUST_S6SW8OAZOK,0
CUST_1GLDW5EUUM,0
CUST_D99F6XIXC0,0
CUST_V3UOVCETTP,0
CUST_5V7WOQ0727,0
CUST_KAJM3HUNNH,0
CUST_M23DFMSZ9X,0
CUST_QOEV70EGH2,0
CUST_CVLXB81YKS,0
CUST_ZDXH3WY2BW,0
CUST_EX6JE3JUD0,0
CUST_P1HOW8DAJP,0
CUST_TFNVOY7ITL,0
CUST_LSMTO4PXRB,0
CUST_HE4OEB5C80,0
CUST_EC2WU7PXSM,0
CUST_CRDJQ1ECJM,0
CUST_BHIJI8SUA8,0
CUST_XY7NLUWHPG,0
CUST_KZGD89FU80,0
CUST_4CTWQGUY2T,0
CUST_R6DJNXIQZ9,0
CUST_7BVEHC25OG,0
CUST_QLDJVGVHVG,0
CUST_CEPUO1RDDS,0
CUST_Y6XM1ITVL7,0
CUST_Q9OK5PTOAF,0
CUST_DEVWX9LHKU,0
CUST_NUKKE5TWDH,0
CUST_ITDEW7NIEL,0
CUST_BC749CM4QA,0
CUST_89PQ74VKVW,0
CUST_72TFJ3FF5Z,0
CUST_MWL1XSKB0T,0
CUST_ZUJ8PB5YDV,0
CUST_20RV2X8PSG,0
CUST_XDUZ4ABUMY,0
CUST_DQ37INHUWA,0
CUST_DWW4UEY895,0
CUST_RPQCZNJX4C,0
CUST_52FU2CMU99,0
CUST_1DXHF87DKA,0
CUST_CGR8X9V5OA,0
CUST_EZTXC4QIBJ,0
CUST_P62HWSQV8H,0
CUST_L4RBPCTOJM,0
CUST_NP3HHBX6ZU,0
CUST_U0F2GIULDA,0
CUST_OF4RIZEWB0,0
CUST_OF7QUGI5I9,0
CUST_1M18EDQBFM,0
CUST_MSU6NTMVYX,0
CUST_RH7SAWTSF3,0
CUST_CU06ET5LNA,0
CUST_8CG8NZIC62,0
CUST_ND289ZLAFJ,0
CUST_0PXJYTCE7B,0
CUST_H67WO4AQTZ,0
CUST_Z1JAZF7XD4,0
CUST_V2TG3P4WQW,0
CUST_1KGWJS5CLM,0
CUST_OLHFYGF18F,0
CUST_CYUGAI7QEQ,0
CUST_GAZZD3H1V1,0
CUST_R12P5NDKXK,0
CUST_7XEP7SGOZK,0
CUST_TGRKG254M8,0
CUST_TA6VAUUWY4,0
CUST_E5T6MJJ8BV,0
CUST_0SK6BE0UXI,0
CUST_5TTUIHHAL3,0
CUST_65BN02S0UA,0
CUST_ANL1Z1IW8S,0
CUST_X0ACFZKPEX,0
CUST_8XFRX3R9JC,0
CUST_99L97E22UI,0
CUST_3AX797P3B9,0
CUST_VN70CP0QTO,0
CUST_1FM47K5NBO,0
CUST_52U98IQZID,0
CUST_0LUV1YQIRR,0
CUST_MM67S3368S,0
CUST_5EWZSHORKQ,0
CUST_SUVYTT2HFD,0
CUST_FB7GBUN7HL,0
CUST_ORQCU98MPW,0
CUST_83QVQHQOLU,0
CUST_OEK3U1TJD5,0
CUST_ZK4R5XAYKM,0
CUST_7IH8NIBP02,0
CUST_MHUY9I2GNZ,0
CUST_O6HNAOBCDY,0
CUST_RMK53IDTZD,0
CUST_PJ1230ADWW,0
CUST_TF6YH4Z3ZA,0
CUST_9G3FFC6GIM,0
CUST_5QINI9A1HG,0
CUST_B9P9Y4D689,0
CUST_LTLU01SP6V,0
CUST_HIA2VC1WUP,0
CUST_5EWZLABJ2Z,0
CUST_317B94JTHX,0
CUST_9J0EGZYCKZ,0
CUST_2LKPZOYUE9,0
CUST_XH2SR2SQ9H,0
CUST_LEVK8MQ4F0,0
CUST_E0M4VKWHBJ,0
CUST_3ILU61TAIM,0
CUST_85IYC5OVCN,0
CUST_LJBOUKPVY0,0
CUST_L93D98BQCM,0
CUST_PALDETUDE6,0
CUST_1YYL5VJGAH,0
CUST_U819FBLKQX,0
CUST_RZ617G4OYR,0
CUST_3V1MZCKSF7,0
CUST_9ZZZUBSKF9,0
CUST_U7IBWQYGKX,0
CUST_8HY0AH83AV,0
CUST_0EDVYI4PB7,0
CUST_W68VNA012Y,0
CUST_9595SFJLG1,0
CUST_TD0SKRYEIN,0
CUST_HOYG6V71W4,0
CUST_9KHVAQP60Q,0
CUST_N5D69XNR8G,0
CUST_120FKLHMAN,0
CUST_ASEJGS8DKY,0
CUST_4N97GS1NYW,0
CUST_O21I1TDZJN,0
CUST_HJXV8ZHAFR,0
CUST_85FJU9I02T,0
CUST_T98QTCKQ5P,0
CUST_AU5G27GVJ1,0
CUST_EYBAVC95VE,0
CUST_O55PCU8PFZ,0
CUST_0SULBL67N9,0
CUST_8R001XI08D,0
CUST_2UB6NVKYIY,0
CUST_8GL8YNVLUH,0
CUST_JQ2G040Z7V,0
CUST_V3XUJDYYKM,0
CUST_29486HY989,0
CUST_D5AMFCVU8J,0
CUST_8DZ4N8PJDJ,0
CUST_4LVUKEWAW4,0
CUST_A5IK64O7N4,0
CUST_D7V4F7D3LQ,0
CUST_TIC4K9TK5Z,0
CUST_HXPOVX04ZW,0
CUST_7D7L9FYLST,0
CUST_AZF34KQ2SW,0
CUST_T9OEYNCP7Y,0
CUST_2Q3ZKFON5Z,0
CUST_PLJFLVFYQ1,0
CUST_GOI1MQH64Y,0
CUST_5BC27VFFN2,0
CUST_ET3BM58SMD,0
CUST_B1E02ZRJ9R,0
CUST_FKQ8CT50JK,0
CUST_DSGIXTH9B1,0
CUST_MPA2JY64Z8,0
CUST_UOP2BQNS1Z,0
CUST_F0IYBJBAZV,0
CUST_LY1DXXRO01,0
CUST_XTI3LX8Q43,0
CUST_001PSBL5IZ,0
CUST_YOCWL508NF,0
CUST_8V8OI7NAEU,0
CUST_89S54EICMF,0
CUST_LK8N0LTKVK,0
CUST_JWO3JV2ESP,0
CUST_G6Z6XCX6O2,0
CUST_8X3RT0LI6A,0
CUST_M05CDK8E4O,0
CUST_NG1ZK4O0Z8,0
CUST_QKS097C951,0
CUST_146M2BLZQL,0
CUST_2Q66BRFK07,0
CUST_IQ5RED21F1,0
CUST_ANMEQ6KLJF,0
CUST_BXGOV2TI1C,0
CUST_NGUJ7WPQ3F,0
CUST_10QUCAQR5Q,0
CUST_R2OXLUG2BZ,0
CUST_UIZ1FK0O9U,0
CUST_0OUU61MF64,0
CUST_9TELAO2RBP,0
CUST_9GXEYY84BV,0
CUST_ETJVCXLLG2,0
CUST_3HMLCUZXX4,0
CUST_SNILLY2IW6,0
CUST_RIHFK7J2P6,0
CUST_TL64G3JGEA,0
CUST_67OZ0GPDPX,0
CUST_Z8YOI8U553,0
CUST_PKZJRQLMHL,0
CUST_R40HPLWCBD,0
CUST_K4UGX5YDIU,0
CUST_W8NTBQSHHL,0
CUST_XQWVU1R877,0
CUST_WAD04DQ7SI,0
CUST_UMN0XA9Y0J,0
CUST_GSPDTYAO0M,0
CUST_V2N2HDOB57,0
CUST_86V7AABQBP,0
CUST_9789H9AGRT,0
CUST_57L8KVT7A2,0
CUST_YLPZZ7RABI,0
CUST_HJUEI5AQTO,0
CUST_V8NP45U9N6,0
CUST_I9I3FO0MJ1,0
CUST_130MKTHS6Y,0
CUST_LS3SBY1Q8W,0
CUST_KF41X77J9H,0
CUST_A69D314NEA,0
CUST_MXZIMH8YG9,0
CUST_71LVL3OENK,0
CUST_KL1TCJWJ2Z,0
CUST_JSDOJS98PA,0
CUST_M0TWZN5L3Z,0
CUST_DT70BTEZ6C,0
CUST_5HXNZEUVH9,0
CUST_KZU6HBB48T,0
CUST_790SBYTQGZ,0
CUST_QXMROX9KFJ,0
CUST_D06907GBK0,0
CUST_SY3W4P9042,0
CUST_JL9VBWFBY4,0
CUST_5I9YLF5JN1,0
CUST_MU8UST6IO6,0
CUST_B9M5MCOGX1,0
CUST_BJ0W8KC6WG,0
CUST_GQEJ9BZGFA,0
CUST_LC7GMQEEQ4,0
CUST_C4NQWJ4CE9,0
CUST_MPDA0POBKJ,0
CUST_9DUGJZ4XT7,0
CUST_73CLKA02JM,0
CUST_B2VBGZIDSH,0
CUST_KKAXGJ6IUS,0
CUST_BSH1NIOMLC,0
CUST_LEBIGI3IL2,0
CUST_QD0U6AMKAU,0
CUST_785ZXUXR83,0
CUST_RIZXYN3N9X,0
CUST_L6C4FHUENQ,0
CUST_ASJDF5NNCR,0
CUST_FT318HVLEE,0
CUST_G7SQ1QA73T,0
CUST_T5T3X60GGQ,0
CUST_V5RD1TE3DG,0
CUST_AAGMVW3QHE,0
CUST_5EBZ427EW0,0
CUST_3OGWBRI28S,0
CUST_WVTKI2ZZEZ,0
CUST_FZMYC5GOFR,0
CUST_BJ68YJJQTM,0
CUST_M0VW6TQ47R,0
CUST_XS285OVY2S,0
CUST_QR4QOA34GV,0
CUST_9GMMQE5K39,0
CUST_ZG9E783843,0
CUST_BMQG6PC1M9,0
CUST_Q55DRGKMRU,0
CUST_SDOSKAENH3,0
CUST_RWISKMJU3S,0
CUST_5FTWCBT7XH,0
CUST_J2OTHIH8HJ,0
CUST_7SLE2NICHA,0
CUST_BWJI65MOC4,0
CUST_1Z19EO0CYA,0
CUST_20H99K6WRS,0
CUST_0KCHSCCMO7,0
CUST_L94O945BPN,0
CUST_E4ZF2SIY4P,0
CUST_I0ZGE0OPQO,0
CUST_WRU5H5IIH2,0
CUST_3V3DPPD252,0
CUST_PMZ1795IHB,0
CUST_YQ5VXB8O42,0
CUST_G4TWD7ZTO1,0
CUST_L6VWX7CDWC,0
CUST_0GMB6BYDPY,0
CUST_BZJ5BYVFYE,0
CUST_QAVLMGAB4Z,0
CUST_H3P6MC37RR,0
CUST_8F5FEWO76G,0
CUST_TYSJY4FKON,0
CUST_P8ISLPPTYS,0
CUST_Y7DU34XMIZ,0
CUST_Q1LXTYIW73,0
CUST_D52CSCP1WO,0
CUST_DH094JXXKQ,0
CUST_LMFK28CC8C,0
CUST_HQLZJ6RG7O,0
CUST_THXM7AL2NF,0
CUST_IVT97Q7JAC,0
CUST_O3S8BZPQ8H,0
CUST_7NMWCJ1DB4,0
CUST_0WUGI9PJP5,0
CUST_1EYT4YPOIQ,0
CUST_8YO75SHKBK,0
CUST_45G4OEZ2S2,0
CUST_E3WGETROA3,0
CUST_S6KZ85B2M5,0
CUST_FPR1B48LYK,0
CUST_K25U715Y84,0
CUST_PPBCZJBBSW,0
CUST_ZMDEEX6UCU,0
CUST_NTHDM5PMAA,0
CUST_V5HKLG8BKR,0
CUST_CW5S0NFF74,0
CUST_MY66KQZ4GL,0
CUST_U8UGAQU9PT,0
CUST_KRIBDCLU3R,0
CUST_K49BLN14X5,0
CUST_7FQWD4TYCQ,0
CUST_5DHFSLL1K6,0
CUST_QFRXG3E016,0
CUST_TXM3ZOA98V,0
CUST_1J6UTR2PAU,0
CUST_E1CUOIWN0M,0
CUST_ACSSYOR27U,0
CUST_X2B6FWH4U8,0
CUST_YPE5Y9BUOR,0
CUST_NZ4N1IHWRQ,0
CUST_TQOHHQIOPJ,0
CUST_FAVKD60TGG,0
CUST_BJ192GYMOU,0
CUST_6KBBCWG7L1,0
CUST_OO8OV8XDF3,0
CUST_4HO2J7TM92,0
CUST_7NBEPY4EL7,0
CUST_4ECNB8LPZ4,0
CUST_6HDZ88VCA3,0
CUST_OHIE0NBXWS,0
CUST_FG3DPE570Y,0
CUST_HU7UPSVYQP,0
CUST_U72MUBTU34,0
CUST_4VJNWFGOJV,0
CUST_ME7AZBCNXM,0
CUST_IZJ86AEW5F,0
CUST_6NKQ6SB8OP,0
CUST_CJ824B91U2,0
CUST_CPJOA16LB1,0
CUST_YD2M89O3MR,0
CUST_5U2BRHV368,0
CUST_GS4OVC6BP7,0
CUST_0P6T77Y6Q5,0
CUST_G8JYH3NLOP,0
CUST_F9I077H1XT,0
CUST_IKXMQWATHW,0
CUST_0Q8B0NGCN7,0
CUST_0UXSRCTXRV,0
CUST_MC232XK38H,0
CUST_YENFXHRNTB,0
CUST_K8WLZEDYIL,0
CUST_J7A0891WIU,0
CUST_XX4F1PL4ZC,0
CUST_6R93MA8FBM,0
CUST_7NPOA33HIL,0
CUST_H6GLE8EBFG,0
CUST_EPCI3JT5LJ,0
CUST_2YXJ8MFQN1,0
CUST_4NBRH4LIS9,0
CUST_Q06TG5XM8P,0
CUST_IX1SBHL9LP,0
CUST_G2CTEP7AAQ,0
CUST_NRVDNPPDGJ,0
CUST_IXB2UK4GNI,0
CUST_J43TO7KGHP,0
CUST_H2B1AJBGR6,0
CUST_GKDYB5L2XC,0
CUST_K1ZSKI84VE,0
CUST_NL7KKAJQFI,0
CUST_BWRZEH8WPH,0
CUST_NRO5LTDTU8,0
CUST_9APXF5PQBP,0
CUST_D1LFWZWH2R,0
CUST_IK4E3Y9991,0
CUST_2U7ZPZS0GN,0
CUST_2RDGUA1V88,0
CUST_33JZXQO1WO,0
CUST_69QFWH69Z6,0
CUST_M8ALYPTD89,0
CUST_7QZK6BFGSF,0
CUST_SO5Y03J84A,0
CUST_BKKFEPVK65,0
CUST_L1EZZXI77Y,0
CUST_W1SQZ56OO1,0
CUST_XGEDISJZ0K,0
CUST_LSPI59UCDF,0
CUST_85LK06S080,0
CUST_YH9L9TGOEM,0
CUST_YULSBARYZG,0
CUST_86NSIGLSGO,0
CUST_45B0AGHN5M,0
CUST_Y7N7ZWZAS6,0
CUST_MHMWDS6R04,0
CUST_JPMY0VY7GM,0
CUST_IANR9KAMF4,0
CUST_R5FVGR0Y79,0
CUST_VN56QJSPK9,0
CUST_EZI5987FOJ,0
CUST_U9II4NONPQ,0
CUST_IVJ6ESZPIX,0
CUST_3CROV52PJW,0
CUST_B54MAS161C,0
CUST_Y5RNMHLXWZ,0
CUST_CSTHQZ8ASD,0
CUST_75H9C44T82,0
CUST_HIQ1287P9F,0
CUST_VBJY6AQQ4X,0
CUST_ZWN80QAH3S,0
CUST_YWT0X39YAL,0
CUST_BQAPU1BELH,0
CUST_YDDTFCU0AF,0
CUST_D1F5744N2Q,0
CUST_JOQA368NMJ,0
CUST_PASYVS607A,0
CUST_TR3DHXN578,0
CUST_LWQATAX99M,0
CUST_O8S6QK3VIU,0
CUST_YMKAS4IR0O,0
CUST_ERM3IN78ML,0
CUST_MJHWR6M0PI,0
CUST_T9MHK1FSMU,0
CUST_X7ZDJAU9BU,0
CUST_1ET174BVPL,0
CUST_9I4O0FF251,0
CUST_9FR35I6D2P,0
CUST_NSF6MVW8ZP,0
CUST_7UFZ0GRUSE,0
CUST_VBMJVMPMHP,0
CUST_6AJ70YICJA,0
CUST_MWXFMTWF8B,0
CUST_ULJG0ZVN47,0
CUST_RA4SL2EBUQ,0
CUST_27VAOI68Q9,0
CUST_LNI6Q0848U,0
CUST_FYB774U5RJ,0
CUST_R0MG1TIUOL,0
CUST_GKRWVWUWB0,0
CUST_T2RW13JJGI,0
CUST_52YFA5J3P2,0
CUST_C1Q4KT4OPI,0
CUST_K5TT9JV23C,0
CUST_41FS4CEOY0,0
CUST_8PU0BDYBKJ,0
CUST_1UU1OAAPE9,0
CUST_13QH442CO8,0
CUST_1IZSMC4N04,0
CUST_WRBZZJ4X5R,0
CUST_6IN3MCYJ9N,0
CUST_VFHZJ9F70J,0
CUST_4LWAK1K7L1,0
CUST_H0E3LLY4N5,0
CUST_9OYMZ9UER3,0
CUST_002FUKKQDF,0
CUST_6B8YNYE7QH,0
CUST_TUJWYBKNV6,0
CUST_WF1FZGIIDA,0
CUST_JQFUDXNNWL,0
CUST_M5DBAE3DPO,0
CUST_D2E070LN6B,0
CUST_YIN5EXYF1F,0
CUST_FRP39QTCYG,0
CUST_1P6KXMEG93,0
CUST_PLMP994K75,0
CUST_Y8WH24N103,0
CUST_KBWZMC1EH9,0
CUST_92CZNAK4ZB,0
CUST_PG8LFXDUVS,0
CUST_82XZK4D1DS,0
CUST_QWPEY2ZZ46,0
CUST_62QZOZNEZZ,0
CUST_HTAVD7T8JT,0
CUST_XWYFA9ZM8C,0
CUST_SKY97GW3ZO,0
CUST_9PDC1W4DIL,0
CUST_DFBRHEM54S,0
CUST_OYE6GCL3RS,0
CUST_T7UG7ZLOI0,0
CUST_1PJI2JQ7JN,0
CUST_UTE0PVFZ1D,0
CUST_L8QI5LOYPX,0
CUST_6Z8CHGSOH6,0
CUST_V7SYHWOQ9O,0
CUST_NVB5YJ979R,0
CUST_HPNF9SHG1E,0
CUST_02KIL7A670,0
CUST_DVD9H2E8BI,0
CUST_2X8A6TT4I2,0
CUST_N4ANTUK51Z,0
CUST_EDCCM4J619,0
CUST_ICNKFGXV29,0
CUST_X4GUK5SRQ3,0
CUST_7XK6Z6A2XB,0
CUST_3NR5G5D57Y,0
CUST_1CR6CJ44A5,0
CUST_387JWHS2BD,0
CUST_TPDYDEU3CK,0
CUST_IADQACWTDE,0
CUST_HJGXZANA5T,0
CUST_T8TF1Q6LUY,0
CUST_YAKEFZHMGZ,0
CUST_L92XWG4S2W,0
CUST_Y6DRPRWEEX,0
CUST_TJE8SQUDX2,0
CUST_F9325XPOJA,0
CUST_OYO6NTER85,0
CUST_9CTNIKLN1A,0
CUST_5R5CBK16X4,0
CUST_OA3KGVLEUF,0
CUST_5DRJUXJ721,0
CUST_VA6P9AZYOA,0
CUST_N1DJY4LPZF,0
CUST_6Y0ERYOH03,0
CUST_3ZM9X680OG,0
CUST_OTNDHRROCZ,0
CUST_K0M66JEAAH,0
CUST_CNG2HQRDCA,0
CUST_O0LKE65DWL,0
CUST_7BG7ZHWJYL,0
CUST_NBPYHMQBG3,0
CUST_EFZQJOW3W9,0
CUST_ICD9TLJW31,0
CUST_6KQ5TG7D3V,0
CUST_Z9NTGKH75C,0
CUST_54OIR354FY,0
CUST_JSKJ7YO8NK,0
CUST_QUC10GA9E7,0
CUST_6V5MCICJVK,0
CUST_AK955IX68E,0
CUST_T7RLCD5BL9,0
CUST_KZPHXL862P,0
CUST_FM964SSAKX,0
CUST_EISNEDRUQR,0
CUST_91QLHUEHR8,0
CUST_CSN7PP8C1H,0
CUST_K9XIQQN30N,0
CUST_TJQ83ETFA8,0
CUST_5159BZRP7J,0
CUST_E2GPI7FXKV,0
CUST_0O1HG32A60,0
CUST_20W3CDMSK8,0
CUST_BM3QUH0MID,0
CUST_YR1BHU8H3Z,0
CUST_HKZ7QJY904,0
CUST_W3UI5EOTP8,0
CUST_3NV8AV9FYP,0
CUST_G7D0JNIPPO,0
CUST_0K64675EAA,0
CUST_NI9YEP6TAG,0
CUST_JWXCFF38BV,0
CUST_KVUH62JSNW,0
CUST_0T4IIXRDEV,0
CUST_SBT3FVYFKV,0
CUST_ESL89HLX4U,0
CUST_JJF4ZTZMUF,0
CUST_MSZLJICDLD,0
CUST_R0L9AF9OCI,0
CUST_UOEHMMI0CO,0
CUST_QDAHQ9GUCN,0
CUST_36KJERY6J8,0
CUST_S2QQ3KNYL8,0
CUST_Q09Y3O96P3,0
CUST_QU28E6R241,0
CUST_RNCIW8AKH7,0
CUST_ILTWCX5IKF,0
CUST_MTUZOP7C0A,0
CUST_IF613F0DAU,0
CUST_JSCDL5C60K,0
CUST_8SET08TAVR,0
CUST_R1B4H1RDM0,0
CUST_5NIDYK39KO,0
CUST_53MHY8Q8J2,0
CUST_N8UTSNQS7F,0
CUST_AVHOU0FDKO,0
CUST_P0MIHQNITR,0
CUST_NT1N2YCMEY,0
CUST_COLYWO1AI4,0
CUST_XDRHJZPBNR,0
CUST_BWGQC5U881,0
CUST_JFPHH53VEP,0
CUST_6Z5THPPGIF,0
CUST_3KRF1EXBT0,0
CUST_7A3OVEK0IY,0
CUST_J5ANGOFFZI,0
CUST_RU4KEPJ2FO,0
CUST_JJQ7D6OV13,0
CUST_ZBABRQKE7P,0
CUST_AS87OE6XCP,0
CUST_ZEF509RI75,0
CUST_DKBXOTXDLB,0
CUST_R8X3U267GV,0
CUST_I7EU0X8QMS,0
CUST_6Y7AXM0CG6,0
CUST_4LINXJY5CM,0
CUST_SU7BURJP47,0
CUST_C3QBEBYITH,0
CUST_994RRT57T6,0
CUST_1PRLBQUT9P,0
CUST_9A1KMR8Q9Z,0
CUST_Z0TCF2VUYY,0
CUST_J17HJLOUAO,0
CUST_JPFTBR4KW9,0
CUST_OTU0ATZ0IF,0
CUST_IMI1P85VW3,0
CUST_08DLR26P2V,0
CUST_BD6XDD76YH,0
CUST_M21M3P438Z,0
CUST_69I4KRQKOY,0
CUST_H3OS7WDVBR,0
CUST_T9XZN5YZT8,0
CUST_STPZ4B9IRH,0
CUST_LV36OG0473,0
CUST_9RUK8IJDBR,0
CUST_Q9X8UIY4EG,0
CUST_DWMTWH3JW0,0
CUST_BQOWCU1RPA,0
CUST_USOASZHTO0,0
CUST_HPY4W2PGTM,0
CUST_U1KOYLVZK0,0
CUST_5FP9Y63PC7,0
CUST_I80NKEQC9F,0
CUST_RTGCYSPPRJ,0
CUST_OD9IDQ82G9,0
CUST_J4X075X0C7,0
CUST_00Z1AHIHE8,0
CUST_GFFVUJWL00,0
CUST_1MC68D15OS,0
CUST_JNHHA4JUUR,0
CUST_2D6RCV7EU6,0
CUST_8BN9SXGU0S,0
CUST_IIQ62CY8L8,0
CUST_VLASFZK4IA,0
CUST_WTFBLQ4FQA,0
CUST_2KHXYJPIM9,0
CUST_6C6O0HK4VW,0
CUST_ICOBZIH88Y,0
CUST_8WO5HBSOP8,0
CUST_QH8SOWEGHY,0
CUST_0D4K3H1FUT,0
CUST_CG235TRV0X,0
CUST_KKE3HH7ECI,0
CUST_J9YUEEOEVQ,0
CUST_R6WIZJRI6X,0
CUST_A302C5OZCG,0
CUST_UHZ22802AJ,0
CUST_DBYK11IAQ8,0
CUST_K3VK7KOXVW,0
CUST_S7DPIPNNOC,0
CUST_ZDAKHT75IL,0
CUST_N23FRTUCG1,0
CUST_3VOV4BEUFG,0
CUST_X5M4UMC9L6,0
CUST_HFOTKOKSCC,0
CUST_TQYJM9171G,0
CUST_X0NC1YXT9U,0
CUST_2GWL1XH0MY,0
CUST_6HKU9XLNBJ,0
CUST_QKQB24NAZG,0
CUST_FDF8S16MU7,0
CUST_NT615BPBP5,0
CUST_GOYYGY34WC,0
CUST_PX0V06EK31,0
CUST_UVRTWA0MNR,0
CUST_QLTL1V0U0W,0
CUST_L62QFGC31Y,0
CUST_RNJ2196LBS,0
CUST_1QEALYI03M,0
CUST_1CJ6WVB9XE,0
CUST_0WUUL784QA,0
CUST_9V96XYAMM8,0
CUST_9X08XONQU9,0
CUST_206LTGE2X7,0
CUST_Y08JA2B1IM,0
CUST_EYG2HXUHB5,0
CUST_2XWY17EGC2,0
CUST_6JJF6HPSGM,0
CUST_WKHKEWE4LC,0
CUST_GAL9K6KNJI,0
CUST_7GGECUU9KT,0
CUST_PJWNIQ1K5U,0
CUST_2HP77JX12E,0
CUST_W8O78O2N2H,0
CUST_X458ZB30AU,0
CUST_SUEKXWLWCC,0
CUST_ZOZIO1BEX3,0
CUST_SIO0O2UHL7,0
CUST_WEO5EERPZQ,0
CUST_2PUM6VNKFF,0
CUST_3W34J0WRF2,0
CUST_P8T1AE0N1L,0
CUST_SPLN0IYYRI,0
CUST_GZWT6I04LE,0
CUST_80P7VGRM6A,0
CUST_223HJZJBFZ,0
CUST_B3Q1OCJXQF,0
CUST_0EV4IHSQHB,0
CUST_HY26NRV29Y,0
CUST_83H48MA43A,0
CUST_29UKA5YUAR,0
CUST_09T0GGX0Y0,0
CUST_Z2QZ5BLLRZ,0
CUST_A9607C9AZH,0
CUST_JOZ7ZRT1PQ,0
CUST_07KS2UQS9W,0
CUST_03F5GV1ODR,0
CUST_JJ4O4ETPWE,0
CUST_Z5NCH1KISR,0
CUST_IKHEQXPUX8,0
CUST_XN95BRHXT6,0
CUST_8BG4X80FGG,0
CUST_P6FLKSAQ9Y,0
CUST_S11YY5J2QQ,0
CUST_CH5LRVHETJ,0
CUST_P05O5YBOWB,0
CUST_AXGKIYOLE9,0
CUST_V3JH0CPG5X,0
CUST_4LK3KGUU6L,0
CUST_DEK46S7CH3,0
CUST_RAD1FNRXWK,0
CUST_6W9LJ9P5D5,0
CUST_CHI5LVCSMK,0
CUST_QKA0GDSUUA,0
CUST_A746OL8AM3,0
CUST_F7NOKJ0BHW,0
CUST_PT0A6NOMTZ,0
CUST_J5CB5GJV6F,0
CUST_E3UAUSM4WL,0
CUST_O1J6J7JDEO,0
CUST_UA441E23E0,0
CUST_2R5QPYO2CD,0
CUST_1JDBIE1FG2,0
CUST_QSBHDEIIP6,0
CUST_7BME6CA34W,0
CUST_SBD9FZBHRW,0
CUST_YV2XOL2NGK,0
CUST_7JSMWMTUIQ,0
CUST_UE9F07LS0P,0
CUST_35X73OJR1Q,0
CUST_U3ENGH6FG7,0
CUST_2TWB2PFUNY,0
CUST_L024ABFXOV,0
CUST_PRZQ2N69VW,0
CUST_WADJ8S8X26,0
CUST_XZKRAPFR2D,0
CUST_8HU7Z0F7L4,0
CUST_DXJZPX58BH,0
CUST_I2CCG9HIPH,0
CUST_VY46FNJDUU,0
CUST_CA31GC1IJW,0
CUST_IBO41G7HBV,0
CUST_KT2KE9LR4H,0
CUST_HHTPD3R7T0,0
CUST_JWDABW4I6X,0
CUST_YSIRFJFH5Y,0
CUST_U4600VXOXC,0
CUST_DGFRXFKNAH,0
CUST_XRBDRTFNNX,0
CUST_TR9DD83JJY,0
CUST_7XLENV3YSW,0
CUST_A89J154IQL,0
CUST_26W83S4TK0,0
CUST_56HO8OMNT5,0
CUST_MQGR4X33IT,0
CUST_O0BK223HSE,0
CUST_S1YEE2WG3M,0
CUST_QF6PTRC4OW,0
CUST_CKGTEO84XL,0
CUST_R8E66DRVA7,0
CUST_KHDCKNJWU1,0
CUST_H65MS9EIBS,0
CUST_QI3RSYV4LS,0
CUST_B5YAGQ781H,0
CUST_Z1NL7V0GJV,0
CUST_IFJKOS5P3G,0
CUST_GVMTVH7GY5,0
CUST_1TT5QZIPHV,0
CUST_IVGRQH9LB5,0
CUST_LL7RTHRD9H,0
CUST_ZT0LQ9GOUZ,0
CUST_FJIKMFGIZB,0
CUST_5DOREF4FI2,0
CUST_S6XFJV2XBO,0
CUST_3CQAL19PSW,0
CUST_40N6TDPPBP,0
CUST_69WV1H15K1,0
CUST_GMED93ARR6,0
CUST_1FT6R0V4ZC,0
CUST_XAE0JJE99H,0
CUST_FSB4W71QNE,0
CUST_743JOY2ZAA,0
CUST_0YO74PBWZB,0
CUST_VZD2V1MEU9,0
CUST_T3HGU4OIP5,0
CUST_PHE7PW43PV,0
CUST_MGVT0XRVUI,0
CUST_REMQELWMUU,0
CUST_E0ZIF14RE7,0
CUST_PJPYBQ5G5V,0
CUST_6EF5SLPPML,0
CUST_EQIETI1AYW,0
CUST_G26RJF8UJK,0
CUST_3PIWZVO9U8,0
CUST_J01NWM8H57,0
CUST_11JCRMNEZ6,0
CUST_T2FS04GJ6C,0
CUST_18U8OKK9TB,0
CUST_V0I31K8WI3,0
CUST_2VTWGIH2O5,0
CUST_9Q4N192UIQ,0
CUST_90N4OYGWZJ,0
CUST_L9WCPZB1SC,0
CUST_JTB191ZIK0,0
CUST_GQRBKWTEYX,0
CUST_SRY843CAQU,0
CUST_NA698KOZX8,0
CUST_9O71T5F659,0
CUST_I18X1Z16BK,0
CUST_UVJ9FEEU1Z,0
CUST_4CU5N2DXS5,0
CUST_W3ZZ899FMA,0
CUST_NFYMNTZ2UM,0
CUST_SNI2RYVLG1,0
CUST_VRRDB1AUC9,0
CUST_I30B08401I,0
CUST_GXYRG3V4TV,0
CUST_CF4X9JBQ71,0
CUST_1NXS77ELL1,0
CUST_8SHTYIVIQ0,0
CUST_SG2R410DW0,0
CUST_LIR6P3IYSR,0
CUST_7QX00S8TTU,0
CUST_WBVQRGHMIW,0
CUST_76L5H99PV5,0
CUST_QB3NIW1DTL,0
CUST_7OVYJHY3GB,0
CUST_KR5N7H82OR,0
CUST_B64TBG0R1G,0
CUST_YQNWZM7NLM,0
CUST_MS7VPSB5P0,0
CUST_Y8SV2PWYZH,0
CUST_6LZHAWLIG0,0
CUST_3PZHHB9X0E,0
CUST_9U37YYUTS2,0
CUST_GV1OF1QU7X,0
CUST_V71C1KTKS3,0
CUST_53RDCWRZZZ,0
CUST_6WLGETBCF4,0
CUST_CVJLIMG50W,0
CUST_C1AWDD62ME,0
CUST_WU95IOR0WZ,0
CUST_T9462DBARV,0
CUST_69L0MTFRTU,0
CUST_R3COSMM9HS,0
CUST_REER4RVY6X,0
CUST_SXIWQOM1WQ,0
CUST_74L5EAUD8Q,0
CUST_Z78SYNZPXB,0
CUST_ZVWIFIL7Y5,0
CUST_2GGCO8ND0U,0
CUST_6Y8AWUUGZU,0
CUST_9OA1GWTXU3,0
CUST_9R8K1153VL,0
CUST_8ZDHR5B1WE,0
CUST_50O3VAIWJH,0
CUST_KYPVZ325QU,0
CUST_EGR06P05JT,0
CUST_ALHWM009AB,0
CUST_C838J8IZLK,0
CUST_3Q5ILISBX6,0
CUST_VD852AO0PD,0
CUST_TM675TAYG2,0
CUST_DJOKE90NGK,0
CUST_FCL1L44PZW,0
CUST_4S1K0KEB8U,0
CUST_JQ4P3AUH45,0
CUST_Z1BL5BQLSN,0
CUST_UMZMXG0Y7B,0
CUST_LZ0XZ562QL,0
CUST_46NLRVG135,0
CUST_BC0APKUCRJ,0
CUST_T1WV3AEBDO,0
CUST_15GF8PAJ8V,0
CUST_1D1IYDOUVN,0
CUST_Q2DJYDT2F6,0
CUST_2QYW0XNQ6I,0
CUST_0GDKMLP1BG,0
CUST_E39XNSD2FG,0
CUST_32DFSNF7J2,0
CUST_OJD6H7MI2Y,0
CUST_H6J662H5NQ,0
CUST_1BGXG26NRC,0
CUST_TYJCC5C9D5,0
CUST_C9P4OA2XVU,0
CUST_9RAM1PU2VS,0
CUST_MO2781JNF7,0
CUST_PZT9TUTCXM,0
CUST_PV53WP22I7,0
CUST_09GEG2YP2T,0
CUST_I5INGQ054Q,0
CUST_X7KYI0LP2T,0
CUST_H99G04KVBR,0
CUST_40L72MG51C,0
CUST_RJNVF1A2R1,0
CUST_RYR6ZY5S3T,0
CUST_8C6BSEH6WD,0
CUST_0QZ60NNY9H,0
CUST_UUTC447UVP,0
CUST_OMGYTFRCTG,0
CUST_ASR702RKVE,0
CUST_2VI2CCW2T5,0
CUST_ADAXBNF3FG,0
CUST_IN9WFPREA4,0
CUST_O4YFEH0IZF,0
CUST_80H3ZYL8CE,0
CUST_ACNP017H1W,0
CUST_CW6Y069YLK,0
CUST_PNFTSG8IYN,0
CUST_T74LUJ08U8,0
CUST_MMMJBHI9ZN,0
CUST_9SOKVSO8SO,0
CUST_AHY3AMX4ZA,0
CUST_NL1GSYHJGK,0
CUST_WJ1H8V6M49,0
CUST_6C9YZBBLBD,0
CUST_KFQ8S2T76J,0
CUST_MY6EDLSIBW,0
CUST_VHIBL8GCTM,0
CUST_GU4PKO7BXR,0
CUST_NN4VY6SF2O,0
CUST_CPQ0QDW9ZV,0
CUST_WY6Q7FSLIE,0
CUST_9IN3B1QXRH,0
CUST_LD4U8TKZDS,0
CUST_1QI9N9QNZA,0
CUST_HHQ97JWG4A,0
CUST_OLIYMKOZHF,0
CUST_LJ176AV7TQ,0
CUST_VO2WRGTM2R,0
CUST_XEGUHZOXM4,0
CUST_BGYSJ3HND5,0
CUST_XVV6G6YFQG,0
CUST_TZDYYYY5VD,0
CUST_JFA5LY2PQD,0
CUST_4S7KWRF7WF,0
CUST_UVG01GJWWV,0
CUST_2SBOFINS41,0
CUST_4J24CEBNY5,0
CUST_JQW6DTMCQS,0
CUST_YL9L67FIT1,0
CUST_TR3G7F9WT7,0
CUST_8ZQMEWXFEU,0
CUST_1F2RM92NH9,0
CUST_QXPTZUFKA8,0
CUST_XFXXW2A3J8,0
CUST_BQWU6M8U8N,0
CUST_NOA2I1136B,0
CUST_VD4FV5PIQD,0
CUST_M6H75V1935,0
CUST_T66IBC45GC,0
CUST_ADZHC7YBAB,0
CUST_7M7TDDLJZJ,0
CUST_KWS05DH19Z,0
CUST_2Y53TASK27,0
CUST_5T45EMDGL7,0
CUST_EOSBD06HXV,0
CUST_8IP0AFOZJE,0
CUST_5VWRNFAG2V,0
CUST_D7RYZ04SWD,0
CUST_6V4NKTGDCI,0
CUST_NKL33E9X8E,0
CUST_H5DQZ93B3E,0
CUST_SS6JJ0EX4U,0
CUST_RUPYBYVEA8,0
CUST_CM6HE506JT,0
CUST_5Q9J2LA58N,0
CUST_D4A4NSUYPJ,0
CUST_82BR676DBZ,0
CUST_BPT4QTNI41,0
CUST_K692R4W29M,0
CUST_Q4BWMA5H8A,0
CUST_LXX6Y2XW21,0
CUST_AYVWD2RVUQ,0
CUST_MK9RD4CRDQ,0
CUST_ZGUZNJCHXB,0
CUST_MTJDFQB6F8,0
CUST_0Q5K7DAIRE,0
CUST_76S9HVBIHU,0
CUST_ODZSONK72T,0
CUST_Z0XB1OB4FD,0
CUST_IBNSOP3PCP,0
CUST_U9HHSRRFFQ,0
CUST_MJINY3ENFV,0
CUST_MIEIV9J5FV,0
CUST_AG57HT0JU7,0
CUST_CEJS0G93ZV,0
CUST_AIK3A8IK16,0
CUST_0HV30RTRQT,0
CUST_6DNC7SS1LV,0
CUST_LNTKDHTS03,0
CUST_0FE134AVFB,0
CUST_X82B9S7SO2,0
CUST_49SNX93WXC,0
CUST_KRFDN2BYDA,0
CUST_576C49P6D5,0
CUST_7WFMUNBIJC,0
CUST_A71DPLZ6N2,0
CUST_1EVUF6VYXD,0
CUST_UIW2J06DBQ,0
CUST_GH81UWEYO5,0
CUST_Q5LGYTDXFF,0
CUST_5FELWT50G8,0
CUST_I3DE13KWBM,0
CUST_2E0D8WRDGT,0
CUST_978CIC4MY1,0
CUST_D5GVX5FC80,0
CUST_VLJMPO61QT,0
CUST_1B7X9I8EE8,0
CUST_R1KEOJT1NS,0
CUST_RUTKFHGVLY,0
CUST_ZT9AF4D3PY,0
CUST_R2AUUIS2GS,0
CUST_3S533RX8TA,0
CUST_N0TNNK40F7,0
CUST_FDZ7V330YM,0
CUST_G3WNKSVA5B,0
CUST_5D8ADJC7VM,0
CUST_904Q1LHEY3,0
CUST_U0UG0N5CG2,0
CUST_9K0U8Z0LBL,0
CUST_Q7P1MA1BU6,0
CUST_ZCDSWYH60X,0
CUST_T3T8THD8M4,0
CUST_N10ZFYZBO3,0
CUST_1NCPGUKR55,0
CUST_SUSLB61JEQ,0
CUST_6GAEYR4HCY,0
CUST_JZNTEJR836,0
CUST_T3KB2TRRR9,0
CUST_6ZH3MFHGD7,0
CUST_APZRKZBMVD,0
CUST_2KM7A7U08F,0
CUST_NSO3JNK9VA,0
CUST_6S53VP14QO,0
CUST_6QGR3O229B,0
CUST_Z07YGYOT5T,0
CUST_M1MQZ2D3LJ,0
CUST_Z4SCA1XWMK,0
CUST_ERZQSZCNGO,0
CUST_B0B587Z1GW,0
CUST_M0XOL52N6P,0
CUST_0SA3J8JDP0,0
CUST_D1PJY06RMF,0
CUST_BT72TTINPI,0
CUST_VHSMHH8NFP,0
CUST_R1LPU703JK,0
CUST_GXWUDI2H9Y,0
CUST_SJ4ID6G4ZL,0
CUST_IVJA5TDUTP,0
CUST_1K7VE95XE4,0
CUST_V48VWEG784,0
CUST_4Q6AV7VIML,0
CUST_V3W5XBCKHU,0
CUST_R2S2QVS3B8,0
CUST_CVQ42DNCAY,0
CUST_BNPD2ER6GY,0
CUST_AF82MHRI5M,0
CUST_64FSUW7WTO,0
CUST_PU78QOSW8M,0
CUST_T8JSF8UU6C,0
CUST_K6Q92802SG,0
CUST_X8MVEBAZMK,0
CUST_BD287069WO,0
CUST_5FEJRKS8BO,0
CUST_6GYT4YSV1R,0
CUST_UV5SEOTJ4C,0
CUST_YW81FC67PB,0
CUST_NJ4GCTJRBO,0
CUST_OYNTU70Q43,0
CUST_TR25TY9FTM,0
CUST_MMSZO1GEE8,0
CUST_ADWG3ZWPE6,0
CUST_FPRCYEDNZ1,0
CUST_VT5GGUZG7X,0
CUST_KWAGGXKXL1,0
CUST_0YKEJZGY94,0
CUST_FSR33ST2IG,0
CUST_AGBI40XIWU,0
CUST_ARB5H0ZVWR,0
CUST_2UI5LN48YE,0
CUST_LK56BIF4A1,0
CUST_7XWZUKDSNR,0
CUST_LWXJ90IRNW,0
CUST_NRB25W5BU0,0
CUST_PD5D6V3ZIG,0
CUST_8JEXR5MENR,0
CUST_IUVOS31S8U,0
CUST_76YICKV65T,0
CUST_6S1CE8HF2T,0
CUST_4NKXXPDDS1,0
CUST_XV5651T8E1,0
CUST_V39J7GBQL6,0
CUST_EZN68Z6COO,0
CUST_3YDHAIMW3V,0
CUST_E8OSONNIRW,0
CUST_1Q33VCKF58,0
CUST_47T06N2EHY,0
CUST_3JC1XCDWWL,0
CUST_BFEPQT18BZ,0
CUST_DI2I2AM3V5,0
CUST_BEWW0OTUSP,0
CUST_FZQ3ONG0X5,0
CUST_9K1W64Q6RR,0
CUST_TL9TSBJKN3,0
CUST_ITSHSCQDSW,0
CUST_XELBIIPD9X,0
CUST_KBUX1P38AG,0
CUST_PFM74WAIB0,0
CUST_O1AMEOQZX3,0
CUST_9BN07Y0KYW,0
CUST_HR0MTHBJ6Y,0
CUST_4XZNQWM080,0
CUST_0HEGPTKIK5,0
CUST_0V7DJ7N8EK,0
CUST_2CQTX37O8K,0
CUST_YTXHQU4RX4,0
CUST_MS7QE6I4G8,0
CUST_H18EAOZE6H,0
CUST_3F029OAIOH,0
CUST_9SHIPRAATC,0
CUST_8N50HO08NR,0
CUST_64LTEV65CG,0
CUST_0Z279ZIKJY,0
CUST_7ON3MQ2OE5,0
CUST_DL270X1D9Z,0
CUST_O24W8MBKTH,0
CUST_G0FAUQE8WV,0
CUST_1XW29OYU9C,0
CUST_VPJ376CLOK,0
CUST_9OUXVDB66H,0
CUST_6Q45MB83T2,0
CUST_S2BF0BRCP9,0
CUST_2JXB2LMJY9,0
CUST_XF5FKMAQWP,0
CUST_FMYIEUZ07E,0
CUST_80WH94F037,0
CUST_ZO8ZO36T2H,0
CUST_O0C0UXTFZ4,0
CUST_ME93ZCTXOP,0
CUST_IQA7PFLQOZ,0
CUST_Y8YWRNJZNF,0
CUST_0RUW85FB3M,0
CUST_TPXV46XPTS,0
CUST_YSW1K8V0BE,0
CUST_TI0AZO16BZ,0
CUST_ZGHFPJYA3Y,0
CUST_TLXYZ91HY4,0
CUST_5IEF7NEWG6,0
CUST_UENH7O5WDA,0
CUST_HZ8S1QD383,0
CUST_5010LH1XNN,0
CUST_WAIYTLPZ0H,0
CUST_CNY6IF06H1,0
CUST_W64XUOJENU,0
CUST_KDU5WC3T4J,0
CUST_28FEWJX1X2,0
CUST_AV57BBXGRZ,0
CUST_VG4UMFD8A2,0
CUST_ZIEWB3XUOE,0
CUST_OCMR58AJN6,0
CUST_IZ04BSSHGG,0
CUST_OPZ3A29OAX,0
CUST_99G3KWGZEE,0
CUST_NUWN0TNMXW,0
CUST_I33S03WCEE,0
CUST_I02TDVPDTN,0
CUST_O0IARD2ZSA,0
CUST_WGRUYPCXGP,0
CUST_Q0HWEL3D9B,0
CUST_NKAN57G16J,0
CUST_6J3BNEPALD,0
CUST_PW0VQMSQVI,0
CUST_7IVQQN7Z7T,0
CUST_H9BSMMP41I,0
CUST_KAS3XR3ICL,0
CUST_JW91KJW6KP,0
CUST_I7946RXM61,0
CUST_E7IAOQSGGW,0
CUST_QEDQRGI40P,0
CUST_WVA6NCO36A,0
CUST_IJBC7CS76A,0
CUST_I99T082S3I,0
CUST_58LJVG5ECG,0
CUST_KMKLMY3Y9I,0
CUST_IWJNDWBG54,0
CUST_JDX8QZAXIR,0
CUST_56PIDFYVBA,0
CUST_3ZFWGFW18N,0
CUST_NDZHJ76XP9,0
CUST_PTVMAO9ZRQ,0
CUST_80TJ24T7DJ,0
CUST_81NO0WC2T7,0
CUST_X4OQ1RAHTV,0
CUST_I92SAGJRWA,0
CUST_0CT5T7SYO4,0
CUST_0BOYKEK60R,0
CUST_1X9FV5TLXM,0
CUST_L6G20FGX4D,0
CUST_4YYWUT7Y6O,0
CUST_44SUGFO8ID,0
CUST_JEQKBER3N5,0
CUST_PO2AKG96Z5,0
CUST_PASRHE3J81,0
CUST_AAGM8N2YDB,0
CUST_WHQ8X44JQI,0
CUST_UYKRKUOJMZ,0
CUST_LINY4M90A5,0
CUST_TY50A9Q58X,0
CUST_FPHPT7WYYV,0
CUST_JCDUNSFSF7,0
CUST_SJO52PU0XP,0
CUST_D0GGKBFTZN,0
CUST_KHJC61Q0CS,0
CUST_F1GFO9QMA1,0
CUST_91IAW776ES,0
CUST_WMOXY7I3LW,0
CUST_W71X3O0ZEE,0
CUST_ZFT9BEPZ47,0
CUST_C11CBY094Q,0
CUST_4LC01C9578,0
CUST_MPPT1PHBZ5,0
CUST_PG2IRBB0QH,0
CUST_9K8LJLMWES,0
CUST_AUFR3J3UZN,0
CUST_7X4AGYQNEX,0
CUST_DIEDFWJ0QC,0
CUST_6IXWW0A8QT,0
CUST_7K5LLB583A,0
CUST_V3E8PL5TOQ,0
CUST_2BKQ8NYAO9,0
CUST_QV8DIF79EV,0
CUST_ZHSRNW8PQE,0
CUST_JJMN52RE64,0
CUST_3HHMXORX8H,0
CUST_8YRMXHOLRW,0
CUST_T5MA1L7FP5,0
CUST_ZL40FW8FLB,0
CUST_LVHGGMUS6J,0
CUST_JFLX1FJA5Q,0
CUST_E720WILI09,0
CUST_6TB213A1XR,0
CUST_0LLI0AGNH8,0
CUST_JWUVLTO0ED,0
CUST_P548RUBZ90,0
CUST_KST4146YMX,0
CUST_O4DV5PTY2C,0
CUST_VZEKJUKVCM,0
CUST_NY9S90U5CK,0
CUST_W7Z4EXJXK7,0
CUST_OSN465082L,0
CUST_LZLWZY36B3,0
CUST_1BYTLTZW2F,0
CUST_QM6LFWY22W,0
CUST_YL31B83GTX,0
CUST_D0L15H7ZC7,0
CUST_GY8SJVRQWI,0
CUST_NIRTJJHAHB,0
CUST_EEPMINPJPT,0
CUST_G9ING6AIB5,0
CUST_1QFNVLKGFD,0
CUST_5V9WEGHV65,0
CUST_V9IZN1DTAR,0
CUST_XHFP94QFPW,0
CUST_OPHMZ7F2CG,0
CUST_48CPZRJ910,0
CUST_H26H6MBMAT,0
CUST_KDID5JNV45,0
CUST_WAKW2W37C7,0
CUST_V0BNCEIUQ4,0
CUST_67J65KXPI8,0
CUST_59DAOQ9FEW,0
CUST_XX1LNI35HI,0
CUST_N1E6O2V9R9,0
CUST_L4P10NX56H,0
CUST_B5DVZR2OYF,0
CUST_5MDHZQJA2F,0
CUST_AOU7EZWZ06,0
CUST_632ZWZR9KK,0
CUST_NVI2GZFG3K,0
CUST_1AE20GFCT3,0
CUST_SKKSAY6RHM,0
CUST_1XV3AN2CDY,0
CUST_DE7NCDQGSI,0
CUST_I2N1D37W6Z,0
CUST_8RDY0M48FC,0
CUST_VSTK2XJGMN,0
CUST_0IS680YI3W,0
CUST_E96EIJJ4L9,0
CUST_0HCY8M0NOR,0
CUST_JGBBQ19DDN,0
CUST_A86CE904VU,0
CUST_YZYGWPIB05,0
CUST_3MNXQS8J8I,0
CUST_SJMMO4UF7F,0
CUST_EVB8NH0U70,0
CUST_4CI9COUYOW,0
CUST_X0FEFX1C70,0
CUST_BGL3OWF12T,0
CUST_LGRDYOB136,0
CUST_CUXT1C788H,0
CUST_AHWXO7NPIM,0
CUST_IV5FM0BT1V,0
CUST_YP4VFPV07I,0
CUST_KPVX5YBU21,0
CUST_YQXB8MVA1Y,0
CUST_DWG9BMCJUP,0
CUST_GKCN4Q8BZP,0
CUST_I3BLL6A477,0
CUST_TG33OKJ8F5,0
CUST_JT64NB22H5,0
CUST_ACGS2PCAPE,0
CUST_8RQUO5GTWO,0
CUST_NRPUTPOWR1,0
CUST_KKR0VE07D6,0
CUST_43M5KM269O,0
CUST_8BYPAGUO9P,0
CUST_H40UG8FERB,0
CUST_8Q2W81VUU9,0
CUST_S7ONRLT5N1,0
CUST_DPPDQFS1RX,0
CUST_GWYJGL83M2,0
CUST_RFHJCMLW3K,0
CUST_VERSBNRHH2,0
CUST_YU7ZBRHKOE,0
CUST_Z6Q0D9KG2B,0
CUST_UTR2I10KQ2,0
CUST_FM9BRKNCW9,0
CUST_RPZH1W4ILU,0
CUST_MHXIF5KLZQ,0
CUST_XA6IN90TLC,0
CUST_ISX220BSVX,0
CUST_BX771YWPMS,0
CUST_XFB2ENZ5ZZ,0
CUST_FM1GWVMXBH,0
CUST_OFEWMPNAW3,0
CUST_R7O55OV3SI,0
CUST_ZPFD1B3EF8,0
CUST_Q2VJX9UZ1S,0
CUST_ZXVJ6ECD9C,0
CUST_ETVFCWTHD4,0
CUST_U9HWJMBP89,0
CUST_IJYDUJVHPF,0
CUST_89410MQS6A,0
CUST_CQXIVB2574,0
CUST_DRNXG0CPDG,0
CUST_O9J7RMSJSS,0
CUST_ID3RU9TTS0,0
CUST_IA5RZNY9II,0
CUST_DE9IPB95IY,0
CUST_764F81RSOI,0
CUST_TP3TOUUTWB,0
CUST_45FZUWLFJ8,0
CUST_R6XFOHD22B,0
CUST_SUPLL5F8HW,0
CUST_ZOJ5147Z41,0
CUST_Q9PMA4YTBX,0
CUST_HMLUA4MWNG,0
CUST_SNPQ70BZ2C,0
CUST_UWJLMS4YKC,0
CUST_OC1DZFQ3IR,0
CUST_NTU8YWP8MQ,0
CUST_U27ZG067Q6,0
CUST_8POUKPHPCN,0
CUST_FKP8J8NKGG,0
CUST_MQPT78MUD5,0
CUST_MHWX6Q14E2,0
CUST_HX8R06SSLP,0
CUST_T5GSM55JVN,0
CUST_7PAVWLXHRG,0
CUST_G0IIT5PEFI,0
CUST_CLEVATWKBC,0
CUST_MKUOG4D3TP,0
CUST_RPW7RBB4I1,0
CUST_7TJV48Y9LB,0
CUST_VOF12MJ1Z1,0
CUST_M53FMEYX53,0
CUST_AHX48FNFSB,0
CUST_YI8D8LAQIY,0
CUST_9JZ8LV37B0,0
CUST_41XRZIE95S,0
CUST_1EX5KOA1NB,0
CUST_MN9VWNAPQJ,0
CUST_F57R6MSXAM,0
CUST_FMOHGV9UAJ,0
CUST_VZILMAMTS2,0
CUST_OSQZRYC1SX,0
CUST_VDWQN84MMY,0
CUST_5WSO0Q6L7M,0
CUST_N9FDG0TS06,0
CUST_QEL5KU9GV8,0
CUST_7NS8XWALD6,0
CUST_Z5LJDS55SC,0
CUST_WWW04W9A1I,0
CUST_WVF78PWHUQ,0
CUST_LQ8BP4ZJEX,0
CUST_AC3HX8K78O,0
CUST_66UYMSOE8E,0
CUST_N9ICKXQM0E,0
CUST_Z7QKZ08JS2,0
CUST_JCB5R6BL6R,0
CUST_SQH4JIMTGD,0
CUST_DNYYUBF1SG,0
CUST_FB0F7MO7PW,0
CUST_H4U981ADPI,0
CUST_I57M26YEQL,0
CUST_ZWFJBKZMLH,0
CUST_EZDXPZG7QB,0
CUST_Y853ZROLIV,0
CUST_HC2UOGLDDM,0
CUST_P000XM8IG7,0
CUST_A2EBFNZ7P0,0
CUST_Y8TXDATK7Q,0
CUST_6S0OUH7ROS,0
CUST_QZULV1DESL,0
CUST_JDAQFE6MLC,0
CUST_JCQKLNMFSS,0
CUST_KEPNN3LNC4,0
CUST_875WGO0UG5,0
CUST_GXIDPKTEDF,0
CUST_QLDS30LNB1,0
CUST_BRLLHE1QN5,0
CUST_3TOTAJLIHN,0
CUST_HIXLIAV5UC,0
CUST_GEC3U01H2A,0
CUST_ND73QRO33P,0
CUST_KQWDECIS8W,0
CUST_ZTQQF7DHH3,0
CUST_IKG1BZPA5E,0
CUST_ICTAICLPCN,0
CUST_1XY4TM69NS,0
CUST_JS34GBM2H5,0
CUST_9ATAYBFZIL,0
CUST_NDFB7KLMPV,0
CUST_PVI8HEFYDG,0
CUST_GJE534RH91,0
CUST_Y1SNEIZ9F7,0
CUST_NNRVK7A2NT,0
CUST_IKHF3DQR8S,0
CUST_FPNGLSQ38P,0
CUST_LPB6CZFS5C,0
CUST_6WLFA2C9HF,0
CUST_F3Q9VBAG89,0
CUST_VQ1OMCWA9E,0
CUST_C9RV0WZ3XS,0
CUST_CL0J5E4ZLH,0
CUST_9PLWPGYXLR,0
CUST_6WAKUMT0N7,0
CUST_P0TFUKZA0S,0
CUST_L34WP0J7G5,0
CUST_E4MG7NZL3J,0
CUST_963E07R5Q3,0
CUST_LH5NX8UYMO,0
CUST_Y59Q8R4WVP,0
CUST_9ARP5BZZ2M,0
CUST_I7G5WQGD55,0
CUST_LQ4PN7YD6W,0
CUST_SWR6KSMAPR,0
CUST_ZZ0VH531AL,0
CUST_AZUEXB3XQ0,0
CUST_44FGUCYHV1,0
CUST_N69IEOPZKB,0
CUST_8EBJ67IE3E,0
CUST_6SDKZZFW3M,0
CUST_ZUZBPR46HK,0
CUST_YA6R3XQZJ9,0
CUST_71JY2QR109,0
CUST_UX8QA5DM8M,0
CUST_UXDCML6TC6,0
CUST_BH6MQV52WM,0
CUST_XROIP1G7EN,0
CUST_6YYYB5O2DY,0
CUST_T26VL45JG5,0
CUST_ZWSF77DL7U,0
CUST_WJ2N0L1QAP,0
CUST_XM7WI88OTY,0
CUST_7G5OX7UB3Q,0
CUST_B3CQR0KR50,0
CUST_8X49QXU9VO,0
CUST_QA57Z19GZ4,0
CUST_EBRN90H5TA,0
CUST_K8XHFP5N66,0
CUST_WDDROQ5NM5,0
CUST_IEVOKHS3ZR,0
CUST_Y8HWM1QHXP,0
CUST_T5FJ2TO1QW,0
CUST_HZBNRMJ9HD,0
CUST_E5A5IJOOZ4,0
CUST_17E5TRY8PG,0
CUST_5MO8EDZQO1,0
CUST_RIV3XQULP7,0
CUST_B0QTHKIG8P,0
CUST_PKIZOWWKZM,0
CUST_O7XFPINLKJ,0
CUST_AEK37ZYQDW,0
CUST_VR5DK59O1A,0
CUST_SUETQBB36R,0
CUST_5F86QD8XWY,0
CUST_DG5YYN6OKH,0
CUST_QAUIP9YLDX,0
CUST_ZOKNUIHO4C,0
CUST_4MYOKSRH8F,0
CUST_QQ7DQLV8MP,0
CUST_RLZJD6G811,0
CUST_EEIXHFU5X5,0
CUST_YWPS918NYK,0
CUST_6CGFRN277E,0
CUST_FFM7FJC8SX,0
CUST_SBI1HF9OFR,0
CUST_U2JQF0GIF8,0
CUST_XB1ACNRQ15,0
CUST_8HEUFII3SH,0
CUST_9GK8NJTIOC,0
CUST_W572087LFV,0
CUST_HSAVRAH6DE,0
CUST_6A4R511HP1,0
CUST_7RK4EKZ7HA,0
CUST_4SVSQ3QCKU,0
CUST_5RFLF18LES,0
CUST_DNWSJCPPFG,0
CUST_QID22EXIX9,0
CUST_46BFWUTCSZ,0
CUST_J0KV3J5E23,0
CUST_3SMUPQM817,0
CUST_72AV3OFPO4,0
CUST_YO4J4MSTLJ,0
CUST_NPGW26CT7K,0
CUST_8YKI0K9TRS,0
CUST_75FCZIVF1G,0
CUST_XBLVX0HLNM,0
CUST_W29A0QZ5G2,0
CUST_GAAKBQ6PCY,0
CUST_JMR7DDVEFW,0
CUST_03ZHT4WX74,0
CUST_972U8DXOV0,0
CUST_ST9KAOK7Q2,0
CUST_CCU01ZGWN6,0
CUST_2LXIBXFP7G,0
CUST_RK72SJN951,0
CUST_RR3TH1J6UE,0
CUST_53FEATGXCY,0
CUST_78HBE7N7QX,0
CUST_WJ0GAQYVTT,0
CUST_JAUDUP7DR3,0
CUST_88M6M18FA7,0
CUST_7967TX7M8V,0
CUST_RFRXLS8X8C,0
CUST_RY0TNSQ3XG,0
CUST_MP05NZYPBW,0
CUST_C3YCFVCNV3,0
CUST_Y6U6IJPUO5,0
CUST_U2NVMPKFOJ,0
CUST_N02URW2E1G,0
CUST_X92E1T5EEO,0
CUST_05YQHZMQB7,0
CUST_7JQCN390IL,0
CUST_BPWK2XM1VW,0
CUST_668BMXMSB8,0
CUST_FVHUOWOOM5,0
CUST_62HE8GIZP1,0
CUST_E6Y0TH6D84,0
CUST_LJGJFXAIHB,0
CUST_JB9ZGCCNR0,0
CUST_WWYKLKTTTJ,0
CUST_I8RGCEF78A,0
CUST_PIYWWN1GYT,0
CUST_7UFKSJSCM5,0
CUST_0F9EUIG61W,0
CUST_E13CAD589F,0
CUST_FBPLWI77W7,0
CUST_L175GB6OOC,0
CUST_25C21RNW8N,0
CUST_C64FR37W4V,0
CUST_YH5N8PL8R9,0
CUST_35JV10OQDC,0
CUST_J7614E1ZVB,0
CUST_ZNPG2CKMDW,0
CUST_D1B06RFXM8,0
CUST_OLQ2493Y8M,0
CUST_V5XHQWIG5I,0
CUST_D7E96ADX9I,0
CUST_FUOPW2A2LA,0
CUST_HP8WCBN8X0,0
CUST_VT0BNIEFCJ,0
CUST_HDO5AFB7UX,0
CUST_DVXH3HGPHV,0
CUST_3DG23H70U8,0
CUST_DK7G5XOEI1,0
CUST_J4FKPFTXZ8,0
CUST_1ZA57GVFF2,0
CUST_IZSAHHGD5L,0
CUST_V3BMSQZA20,0
CUST_6MWZ74OLT5,0
CUST_ZV7UOP9Y4X,0
CUST_NIXJ2PGH04,0
CUST_JV6442LB9R,0
CUST_NAJR578DE1,0
CUST_WUOPCMFZKW,0
CUST_P6SIWPMF23,0
CUST_YRKJPC3KTY,0
CUST_CO5QXRMSYV,0
CUST_N8CXOQFU9C,0
CUST_237KGQNZUP,0
CUST_14D6QTRR84,0
CUST_ERRGY4M3N4,0
CUST_CFVLAEOZCY,0
CUST_K5C7Z4OQKX,0
CUST_2THXW7XE4X,0
CUST_M0FOK48ESR,0
CUST_O80C8PRC4X,0
CUST_BRLBY9R9BP,0
CUST_FN252NNYBZ,0
CUST_Z6DPWIRRN9,0
CUST_DIQ3AEST7E,0
CUST_UO2TUHDHCE,0
CUST_BVVOJEX1U0,0
CUST_RVNFL02FFV,0
CUST_7KCAB94RRL,0
CUST_TIQAH5ZBEE,0
CUST_DJNY2YHHVE,0
CUST_PH2ABNLW4E,0
CUST_I0NKPZVAGY,0
CUST_25P0DSHTH8,0
CUST_VCTVF7XK4U,0
CUST_UJ1H0MFOG8,0
CUST_HWTRVTMYF1,0
CUST_LF1GWZQ5HG,0
CUST_QZ0HAYIHDJ,0
CUST_0L2IK27NHH,0
CUST_YZCE6V57L9,0
CUST_RC7XFBMPKI,0
CUST_FOYCCUVSCU,0
CUST_FOPDJF9HHP,0
CUST_V2D3DOT41T,0
CUST_SS3UT5LHJ7,0
CUST_PCA32IX6E3,0
CUST_DB6S712QNS,0
CUST_5XZKV3IMCP,0
CUST_6GOG50YRQA,0
CUST_058HA7BIV5,0
CUST_QZKHG61OZ4,0
CUST_U36JJEUZNV,0
CUST_5S0EL6QAJ8,0
CUST_ENZ56OI2UX,0
CUST_J3DV4L5TGA,0
CUST_BKINXHDQGV,0
CUST_DNC8WJYUPD,0
CUST_BFPYDA29R3,0
CUST_8X5NWK297C,0
CUST_2P5T4ZFF6A,0
CUST_Z3UW49V0UU,0
CUST_Z7GG0H4HCT,0
CUST_970CJOG9EK,0
CUST_19KCOPAMP8,0
CUST_6B5H1M14H9,0
CUST_MHG74LJQMI,0
CUST_LXVRPEDWV9,0
CUST_617B4MIRM2,0
CUST_ZXDNCT7KD8,0
CUST_4897RM7OP8,0
CUST_3GY0PKP46E,0
CUST_LHBDHDSAM0,0
CUST_4SU7M2LZUD,0
CUST_AHSXXQTSXH,0
CUST_58BAZANJDJ,0
CUST_IZHHUSLX54,0
CUST_673URN2HL3,0
CUST_4U9NK95H39,0
CUST_7HBDKINECW,0
CUST_G6IKFGM7CC,0
CUST_2EDOBVGOUI,0
CUST_2R0RJSMR0N,0
CUST_80FX0W33UJ,0
CUST_C6JECSCBER,0
CUST_CYJ6TH7U3O,0
CUST_THXY60IDIX,0
CUST_4NM1AD0JIN,0
CUST_61DP710BC4,0
CUST_QJZ6EGQDGG,0
CUST_BNMECZCWYU,0
CUST_A6J693C8U0,0
CUST_KFZYCVZ23Q,0
CUST_HNV8VKDV4V,0
CUST_QCPV20EY33,0
CUST_ZCGS2JQCNR,0
CUST_MT61YHTOOG,0
CUST_XLTNLOGDOL,0
CUST_VFGLYK6PL4,0
CUST_3F0BJO4DV8,0
CUST_PVT9A4CASO,0
CUST_W6YZ4SY94W,0
CUST_A552PFX8YU,0
CUST_OVV7TX4JVG,0
CUST_1YZEWWAEBD,0
CUST_HHQQ0O9774,0
CUST_0SCT5YFWXS,0
CUST_QL5KMCTFYK,0
CUST_TJQC0J7SGU,0
CUST_N1R2KGWTCN,0
CUST_2OYPZZ26MF,0
CUST_WA8ODIRY5C,0
CUST_T86VXNECZ6,0
CUST_PSHMLQBORW,0
CUST_EXPDQ9IAZH,0
CUST_0N21UFKW4Z,0
CUST_4KCRD09W8J,0
CUST_HIAJW9LC5R,0
CUST_72JB1HELPN,0
CUST_U3JJY1OKNL,0
CUST_AQ6ZVWJJ3Y,0
CUST_WGW33F4LUV,0
CUST_VRKRD9TM2T,0
CUST_1T6S7D3AYN,0
CUST_542MATGO39,0
CUST_0SP7LYXADH,0
CUST_3E337R38SC,0
CUST_ACUILNPLYD,0
CUST_7RSY67563V,0
CUST_D1J0592CXB,0
CUST_PKA57K3C5G,0
CUST_ZOR98QO6NF,0
CUST_N4JPAOWJWP,0
CUST_3RFBVUARR2,0
CUST_7O1SNNBHTA,0
CUST_OTS9Q0RYYQ,0
CUST_ROPXVBGIXE,0
CUST_L8DXHDUFUY,0
CUST_Z5IVOAH8GS,0
CUST_K6ZG0X7M6O,0
CUST_BOSCICXGXX,0
CUST_DNRKP1NQ37,0
CUST_5AH6T7YWIT,0
CUST_T1V0J791FB,0
CUST_HNCO1JODOL,0
CUST_QX7TCLDSXH,0
CUST_N00O2ZAATY,0
CUST_SNT3PO0U3J,0
CUST_B68XPX30WB,0
CUST_W6RA0RQS4K,0
CUST_DQH6YVCZHP,0
CUST_G01W826GQT,0
CUST_J60D19QOJY,0
CUST_0VT2VEC7TV,0
CUST_82YKK08ZVR,0
CUST_JI1DBM0I0O,0
CUST_YFZ8LVJROM,0
CUST_AET3YSE3MW,0
CUST_HG4UKV7R6I,0
CUST_G53JONXRNB,0
CUST_4LPH0OZ7KP,0
CUST_BMLIPZPWCM,0
CUST_RB50Z2AI4J,0
CUST_MJY6ZG6UN8,0
CUST_6PAXI4L1C2,0
CUST_XJU1QSOXS0,0
CUST_D7EQTB9XHU,0
CUST_LZ0GV6EP5I,0
CUST_M8428PZ0AE,0
CUST_BOYTCICVOJ,0
CUST_ZGFM6ZIDJ1,0
CUST_UBO2DVY7PZ,0
CUST_AF5YNGHS8N,0
CUST_XSJ7DA3ZS4,0
CUST_HGB3MDGQBE,0
CUST_U0GCX7TMYZ,0
CUST_9AGX4KAX2M,0
CUST_4HTYTG6FM6,0
CUST_OKEZRRHY3H,0
CUST_H1FGT0XGX2,0
CUST_UHEMDTM3PH,0
CUST_FH73TZTRSZ,0
CUST_PJHB24ZKJN,0
CUST_NW9E6WKB7W,0
CUST_JAHJN0QG78,0
CUST_E8T2FVVC2V,0
CUST_6ZKB8ENQEI,0
CUST_C8ZM5Z95T6,0
CUST_RURCM3R3PC,0
CUST_IGQ0SLQHH7,0
CUST_WLC1NP0FWQ,0
CUST_X33HN96S1F,0
CUST_K01I74HTGF,0
CUST_TWQEGTOLGY,0
CUST_EYII07VFYF,0
CUST_W81CZ65CXU,0
CUST_NYJIKUB6NR,0
CUST_3Q5GFCAK7B,0
CUST_UGJ254UWMA,0
CUST_UOTRHJGNXH,0
CUST_WQICTQTXAW,0
CUST_M9X6XCNXIN,0
CUST_MQA18KTMYM,0
CUST_RMR1D9U0XW,0
CUST_6NYT5H8DTU,0
CUST_Q43YOHO39H,0
CUST_65CTIRCZ0D,0
CUST_BFK3IT54U8,0
CUST_MJOSOGGN5U,0
CUST_KM8VKKMU9J,0
CUST_I0RICDI91Q,0
CUST_X1SAX2J2JS,0
CUST_I80OZ0O1WH,0
CUST_LYOBI1D5V4,0
CUST_438Z242GJI,0
CUST_AIZBHA7JPP,0
CUST_PK5IHHXBRS,0
CUST_L30S0AWD58,0
CUST_DIUHWBSBO1,0
CUST_JIXCDJMBOF,0
CUST_ABAPCV0OCR,0
CUST_YGR7L8FU2W,0
CUST_IMT4TXXHHI,0
CUST_0QGXQPULW0,0
CUST_RLIVEPZ7JP,0
CUST_TRW2WTKVSF,0
CUST_486AOSON5S,0
CUST_T6TE4QTE6F,0
CUST_JD1ZZ7OWVV,0
CUST_2U177PMGAT,0
CUST_P58OXSRY36,0
CUST_D5FYRPWQKJ,0
CUST_AT0WUPJV1H,0
CUST_9M0QOXB7BW,0
CUST_2IKR37JTWV,0
CUST_2AQ6S2V5Z9,0
CUST_VMJK7FS4UR,0
CUST_HAOITD87RO,0
CUST_ELQ1D9AD7S,0
CUST_KUR8HZWCQA,0
CUST_PZHF2BBZNX,0
CUST_XNA7Y0WN3Z,0
CUST_BFS6FLJ2W0,0
CUST_5M34HBWRI9,0
CUST_VNIDHBXZ6K,0
CUST_OV8JYMWV8L,0
CUST_DFB86KX9EV,0
CUST_H0I6KYKJCC,0
CUST_26WM9JM1WU,0
CUST_7N6I1PPSA6,0
CUST_AIB49VEF57,0
CUST_ZK9O6CS3EW,0
CUST_I0OMD7L41C,0
CUST_YKY811EKN5,0
CUST_9PNV0QLQUW,0
CUST_SCG63BZ7RM,0
CUST_N41XRT379J,0
CUST_7THOONW122,0
CUST_OWGW7HKTT7,0
CUST_6RPJU2CLZC,0
CUST_RJNJ7B7555,0
CUST_LOK75BESEM,0
CUST_9WJNS27NBG,0
CUST_36EFEBWETY,0
CUST_OCHY47OI9G,0
CUST_3WU3ZT9WEM,0
CUST_P0YAXHZHYM,0
CUST_IGSUJCCRIN,0
CUST_04EZ5FEYSZ,0
CUST_8B08GGQNCD,0
CUST_N51N2OODQR,0
CUST_PVQJ24C2WM,0
CUST_JZEZMMIAU3,0
CUST_X7QJCPSGVE,0
CUST_YJYY7HN9RE,0
CUST_MCJRRM51CL,0
CUST_I2QCVKML63,0
CUST_O6NANDML2I,0
CUST_5BJ5C5GUHE,0
CUST_RU71ARRJU5,0
CUST_T4LLOQHA4R,0
CUST_BQF7U6TSLS,0
CUST_WWR17WGM5O,0
CUST_GWXT3FUI93,0
CUST_7SPPP18S8Y,0
CUST_LWI5FDZ3EH,0
CUST_9AD0QPIH2Q,0
CUST_UQ4SD0HRWC,0
CUST_PKOIRAPTSI,0
CUST_GEIWO38NPA,0
CUST_2W5367AFU3,0
CUST_PKK472QSAI,0
CUST_Y28WN8R4Z1,0
CUST_K5ZBW9XYD3,0
CUST_0WSJI3G55O,0
CUST_N2ZU49DRI0,0
CUST_HEGL0M9V42,0
CUST_XSSB6E6MAM,0
CUST_U87LEFO4WM,0
CUST_JMISDS0CQI,0
CUST_MJ6S25BYSV,0
CUST_C6UULVO43J,0
CUST_2H6ZKG178C,0
CUST_3LO2QN19BS,0
CUST_LTNYRDNTH5,0
CUST_2WDLCOZFN3,0
CUST_68RQBX674T,0
CUST_274BQY2JCU,0
CUST_AHWZV8PWL0,0
CUST_UB7TV44HKY,0
CUST_SDZJ4M7Y6W,0
CUST_VJ7KEZMUV1,0
CUST_DUL9QCKQRH,0
CUST_ABRB4XIDB3,0
CUST_KTFI0C3JHW,0
CUST_0317CYQKLW,0
CUST_JKW1FSPSVI,0
CUST_GW5PUOBSKE,0
CUST_HF3DE7YLNJ,0
CUST_W05AP0B91B,0
CUST_MO46WDA77K,0
CUST_O4XYZ9QNC7,0
CUST_1T5W398KR7,0
CUST_YFE2IY77W5,0
CUST_C116Q7S5U2,0
CUST_1FGI1HDJ45,0
CUST_NPAPMHH1ZQ,0
CUST_JXHG45L6SN,0
CUST_BIDK0X5BRU,0
CUST_Z223IL0XI9,0
CUST_GSKMJ75EW5,0
CUST_2WBED0BWHI,0
CUST_X0K0RCSTJK,0
CUST_DUQE28Z4M7,0
CUST_27S7IY002S,0
CUST_Z1VQ7M14SH,0
CUST_35LVZSNOK9,0
CUST_ESP5AIN3HL,0
CUST_LUSU66ISXP,0
CUST_SJCTOZ4QH7,0
CUST_7B0746A1DG,0
CUST_9FRRP19M1Z,0
CUST_1LU99FES42,0
CUST_SA1EU7LTX0,0
CUST_AXKIS7G64Q,0
CUST_ZKXW0SW70P,0
CUST_MQ4KH67VXP,0
CUST_RV03C4YYRE,0
CUST_U7NOGQN3WD,0
CUST_L8ESL63E8I,0
CUST_38XUIEDUMN,0
CUST_4FGICO3U8J,0
CUST_449GEBQPUM,0
CUST_FVHUJXV855,0
CUST_RFTC9PPWMB,0
CUST_YFLDXIK0V2,0
CUST_NEAO4Q1ZUP,0
CUST_VZRI5RBGM0,0
CUST_4XJBNCFCEQ,0
CUST_SHEEP93PVP,0
CUST_LFAHSDE7LR,0
CUST_F6R5Z4YYN1,0
CUST_WDNN47RGO8,0
CUST_CELBULWNNL,0
CUST_YTNX1ELV5B,0
CUST_S22K37GKR8,0
CUST_A7HFICZVYV,0
CUST_MUWSHVW8VN,0
CUST_V0O1LZPH1J,0
CUST_M4056BNZLW,0
CUST_POEO0XI74L,0
CUST_78H6ABKTPS,0
CUST_WFLK9CX5CE,0
CUST_EY3W9UAA9H,0
CUST_LXZL1K69B1,0
CUST_A1K5HEOOR3,0
CUST_ZICILPPDAH,0
CUST_PK7VYSVPTV,0
CUST_EM8TV7KSST,0
CUST_RMSBJRMQ9F,0
CUST_0BPJ1ZNL6Z,0
CUST_30V3IRD7HW,0
CUST_RHUGXBDN37,0
CUST_5FTDQQALBW,0
CUST_XYRF3K07GV,0
CUST_HIRQM2D6L4,0
CUST_43WP0MUZYI,0
CUST_JFLMS7K1BK,0
CUST_XDREDQ8PF7,0
CUST_YAJL3JVARP,0
CUST_ALV2SGK73G,0
CUST_GRO45GDSPP,0
CUST_CTKTWDH1MX,0
CUST_3C3MG1D8NX,0
CUST_0O612M04M9,0
CUST_7OJP40DUB4,0
CUST_DOMXM2UQVF,0
CUST_Z1KWMUXHXB,0
CUST_YDMURIO1EL,0
CUST_CD4QYYZ8FI,0
CUST_OTDWV4W2W1,0
CUST_Z6XO74GVS3,0
CUST_ZNHVICHFBO,0
CUST_67BAILE6FT,0
CUST_EFKK2VJ1NA,0
CUST_0UP1LGRC5C,0
CUST_F92UULEUSQ,0
CUST_SUUWYQS549,0
CUST_NO0UZ3SUE0,0
CUST_XEX7SEY614,0
CUST_ROXCHQ2VMQ,0
CUST_XGWA8SVLBK,0
CUST_8R6FDVPFJX,0
CUST_C9RY942D02,0
CUST_X3GIOUBIK9,0
CUST_E7ART8PMED,0
CUST_NUC5LY05LE,0
CUST_BDF4L3D498,0
CUST_4SOZJ6BV11,0
CUST_ZUHPJS6M9K,0
CUST_IFWUG4CZTO,0
CUST_WN47PNJ4TM,0
CUST_LIF5KLPG3L,0
CUST_EU6U7D6WL5,0
CUST_OTNFLCNFOM,0
CUST_JV83MGU0FO,0
CUST_38Q6RU2XGI,0
CUST_DIHEB4RIXI,0
CUST_E132YMJFDC,0
CUST_PFGDRSZGSR,0
CUST_SAO27YF4FJ,0
CUST_XRB5DLFYWW,0
CUST_3DGXHVECO5,0
CUST_IZUUTEWPFR,0
CUST_DJBF6DFE96,0
CUST_R22H65U9SU,0
CUST_I6CMLLF0V5,0
CUST_1IH6JWM0OT,0
CUST_HP3NR73RY7,0
CUST_2P39MJAPDM,0
CUST_CJ3MAKSGEG,0
CUST_AH0B3KHB11,0
CUST_IJ9IGNS2FU,0
CUST_7QQBN8E3BO,0
CUST_ZTFMTDHLB6,0
CUST_O86N13BDTQ,0
CUST_TJYDHPTV6M,0
CUST_MSPJ3OQWDI,0
CUST_Q2QGEH3B09,0
CUST_4PAQO209UW,0
CUST_KYH2FW9GV2,0
CUST_LT1E1V7GM3,0
CUST_24EGCWZPYO,0
CUST_XOAQ7WEAX7,0
CUST_TV21VGYLQV,0
CUST_EAMVLQZNLX,0
CUST_U5N8VQ8GTG,0
CUST_4BDX1117EU,0
CUST_K1460SMW7W,0
CUST_WGBZWDKVL3,0
CUST_JU0SMN61LO,0
CUST_1BLMOFUUC7,0
CUST_JJ9B3U75AV,0
CUST_R4ZQ8CMLJI,0
CUST_FZYOMOV4CC,0
CUST_4UBGH0MOBC,0
CUST_L5M7VK298Q,0
CUST_VUJ5SIO7Z8,0
CUST_75E34ZYVHL,0
CUST_SC1NZGM6NC,0
CUST_4N4RQ7K2XS,0
CUST_XEL1A7VJY3,0
CUST_L644IL1SBH,0
CUST_QD1Q6NKGVY,0
CUST_J631RFVTWY,0
CUST_W7LT1S6IZ5,0
CUST_N9PLZ06R1S,0
CUST_QAT7DVTSSR,0
CUST_W0F4WSNIVN,0
CUST_0PASC33418,0
CUST_HJFKU5M8EJ,0
CUST_5X1DPCMRGN,0
CUST_O97SSB5KG2,0
CUST_4U2RHCB3NI,0
CUST_PR3599NF2Z,0
CUST_92OVOZY9EC,0
CUST_JQ99QKSPTP,0
CUST_FV54M9O73G,0
CUST_84UQFY31EB,0
CUST_N7JTQSLNEJ,0
CUST_WAQRA4QUH9,0
CUST_8137NU7FZZ,0
CUST_IT7JUJDF70,0
CUST_NNKF1SKFSE,0
CUST_PSZC8ZAS2R,0
CUST_H2JBFOGEMG,0
CUST_5MZ8AB18H4,0
CUST_ULUU373OLF,0
CUST_Z1N2P3KH3A,0
CUST_YDDPI0Y27S,0
CUST_0K7MM2GEVI,0
CUST_1UCIR9GUSX,0
CUST_4RSMF6NPP2,0
CUST_V0JFXB7YJS,0
CUST_FP36LK3PEX,0
CUST_84ZIPNG1UA,0
CUST_ET72SVP9D7,0
CUST_BFXK2SLEPP,0
CUST_YAC9PMKEZD,0
CUST_U0VZ2MC8BW,0
CUST_BVUALCG0OL,0
CUST_NYYKPKCBLZ,0
CUST_X8VSW94ZCZ,0
CUST_8FTEAPIGYG,0
CUST_EXLMT7POOS,0
CUST_H1MGHUXMB0,0
CUST_9KRZVEBV1D,0
CUST_TMUWVYR61U,0
CUST_2JGCJ445X2,0
CUST_HIPQ3IKTP9,0
CUST_ZGB7565V8W,0
CUST_M7ELPR4134,0
CUST_27WVFD89UO,0
CUST_A5GZ49AF1I,0
CUST_XMUY7YNBAE,0
CUST_F9RQWKS1PX,0
CUST_ZTEWVMFMZ1,0
CUST_ZTFDWR7AMU,0
CUST_GKHGETRJ89,0
CUST_S0WCC0WCSQ,0
CUST_NIQOM15PNQ,0
CUST_EMXS6J89RY,0
CUST_HOQFV3ZA3X,0
CUST_ZEVV78BYTG,0
CUST_INSCMBLNPK,0
CUST_DAULO1IFDX,0
CUST_83PPQBKV38,0
CUST_AWUIJ7FKXQ,0
CUST_KN3YS85Z75,0
CUST_FUVC2XXKZU,0
CUST_H7V9DCDZNA,0
CUST_NVKEGV3MF3,0
CUST_FT3F6ROGTQ,0
CUST_LQ9V86SEYY,0
CUST_WP456O6LPW,0
CUST_9OS27ACMTM,0
CUST_U5EW02WOM6,0
CUST_942WL0D6M2,0
CUST_SWY7QD19WV,0
CUST_HB3QPSY9KO,0
CUST_0ZCOVE9RTT,0
CUST_7BJ4DSSGQZ,0
CUST_XK76KUUOJ1,0
CUST_7A3SCQG3JU,0
CUST_SY0YTEASI9,0
CUST_QI93QP87KK,0
CUST_Q9RH054PW5,0
CUST_IN28OLN859,0
CUST_6ZCNHEONH8,0
CUST_5W51IQ20U7,0
CUST_M74T51TEJP,0
CUST_UE9NCA7EE4,0
CUST_YT7RGWBPJ8,0
CUST_IHMN3UYQN5,0
CUST_V4UH83BBD6,0
CUST_MY07EAO8CB,0
CUST_71IPM8YZ6B,0
CUST_S9D973NZXC,0
CUST_NGPP12JUWJ,0
CUST_11AZFASXYH,0
CUST_LZUU0ZIBZB,0
CUST_1WVV9MYJ4O,0
CUST_KZAU3E2Y3D,0
CUST_T1W6521GXD,0
CUST_EUK84FG21P,0
CUST_RA52FHE30C,0
CUST_L3FZQ3HXV4,0
CUST_ATMJ1BWR2V,0
CUST_IS5DG3KJER,0
CUST_1AK3XPDVKU,0
CUST_A2GV5EMUXX,0
CUST_H0F778TDI8,0
CUST_HMNZ2CSR55,0
CUST_ST2LGXA1FM,0
CUST_KNTKJVMUPV,0
CUST_2CIUHZGL9E,0
CUST_Q44WO7F7UT,0
CUST_PXS8RUUG6M,0
CUST_KH78QOBI2D,0
CUST_CCBAAN6TPL,0
CUST_A6UOBRXR2U,0
CUST_4A23BS30XC,0
CUST_K55NT3WM6H,0
CUST_ZQD2WN5WXE,0
CUST_XMTA0JM0V8,0
CUST_RFOHTKU6KS,0
CUST_509YH9BOWX,0
CUST_9K4STW88GT,0
CUST_CW5M5RSV5E,0
CUST_E28SLITBG7,0
CUST_GTYASYC1OX,0
CUST_7YK0Q17P63,0
CUST_SLL5XXSZOF,0
CUST_0WZ2UNU6FT,0
CUST_QAQ43DSPRM,0
CUST_FFRZ6PEEQX,0
CUST_IUXWS2DX6W,0
CUST_APTDF25UGN,0
CUST_LYKRKFOYHZ,0
CUST_WPRJD7HRSN,0
CUST_ADLOQ8VZKW,0
CUST_F3OJ0GMV3F,0
CUST_J5C0EP6275,0
CUST_4LAV789NR9,0
CUST_2B7ZWYSK0D,0
CUST_L7IUNJ461J,0
CUST_1ZTRDBSH64,0
CUST_H77WHR0L84,0
CUST_D4NTVKZEMY,0
CUST_68MRIO8YMX,0
CUST_VKGYOAMQ5E,0
CUST_9XYOIE87H1,0
CUST_QTH5PQED7B,0
CUST_O6ORBRQX17,0
CUST_EWZFYYDU05,0
CUST_10B4BBJ6OJ,0
CUST_6KNTSKNPCF,0
CUST_CQLG8NNEJ5,0
CUST_ZVZNKD3UCR,0
CUST_L0FB6HZHH1,0
CUST_GCGQ89XNB3,0
CUST_PL3ZCZ2UZD,0
CUST_4SWW9D2D72,0
CUST_SV4I7Y3JNM,0
CUST_UAZY7LR28X,0
CUST_QQEXVCE1F4,0
CUST_W0W1QRLK1E,0
CUST_6S46OO1FPC,0
CUST_1Q2GC1NSFH,0
CUST_E2JVE5V4OK,0
CUST_1NVVSVPA9Z,0
CUST_GQP3JUOSYP,0
CUST_8QSC2YO7DT,0
CUST_7INLGJIZZH,0
CUST_CY02SD54U5,0
CUST_ISL5ONG4SI,0
CUST_5KIH495CBO,0
CUST_NHAYJ91DGY,0
CUST_5850NXAKIN,0
CUST_JHQ9R38MON,0
CUST_9UTTFRZXJQ,0
CUST_SO1VQ2U6Z7,0
CUST_6JZ0M9RDDH,0
CUST_IEABIXQIIO,0
CUST_HH6PKXCVZZ,0
CUST_59FWOXKXO5,0
CUST_5NKCVODEBF,0
CUST_UNE3MSEXEU,0
CUST_DSLFOFMGCT,0
CUST_CVOQ4093RQ,0
CUST_Y0LMYR1G4A,0
CUST_MD7DVOO99E,0
CUST_TT6GXC3QQI,0
CUST_6L80SR5HIH,0
CUST_UJ67OS9RD7,0
CUST_PRP92ED0O2,0
CUST_K4MFA06MU4,0
CUST_2UI7RA48QG,0
CUST_HFGKUYTQ9E,0
CUST_GP7JUINU7T,0
CUST_RSG0ITNR8E,0
CUST_QCKZPX4Z4G,0
CUST_TO69GY57Y5,0
CUST_0GWTLQ98J8,0
CUST_FH4S3WGDXQ,0
CUST_3SGYMHYGSP,0
CUST_9S157IZM7F,0
CUST_BMASAMVVPW,0
CUST_JFJNE5UDJR,0
CUST_AMF0IPGH1E,0
CUST_89GFVBQXV1,0
CUST_OHUND3AU4G,0
CUST_ZHTEPMO8TE,0
CUST_2F5P7R07K9,0
CUST_Q50BF8BAS4,0
CUST_X22NRZSA95,0
CUST_W9N39B5E7I,0
CUST_ISR97JK7RT,0
CUST_F1GHYI25JV,0
CUST_6IG9X838JQ,0
CUST_HT6NEJ2TKQ,0
CUST_S6WQ2R4MPV,0
CUST_69CZPPD71K,0
CUST_YAYCNREWUS,0
CUST_RDGKCBNU5Q,0
CUST_J09EJL3QS2,0
CUST_VDIH4X6YHQ,0
CUST_IPOTCYIFDJ,0
CUST_YEIJ5RZ40M,0
CUST_LYGVOX6RPG,0
CUST_3SM8BY3EJX,0
CUST_OCNGMBIN4Z,0
CUST_RSJP4HKQN9,0
CUST_PV92F6H8R0,0
CUST_JG1DVCXMM7,0
CUST_6QX76D6UTT,0
CUST_OYWE3VWB0C,0
CUST_I01Q63WCVZ,0
CUST_OY0T5FUUEF,0
CUST_01N0WZ2GQF,0
CUST_JNT5OXFR8Y,0
CUST_G3IBQSTZH6,0
CUST_HM6FF5MLUB,0
CUST_L0TXWYGAHA,0
CUST_85B2FW2W15,0
CUST_SEX7UTNIAG,0
CUST_MVBTMX85QQ,0
CUST_JWUD3GIJHW,0
CUST_SNP75MTFAA,0
CUST_OELURSWN3Q,0
CUST_GTD5YGJXSA,0
CUST_GDGRUKYW8Y,0
CUST_N57VQ8H6YR,0
CUST_18BNKKVEC7,0
CUST_K64RZA9GSC,0
CUST_C3J2E6UJSA,0
CUST_GYAH5GJ6J3,0
CUST_5NIQLSHS9U,0
CUST_OX2KWYK75A,0
CUST_UC9OZSBJVD,0
CUST_T3OI1J1NNX,0
CUST_67S5YCR6V3,0
CUST_HGASJS8WDX,0
CUST_1XTCNLXHWR,0
CUST_OE4M18B940,0
CUST_FE71I5IYOA,0
CUST_JMR6QLL9TG,0
CUST_1NCOTGQZX3,0
CUST_TPHJO096VC,0
CUST_RY34T9E80S,0
CUST_900M55ZENM,0
CUST_UCCX0Q9WU3,0
CUST_P8W520QOKT,0
CUST_U4Q7JDNEY1,0
CUST_596I8T7491,0
CUST_5ED4VXZCN0,0
CUST_HKBW6VIHDP,0
CUST_6BEPW8CPX1,0
CUST_J71CU6PQTP,0
CUST_50SXJ6UX1O,0
CUST_VNL7G7Z4QA,0
CUST_3KPZDQ5RYS,0
CUST_2D930DM2IK,0
CUST_CG0ABKQTPV,0
CUST_HEYB65EVG2,0
CUST_PCD1VMOQFS,0
CUST_HZRGL74B24,0
CUST_CW2QUX2GY7,0
CUST_YV35I5DN3Q,0
CUST_84L6JDQZA3,0
CUST_UTR24D5JKT,0
CUST_647JCE2UT7,0
CUST_UZ7LNHESWC,0
CUST_T1N7KQFD12,0
CUST_9VI72GT3AX,0
CUST_XXX4MLAYAX,0
CUST_6FYPK4V8ZA,0
CUST_KNRGXF98A0,0
CUST_2Y05FHFCPO,0
CUST_W1AY5M0AZO,0
CUST_P1M71U6HN5,0
CUST_XDMONPLU22,0
CUST_68XL3HBYWQ,0
CUST_VARMRJ6IWW,0
CUST_8L1VW7EP5D,0
CUST_JSX6UCEQAP,0
CUST_O2G66T8BEE,0
CUST_ABGQNK0SXO,0
CUST_SH5X0W2O47,0
CUST_U5NHANHDE2,0
CUST_W65VP1CPEA,0
CUST_QQ7W355D0Z,0
CUST_DSTO8YEFA8,0
CUST_2V1ROGNOP8,0
CUST_8Z8T8LYH11,0
CUST_AACTTE2V4V,0
CUST_9KIH91GWOE,0
CUST_3FDUC1GDXW,0
CUST_VCNXTJBU1V,0
CUST_JFRRP1B1YZ,0
CUST_HDDRR1N1EX,0
CUST_VF00JWYFDY,0
CUST_MWB6EVLVN5,0
CUST_I9PDQBH64X,0
CUST_6P7E8NOEMU,0
CUST_5B4SMVK27W,0
CUST_HVG9D3G3PI,0
CUST_E1ZQ8JAS43,0
CUST_Q8V8H9V86K,0
CUST_CG56KNFPKQ,0
CUST_R30OS4AQ1X,0
CUST_ML9IQOO6WX,0
CUST_N4K2FEPEV9,0
CUST_JFC78K7LY9,0
CUST_M47O4HZ6XL,0
CUST_H4DSYIYDTX,0
CUST_V16WE23V7F,0
CUST_NRYVZXHOMV,0
CUST_6BJMYKSRMM,0
CUST_N0S6YI08PE,0
CUST_YQ4M96QC98,0
CUST_4QH093HJQM,0
CUST_6MAC5O0QQI,0
CUST_1BXAK6YKKA,0
CUST_MIMPEIH1JB,0
CUST_FCZQ00EA9T,0
CUST_TKRL65F2NJ,0
CUST_KPT393V8A8,0
CUST_APVQ8R14H0,0
CUST_BJWEEGI7Q4,0
CUST_H1D0LYJDK2,0
CUST_1JR0IBTR9A,0
CUST_EHDHJNIJ2B,0
CUST_OWOY0QIVV1,0
CUST_OPWD32KOV9,0
CUST_QTQXF3B01Z,0
CUST_35R27MAI3M,0
CUST_KN0OGHR9RW,0
CUST_6FJC48WVG1,0
CUST_S99CRIZY7I,0
CUST_S2XN76XMGP,0
CUST_AQ0DVV3L5K,0
CUST_1M6B5AGG69,0
CUST_F6YV0PVRVU,0
CUST_OQ9EDTTBOR,0
CUST_GGILOFYEYI,0
CUST_3WYHY0TGDK,0
CUST_F8LD1N72GI,0
CUST_PEURJM6SJV,0
CUST_ZMGC95NGTL,0
CUST_PBFEMV89S7,0
CUST_35CW5W2Y5D,0
CUST_OZ3491AZ82,0
CUST_ERRPRDA1WX,0
CUST_BOLXBQAMER,0
CUST_OHGZ7NCX4Z,0
CUST_USCBJET7AA,0
CUST_GQYFOSLN9U,0
CUST_B9QRJBDRLX,0
CUST_RYIZY98LSV,0
CUST_RKE42S4A3K,0
CUST_GUFC64LQUQ,0
CUST_RKGY1TBOYS,0
CUST_H79PU6Q55N,0
CUST_CKDMT2FMX5,0
CUST_IOQGIIETL4,0
CUST_IP2R6OVJ96,0
CUST_AMJ8ISVBLW,0
CUST_FM0G8O1YF3,0
CUST_GWXJQIEW0E,0
CUST_QPFYDG4E11,0
CUST_NPFSMI0KGY,0
CUST_S9GVISWEC5,0
CUST_LEKAX1ZCGR,0
CUST_01YD3F8PL6,0
CUST_FDN72AL05S,0
CUST_AIOC4PV4UJ,0
CUST_BFOIB4REG1,0
CUST_00AKS6B24Q,0
CUST_LUWH4M1LBO,0
CUST_9IB0U10FZT,0
CUST_KYOB6CX17H,0
CUST_KUJNXRHGTP,0
CUST_Z3KPCO5PB5,0
CUST_UC3LJM2CWF,0
CUST_4R9KDH8MBT,0
CUST_ZGTF9F7ZSK,0
CUST_K14U4DAZMO,0
CUST_2S1UH044AS,0
CUST_0IKYJYVOG1,0
CUST_YOB4SDXKX4,0
CUST_ODOFSB24TC,0
CUST_M8OWWFXGI5,0
CUST_DG9IOXVPH4,0
CUST_8QHNF4W1VY,0
CUST_3ND3KMA43L,0
CUST_Y96V8OYWN9,0
CUST_2RDWWEK0Q9,0
CUST_1CYQFMMLO9,0
CUST_CZDKSUT8HC,0
CUST_HP0XOJD71M,0
CUST_WQ0U2N7PXL,0
CUST_H6XHHZH4LU,0
CUST_85QDV0MBKV,0
CUST_6O9F4ZWUKP,0
CUST_81G22KTM21,0
CUST_JP5Q7RR38U,0
CUST_58K7253BV9,0
CUST_BYSQNCSL1Z,0
CUST_BWOUJ5U3J5,0
CUST_99K94RLUYE,0
CUST_C6SAW21H0M,0
CUST_CU30RR4TJK,0
CUST_UCS18TIW1I,0
CUST_248A480LAA,0
CUST_C0OZN44LN2,0
CUST_G6FXUA465F,0
CUST_7M4J67QH6J,0
CUST_7H26BIKIMK,0
CUST_H4TFSM5WMX,0
CUST_DMM6KZWHBV,0
CUST_HV8LZVJLXW,0
CUST_U9CW1MI595,0
CUST_E9VGA23HSV,0
CUST_CKBUSLX98V,0
CUST_RW4FJTFFLP,0
CUST_TDL7EPUU85,0
CUST_YN65TVKTJR,0
CUST_VMLF6CN1ZM,0
CUST_QO1ELTR4N8,0
CUST_BHFP865VSR,0
CUST_YUQG4162D7,0
CUST_2MN5OCU9FY,0
CUST_VAFHXPWEFG,0
CUST_VO2FK5606D,0
CUST_QKG5W6Y1RN,0
CUST_AJ4ODYLAGN,0
CUST_A4QRRF4SAR,0
CUST_3S92RYA59H,0
CUST_GNKXL6KGLU,0
CUST_OI7YQTS128,0
CUST_HKMSAC6DCM,0
CUST_Y61CIIRICD,0
CUST_BXOU3E6BJT,0
CUST_0PC740BKRI,0
CUST_5ENVEXBANI,0
CUST_G25E4SV0IC,0
CUST_XZ9LEXSMGU,0
CUST_BO2JQRON7W,0
CUST_PO1F9H9CBD,0
CUST_ZB1DHYCF1U,0
CUST_XCGVG9ZJLO,0
CUST_AQUWB79LOM,0
CUST_VKGJCT9XE7,0
CUST_4964OEEB1Y,0
CUST_V8UI49TLUE,0
CUST_XA6NKZ3E7E,0
CUST_6Z3HQAFEQX,0
CUST_QXCD4WOMEF,0
CUST_P3TMYBTSA3,0
CUST_42A62D524L,0
CUST_32JF3M4MSM,0
CUST_02WTQCQ4JR,0
CUST_A0YR0RUSK3,0
CUST_OIG5GECA60,0
CUST_RBVK9HAB69,0
CUST_E91UP6EITT,0
CUST_UGIGUSTC9O,0
CUST_EIFIP5U3RR,0
CUST_IFG9RYKYBO,0
CUST_15EK0IG50M,0
CUST_SBJ87C8S28,0
CUST_1HCTZUPY1Q,0
CUST_T9SGU3C299,0
CUST_H083M731V7,0
CUST_I1AIUCSUAP,0
CUST_DG30X6XVUD,0
CUST_3YRHUBKMKK,0
CUST_EHR9BVQQE9,0
CUST_38YLCR5UA4,0
CUST_TLQNG9M79J,0
CUST_T0CJ6V01I0,0
CUST_XO6GAQW7XZ,0
CUST_IVOJ3F0HUQ,0
CUST_IMGST9PJAW,0
CUST_E69HNSJGWR,0
CUST_9U4IG0F82X,0
CUST_5PKOMRCVSX,0
CUST_KKC7RX6AIX,0
CUST_XUZ5ZTG3AQ,0
CUST_S6AJUF8LU4,0
CUST_MD7183XMLA,0
CUST_4BSEMO3D73,0
CUST_NFQBQHRFJK,0
CUST_YXR7QV3IXZ,0
CUST_ZYKS0R38M1,0
CUST_PDTUTL3LSD,0
CUST_G73WLZ4JI3,0
CUST_RECOZ3XQZE,0
CUST_E019TINRM9,0
CUST_6P9XT9ZCMY,0
CUST_8JEE7DDE08,0
CUST_ZWBGEW3XGU,0
CUST_LOROPICIJ9,0
CUST_A8SROQ2ZC4,0
CUST_ER7PI4IOFQ,0
CUST_NVFGR1URFW,0
CUST_07FHK2DRKG,0
CUST_WV4ZU6035E,0
CUST_Q5558PR07V,0
CUST_M6VQCYY8WQ,0
CUST_IXKKRGEV2T,0
CUST_QFTUUET52R,0
CUST_N5PHDORPZF,0
CUST_QSIJO9KK4N,0
CUST_YKPRYR2S6X,0
CUST_BCW3T3CLNQ,0
CUST_QBMZSDJWIT,0
CUST_Q6DYPB8JGH,0
CUST_1OI2Y0L8U5,0
CUST_YH6XKQQ7OF,0
CUST_23YGSQPSZH,0
CUST_LQPRKVMY2U,0
CUST_6DZWBS4SRH,0
CUST_T6T91GB61G,0
CUST_ZFTA2AGO0K,0
CUST_Z7B20ZQB1T,0
CUST_BAEFLNRE1N,0
CUST_MCEJZTXV12,0
CUST_TMZYA5CIS4,0
CUST_66UU6OWEZG,0
CUST_KDO7XWD8ZR,0
CUST_V40G5XBUV6,0
CUST_GRVMP8PFYB,0
CUST_ILC4WDZZX1,0
CUST_Y9SXAGL41C,0
CUST_AHF19LQMOU,0
CUST_1D38C2MHM0,0
CUST_LZZJTLXW0H,0
CUST_MWPB6PS5NE,0
CUST_W7ZXK9WCKG,0
CUST_U8OPJWL282,0
CUST_0TFXTYM3XI,0
CUST_R10GH0D22J,0
CUST_QS2XEJ8SR5,0
CUST_Q29VVFPIWK,0
CUST_H0SS1LCYXW,0
CUST_THEG7CGTH2,0
CUST_SEEBM5B6V3,0
CUST_V6GKAC7PFL,0
CUST_UDRQ286F7J,0
CUST_K14DL928W4,0
CUST_ZD18UV1806,0
CUST_BR8UQJT3XO,0
CUST_JN5A7LCXW7,0
CUST_WUTN0BQTET,0
CUST_6LC1DDJ7BT,0
CUST_O7ZPP9UEFY,0
CUST_HIPY58Y944,0
CUST_Y7XEXGG0SA,0
CUST_39Q9SAITNG,0
CUST_GY5PJ1A6SP,0
CUST_BTV948POQQ,0
CUST_VRGM7MNWF4,0
CUST_OOWF7IO97G,0
CUST_LHIMWATEVY,0
CUST_2WIF9C46N4,0
CUST_FNMDRT9XK2,0
CUST_EL0S0VIPAC,0
CUST_9NSM48M6AB,0
CUST_KYLEPZDP31,0
CUST_XDP3QN152F,0
CUST_NZ5HX1UGOX,0
CUST_WMDVAQVMU5,0
CUST_SBFW3S7ZRI,0
CUST_3BBG19DIWA,0
CUST_VE9P46S69C,0
CUST_MLI6KQUDLL,0
CUST_RS17BS2E8X,0
CUST_LN368AA59L,0
CUST_6MCOVPRZFM,0
CUST_XO5LPQNHHO,0
CUST_96H5GDMCPU,0
CUST_EVU4USC7N4,0
CUST_3N48976EEB,0
CUST_QCZXDLB4NP,0
CUST_LYM81K699G,0
CUST_OKSB6OC8CM,0
CUST_6UR6RN1VTF,0
CUST_F7SHKHCFZ9,0
CUST_AJ45ZOEEXR,0
CUST_48YFDVXMHX,0
CUST_7C9Z61X3N4,0
CUST_5ZETAJR5YB,0
CUST_60KMF5ISBM,0
CUST_YYIJLR32QL,0
CUST_NCSKLMYIWR,0
CUST_YVA6L755AX,0
CUST_SUCU6BD8F7,0
CUST_3LJ1R3AANQ,0
CUST_ZJIX1XM8TJ,0
CUST_64E2UM04C5,0
CUST_X2E9E6L7B2,0
CUST_CS6O7EM2FX,0
CUST_NHISJ3WPRB,0
CUST_49DXZSAVSY,0
CUST_QUAV27YQTA,0
CUST_WPPR1639K0,0
CUST_WN6UM7KEB7,0
CUST_LVQMFHCF9A,0
CUST_YIFPEMEIMA,0
CUST_CUSRJ5M0XM,0
CUST_P7PSKGF8V5,0
CUST_JX4I4Q88H6,0
CUST_9TRKNVGV99,0
CUST_IU4JDY4TZK,0
CUST_WD3RL518M5,0
CUST_XLKIJC51JO,0
CUST_IC9183PSW8,0
CUST_POWTDR3S9I,0
CUST_H8N904DE0V,0
CUST_M4IFP54HP5,0
CUST_IEHBHUCZBW,0
CUST_FGWN7MIYIN,0
CUST_RG5KQBNJYM,0
CUST_M10TB6K23Y,0
CUST_R7CBVBM0M5,0
CUST_QLAJNBS9UN,0
CUST_NN2M91LXLQ,0
CUST_3P8B0ZW0KH,0
CUST_GDAV7C0O5J,0
CUST_WUJ2O36H81,0
CUST_TJ6LE0CNN1,0
CUST_Y3THA53CGV,0
CUST_SKYUC1ION4,0
CUST_WEWRVOBNJO,0
CUST_163TGIRYLB,0
CUST_HDH1XOABUM,0
CUST_ZJPC6CBX18,0
CUST_S4AOFCODKR,0
CUST_2HYOTMWXE0,0
CUST_IPCRFIZUWT,0
CUST_1W98A4O5GQ,0
CUST_VB3QXKQHSN,0
CUST_4K419BZX8C,0
CUST_6GYOPA06RD,0
CUST_TOQQSODKX2,0
CUST_NQU12Y7A73,0
CUST_0EWXQA3TBW,0
CUST_QMD87SW1MY,0
CUST_047A0TQ22N,0
CUST_CD0XA9BW7U,0
CUST_5BOSEUJMNI,0
CUST_R3UY48OSY7,0
CUST_7BMT97BBBN,0
CUST_BWCPGV7QWR,0
CUST_T1D3UXIODY,0
CUST_Z3PEF2TN9U,0
CUST_9EEJ7TQ4YO,0
CUST_H8Y70SH6H4,0
CUST_H1SYQKL95K,0
CUST_3WZTTWNI3T,0
CUST_CUFS84C55N,0
CUST_0OV2DNPTAK,0
CUST_BQUCJ98225,0
CUST_EL66PHSA2W,0
CUST_5JHCYL1KCE,0
CUST_BRU7C3TQQN,0
CUST_6TP1JNKMPO,0
CUST_7XT8A5YQSP,0
CUST_FK8JJRY1SM,0
CUST_EUICXFXM4Q,0
CUST_BACLMBA4LT,0
CUST_RYJJJAK9C3,0
CUST_D1OP3A0M9L,0
CUST_Y7ZZHXTDNU,0
CUST_ISM2LG17WF,0
CUST_RR2ZIYM59X,0
CUST_I2UYNV80M4,0
CUST_OZBSGRBP1F,0
CUST_CXEGJNAUTN,0
CUST_H1YTNICNAK,0
CUST_Y80PYODXV9,0
CUST_8IFXFZXIYQ,0
CUST_YG0Z7OAGOC,0
CUST_DXUZZQJF5F,0
CUST_YUPR7LK19N,0
CUST_BPUEU619C1,0
CUST_WCJQN0YA9Z,0
CUST_M6L1BHC7UT,0
CUST_X0FWJBV9BL,0
CUST_PGLXAFVD0E,0
CUST_4COVGCHOTJ,0
CUST_D2FEYM6HCO,0
CUST_4G0K6DSQ1V,0
CUST_TIP3367A7N,0
CUST_9NCI7XHR08,0
CUST_M50LVOVPL7,0
CUST_CREM6VXGL0,0
CUST_C21RNGV7XY,0
CUST_U2PNHMNIT6,0
CUST_AKOS0SLA3W,0
CUST_3ZQ6WIBP51,0
CUST_HS5F8IUKLR,0
CUST_YQLM4SOFY6,0
CUST_XADG79WMR1,0
CUST_2PMR0OH4FN,0
CUST_W0RUQSJ10A,0
CUST_JZ5SRQW1QE,0
CUST_QJ587DI4N0,0
CUST_L47DX8AYQD,0
CUST_TV72KV00IS,0
CUST_I4I2PRMSD8,0
CUST_LZYPFZ0WF7,0
CUST_REMW58NGBR,0
CUST_PAISJCHTUV,0
CUST_AKQSFS098K,0
CUST_8SZ8MU0FGW,0
CUST_IG6POMN0XV,0
CUST_NW1ENYANK3,0
CUST_MZO8BIU56B,0
CUST_ILSJTZH8XO,0
CUST_G1XF85NXNE,0
CUST_H9J42XV6Z4,0
CUST_X1H2UTX92B,0
CUST_GIJOGBFKYF,0
CUST_CKQW6QUO8O,0
CUST_OPNNF1BHIU,0
CUST_03Y2G7GSEV,0
CUST_HD413CE5W1,0
CUST_6VYLU8G67Y,0
CUST_XMMXGJQDTN,0
CUST_WXHL7NV7HU,0
CUST_JMFG9HKMIJ,0
CUST_KSNH3LHL5N,0
CUST_H4LO40CYA4,0
CUST_U1W00DMOJ9,0
CUST_2P43HB1DDY,0
CUST_XNNCQXNI4R,0
CUST_K8P311QJ0S,0
CUST_ICGMR7UXEV,0
CUST_XXEO7JZXLI,0
CUST_JGUSKQC3DL,0
CUST_QJGZ967FGA,0
CUST_I89WN2XUPX,0
CUST_5EEJIF7QUM,0
CUST_GIUWHPF0PT,0
CUST_JAZLND7D8S,0
CUST_QZAPT1CSG0,0
CUST_NMSBB615TW,0
CUST_K2Q41T78RU,0
CUST_KR08426R2B,0
CUST_ZKVPCQTNTQ,0
CUST_83C6FY2XFW,0
CUST_ZSWQQ571ZV,0
CUST_F0FRU7GNM8,0
CUST_CRNWYGE6MY,0
CUST_QV04O741GL,0
CUST_1M8HUVR5MB,0
CUST_9L76YM2002,0
CUST_YYGEOUHOE5,0
CUST_URII0IQW3R,0
CUST_GVHE4Q8KLY,0
CUST_MULEE87QTS,0
CUST_80ANV2AZMF,0
CUST_YG99GYCBPE,0
CUST_3LL3VIPKW4,0
CUST_2RHI876LQ5,0
CUST_0625B32Y6W,0
CUST_8PQZ8A80CT,0
CUST_YQUQBO4MU7,0
CUST_V0RHH2FLOU,0
CUST_4SPD68KSTK,0
CUST_D4V7G2GIW3,0
CUST_YWKI7WFKG2,0
CUST_ZU938O6ZAD,0
CUST_72R6ZO06JQ,0
CUST_Q4BSOTDNLK,0
CUST_NA6WVLV948,0
CUST_CU4DTG1V67,0
CUST_2B9FC9T30D,0
CUST_8LZ8YNTARG,0
CUST_LWS0QQRW8Q,0
CUST_YXUYGEITSQ,0
CUST_LKHY9TW3RQ,0
CUST_ZJ4M9PVP64,0
CUST_65HXUAY6YJ,0
CUST_J79YCMU4RN,0
CUST_MWZILG60BO,0
CUST_KVHN5ZURLV,0
CUST_K6K5I45V27,0
CUST_1U3U6O90YF,0
CUST_CCYJPQSIMY,0
CUST_K6GV7VT3UB,0
CUST_NPD15HTSRP,0
CUST_IQ1T66305R,0
CUST_UX9CMG09L7,0
CUST_31TB6ACJ9E,0
CUST_V0YWHO1VVG,0
CUST_D62BCJ2Y75,0
CUST_WC3WTYCH6H,0
CUST_2IT8FHSIGH,0
CUST_O4X0RUIYD7,0
CUST_XS8FH4S2NT,0
CUST_02ZOSJGRU8,0
CUST_PGNAA0ND97,0
CUST_R5KR66KVNZ,0
CUST_HPM8HGLV83,0
CUST_IK3GZ5FS85,0
CUST_PKOJ55YEJU,0
CUST_KEQ3KTZHV2,0
CUST_BYW0AOZ0KZ,0
CUST_N3L1TIUSH6,0
CUST_V82MHKICAL,0
CUST_0ON3VGOOPZ,0
CUST_482QMNRUFO,0
CUST_6EOJ7W9JAD,0
CUST_9PYFGB5IEQ,0
CUST_R0FK1ZHUE2,0
CUST_SESYNZJMIQ,0
CUST_Z87L632MBV,0
CUST_W770N7GH5G,0
CUST_8Y9K7JDU8C,0
CUST_HKST7B17AA,0
CUST_JLOHCQV0Y7,0
CUST_DSXJ7FIBCB,0
CUST_WZQ4GB8TLI,0
CUST_B8C309I9IY,0
CUST_SZ23944IMO,0
CUST_4CIRJIJQA0,0
CUST_A7ZF7D0G6P,0
CUST_1F40KB5QH0,0
CUST_6PSVGSHL3J,0
CUST_B86EP1D3IU,0
CUST_W8YI7BZLYX,0
CUST_X40X9E1PZY,0
CUST_A0WS7KPRTX,0
CUST_FVU9OA57SC,0
CUST_YYEBS2X200,0
CUST_MLR54LEMRQ,0
CUST_GFCP9ARLMR,0
CUST_QKX21GJ23P,0
CUST_LOG56X0KMB,0
CUST_KRU360F3JZ,0
CUST_2XTZA57T5X,0
CUST_2VBXR7KTX0,0
CUST_L75IWY9JQD,0
CUST_CDKBJCJS1G,0
CUST_B926R0BKUV,0
CUST_VNOZT6O9OO,0
CUST_B4VIF9UH5V,0
CUST_GTN4G0VQC2,0
CUST_P4POXLLPF0,0
CUST_HBPO36T1C9,0
CUST_MZNUCGX9XB,0
CUST_OKXYDERWYU,0
CUST_VGPILH45TQ,0
CUST_VI7HY2AZV9,0
CUST_V657E5JGM9,0
CUST_XMSKSH11TK,0
CUST_6QYT815Q67,0
CUST_J8R7MNBX8D,0
CUST_OGXGWZVHS3,0
CUST_V41R7WHXYB,0
CUST_C5D87R8RBG,0
CUST_P140PJE8KE,0
CUST_TDYQOTOYQG,0
CUST_MJBKIN50JD,0
CUST_IO9QY79ZIP,0
CUST_GG97GVLF8A,0
CUST_N39RULVH24,0
CUST_KB0SK4Q62F,0
CUST_TGJJ30KMMQ,0
CUST_Y69SZOKWQJ,0
CUST_Z4VCH6Y1QL,0
CUST_GCA6SN7YOT,0
CUST_R1M13U24CY,0
CUST_B1KM4IIS57,0
CUST_XTJSN00K8K,0
CUST_7APHQS30DG,0
CUST_4485F3AO5V,0
CUST_3QS161PJP7,0
CUST_1M04S9UP0W,0
CUST_PDBLVN14G1,0
CUST_2JWL9TR0P7,0
CUST_M0RCR9HDZZ,0
CUST_NXZFH9EBCF,0
CUST_LP7LAX8C9R,0
CUST_7ROUNNBEC3,0
CUST_FSLFO46ZYB,0
CUST_ERGU6HWY6X,0
CUST_3UNREMMESA,0
CUST_3OJMZ40GGH,0
CUST_WXHASUHOGX,0
CUST_ABCV7ISVEJ,0
CUST_54WB43T6AM,0
CUST_QYXV9YP7PJ,0
CUST_BV6PCCW5KC,0
CUST_UEVXGP4PL8,0
CUST_FKWK62UF2V,0
CUST_8D3WFY26W3,0
CUST_JXSHAWQUAN,0
CUST_95W29TEXOL,0
CUST_LBFRYBQVHF,0
CUST_S6E1I376PX,0
CUST_KERDJESEP9,0
CUST_5B1IUW7ROC,0
CUST_GTJQ06JJNF,0
CUST_VKRSD4Z3A9,0
CUST_4VYHAZMWCY,0
CUST_1IAOZ5UW94,0
CUST_8MR3IWEEE8,0
CUST_RP04N0B385,0
CUST_BGKRIU2GNC,0
CUST_U2R9RFRYEH,0
CUST_U6KCZ0JGHO,0
CUST_F196FDZ9SA,0
CUST_JO7N9CL9GG,0
CUST_T080A0T4AK,0
CUST_LPPMRJGUZW,0
CUST_RTB7P9ROHY,0
CUST_VGQSXMNMKS,0
CUST_P8UQCS145S,0
CUST_USJYZCKU1H,0
CUST_7BIT40QCH9,0
CUST_H254EBDEUI,0
CUST_T8PN84ZMYX,0
CUST_XZKA3LFXQA,0
CUST_BT1S3XZJ13,0
CUST_L93T8RBTC4,0
CUST_RRYD40SGBB,0
CUST_VCOLLZ8LOV,0
CUST_1X70CU731K,0
CUST_0N487IOP0B,0
CUST_BNW82TVT7V,0
CUST_80N0FDXS1P,0
CUST_SBHWN26IZX,0
CUST_WV7SFREACJ,0
CUST_N1570SH9GA,0
CUST_QOQV4X7QH5,0
CUST_RUT1AIKRT0,0
CUST_MOF3YXQ0TD,0
CUST_02RZBFTHVI,0
CUST_OWD4DL2I2Q,0
CUST_BCOI0CUUEO,0
CUST_6AZW9ZPX1P,0
CUST_51FBKGE55W,0
CUST_ICCX1D1VNR,0
CUST_D0XUIZKDL8,0
CUST_DLP5R0LFOV,0
CUST_Y18UIRDCIH,0
CUST_5CHHMSA9NJ,0
CUST_ODQM6DYF7B,0
CUST_VUMAE3H737,0
CUST_HR16B0ZVNL,0
CUST_G777UKSGFD,0
CUST_ISREU7FI0K,0
CUST_ZSAWICPM4G,0
CUST_ONIYATBTQX,0
CUST_6RZU6JG95G,0
CUST_R8Y16LBLC0,0
CUST_1COHTJ1EYY,0
CUST_V7UTGC53D8,0
CUST_PDRRGTRZVL,0
CUST_RWTFN6B709,0
CUST_98ELXFTIF8,0
CUST_LTRR1XLVWF,0
CUST_XHKZQ1F1J4,0
CUST_PWBTFDH9VW,0
CUST_C3Q1CSSDY8,0
CUST_E74NVF9GAG,0
CUST_XPPO5GL9QF,0
CUST_X36UQ3G89M,0
CUST_HOY440OL4A,0
CUST_0EKG37GI73,0
CUST_K87OZPNJCW,0
CUST_TI45AIGEVD,0
CUST_GDKU1YXV3Q,0
CUST_CGUZABKFCB,0
CUST_V1Z6JQ7Z04,0
CUST_QM4CE4QQU9,0
CUST_BEDI4G0JVR,0
CUST_T92QGHLZRA,0
CUST_NNOSAIGBID,0
CUST_A0GEWS11F2,0
CUST_IE3LDI3W0Q,0
CUST_X65MBQVD1Y,0
CUST_N5Z4ZP2L9B,0
CUST_MTCUNB10YT,0
CUST_I9WFEUALMV,0
CUST_AK3APPAGN4,0
CUST_NVKNEXY5V5,0
CUST_6OJHIQKDJT,0
CUST_EI7U9KD3E0,0
CUST_DKZ806JPV2,0
CUST_VRF4Q0DK24,0
CUST_DB7XW55VE7,0
CUST_QP9LFF8PSG,0
CUST_Z378Z6XCNE,0
CUST_VMGHNY2EH3,0
CUST_XAKN7JAYIW,0
CUST_GA6DLBJSEW,0
CUST_YYMPP3K203,0
CUST_LVLQTL79S4,0
CUST_AF78X03BRH,0
CUST_TKPT71KHZN,0
CUST_699LC0E7W2,0
CUST_GUWLLSFZ9P,0
CUST_DVC1HCSYQ2,0
CUST_AX7I8RS8SS,0
CUST_2OAG6Q1P5D,0
CUST_TOAM94TXY9,0
CUST_1SJ2Z4X384,0
CUST_KKCABJB0V3,0
CUST_O5OLYJJ6WK,0
CUST_GAOSRKYI1L,0
CUST_W61EU533MB,0
CUST_9SDR4M9NZH,0
CUST_55MA84UKEH,0
CUST_CTBGKHZRLQ,0
CUST_PACPKBIWXT,0
CUST_IUFXQUELUR,0
CUST_FIDZHR6IIC,0
CUST_U6A7H9J233,0
CUST_3IWFBR2MWC,0
CUST_UEYF8XPNDH,0
CUST_ALL1RJV83O,0
CUST_9QS6LQ66R4,0
CUST_H510HBJDPI,0
CUST_6XPGQWMTO8,0
CUST_QAZ2XAA2PG,0
CUST_D3IHKESTOU,0
CUST_M5L6OTTXPL,0
CUST_AN9MGL3CNG,0
CUST_UJ9D8XGUWD,0
CUST_XUFKIRUCKV,0
CUST_5WXG0SRXJ2,0
CUST_N5AB7AK3L6,0
CUST_S9VX9O3ZLV,0
CUST_9QEDRRJOY8,0
CUST_1N423JGV0Q,0
CUST_37QS9TRR0H,0
CUST_CJSP7KQ2J1,0
CUST_D6HEHZEOVQ,0
CUST_9C9WO846BA,0
CUST_FALXN0IM79,0
CUST_MQMWDNIOMF,0
CUST_T9QSM8H3U1,0
CUST_FN4ZRN9L8I,0
CUST_C3MILPLXT0,0
CUST_65NEZQ7E05,0
CUST_TSRCOZ8UWU,0
CUST_6QZZGDJXYD,0
CUST_0S1JZL5BWC,0
CUST_4KO99AGOBV,0
CUST_GMI0MPMZLK,0
CUST_VBC440SDV0,0
CUST_5TJU24TO4C,0
CUST_T1YV53KEUA,0
CUST_63SJIVOVP6,0
CUST_UH74ZZF6HB,0
CUST_1JF0XVSLUP,0
CUST_C9VMB5TI7V,0
CUST_ZT2BNA7CNR,0
CUST_M1JCCGVZ91,0
CUST_3J6UHDS6Q0,0
CUST_MTFYTB4OCB,0
CUST_EV5VXRUEQO,0
CUST_32KA1XMCS2,0
CUST_XLFDPAL5UI,0
CUST_4S2G4PH93F,0
CUST_89H7QAUCPF,0
CUST_ZM9TEIYKW5,0
CUST_B51KCB6OIZ,0
CUST_5VJ8TLVM09,0
CUST_0RVGK76YA0,0
CUST_4PITJYAY70,0
CUST_Z2SJHNKBHS,0
CUST_M45GP1FPZA,0
CUST_2GIA6CVY0A,0
CUST_1OTRKIU8JC,0
CUST_T7Y3U4O69J,0
CUST_XYA3A3VPU7,0
CUST_NHV6D2ZCZU,0
CUST_KQ78GVSS2L,0
CUST_60OF7DJAB0,0
CUST_N9XBB3KE99,0
CUST_CFIXPGXY2F,0
CUST_MFMGGIAIKW,0
CUST_UCNRXJZAM6,0
CUST_ZSOLOI6VM2,0
CUST_OBL4NXIYQI,0
CUST_TW84B30H33,0
CUST_FA0IZVZ8FX,0
CUST_GVQ2TA45UK,0
CUST_KDFCBAYWC0,0
CUST_431XK68BOJ,0
CUST_BAVA0IQF7X,0
CUST_B7FQLWG8NH,0
CUST_N9TU3YLL0E,0
CUST_AUF1GQ2QKE,0
CUST_J6ZPBG8J9A,0
CUST_HNH36LWSFB,0
CUST_463HEFMDOY,0
CUST_BWSCDVM8Y6,0
CUST_MM6BC2QBZL,0
CUST_TUD2E3EF7N,0
CUST_Z2NPUHWZ20,0
CUST_QUT9F62GE5,0
CUST_I46LVDAGXU,0
CUST_KHM2HCRJPO,0
CUST_NKBJW7B87S,0
CUST_2AL5RI4TBM,0
CUST_IKDZ0DYE3U,0
CUST_MZC2DRNTX3,0
CUST_3E6AEHVSY4,0
CUST_CMCCSBSOLG,0
CUST_B47FVIIYXZ,0
CUST_NHJ8LHYH62,0
CUST_WJO27CM3LS,0
CUST_6FV1MJIO7F,0
CUST_DO4EXPGOES,0
CUST_9NEIIPHXWZ,0
CUST_YB45NP2PXW,0
CUST_1WJWKRNPTR,0
CUST_WAPUQPB346,0
CUST_4Y27VY3YJR,0
CUST_KESU2F3ND2,0
CUST_ZYXZSPVZ1T,0
CUST_JT1AOGANCC,0
CUST_3J0IZFU057,0
CUST_VEMJQ8KN1O,0
CUST_ZOAJGS9P7J,0
CUST_WMJHOZBQ39,0
CUST_2V5HY3AWDG,0
CUST_8BXEP45NMD,0
CUST_UOLHEPB9K8,0
CUST_IV7IDLL7WY,0
CUST_7DQ3WTKDOU,0
CUST_RH82ZX6SK7,0
CUST_53M5D97ZOI,0
CUST_2YIZKDXBJ1,0
CUST_R416QP9GP6,0
CUST_83FZD4OZXC,0
CUST_DG5NWSC62V,0
CUST_BCWCIJQ72K,0
CUST_MU9I9GFCJK,0
CUST_H3VVTXHV5B,0
CUST_V488GWBID7,0
CUST_YZF6FEXTEE,0
CUST_DCWPDU7YRY,0
CUST_23WHZR65DQ,0
CUST_Q8S9HGHRXY,0
CUST_G2KNDS0765,0
CUST_L3221FBHBO,0
CUST_R50DC7YI8J,0
CUST_769HF5CFQB,0
CUST_8Y3A01X6UR,0
CUST_EYU7JJ7BY1,0
CUST_9JCNXNMQ23,0
CUST_Z7UYIGS5K9,0
CUST_7FPUK4E391,0
CUST_W017DTAEQE,0
CUST_6LTWUJH96W,0
CUST_A5JUY79LIM,0
CUST_FY4NK236NH,0
CUST_UWKO61OMQL,0
CUST_DDZNW30WLC,0
CUST_LFZM7EHS2U,0
CUST_Q3PTTZQU7B,0
CUST_IJR7KD1U6N,0
CUST_E9B7TXH3KP,0
CUST_XVN9VP0O5Y,0
CUST_J21EY51X6R,0
CUST_WP2I82ST9F,0
CUST_ROF4NG52GL,0
CUST_ECD9CF3GOS,0
CUST_K2ES317MFS,0
CUST_X0R9LNAPLD,0
CUST_7TGATF89H1,0
CUST_D7Q67X9U3U,0
CUST_ZNN0WENE37,0
CUST_8EA9MWTWCR,0
CUST_DZ0SYNC0JM,0
CUST_FEV150FUYI,0
CUST_7D05FRFM4V,0
CUST_EO1NYNMQSR,0
CUST_JI190XTR5R,0
CUST_Z25ZB1ZLRV,0
CUST_29G8QWSVGD,0
CUST_KZ9HTH6G72,0
CUST_9R6FRLAIDN,0
CUST_UYA8W2FKTO,0
CUST_HZEHD9MY6O,0
CUST_VOCODZRVZQ,0
CUST_AMCJZVFUTB,0
CUST_IHKM1EJEFI,0
CUST_PJRCEUJAGN,0
CUST_ABD7R82QF9,0
CUST_N6RKHSIKDC,0
CUST_XCD0VT4NQ2,0
CUST_WH24BDIYM1,0
CUST_PRPFCATYZ5,0
CUST_3KK3CCZJCB,0
CUST_R6GC4KG6VG,0
CUST_OURRBE9HEZ,0
CUST_87Q2BBEZD8,0
CUST_ZL5IRUZTTN,0
CUST_LN0LY20VRY,0
CUST_ZGYF2TE9VM,0
CUST_SK8IS1UBWD,0
CUST_1RHY81H4QK,0
CUST_XCDK1DEFO0,0
CUST_O0KELNW5W5,0
CUST_UXK255M4F5,0
CUST_DIQWQR8LLD,0
CUST_7DHX3790GE,0
CUST_49JJKYOJ9F,0
CUST_FZ6YYZMR61,0
CUST_W9HI1LEC2F,0
CUST_HOURYELFRB,0
CUST_KKHGD7Q6UC,0
CUST_2R07FPZVTX,0
CUST_10D0YB8SYK,0
CUST_8UEK87HIOL,0
CUST_YI12CMBN5B,0
CUST_4GA0YS3HCR,0
CUST_LGPNOL82GL,0
CUST_IP7ND1E9SF,0
CUST_305FJ8GU4S,0
CUST_WSZJ7IWYKA,0
CUST_3WU7FRRNT6,0
CUST_I0Y2GDUCKD,0
CUST_484EW77ULH,0
CUST_YAHGIBF9BU,0
CUST_7L46TB1K0F,0
CUST_RA95Q0XTUW,0
CUST_YW0OP8DO7C,0
CUST_CFNJ8U3O8D,0
CUST_8609GVKI7C,0
CUST_97LNE6HMNR,0
CUST_UY0NPGVXKG,0
CUST_IOSDOR0ASQ,0
CUST_45DS77LSDP,0
CUST_Z2FIEJA8UX,0
CUST_A6RKFKWYGU,0
CUST_HGYQWG9Z2W,0
CUST_C6IRKK9R7W,0
CUST_H46XITCKNK,0
CUST_WJPOVZJGM2,0
CUST_O2FOWXU6RK,0
CUST_EFZAELX3QP,0
CUST_1I3QBJ9BA4,0
CUST_ZB1FEU5G0R,0
CUST_9VJLLYWMBW,0
CUST_MX1HLJI2YV,0
CUST_V0F0TNQZMH,0
CUST_69IX7OCMJU,0
CUST_90B53CJ2EC,0
CUST_DQPISITEUF,0
CUST_N83P7347IM,0
CUST_N5JGGEKKNN,0
CUST_362BCJ2TXH,0
CUST_GP0GDLJI9Y,0
CUST_4BVWP1X51E,0
CUST_V0TWYTU75Z,0
CUST_CLW6HUXDWM,0
CUST_D70MY8IXAS,0
CUST_SIK4SLWL0N,0
CUST_4Z4D0ULQID,0
CUST_WKOICFE1VC,0
CUST_B5OJRS7SZM,0
CUST_YEJZJQNF96,0
CUST_1QQCZHXR0U,0
CUST_ZRKQQPN0C6,0
CUST_KDY20S64WA,0
CUST_KDD2562WC6,0
CUST_NME47HAE9P,0
CUST_3MITO1U0X0,0
CUST_TWCG5V2QUA,0
CUST_XZYP89MS36,0
CUST_OWDUZDFERF,0
CUST_ZN25Z4598G,0
CUST_06U55JY8SO,0
CUST_A81UGH227H,0
CUST_057SHOWILP,0
CUST_H28DKI1564,0
CUST_HKER3D8QAF,0
CUST_6MG678RSOI,0
CUST_XDBTLVLL8K,0
CUST_F2JJ0FP2YA,0
CUST_2K4GLZQ48J,0
CUST_S5GTG9PE0U,0
CUST_EU3YDUCSA7,0
CUST_W20DQ1KFAZ,0
CUST_LHG7MSIYQ7,0
CUST_MJ5OOSKHOC,0
CUST_3GD3BI9T5F,0
CUST_V3129BBART,0
CUST_VRFQWUGI4C,0
CUST_CNDNC86Z0B,0
CUST_IH0WIPATWO,0
CUST_CB1TDP02ZL,0
CUST_7MCVKKW93A,0
CUST_IFUI5LLE1P,0
CUST_VZLBGOK1GW,0
CUST_2ZCSSX7LNL,0
CUST_GJ36S6U2DW,0
CUST_QV6PJM86EP,0
CUST_OB8PK7YOXM,0
CUST_3K99LX7UUO,0
CUST_JK90Y43JWX,0
CUST_T081KMDCBY,0
CUST_1VLMJY3J1R,0
CUST_VQQBPH2SBS,0
CUST_1DF2L4L4H8,0
CUST_LADFGNFUDW,0
CUST_OXXZAP4T6F,0
CUST_6K51G3E83G,0
CUST_8RO7PB4AOD,0
CUST_B1B0O82D4Z,0
CUST_4W01MAMV78,0
CUST_1L00OK15BL,0
CUST_TGRM90JFV8,0
CUST_7MBJLXKL31,0
CUST_Q5EUBQVA1H,0
CUST_WTROV86E6L,0
CUST_6X41GNGW6F,0
CUST_V2F5B20YED,0
CUST_XFA720URRQ,0
CUST_OK0U236TPF,0
CUST_7W6CLTMFZ6,0
CUST_UOJND1LGKZ,0
CUST_WPZ4UHEJPB,0
CUST_DZU7X6AE68,0
CUST_82CZLX742F,0
CUST_HNI6IWSC5Z,0
CUST_1VZIFNFJKC,0
CUST_L81CT6R227,0
CUST_D3JSMZF2EV,0
CUST_FQY8QQC50I,0
CUST_UP3N4NM2CH,0
CUST_FWSCZ02ALW,0
CUST_1T1M8WU29B,0
CUST_543R3Z3PUB,0
CUST_ZFB8HFBFJP,0
CUST_KXF6R3VYYY,0
CUST_OQFX1B5CEU,0
CUST_F90DK164RQ,0
CUST_EK9GQF43NZ,0
CUST_AZS7RXRLH8,0
CUST_03635B4P1C,0
CUST_6HISRP23DP,0
CUST_9HR938BTCH,0
CUST_ZSN38ELDWJ,0
CUST_DTRNR5VM5F,0
CUST_UYLP6937AT,0
CUST_FXR573UGP3,0
CUST_LT3HQPF790,0
CUST_4WPLB39XT6,0
CUST_DK0KEOXTZS,0
CUST_IIW9ISOM9M,0
CUST_M802XQIVLW,0
CUST_WYHTQB7BIX,0
CUST_E42JKOUTY8,0
CUST_HDYNNE5NQ6,0
CUST_GUUXP6I8NF,0
CUST_PLBQQEOBBW,0
CUST_HAIUWUAEP2,0
CUST_ACBM382EBQ,0
CUST_YTST86AMV4,0
CUST_5N81BZGU08,0
CUST_FKQS6U33HV,0
CUST_KDPKP9TB4T,0
CUST_2GIFA73VLH,0
CUST_D3ZGTD1NMJ,0
CUST_J48BUCZWA5,0
CUST_DFVLO6WZXB,0
CUST_S10MZOQR9U,0
CUST_74OCP33JQ4,0
CUST_FZGFGA1BMF,0
CUST_UB6NB7SL49,0
CUST_HS3Z7VXUQW,0
CUST_1PQE5H7Z3M,0
CUST_3J1U3DN01G,0
CUST_YK7B6TTTWP,0
CUST_0TY40YRB68,0
CUST_3HEC860JBW,0
CUST_0FQLY3TWB0,0
CUST_8SLLMUITLB,0
CUST_A9BBV4ZQX3,0
CUST_LW891TSJV7,0
CUST_SRK89U8I3B,0
CUST_3TRGLPECG7,0
CUST_2ILVHKA7A4,0
CUST_RI19JF9PEA,0
CUST_MAEPEV66VE,0
CUST_Q2661EN601,0
CUST_AHMCS9CSGC,0
CUST_LQ2U62DSRS,0
CUST_VAU9FUGSSE,0
CUST_VQ73PZZJ66,0
CUST_2B8ZU0ZSKO,0
CUST_FQGNP4T3PW,0
CUST_D6SROTNT5G,0
CUST_EUFK5TZKZC,0
CUST_C014JSJD63,0
CUST_E2EH4KCBE9,0
CUST_JOQ6UP0BWY,0
CUST_QZB09JTSHS,0
CUST_9G3E1L2525,0
CUST_DYN9IXKX0Z,0
CUST_93KEO4WPHG,0
CUST_1O3S4WUUC8,0
CUST_2NFDWLB9ZZ,0
CUST_HAT1MYGQ4C,0
CUST_5GF15ZNBLZ,0
CUST_PXNY27W2YC,0
CUST_893B89INLY,0
CUST_AX62TIH0VN,0
CUST_A3BAVHYTPX,0
CUST_VI4OR9J6QI,0
CUST_GALLYS3SCS,0
CUST_ODILACFKQ4,0
CUST_4VU5KSWZ05,0
CUST_BRWC35KMCG,0
CUST_1Y58Z152V4,0
CUST_7FFDAV9ZZG,0
CUST_KH1GKZM9D1,0
CUST_Y09BXTA4X0,0
CUST_XP8S4OV1QH,0
CUST_1LLDB9AK8P,0
CUST_B8KRNKLYUX,0
CUST_H01SFVL3JD,0
CUST_1JLPRDDWP4,0
CUST_380R7XI9V3,0
CUST_2I8IJCFPW7,0
CUST_RMOZYD1MQN,0
CUST_IK0TELMGSS,0
CUST_GXDCKP06MI,0
CUST_U8ISVG8USG,0
CUST_Y78QMQD72O,0
CUST_WKURX0ZZ9B,0
CUST_91JBTSYVPA,0
CUST_XC2OXOFNR0,0
CUST_3B46EMQA2V,0
CUST_K1GKK6RF35,0
CUST_9HGQA3MQ0Z,0
CUST_ND2YQCDW1V,0
CUST_L8CJKY2AT0,0
CUST_AAKJ69YN5R,0
CUST_8WZK5RHZ0X,0
CUST_0LJTLYLOFJ,0
CUST_PMVIWOBG7B,0
CUST_4T795WFKP0,0
CUST_3B68VVLE8A,0
CUST_OXA62HR6LI,0
CUST_JAAO1PDNM7,0
CUST_KP5CWS1ZGY,0
CUST_50KB8XP3WS,0
CUST_WIL94WK2HC,0
CUST_NE8LTIXX15,0
CUST_PWLGZO2V5R,0
CUST_Y5S6MO28CV,0
CUST_4AZ5K5JQGY,0
CUST_HT0PGGO471,0
CUST_9M7E17GXHG,0
CUST_768VUKB1RJ,0
CUST_UB3MS91PBM,0
CUST_OKEIGB2QQW,0
CUST_EEBZ14XPM1,0
CUST_ACCNHXNR9H,0
CUST_5VZ16KAMO7,0
CUST_KQ9Y6L3XAM,0
CUST_SRCYB9O261,0
CUST_IOFY7ORWMU,0
CUST_YDYSX46YXD,0
CUST_683T9GWM4A,0
CUST_L2YB0AFWW3,0
CUST_UZKY8BZCBG,0
CUST_83IZQI4AJK,0
CUST_IJCWYST0NB,0
CUST_W16C0HFT0R,0
CUST_SK01BHUIRW,0
CUST_OU8GM3IYR6,0
CUST_4UHYO5BIZC,0
CUST_JYAQ01J69E,0
CUST_XSWO793G2S,0
CUST_TYIZ26C3KM,0
CUST_9R20CXRPQC,0
CUST_6TMMNM5HOF,0
CUST_ND4RH4B3OL,0
CUST_ZI9PHZBG27,0
CUST_ST4BW799H1,0
CUST_3656RK9EDJ,0
CUST_GT2DQVB7YV,0
CUST_NRR4WXQZR2,0
CUST_7D7CHVJ7H9,0
CUST_CAB1ZKZB6V,0
CUST_KZGIQ8J40O,0
CUST_QWHFYAQT3O,0
CUST_PPHBATZCQN,0
CUST_QB7OPV1ZVR,0
CUST_AK79IUD2BL,0
CUST_ZJWU7K4C6V,0
CUST_8UF8B9KVCA,0
CUST_3B43VOO7X6,0
CUST_VNWRXD7E4J,0
CUST_SJMXHCUJMD,0
CUST_P245KJ3F3X,0
CUST_Z0NQ1G8VGC,0
CUST_GDWMROI88D,0
CUST_AIGRTG9UL7,0
CUST_8I27FQ2TAD,0
CUST_YTU8JYQMFU,0
CUST_1RA2ITYOG4,0
CUST_AH7M36VI4Q,0
CUST_TIBITUC4MT,0
CUST_OB85XQL80K,0
CUST_35MH3TJHAV,0
CUST_A5YP9WOBHW,0
CUST_FNNUUYWAB9,0
CUST_XJSCJQXXPI,0
CUST_257Z45U79H,0
CUST_IJT58H5A78,0
CUST_AI5FQ8OT0F,0
CUST_6VPT3M5YSZ,0
CUST_VR11NXORQA,0
CUST_LP4M6M2S9O,0
CUST_GYIETE29B5,0
CUST_PJ97BMGQ2N,0
CUST_3WL5GGXXKU,0
CUST_UIJMK17RQ4,0
CUST_7VBZI53JQQ,0
CUST_UVUO360YPF,0
CUST_HRTBEBVG9W,0
CUST_IBDCXSXRJ3,0
CUST_CP9BE9CRGI,0
CUST_QOE8LCO863,0
CUST_FTGSMPEQNR,0
CUST_LR3X7HCQEW,0
CUST_VX6TLAMUQP,0
CUST_WZPC85L75Y,0
CUST_35IEE57XH0,0
CUST_VAAXEJ2TTR,0
CUST_BVV4JG3RGW,0
CUST_MMX4J5DNQ9,0
CUST_LJP3RI1ZQ6,0
CUST_LGEH35ZGJV,0
CUST_X7TX9HUU61,0
CUST_5JETGY9W1O,0
CUST_CBQ9AW75B9,0
CUST_VSZWD87NQ2,0
CUST_DK7PBCZ3QR,0
CUST_5Y2PQ82BX8,0
CUST_WVSAH642FX,0
CUST_CNKPOWKXLA,0
CUST_FREVED8BMQ,0
CUST_QDRWYUQ90Q,0
CUST_F8ZIC78WJI,0
CUST_S67KKLKWP9,0
CUST_1CX9OPV92G,0
CUST_6EJFQUCEEK,0
CUST_L3YUQLJETB,0
CUST_89P40RVRHE,0
CUST_R2D0DL491Y,0
CUST_Q1HN34CK9Q,0
CUST_5XCCZWHL3K,0
CUST_X1OCS6NX7M,0
CUST_59HYLIRG5B,0
CUST_H4ZMYTUW8H,0
CUST_0VZBOCINCQ,0
CUST_0AIYV8NIR8,0
CUST_UU98T2HUYW,0
CUST_TN7YFGNWWR,0
CUST_UTOHFBJ6VA,0
CUST_M0PJ1VXQDB,0
CUST_TZGBK4Q294,0
CUST_NUTC7N16BP,0
CUST_2Z2UNHMESW,0
CUST_Y4O8LAWY32,0
CUST_ZEZOWA4IX9,0
CUST_GXKTKFGEXU,0
CUST_F83L89LCLZ,0
CUST_FSZ0BF43DI,0
CUST_HI8J9KW0O0,0
CUST_98MNFQOYIJ,0
CUST_AENSGC5UFH,0
CUST_2NVDBJJPA4,0
CUST_R5APH3T1H3,0
CUST_8Z44VBO33L,0
CUST_K98R7A2UEX,0
CUST_ZN8AH94TV5,0
CUST_K7FL8BFCWL,0
CUST_NBNSS8VOXK,0
CUST_JSEN577BIW,0
CUST_TVL1ZDK5V5,0
CUST_T7RWQ8C0XF,0
CUST_7HRVPVMR8Q,0
CUST_UZD2MX7UEP,0
CUST_076MWQPQ04,0
CUST_MIW1TRA439,0
CUST_SCG68O1DKG,0
CUST_C3Y7A35BXZ,0
CUST_EX1AGG1M2P,0
CUST_L30NTX2NJW,0
CUST_CPY7HI4W6B,0
CUST_V1FVG0GVG0,0
CUST_1YNWW8N5S6,0
CUST_W48QDF5LYA,0
CUST_L77A8XFWQH,0
CUST_DD4K8EJP1Z,0
CUST_DUFOT536OK,0
CUST_SG2MBDXC6X,0
CUST_YA6YQP5PKH,0
CUST_IXHIL8YN02,0
CUST_7VZMEC1H4C,0
CUST_D6J3A8KA4W,0
CUST_Q7ERJLOQYC,0
CUST_U4F34035KP,0
CUST_RDWUQ1S5IP,0
CUST_JE3DNL4Z4W,0
CUST_0HIJY18PIT,0
CUST_BFDIZ2FLPV,0
CUST_CG8MH3577T,0
CUST_T7CX72K1FO,0
CUST_VPJ35W85AN,0
CUST_V1UW6C7LHA,0
CUST_HD6FJ7AZEH,0
CUST_KAXUCKHJES,0
CUST_V4LPJQN62I,0
CUST_FZB1VMN0PZ,0
CUST_DV20KJEL77,0
CUST_S731GFA66S,0
CUST_FTE1GEHAMJ,0
CUST_1A8WFM7GJA,0
CUST_WAAN0H3UZN,0
CUST_2KSWETL1HZ,0
CUST_7A0Z3YYRX8,0
CUST_14CN5U2ZKV,0
CUST_QI2OLIGW5Q,0
CUST_7EXX5OYV5Y,0
CUST_DIUFVFYQUA,0
CUST_RSE9R9IL4O,0
CUST_J29DT6HFRT,0
CUST_BJOCRTQ1EH,0
CUST_LRLCE7R271,0
CUST_GM341QBIU9,0
CUST_4JSRXHCJ1N,0
CUST_FF021VBR1G,0
CUST_BLZ9A8EPK1,0
CUST_SIPYH5BX96,0
CUST_KOLOY1722H,0
CUST_KYJ9JXDAYQ,0
CUST_V9L7PGYCU7,0
CUST_RD7HPM1972,0
CUST_BPUHUAI1AK,0
CUST_2GFKV9S2ZH,0
CUST_UMW3TUXPFU,0
CUST_GTS3KPJYRV,0
CUST_K1HIPLOKP3,0
CUST_Z641WH5VAU,0
CUST_CPU3QV1V4K,0
CUST_FEX8GXXTX8,0
CUST_WRR80KQ5KW,0
CUST_O61033AXYN,0
CUST_QRZ2FW4O6J,0
CUST_LCHPF06SAA,0
CUST_NVO67UX3W3,0
CUST_68G16HJWFH,0
CUST_LY76TGW37N,0
CUST_E4OP9PD3AN,0
CUST_SUTZ0CUY5V,0
CUST_KCBL2MDMPP,0
CUST_1SNMOJG3QM,0
CUST_9UVHW34AFQ,0
CUST_BULZOVN9F6,0
CUST_QA87Q5PGC9,0
CUST_HDVA4XVPPI,0
CUST_3ZXCXUJ3EB,0
CUST_N0MHNY8897,0
CUST_MZQWQ803H3,0
CUST_27MZW3FJIJ,0
CUST_I3O9TZ2Z35,0
CUST_UEQE2J4FUN,0
CUST_6G3G6OB8O3,0
CUST_SZQWEJ7JA2,0
CUST_N49NUAH2ZX,0
CUST_MRHY1SODY2,0
CUST_LJV2N1N5EA,0
CUST_PKCHVNGWQY,0
CUST_L2PI06V9HZ,0
CUST_DEH9245SDO,0
CUST_Z5U5FDGGLP,0
CUST_JJO8K0BY33,0
CUST_HZ7QHI49QX,0
CUST_0B473UNANF,0
CUST_GNVCZU7OQQ,0
CUST_S1NRQXWROL,0
CUST_Q00HL5X5ZD,0
CUST_IKJST5TY2O,0
CUST_NRZ8K9RZ51,0
CUST_EZ7MZ6Q6NF,0
CUST_JEJKM0JVDP,0
CUST_7FY7HBG5DS,0
CUST_20OMIWBUEV,0
CUST_377H4KRB39,0
CUST_E064EF23NE,0
CUST_UAQK0AAXJA,0
CUST_AJ4RVM3258,0
CUST_29C86TPGWS,0
CUST_FQ047Y7GJQ,0
CUST_98Y9W56XL4,0
CUST_OCQXXPX9HC,0
CUST_PXVJHHJASQ,0
CUST_80U39AYXBA,0
CUST_BE2TPEX8UK,0
CUST_YWT9S41RYD,0
CUST_MTRGG3LQBK,0
CUST_G3JERKZT2N,0
CUST_ZF0S62BP47,0
CUST_OV31D0RHL0,0
CUST_HJJ20NBTBB,0
CUST_5PURNUAPQ0,0
CUST_MQFU0456PK,0
CUST_V96XV04YJP,0
CUST_SS46F2W9N9,0
CUST_AINCG4M6KQ,0
CUST_1V8EZFAHFU,0
CUST_T2QKT7DNFM,0
CUST_KXLKM6BT6U,0
CUST_AI3E1SJRG5,0
CUST_E466498KGB,0
CUST_A0XGSEP6HI,0
CUST_5Q1TDXVPCD,0
CUST_PNX073GWJI,0
CUST_VZSSTJUWAQ,0
CUST_OC4K4AM1IW,0
CUST_D41FXN4H1G,0
CUST_S3WYK8QRHK,0
CUST_MB4RBWJ65Z,0
CUST_ZUXUOQNLZ9,0
CUST_EP1HLHQ50C,0
CUST_5RY9S3MZ1K,0
CUST_VBB0AK4A4Q,0
CUST_O6JH3B8LAD,0
CUST_8A9NAST2G3,0
CUST_Y05AH92ENA,0
CUST_ZCZBBIZY18,0
CUST_N2AWPZUG7U,0
CUST_GMX12QE23Z,0
CUST_XRYTWPIRPD,0
CUST_YH6BNXGQXZ,0
CUST_55WHP3331M,0
CUST_3G4PH17DN7,0
CUST_UEE5MV8K6P,0
CUST_SD116HXHC9,0
CUST_FGSIS1T0A1,0
CUST_CKJTF3OVDB,0
CUST_J81O719X9U,0
CUST_2FWXJC7IS0,0
CUST_APHWNGO02O,0
CUST_K61WOMUU82,0
CUST_YAFRN8LGJZ,0
CUST_WR28BI64TR,0
CUST_19D0WB8IEK,0
CUST_VFDB5PAGE0,0
CUST_QU2BUW76TN,0
CUST_U8JGKHU6Y0,0
CUST_D5SW6NA038,0
CUST_U4L9L0HH0U,0
CUST_A202B0VTY5,0
CUST_SVCC2JKI30,0
CUST_2IJNT3VT0M,0
CUST_E00S6Z7KZQ,0
CUST_L40NJ7KE42,0
CUST_G4LIDD9MU5,0
CUST_GX36SMWE2A,0
CUST_NKLE26BG6D,0
CUST_ML22NW4CY4,0
CUST_LZ9K15SX6S,0
CUST_LJ35Y6NOR3,0
CUST_F1Q9AE52BC,0
CUST_NPVV0A4P8D,0
CUST_2742FBR09R,0
CUST_QJTLRYB7UW,0
CUST_07MYSLMOMK,0
CUST_NHYOW092EH,0
CUST_0CC71UGOPJ,0
CUST_BQLQBRGR2C,0
CUST_WZJTH33MX3,0
CUST_YEKUA2U8VQ,0
CUST_04W0Z5SWRA,0
CUST_A2X2K17JIC,0
CUST_J8OQ5EEJSS,0
CUST_H80V3KBOVI,0
CUST_FJNK9G4NYW,0
CUST_3FQIGZDKA1,0
CUST_NUDBCPN3SP,0
CUST_37HCZX8MQX,0
CUST_XEDKGJFZ2R,0
CUST_ZBJO9723Q4,0
CUST_MH1V4WG5NM,0
CUST_UD2MKPH1VL,0
CUST_JCUF68UU2N,0
CUST_OCJ6MK8SL6,0
CUST_3AFJ8W5MZ0,0
CUST_0OQHXLDG0R,0
CUST_MN09MQSUC9,0
CUST_46VTKYID29,0
CUST_XSE5T88D6R,0
CUST_H8Z6AEI6VZ,0
CUST_5FBCGYHVG3,0
CUST_RYXC7WHZYO,0
CUST_XLZ26ODFW7,0
CUST_7FEUDFL65T,0
CUST_O0JLWZDNEZ,0
CUST_4BUPU4VN6M,0
CUST_XHMDXJU5ZZ,0
CUST_HH71XBBUKU,0
CUST_WJXUGUY30F,0
CUST_SZT2FUFVIW,0
CUST_HKRL4I6WRE,0
CUST_XAOI6BPQQO,0
CUST_CKYUJ736RY,0
CUST_Q0LRP2V5UT,0
CUST_EM7Q91MSKW,0
CUST_HJIZVEDG1V,0
CUST_4UCZWDC6VR,0
CUST_2F1T56OS78,0
CUST_9PL9JDN6QD,0
CUST_OE257HU996,0
CUST_J696ZWZ3GU,0
CUST_G79MCUS6QX,0
CUST_9JOQXDEOAB,0
CUST_HSTU9DMKRB,0
CUST_G4MZL5CN8H,0
CUST_Q0QPBGI5ZL,0
CUST_RTCK58IRXK,0
CUST_2LK18J6L7R,0
CUST_UEFQ5G7BVI,0
CUST_V0BTPA17J7,0
CUST_FB21W36VZ3,0
CUST_YWW0GHW65H,0
CUST_2WE779RDON,0
CUST_VOTC0GJN4M,0
CUST_7KIERZ5J82,0
CUST_GL3MNNXO4C,0
CUST_GJHTNR32NX,0
CUST_FHLXPSGBAQ,0
CUST_T15XJCHB9V,0
CUST_0XPT0DQ6XJ,0
CUST_HJM225RCZY,0
CUST_EG078A1J60,0
CUST_5KWBGG2CIQ,0
CUST_XV7O68EYQS,0
CUST_U7M489AF5N,0
CUST_SUELDFZTRZ,0
CUST_XHQF9EBKKY,0
CUST_UEIIZHTH8L,0
CUST_HIRO2TXP7G,0
CUST_35MYEXH8CR,0
CUST_FZUSTJ27D4,0
CUST_1YVJAS04KJ,0
CUST_0HBJEKM1CH,0
CUST_X0ZBEWYDV1,0
CUST_JJXKN8AJ1Y,0
CUST_5KCPTI3VN6,0
CUST_LEC0J301H9,0
CUST_TZY02XNXIT,0
CUST_0K3055C6QC,0
CUST_Y33YSX45FY,0
CUST_I0RW3J7IT3,0
CUST_VV793ZI3S9,0
CUST_OGMAGN59TK,0
CUST_9LSH21SXG4,0
CUST_3S0NF23ILB,0
CUST_FIBMCLKC5E,0
CUST_OZGPSUEKMT,0
CUST_P1LL913KJ4,0
CUST_HN38J6AS1X,0
CUST_URG8BCY3YD,0
CUST_3X6BTWHMOR,0
CUST_C3HD9HRLEO,0
CUST_UC5J7DMUWM,0
CUST_2X75G0221J,0
CUST_V2J69Z8XTP,0
CUST_6XUS0Y55J8,0
CUST_1FDAGKM4F0,0
CUST_D38WSJUASY,0
CUST_ZVJU4U23DE,0
CUST_4PL6YYSLJF,0
CUST_9CIRBK70B0,0
CUST_N7UCVAOH77,0
CUST_5IKG4XMRL2,0
CUST_WWGCFCUGK4,0
CUST_1TSKP80YYS,0
CUST_78WW5UNKY2,0
CUST_G2PH0G0O50,0
CUST_K942DJRO2O,0
CUST_4ER26BBSFM,0
CUST_A2H0IHC9GS,0
CUST_QTIUJ3UNYN,0
CUST_2HVDVVHUB5,0
CUST_AQBVLTFS9A,0
CUST_3EPV9NZ1EA,0
CUST_CI83LZT4DV,0
CUST_U3GUS3HR6L,0
CUST_TRZTU7N0RB,0
CUST_HMV83F44JA,0
CUST_ZBVIBYI5MK,0
CUST_WP9NE2PRQ9,0
CUST_S7F06HBNUN,0
CUST_NVANBQG37X,0
CUST_M3MX09HRNW,0
CUST_1RHB27OW62,0
CUST_7L83FVQK5F,0
CUST_WTAOUMSHB4,0
CUST_NT1CN8F6MD,0
CUST_TWTWR8GXPY,0
CUST_90H59CB22Z,0
CUST_9FQE6YI2KQ,0
CUST_JFMT39TG8B,0
CUST_5FM5V4A2W6,0
CUST_RR8ONAC6SE,0
CUST_FEMJDS4N1C,0
CUST_RI616FIYXL,0
CUST_J0U5JEGFJK,0
CUST_XIIWYIZT14,0
CUST_7F1AME8YBK,0
CUST_VZT2CCW9PT,0
CUST_6WDO6PYQVE,0
CUST_IZ7ECM6EIX,0
CUST_UPKLBAJQD7,0
CUST_XU54MMEEGF,0
CUST_EYAGPOW1YS,0
CUST_JG1N9EDKPF,0
CUST_OASESPUY2I,0
CUST_K5QYAP4SKZ,0
CUST_UU3KKC563B,0
CUST_5S3D82LIK3,0
CUST_DAQMA8QD7Q,0
CUST_YD71559IXJ,0
CUST_E0WK92VL8B,0
CUST_L60T9FAWNB,0
CUST_53NFF8H2G6,0
CUST_AI6SGJXZX1,0
CUST_N6HSQ7A6D9,0
CUST_2HFFOV70G9,0
CUST_9Z070B68SE,0
CUST_MZ9X3JMW7N,0
CUST_DFAZCD1ZYU,0
CUST_5YNE450UTT,0
CUST_DMTO8VB8A8,0
CUST_76GZ2OMI61,0
CUST_WJGAEYN044,0
CUST_9RFSYJMMQM,0
CUST_3K4PSQMUES,0
CUST_MQKXXMRCRW,0
CUST_9AEIN8P0MK,0
CUST_2389G9SFMV,0
CUST_N5Q46U3D0G,0
CUST_FSOW9A72LB,0
CUST_I523NAVGS8,0
CUST_IQ4V7T2SGG,0
CUST_5I990EP28K,0
CUST_45MTCDPATY,0
CUST_ZQQQSL8THB,0
CUST_5KH0RJQEEZ,0
CUST_2YIRTLISN4,0
CUST_1KSTA1Q0L6,0
CUST_T630S4PMKM,0
CUST_3CJK951SUY,0
CUST_KDWFUT13U4,0
CUST_JNYZ1W7OKK,0
CUST_97OW44Z0VR,0
CUST_88B8YSQ9NP,0
CUST_W68AFRFHFA,0
CUST_9QEQ5LNFQK,0
CUST_FAS80QPTFU,0
CUST_AOXHD1VRC2,0
CUST_GO064K834P,0
CUST_CRWWWAX2GZ,0
CUST_46CCR1LX5E,0
CUST_GJZYMXI9QW,0
CUST_G2XO8ERLKL,0
CUST_7O2LQCAIV9,0
CUST_6KWAE72DPZ,0
CUST_827H79PNEB,0
CUST_RECNLRFP66,0
CUST_PA7SI6IBCB,0
CUST_EKOVCLV7AB,0
CUST_D2LDHL0FP5,0
CUST_UXDRGKWFC6,0
CUST_S6OLLXEZML,0
CUST_5XTGFV2INX,0
CUST_7K2J4TQ1E5,0
CUST_5M6E4QQPK5,0
CUST_OS5B18HZKF,0
CUST_DXOXTUWQLN,0
CUST_REBITKUYAS,0
CUST_0BPG6EWGUB,0
CUST_O3LOVTLCHN,0
CUST_LN1GH84JLI,0
CUST_R8M5PSS3PT,0
CUST_MXQ37GLV1N,0
CUST_BOEZKKS5QI,0
CUST_NQGCR93SHD,0
CUST_M5GB7JPUVL,0
CUST_JS0D56UE4X,0
CUST_1LEFFDVOMF,0
CUST_ECXX1FPC46,0
CUST_PI69XEW93F,0
CUST_NWC5W5KONO,0
CUST_QJDZUZAP26,0
CUST_1O37ANYHSY,0
CUST_WIU05T14GY,0
CUST_CJ077GA0TT,0
CUST_TPBNNPXMH4,0
CUST_SFM1NOYHTV,0
CUST_2GJCO4OS8H,0
CUST_E3BPIGVL41,0
CUST_GSCB6NAMN5,0
CUST_T9YQTGX3EF,0
CUST_A5IA3TTN5H,0
CUST_9UHKRYOS7H,0
CUST_TPONRZLHK1,0
CUST_PTRKFYG1MC,0
CUST_5D9E3MHRKK,0
CUST_LJWR04HCVS,0
CUST_SAGJCP4OWJ,0
CUST_SHG9I3XSA5,0
CUST_0JW1VJEPEK,0
CUST_NP5SXQFD3L,0
CUST_TBVJROT2AX,0
CUST_UDYI5SJVQ8,0
CUST_BJHB46TGPX,0
CUST_A4B3OO7OCQ,0
CUST_DSSLLOI3KJ,0
CUST_HBNLTFEOK4,0
CUST_PK397GBGI7,0
CUST_F1O4UZBC16,0
CUST_U25JY80EGW,0
CUST_9DB11CX7OT,0
CUST_GQTO1ZE5O3,0
CUST_JOLAC7BQFT,0
CUST_9B61IYF85H,0
CUST_4ELI0Q2AP7,0
CUST_TP2ECHGL6E,0
CUST_KHQV7YP526,0
CUST_TVZIO6GOL1,0
CUST_CUJWZDI9JL,0
CUST_Z0IJHP1TP7,0
CUST_WHZ3YRM6ON,0
CUST_LDQG6G3BLP,0
CUST_W315PW3PAV,0
CUST_U8Q9KPOUT1,0
CUST_0AQWEQGX6L,0
CUST_7JXYPHQD57,0
CUST_18FUTCAZ7E,0
CUST_BW5EG5R3GO,0
CUST_RPBIZT7YF4,0
CUST_3CN1YU0TNA,0
CUST_GF7W5UWMXA,0
CUST_FXLPDPJC5G,0
CUST_LP20M390P7,0
CUST_0HRWUOIW95,0
CUST_B35CO5HEVU,0
CUST_WX3WX7MPZQ,0
CUST_ULTOZR265N,0
CUST_T6ESREQC6C,0
CUST_9RMPL3YYPS,0
CUST_0SPBCDD17V,0
CUST_LOHD2EBZW2,0
CUST_D7SP6XJDJL,0
CUST_LZXO5UQJK4,0
CUST_XRLK2BIGSP,0
CUST_JNJASQ959D,0
CUST_H5JGUGEVPX,0
CUST_M9JGF194YA,0
CUST_EEQCSIWVZD,0
CUST_O4KSZ0RJJB,0
CUST_BHQZGEB1J3,0
CUST_RMBCN8IK7E,0
CUST_EE8OIU3QVR,0
CUST_EHY2LO2F1S,0
CUST_IULHP9X56U,0
CUST_LEVJ5UDT0E,0
CUST_8IB1TDMXKJ,0
CUST_PF4KGNQLU2,0
CUST_Y2EHRAGXGR,0
CUST_TZEAJ9R2NH,0
CUST_MK92HS9XFZ,0
CUST_DB493BG7ZX,0
CUST_33B4VAQIUB,0
CUST_W0C4807IZY,0
CUST_IWLIJ12ASM,0
CUST_M0P9U3Q1MD,0
CUST_WC82Z8MFLX,0
CUST_B7U59DJ54R,0
CUST_CLS7WAS7IS,0
CUST_REEXES0WU6,0
CUST_S7MMR5KYLL,0
CUST_XJ3WJ1OZ8E,0
CUST_IXL95PFKQY,0
CUST_YZE143W9IE,0
CUST_0R7T536H1Y,0
CUST_RAH22KPUL0,0
CUST_1F9RHBS3L4,0
CUST_VAWTGGNETB,0
CUST_7SHPQ0NI7U,0
CUST_XVXXEM0UBZ,0
CUST_19EXP9Y7BZ,0
CUST_9MPB312FMG,0
CUST_XAST848ARD,0
CUST_FHEFOD21VK,0
CUST_Y79NO90DX9,0
CUST_YIFBDN9ESO,0
CUST_88NAUMFTFB,0
CUST_DJLCU4WB0G,0
CUST_TTLSBMKCLB,0
CUST_R29JZBETAB,0
CUST_YZRXDHOUAI,0
CUST_G883K02GO7,0
CUST_0I86SH8WEI,0
CUST_R8956VSTBK,0
CUST_RGWP0H3LRQ,0
CUST_27PWM19OTT,0
CUST_QKBHJV9FOT,0
CUST_3LJ89Q2SZY,0
CUST_GD1NVJGD8Y,0
CUST_3MNLVDK19X,0
CUST_E49EM4O44K,0
CUST_YZSJ3YYLJG,0
CUST_055R8K9TJ4,0
CUST_9FXDU2M7QM,0
CUST_5B9BNCHUCH,0
CUST_OO1JHX2J68,0
CUST_W57JQ9FPAL,0
CUST_CAYOK3WTEZ,0
CUST_5KV5MIXN3M,0
CUST_M0I1EGFLS2,0
CUST_INCPFVSTO2,0
CUST_HK5WW8MZT8,0
CUST_BIBUCB4PNA,0
CUST_CMHSJXKO13,0
CUST_MS3MJZFZ96,0
CUST_HGHH87F0UY,0
CUST_7YXMUM66V2,0
CUST_VM7SAI883Z,0
CUST_H1R2E8ZDY3,0
CUST_JP2IQ4R6IE,0
CUST_T9N6PP7MUM,0
CUST_FKQG8UZSVY,0
CUST_Z7DTEKLG7E,0
CUST_X4ANT4434E,0
CUST_WN9Z89QAKR,0
CUST_60MW2REOKK,0
CUST_1O4LKXP5DD,0
CUST_MZ7OEHW21E,0
CUST_1SG9WIKOAS,0
CUST_VYLQWDOHK3,0
CUST_0NDWN828UX,0
CUST_ODS5UUMNK8,0
CUST_ON91WR84NQ,0
CUST_567F0YED4N,0
CUST_KCADABZQY4,0
CUST_YRFUHMB0P9,0
CUST_PXRFCO7LAR,0
CUST_NU0ASNCVNS,0
CUST_3ITR4P5GY7,0
CUST_OQI0PLD003,0
CUST_38YL1YA5FJ,0
CUST_5BKNEK43J3,0
CUST_26DJIJ4OZ0,0
CUST_RRZCPZK3VO,0
CUST_DRMS1KJTXM,0
CUST_8BQ52VVK1D,0
CUST_DJ4E5RRFJQ,0
CUST_WX6ASDF9QZ,0
CUST_U4L2B92349,0
CUST_880UZF70B7,0
CUST_SBUFEZPYDT,0
CUST_WCIXGYZBBQ,0
CUST_2ZGI1DN8X4,0
CUST_YDO4BS4W1A,0
CUST_2VL3WT3R2R,0
CUST_OLZPMRP139,0
CUST_JKNF02OAXF,0
CUST_4EXOGQYOXK,0
CUST_J03EWNP3BD,0
CUST_YT1C4WCT8M,0
CUST_P4QURP0RK2,0
CUST_FZDXPC7YSP,0
CUST_1WPBN5WRL8,0
CUST_QQXNF3894C,0
CUST_KMJNM1I0T6,0
CUST_EC9E00AGL4,0
CUST_DPTEHWSI0M,0
CUST_MMTJ7YDB5O,0
CUST_XET7J7S66M,0
CUST_VTDAVCOAQH,0
CUST_E5XB2GEEEQ,0
CUST_SQI3QX255T,0
CUST_X4X4I1LJYV,0
CUST_0TPXPZXM8J,0
CUST_TWPEJZMOQ7,0
CUST_7S01YBJ8XH,0
CUST_X3FGODHB76,0
CUST_YZ1WBW0DSV,0
CUST_HNH4ZJHRS4,0
CUST_9ZQRX5VRRF,0
CUST_7ROK41U6CP,0
CUST_N5Z0R5FQUK,0
CUST_MOI430KCFK,0
CUST_MLMSNWEEDF,0
CUST_MV39R4V833,0
CUST_LFXDMHZ5OH,0
CUST_DS59VRGB2I,0
CUST_KXLYEKREXE,0
CUST_P9UZRMTJ17,0
CUST_JLPWMJXOOY,0
CUST_DYKV34YRVH,0
CUST_2GJD9UQ148,0
CUST_GLU0K894F2,0
CUST_GCFEK5VAD6,0
CUST_LVL9FD6H50,0
CUST_BX4DNZYL1G,0
CUST_X7T3QE4Z7N,0
CUST_3FPZQXCXE6,0
CUST_7VHA3CE3U1,0
CUST_N79X1SB447,0
CUST_S3ZATH8BB0,0
CUST_GEN6R5MFUG,0
CUST_RKWPVNAHFY,0
CUST_MBYIS5GSG3,0
CUST_GCCG1LOPAF,0
CUST_AQBBR8F1RI,0
CUST_Z502DXKJ4W,0
CUST_RY2E3UU0TV,0
CUST_KSTQLQZ4R0,0
CUST_OI71QKVZ70,0
CUST_WLE3KI2BOJ,0
CUST_3UL1F20XNI,0
CUST_L5E0QBFHJH,0
CUST_J97BXO2TJU,0
CUST_1P6MGJQETK,0
CUST_JWZ83PIHA3,0
CUST_GHEAUXMRWR,0
CUST_JFQO40XZ1B,0
CUST_PUVYOGQNNM,0
CUST_5PG0ZOD5IQ,0
CUST_PKS5PGD4YY,0
CUST_7KR42KJZ5E,0
CUST_0ZKML230ML,0
CUST_9H4U9RPWG6,0
CUST_JF0T3J7YUI,0
CUST_YL04MKKEFY,0
CUST_27CGJ4J1N9,0
CUST_L0EZ27SW7W,0
CUST_F0L26JY8I4,0
CUST_Z0KY85A5LI,0
CUST_XJCUDCWK1K,0
CUST_111H05GT9Y,0
CUST_QJ175WUMYP,0
CUST_T80VBNZ18D,0
CUST_YWWAI9A639,0
CUST_LVXRAAPQF2,0
CUST_1CBBBS0DPU,0
CUST_60Q4RINBL2,0
CUST_VHYYM9ARBP,0
CUST_L95MEDPSFL,0
CUST_ZIOZ4QLNYQ,0
CUST_R90FC9ZLT0,0
CUST_G317VU49Y7,0
CUST_DD9GY91C3A,0
CUST_AU9CWNVHBD,0
CUST_ZZXV8A503T,0
CUST_GMMZ8LUK8V,0
CUST_IVLEPGS7DV,0
CUST_TAMMFXSHGR,0
CUST_VDNLNEQ9FH,0
CUST_2XTDVFJ1DF,0
CUST_DZYANZI9GV,0
CUST_AID8BQMQQP,0
CUST_2RF0N56PED,0
CUST_AE3OJAQQLM,0
CUST_0ULR5PMK6Z,0
CUST_29462ASEY1,0
CUST_Z7NZ4LGGQZ,0
CUST_NR8IIVKGXH,0
CUST_21QXYJNTG6,0
CUST_BTXGM4S98P,0
CUST_1R5ZYHH54C,0
CUST_34ISLTL8ZC,0
CUST_K2I5MBW8H1,0
CUST_SWXT8SRQ5B,0
CUST_8548KRWXSQ,0
CUST_D3BCVZ8YFI,0
CUST_QFHLL0GRAO,0
CUST_FSKEDMHL4C,0
CUST_HXFXXXL7QT,0
CUST_4Z0GASPRVD,0
CUST_UYFX70O8I1,0
CUST_IFPO796Y45,0
CUST_3OR1KID8RW,0
CUST_1UGTU3FBY5,0
CUST_8VU1XMJRH3,0
CUST_TIL390NSJH,0
CUST_H8Z3VLF661,0
CUST_M96W1K26E4,0
CUST_XQLROR62JT,0
CUST_0B9KPHFFH2,0
CUST_VQUUNLYATW,0
CUST_TAIN4SKALN,0
CUST_035ATO1C1X,0
CUST_OU0RXORQAU,0
CUST_AX1ES2GLVV,0
CUST_IHCTAOSU94,0
CUST_DKG6NAM8AH,0
CUST_C2CW1ZX5Y0,0
CUST_5GUVO6OIHN,0
CUST_Z8188BIKND,0
CUST_M0REJ7RPZW,0
CUST_OZFN4RUMNN,0
CUST_FU84AEEW0A,0
CUST_QIIRH86YY6,0
CUST_14EYEN6QA8,0
CUST_KFELQ8XF7A,0
CUST_OA33KWRH0R,0
CUST_EFPAOLAGYB,0
CUST_54XL0ZBTB2,0
CUST_HZTYCRF9VJ,0
CUST_ZI8UAAEEEU,0
CUST_WUPKSEDZ7E,0
CUST_PWJJQ6AWFT,0
CUST_VFGJ6EAF7M,0
CUST_SFFORE0G4M,0
CUST_OVQM644UGK,0
CUST_WN00AYNNYH,0
CUST_QEDLD64UOZ,0
CUST_9ONRCI4MN8,0
CUST_VMDSK2AHMI,0
CUST_Q4ZRMN1UGO,0
CUST_MDL455TGHX,0
CUST_J8SO7U42U7,0
CUST_SI5XWT8CAE,0
CUST_XVZ2A3LL8H,0
CUST_MCGUKBMIHX,0
CUST_853Z2MCKXY,0
CUST_SZR2HAEBK0,0
CUST_HREON4U2YL,0
CUST_HHQYVJ9D8P,0
CUST_Z6U2MPWKQJ,0
CUST_RFFX8ZFNZ3,0
CUST_HDK8KWG6LH,0
CUST_8PTE2NN3AW,0
CUST_PZ9AUUAAYP,0
CUST_7VBZ6TPKF3,0
CUST_5LQIOGJY72,0
CUST_0XG2IJ43GC,0
CUST_IM9ZVS7883,0
CUST_TQEYM28095,0
CUST_XWAHL5VJNR,0
CUST_K6CMUPF04A,0
CUST_NQIHXMIQZV,0
CUST_WIWUPQ65AG,0
CUST_EQNPPOPTUS,0
CUST_MT5N1R8H1U,0
CUST_IJF62P0OHH,0
CUST_GKMFFAYMN5,0
CUST_F7COO3Q0Y1,0
CUST_J2TISRDOE4,0
CUST_Z9ZEPCEQLC,0
CUST_4U4PN1HGUA,0
CUST_MN9GSFK6S3,0
CUST_ENM990CZIX,0
CUST_32UB9ON9MG,0
CUST_589PWMU1Q7,0
CUST_S04CP2IPFE,0
CUST_0BCBCO2G6B,0
CUST_JOBH5ZB7LZ,0
CUST_0U25SVMHLY,0
CUST_K5UB9799UM,0
CUST_7RUO4Z3N8E,0
CUST_IAQ36SCGYL,0
CUST_LRL8CSI7Q1,0
CUST_XQE1UC1YF8,0
CUST_YH93OGK39M,0
CUST_3Y6X7G1HXT,0
CUST_WS2BIZAEU9,0
CUST_AOJ7YUNGXI,0
CUST_NOCOTBVCIG,0
CUST_0ZUHEL46YD,0
CUST_XS463S20DN,0
CUST_DM04V302MP,0
CUST_JXTUQZFT3Z,0
CUST_QDO49ZWANY,0
CUST_JNHXPIVLGL,0
CUST_3ITA0S8O9Z,0
CUST_IPUQYPYUTF,0
CUST_TJXE5L5UGV,0
CUST_AUC9W6NL7H,0
CUST_LYQ65RFTI7,0
CUST_TRS71ELS75,0
CUST_2K1L1BCME5,0
CUST_UUO0HWZ8Q1,0
CUST_3OF8ZQRLWJ,0
CUST_8GH0A33PHF,0
CUST_61WEQUG2ZZ,0
CUST_U9N7A3LBQO,0
CUST_ZWYRV1IEL7,0
CUST_5DFMIMUXVX,0
CUST_5A0F4MTQO6,0
CUST_8JR11LIJST,0
CUST_CQY39R3VIZ,0
CUST_9VQC8SYUAD,0
CUST_2MZTV47ZK9,0
CUST_F5K3PDEIWE,0
CUST_59J18G4DQD,0
CUST_G4P56VXMP0,0
CUST_J82GHMX1J2,0
CUST_TWFABQ2JQN,0
CUST_69KUZ2Z24F,0
CUST_H9J88QPQ0L,0
CUST_9DKLPCBD87,0
CUST_93C8N4IHZV,0
CUST_BVK6QXR2WG,0
CUST_59PSONATWM,0
CUST_SVP7EG641O,0
CUST_QN0VLQM5ZY,0
CUST_SIPFYYCTBL,0
CUST_FQBEFV35M7,0
CUST_94AM2XG2Q0,0
CUST_BOP2AHXOX0,0
CUST_44YF69TEAL,0
CUST_1OG4F5IJS9,0
CUST_TP2Z086RP2,0
CUST_UHLNO1VKYF,0
CUST_AXOM4QZR47,0
CUST_H48J5RLE0R,0
CUST_ZCS5W167HK,0
CUST_CLXH4O899E,0
CUST_H8CMH9QQ19,0
CUST_YZ1GNYZMN9,0
CUST_6KX4P8283J,0
CUST_NI8EOHZ77Y,0
CUST_S3STWKSUXV,0
CUST_OGEI5HV7H4,0
CUST_UPVLBZDRWD,0
CUST_69C8D8L9BW,0
CUST_RMX3S3AV85,0
CUST_D2ZRXNCG4F,0
CUST_QUHQAYJL5A,0
CUST_4O928TJWA4,0
CUST_TP8BHKOP6S,0
CUST_XWDPT6XDHE,0
CUST_VRRHZSVFO2,0
CUST_2M0DIY0T24,0
CUST_IFEGTED9JA,0
CUST_NXY6ZWTD4D,0
CUST_S5CDG4CWA4,0
CUST_WZ10RB7VV9,0
CUST_96TY4GC42J,0
CUST_EU28WUQXQJ,0
CUST_9J3PNH55P5,0
CUST_QDMZKG4T0Z,0
CUST_WK6HUK0Y0G,0
CUST_EVVYI6CUEU,0
CUST_ZATW74BAVE,0
CUST_YGWD8HRC7B,0
CUST_CAOOKBU0SH,0
CUST_6LEEQEPNAT,0
CUST_SGYWG41UEN,0
CUST_6QS2TN6HRS,0
CUST_BNQTCQLOML,0
CUST_WBM0XJZOIM,0
CUST_WJIP5VFKVM,0
CUST_2CDSFR7IDR,0
CUST_FQL9ILOHQY,0
CUST_8J75WL7M14,0
CUST_ULWJQAS6M6,0
CUST_CT7UMQ8CLS,0
CUST_0R0JNZJVCB,0
CUST_KJ4EOULOQK,0
CUST_SDVJG3DELZ,0
CUST_A37530SWJK,0
CUST_GQESURFMZ6,0
CUST_Q26T93STFD,0
CUST_MIOBYVKCA6,0
CUST_IB3MR2VTTD,0
CUST_HAOE9UITOV,0
CUST_ML8AT70EFN,0
CUST_5AVLAABF38,0
CUST_KBOL8XHLAV,0
CUST_5Q2BTLTU93,0
CUST_TDL3DGLHBA,0
CUST_O3MDDK86XG,0
CUST_CCHRGCHXJX,0
CUST_HJ3GUXNS7U,0
CUST_L2SAV6X9V9,0
CUST_N4YR68IXGD,0
CUST_T4X09KSKZG,0
CUST_2JB56DX8PC,0
CUST_3T7R8DFKKE,0
CUST_5UNTCN2KSS,0
CUST_XQON1QH6E1,0
CUST_EFZRT783H5,0
CUST_DW2KD0XSHI,0
CUST_VZRNVD6EYI,0
CUST_48DQYDIMPT,0
CUST_MVZFWJU9YT,0
CUST_57KPSGZQK9,0
CUST_MY65LN4N20,0
CUST_6YKI95F8PC,0
CUST_MNME21N5GI,0
CUST_C1M4733WQZ,0
CUST_IA4IBWJE9P,0
CUST_5QKDNI7H8S,0
CUST_8Z6SSZE9SQ,0
CUST_SJVBXR3Z5X,0
CUST_ULWXU0153C,0
CUST_FNIZN416SS,0
CUST_R03KD429MH,0
CUST_VWFOL7T3W9,0
CUST_XHVHN9C40Y,0
CUST_G32P8RV6HD,0
CUST_04SHMRHW41,0
CUST_H95VZECRL9,0
CUST_HHNR4ITBA6,0
CUST_VYP8C9IN60,0
CUST_5PM0R8IRT3,0
CUST_OUW2FXE1WJ,0
CUST_E23DSMYTR9,0
CUST_5R47TZHV8O,0
CUST_JJYR00FBPH,0
CUST_LO54O7Q40W,0
CUST_QHWQ9U1T5L,0
CUST_NH9YDYVD94,0
CUST_ZVYN4LPZSN,0
CUST_61ETXM3P71,0
CUST_GG8XCNNEEJ,0
CUST_BRG29QD0RW,0
CUST_JB38AXHYHT,0
CUST_IS6E1LNAVZ,0
CUST_362Z7FZS9C,0
CUST_0NQQXJUAD9,0
CUST_QV87QV5IN7,0
CUST_UT36KY6MAF,0
CUST_4PRYIYBNQV,0
CUST_725OIZP16L,0
CUST_NRV9WOW87D,0
CUST_QCVWFQNCHP,0
CUST_5VF3HZH0IS,0
CUST_6QMTUG3LNH,0
CUST_R5FNGRXYEE,0
CUST_SXQVV4BA4D,0
CUST_RQEUM35ZEU,0
CUST_D9A1UAPI7T,0
CUST_WN6S56835C,0
CUST_SWWL5VGRC2,0
CUST_QXEO4D0H0Q,0
CUST_MMJIWQM4XK,0
CUST_Z6ZNRSQYX1,0
CUST_TRMJRTKPGU,0
CUST_M2V9IZJFLX,0
CUST_2D6UXRUHST,0
CUST_XJ25GF9ZRI,0
CUST_XPWKO6JYUT,0
CUST_U1ECPDEF5U,0
CUST_TZNUXT5YF9,0
CUST_PQM1BH5Q1L,0
CUST_TZPGPL7K1B,0
CUST_HPPBFFFTTL,0
CUST_UG453NKBTW,0
CUST_UIFP7IYFH4,0
CUST_UIA5DL2QJI,0
CUST_BBL0SGKTZU,0
CUST_ZYDH7Q9X4X,0
CUST_4LHGEFBSCG,0
CUST_ERNLQZQENE,0
CUST_8RC0VDVG85,0
CUST_3T4GCWT3IP,0
CUST_CQX5WD4LLJ,0
CUST_JAN0XI77F2,0
CUST_YWGEISEXYG,0
CUST_5N6M7DS9LU,0
CUST_XOQFKFH42A,0
CUST_FZITHHLFQ3,0
CUST_0TVFYWHRM7,0
CUST_A9H3XYYKKA,0
CUST_CZRBID2C3F,0
CUST_G3KQ1O5RSO,0
CUST_EBNUBM1DRY,0
CUST_VYQX40PUY3,0
CUST_FEP0OFZCQL,0
CUST_P3CHCF2OI2,0
CUST_2VNNXF1L6R,0
CUST_OIIVVUVUQO,0
CUST_XE82KG4EIL,0
CUST_AN2ZIVJSRU,0
CUST_5GNBN2E1U9,0
CUST_MWDKLR8NE3,0
CUST_T7UR2LLS5N,0
CUST_VARS4EDSXW,0
CUST_IWCIXN234D,0
CUST_73EFU2E196,0
CUST_Q2TE6POS6S,0
CUST_RIP8UA9EDB,0
CUST_ULPLC8N8TU,0
CUST_0GK8XSS3D8,0
CUST_2YRVTTESGS,0
CUST_EED6DIBJO4,0
CUST_3GIA6FRDN0,0
CUST_ZF6KKR4VMI,0
CUST_3QXFCE203G,0
CUST_XQRAL8BVQR,0
CUST_66DI1N8P3C,0
CUST_XUASKLOJVA,0
CUST_V5SJUGY92E,0
CUST_CA04QN9W0P,0
CUST_ZYJG3YLYBX,0
CUST_ITQNR2VT0X,0
CUST_SBW77S9OMD,0
CUST_AIGKLMQOTD,0
CUST_9KM52AFG3Z,0
CUST_DMY6GLQ3PL,0
CUST_CAB8Q2WABN,0
CUST_YPRBHOJB8E,0
CUST_H9Y3QRSE97,0
CUST_O375C35G5T,0
CUST_NKNY0UUONR,0
CUST_HCFEQIAHP9,0
CUST_LCSDTISQD8,0
CUST_VAL2H9PKD3,0
CUST_T0T4R82UYS,0
CUST_6PR6WJGDF7,0
CUST_9SXXO4G6RR,0
CUST_YCGQUXWNEL,0
CUST_KLIXKA9YP7,0
CUST_C416A3ZF1T,0
CUST_0RNSL2HWCS,0
CUST_6LOCLYKQ7C,0
CUST_WHFU9W23FE,0
CUST_8VD5WHCTY7,0
CUST_7V4CGZYMK9,0
CUST_RMKCWP0347,0
CUST_I477DZLKRG,0
CUST_BE4IZ1PKON,0
CUST_IQDICI92FT,0
CUST_ZQV9QIZXBR,0
CUST_QISYCXGGYI,0
CUST_WT33XRTNXO,0
CUST_WTS4MV2LVT,0
CUST_7IFK8BBE84,0
CUST_P43BKBFALW,0
CUST_2QBT9IIN7Q,0
CUST_KKY6QFPRKA,0
CUST_1F53TK6G4Y,0
CUST_3EADZ5N9O8,0
CUST_1CPTSIF07H,0
CUST_DX3TSGWHG1,0
CUST_KYBKFHBFV0,0
CUST_4GO1V2ILR5,0
CUST_A3IYN5PB49,0
CUST_JQ43A3GV3P,0
CUST_NN9DNCQSK1,0
CUST_9Y1EGRQPBO,0
CUST_FPEF9E0AHP,0
CUST_ZDPDRW4Y7P,0
CUST_0DEV40A2PB,0
CUST_7P9FP2GETN,0
CUST_QI8GG2OHWZ,0
CUST_U1S8WBR3YQ,0
CUST_8OLNEQMFKU,0
CUST_0T4C4BLSJA,0
CUST_2YRTYXA6KR,0
CUST_IDY25YHGJO,0
CUST_8AFGEP8TTF,0
CUST_GKEHQ70NFA,0
CUST_Z66CRH918Q,0
CUST_BQOSOH4443,0
CUST_8CFBKUJYGI,0
CUST_N1I7NPUZ4F,0
CUST_SSXQPUKGZF,0
CUST_PFSSNRYQJG,0
CUST_2V79244UGV,0
CUST_ZXORZ3CPVA,0
CUST_IOE3Q8M005,0
CUST_23N1A4QV4D,0
CUST_F0QWH0ZX9R,0
CUST_I7WXZNXZIT,0
CUST_73DPUTD01C,0
CUST_XCQYJ3BNJE,0
CUST_TVPZ6MHSZ7,0
CUST_KSRV8KI4OO,0
CUST_R99ODT14G8,0
CUST_AN3K1ZPT40,0
CUST_OQV356GYSL,0
CUST_OVF38HV77X,0
CUST_B8HHT769V9,0
CUST_AUNU4MTFTU,0
CUST_903DWGXBWF,0
CUST_8RVLOPR2GS,0
CUST_DVM6WKLJV0,0
CUST_8VTQVVQY25,0
CUST_4Y4OC4GU98,0
CUST_NSGEJ5T0Q1,0
CUST_TWQS6G61HL,0
CUST_UABAP4N00C,0
CUST_G0R1BLUGV3,0
CUST_5L61QWA9Y7,0
CUST_UK693KXOBN,0
CUST_V6W1TTVVH8,0
CUST_ECUYYP5ZYA,0
CUST_T00GLL6B8Q,0
CUST_Y6IS3U65DS,0
CUST_52A3FBD66O,0
CUST_P7748HTP39,0
CUST_MT4I6O0HLE,0
CUST_NYU3KHI3U7,0
CUST_5G9ZNFTXFI,0
CUST_DPJGWST6AK,0
CUST_JRJ66NSMTM,0
CUST_8DRTNK91YE,0
CUST_6BW67Y74LD,0
CUST_0A6GOFN61B,0
CUST_0WQMR9Q2HI,0
CUST_WIROSR4GHC,0
CUST_IQS83M1LHK,0
CUST_P2QFZGW5J4,0
CUST_N5MZ6S1N5L,0
CUST_H1D5BXA2K2,0
CUST_WYBC1XVIDA,0
CUST_6H43ARIQDD,0
CUST_AH717ZIO9B,0
CUST_YN2G5DSYCJ,0
CUST_UCPFGC3YIR,0
CUST_PVH1KP3F7F,0
CUST_RYKXCX1QB0,0
CUST_OXPK6QGI7Z,0
CUST_PQHEO6KZI1,0
CUST_WG0P5D9LLY,0
CUST_K1DFG266RN,0
CUST_VOJ5NRJDVW,0
CUST_LFJXPY0LY3,0
CUST_33PWM7DSKI,0
CUST_HNNUZ3LR2X,0
CUST_Z504NA7OIC,0
CUST_GWXKG0HYK2,0
CUST_13SKNDI2MV,0
CUST_S9ECAJI4DZ,0
CUST_887FIVLK20,0
CUST_C9IKSPAPDO,0
CUST_G15TO2YKDM,0
CUST_UBTQIQLMPI,0
CUST_7TW9B4QR5T,0
CUST_0S58K1QW7N,0
CUST_UVXEAGD42C,0
CUST_WPVHQKKH6U,0
CUST_TO7RAMEC4S,0
CUST_X5U680RL7A,0
CUST_7AR5WCEGW4,0
CUST_AA3YMZYTI6,0
CUST_CCRLE9X1S8,0
CUST_SCR5MA53KR,0
CUST_D22L5JL8VN,0
CUST_9OZD1JX855,0
CUST_2UYT2AXS75,0
CUST_BAT35M5EXU,0
CUST_5JOAPJFZ8S,0
CUST_UHR30QS15T,0
CUST_YDVEKQLBVP,0
CUST_WZUENUJKND,0
CUST_MKLCXFFGGX,0
CUST_NR88MI8P6P,0
CUST_3IZX8LQI7X,0
CUST_MLUK8X76F9,0
CUST_G8XZCVPP6R,0
CUST_78M9XSQNK3,0
CUST_2AMJW8X550,0
CUST_RV6VLI7SNB,0
CUST_9NKFXFHPHV,0
CUST_RV44Z6B3X7,0
CUST_02FUT9VDXN,0
CUST_3EMY965F4M,0
CUST_04I62FU66M,0
CUST_NL3EPW4KBK,0
CUST_FW80GO246H,0
CUST_YKR7EKF1WD,0
CUST_CU8NYT4TS6,0
CUST_0TLUYDYKW2,0
CUST_093KMSCDNL,0
CUST_9B6IFA27KB,0
CUST_FFFPJ7LEH9,0
CUST_HCG8XW8NVW,0
CUST_PD1SNF8TTC,0
CUST_MW0TL9M5HE,0
CUST_UNVTQVBWS9,0
CUST_T4YCFTD9JT,0
CUST_56W8ZR22Q5,0
CUST_JMM1BKHK41,0
CUST_90QNWUNQV2,0
CUST_KNBWLGRZ4U,0
CUST_CDD0RQU8P3,0
CUST_H8OJTRJBYV,0
CUST_W7VGQ20ILY,0
CUST_MOB708DB8G,0
CUST_P9GBVCURU1,0
CUST_G05Q63NYEO,0
CUST_W9UFGRWPQW,0
CUST_1FXXB881JD,0
CUST_KKNJOP6F4U,0
CUST_2BIVXJ3317,0
CUST_2C5F12CLBI,0
CUST_5MYNM90CAH,0
CUST_CH21DMU4U1,0
CUST_O3UOYK4RZU,0
CUST_JRWIUWCA5F,0
CUST_0DOXTRN4H5,0
CUST_NXFX1XCWV6,0
CUST_KJ35X77SAR,0
CUST_5EDFCQMXS2,0
CUST_8P1DS70YNS,0
CUST_CEBND1SP7T,0
CUST_TUQY95A1YX,0
CUST_MU2GA6DB13,0
CUST_IRPWED3PCO,0
CUST_UFMM3GTLGJ,0
CUST_ADEUQT0D72,0
CUST_DAW065QJ0M,0
CUST_ZRBWT067ZL,0
CUST_TVGW0X10O0,0
CUST_O8FKNL67WR,0
CUST_D31CRIK0A6,0
CUST_15F9FQZ7T7,0
CUST_DXII5YIP25,0
CUST_3I56MDAI9B,0
CUST_NMK84AG8T9,0
CUST_3AOMYAJLX9,0
CUST_P7GTMUCGVG,0
CUST_71XP2SRIYR,0
CUST_VBANXOZH22,0
CUST_GSG2IY0YMM,0
CUST_SVB6X75F4Z,0
CUST_9H6IGY285F,0
CUST_H5HQMY0Y7X,0
CUST_P67G3LPCVD,0
CUST_UVCNXQZDTB,0
CUST_XQVWOEERR1,0
CUST_KM9P3SVIVD,0
CUST_99FZLZH0G5,0
CUST_B2Q8HO6Q1J,0
CUST_NWNV8UKJA8,0
CUST_3W6BDQQDDD,0
CUST_UFPQ7OCSPL,0
CUST_4IGTD4LULG,0
CUST_OLCDHJRLHR,0
CUST_HP3ZEAY62T,0
CUST_RDAMUY1GIE,0
CUST_TPD8RC1W8Z,0
CUST_B4WPXXCH05,0
CUST_MDGI2MDF6H,0
CUST_3XSPZB1LL3,0
CUST_FQALOGEUZZ,0
CUST_GYBLX6Z2EY,0
CUST_5LUIQ1GO1D,0
CUST_54H48JNS2L,0
CUST_SC5VNC1318,0
CUST_YOQ29YBVKB,0
CUST_ZQ0KH38HJW,0
CUST_USSAZW4RE4,0
CUST_CSN9IU2PIU,0
CUST_VSN9H2G2CD,0
CUST_V7DUHWPPZO,0
CUST_QK72PNHG7U,0
CUST_7KU3HYLZ5J,0
CUST_2W3F1P6N6Y,0
CUST_92LNNHJV2W,0
CUST_PGYLPGC3S6,0
CUST_8PCMLPTXEI,0
CUST_J3A6KT1JM9,0
CUST_SU2ATJE6UV,0
CUST_INFYT63P03,0
CUST_XXSB1DMQ9J,0
CUST_DR6FAKBOMJ,0
CUST_3GXAM50EHM,0
CUST_T88WVBDSD5,0
CUST_PJ64IVSOQ9,0
CUST_64KJCBTOXD,0
CUST_34MFY5QGU5,0
CUST_CNTM957Y35,0
CUST_WQGC38YSDX,0
CUST_GWLDE5E1KT,0
CUST_7XGE81N4GQ,0
CUST_1S1A5OLK50,0
CUST_Q12VDGNG4V,0
CUST_2IOISEDADQ,0
CUST_4MFBRG0603,0
CUST_W8UNF82O71,0
CUST_9ZVS60KQQ9,0
CUST_JELP25HIM0,0
CUST_MH9EZN8A78,0
CUST_LHBLYKWGPB,0
CUST_QBAT5L9I2J,0
CUST_RJ557DKETI,0
CUST_9RNKT0FRRO,0
CUST_I1IZWYALBM,0
CUST_FOETLZ35CH,0
CUST_72O8RPEJMT,0
CUST_8HKFB2KV7Z,0
CUST_CTRB8LM33W,0
CUST_AC7K35TT8S,0
CUST_BOYNUUN5GR,0
CUST_Q79FWRD8UJ,0
CUST_A44PGMK5OR,0
CUST_ZRZ7NSKESB,0
CUST_1MUO0AZZ7V,0
CUST_G2XZUIDG4O,0
CUST_CTFV2CGG3K,0
CUST_RZXTUWZAU1,0
CUST_YATC582V50,0
CUST_1HQKFFBA28,0
CUST_BWFBFVECH8,0
CUST_QJPOVOTHRC,0
CUST_7XEO4Z6RQV,0
CUST_QWCLOGNOMU,0
CUST_1HJCG3RKCF,0
CUST_BA7JWV5LM5,0
CUST_CM0QSDRYEL,0
CUST_VUHD798FQF,0
CUST_TBD9E69EUZ,0
CUST_IRCY8E9HSK,0
CUST_ZWDF10ZXH0,0
CUST_BZTASQN9XV,0
CUST_6PQAYHF10P,0
CUST_FGKEBMAWLV,0
CUST_1BIF05B9FD,0
CUST_X7VUVOCI9R,0
CUST_XLHPHB1Q8W,0
CUST_PZRKPVARCC,0
CUST_N1QM8FMPXG,0
CUST_I1YEK4ZXT4,0
CUST_MGJYMBSMKE,0
CUST_22FLZBYKQ0,0
CUST_XE3VJEUG6Q,0
CUST_DHZO9MNJTB,0
CUST_YC1Z66USME,0
CUST_NSFIXP7FCK,0
CUST_RTJQR8C91W,0
CUST_HPRPMX9FQW,0
CUST_211LA7H7CO,0
CUST_2K8V2JCPG2,0
CUST_4AIBY15RF5,0
CUST_BWEN04L898,0
CUST_X3VLIJF8ND,0
CUST_EOUESZNEQL,0
CUST_1NHDPMUJ7T,0
CUST_3EJI0PAEU7,0
CUST_9PZ9E6WPLY,0
CUST_8M2XVA4U8L,0
CUST_U9MU4OAHD5,0
CUST_AFG2AROUPK,0
CUST_MFJEDROYNQ,0
CUST_N4K9Z27VKS,0
CUST_HMIY9904RY,0
CUST_01EIRBISLH,0
CUST_A9974UYW39,0
CUST_UWD2SXZ1HW,0
CUST_UNFZQ228ZL,0
CUST_LGQQNFM8F6,0
CUST_QKTQ03H8ZV,0
CUST_KNZX3M9IOI,0
CUST_91RBYDW8GY,0
CUST_0BTQG2ZE9Q,0
CUST_JZ0SJRIK2S,0
CUST_BCBZH2CI5X,0
CUST_BMZNXJBBT5,0
CUST_SASPA3U7WY,0
CUST_FNANNQDJGF,0
CUST_XBS302E07B,0
CUST_T47G45C3J7,0
CUST_8B8955IEAR,0
CUST_MSDMMQ33RB,0
CUST_JBTCN2SS0Z,0
CUST_SEMXTLJ0SY,0
CUST_21B4TTM3PK,0
CUST_51H50CWTWO,0
CUST_S5NQLU215F,0
CUST_LKEQQWA7KS,0
CUST_XJ5R082FWD,0
CUST_QQDU2R7BJW,0
CUST_S80N42YJHB,0
CUST_DST6DD8B6O,0
CUST_83OE8T20HS,0
CUST_9I56GIVVGY,0
CUST_TCN0AM3LZH,0
CUST_WZ719BPW92,0
CUST_VHH2Y12PZ2,0
CUST_Q7BLFF8RXA,0
CUST_99J0FSWIPS,0
CUST_0NOMBHEDPF,0
CUST_U8M99I24GL,0
CUST_C4USE4B7T6,0
CUST_N49YESOA0M,0
CUST_5CW88344HF,0
CUST_DAUK8FK0KX,0
CUST_OI15N7257D,0
CUST_JO5QV8IJQ5,0
CUST_HAXTXPQ3ET,0
CUST_ORHVODB266,0
CUST_117NN9KWZX,0
CUST_2EP3EM2856,0
CUST_VBVZHP5CZU,0
CUST_1SUXLXC3TX,0
CUST_IDX4RUUGFV,0
CUST_E4DYM9FPPW,0
CUST_B839UMXTDZ,0
CUST_L7DCL3QG8Q,0
CUST_XXC237S9YS,0
CUST_NDXA2HE7S7,0
CUST_OPPAM0NE48,0
CUST_MC7U1JVFQ8,0
CUST_1FWJEZEVM9,0
CUST_86PGPOMNHC,0
CUST_TLQ5FGJRMM,0
CUST_1ZW0T5QN37,0
CUST_38IZUHATK0,0
CUST_U56UUXLZBO,0
CUST_DCFKBWI2FX,0
CUST_G21R84R3TD,0
CUST_MH19ZIUGUJ,0
CUST_9IXY2SRUGA,0
CUST_QMXDMT25IH,0
CUST_YGEUYBVMME,0
CUST_IHNHE9YT1X,0
CUST_TIRELD1NHE,0
CUST_0BLP7VGZ8D,0
CUST_ZB5R40UQZJ,0
CUST_8KZGWCJKSY,0
CUST_YKZNC2WYKJ,0
CUST_3AU6YZVYVH,0
CUST_92W1BG27N0,0
CUST_301UTGTUKA,0
CUST_JYDPDM1UV1,0
CUST_4JIKMZ73OV,0
CUST_MJ8ST9QWZT,0
CUST_XDQB5P5BUM,0
CUST_J4UPDO93RR,0
CUST_YOQ9FBVGCJ,0
CUST_1BMV1OZRA9,0
CUST_ZA80P5CSCN,0
CUST_OSPPEKECXW,0
CUST_SEJ03EQZLO,0
CUST_3QZ1EJPCCN,0
CUST_IP93PM7JGG,0
CUST_GWPWVVGKAS,0
CUST_NZXXOGUGHJ,0
CUST_7GGC6L3AYE,0
CUST_M6VR6A8A7M,0
CUST_FP83O3VBC6,0
CUST_RSLCIG02GL,0
CUST_YCA2M3C9BM,0
CUST_CA5TLMTPJB,0
CUST_JMUYU55XI0,0
CUST_03P3SDRLRP,0
CUST_W24X3J586C,0
CUST_4RGRZVZCWM,0
CUST_SUCH5XZK5R,0
CUST_W0D20A0NDS,0
CUST_WT8RSKQ32H,0
CUST_5YY81FE88F,0
CUST_4FO8KIJEIG,0
CUST_ZZ5KK8ALR0,0
CUST_J93O1N9K6W,0
CUST_FC1KMQNVN4,0
CUST_KW689K413Y,0
CUST_3RFQFVJG28,0
CUST_IQZIMSQBPI,0
CUST_Y6LO61JQ7B,0
CUST_R7SOBATE0G,0
CUST_ORRFEYJXIH,0
CUST_0NR0YS6PQN,0
CUST_M07MWCYKP0,0
CUST_LX5ULJITFI,0
CUST_119FWERMAU,0
CUST_UQTV35HZFS,0
CUST_RMKQYUA0ZE,0
CUST_KUWFJD8D22,0
CUST_B4JVSJL0OK,0
CUST_TF9OXADAG8,0
CUST_VXJH1JALN8,0
CUST_FNUKCHBNJ7,0
CUST_ZGJM35OMA4,0
CUST_U2AMHQTD3N,0
CUST_OPHLKLZQAV,0
CUST_GLYJ20OD1F,0
CUST_SFIHTCLO4F,0
CUST_7PW2U2UU4H,0
CUST_VTG0GWC0EF,0
CUST_4O2KC1CLZH,0
CUST_NLAKHMKWSK,0
CUST_OCXTEQNLXH,0
CUST_RYWDZT85XD,0
CUST_FRODH88OKH,0
CUST_LA1B1I1Y5E,0
CUST_TV25DTMF00,0
CUST_EUSIT349A0,0
CUST_MYLWVUC7TO,0
CUST_8VKFV8SB04,0
CUST_KPW5UK4EZY,0
CUST_7WTJ6VK11M,0
CUST_7ANIKJ9UHZ,0
CUST_669CZTPM7E,0
CUST_WX090OKDOA,0
CUST_OQ1J0JB3KW,0
CUST_D36DU2872T,0
CUST_LIQJMJ31WH,0
CUST_TP1LMLWIA8,0
CUST_D33IBNZ3KN,0
CUST_EINR4SEHZN,0
CUST_YMLAVKU7ZD,0
CUST_DPOMUW7NJK,0
CUST_8IEDLFZ09E,0
CUST_SNFA383MKJ,0
CUST_TPFPOSXKR7,0
CUST_ZDQFUHZY38,0
CUST_7KKF30MUDP,0
CUST_QL8829I7S4,0
CUST_VGXZRZKHBS,0
CUST_K8GOK4E4TQ,0
CUST_SBYFA5OX1J,0
CUST_8HOJLNYXB5,0
CUST_HVF1ZAFNNZ,0
CUST_EYPP9JAG7N,0
CUST_D72K8ZH235,0
CUST_8GD306QBYV,0
CUST_PDY4PTH6EI,0
CUST_17L34WYLFX,0
CUST_1SN1E8J1QW,0
CUST_J4Q8MITM4S,0
CUST_G0YJZBJWSK,0
CUST_LTY315PDGJ,0
CUST_LCQXUK1U38,0
CUST_AJNJW31ELQ,0
CUST_E3PL3SCAMH,0
CUST_9D7B2QXQ1W,0
CUST_N7UZNSBE26,0
CUST_LYLT12P9CX,0
CUST_6WK3J9VQ98,0
CUST_SMQRXBN4Q3,0
CUST_9EH0O8PWO3,0
CUST_2WRC590RUV,0
CUST_HZ985YVJ7X,0
CUST_XBYW9GR0ZV,0
CUST_XUXD68HJZW,0
CUST_69GZHGR8QZ,0
CUST_VAJL4DHBQ9,0
CUST_PDSTENVWEV,0
CUST_QTHXKUZZ2G,0
CUST_CWMGCZM190,0
CUST_XP0CEJ4KX8,0
CUST_3KVF4S3AZ9,0
CUST_23OXGGXEUC,0
CUST_COYPBK7DS0,0
CUST_5D39LZ1FF8,0
CUST_3LDXJOFOJP,0
CUST_NDJ2BN8NZL,0
CUST_68SKN800SZ,0
CUST_89KFVT3X2L,0
CUST_R70KGFDQPK,0
CUST_I6WBR7VVWN,0
CUST_WANE4485ET,0
CUST_82ZGK4BA07,0
CUST_C8Z7460KJA,0
CUST_4T08XFILVG,0
CUST_MXGZMU8K5V,0
CUST_YNZ2FC0WGU,0
CUST_XZ15WH19JE,0
CUST_5TWFS1RETP,0
CUST_ZML2V6OSJH,0
CUST_8KGGQ9IFYI,0
CUST_T6J8QZ7BR5,0
CUST_SHVSB7GRIG,0
CUST_02UKNEE1VZ,0
CUST_7AQ4S3W6LX,0
CUST_5ZI4JK5VSJ,0
CUST_Q37GCJ6E93,0
CUST_5P7CT1M10K,0
CUST_DWIAY27483,0
CUST_V7703FX1CE,0
CUST_JRUX49J8NI,0
CUST_UV8TXFSCFY,0
CUST_KOTTBN8DWB,0
CUST_15NCT94BV7,0
CUST_YIEDAIYDIB,0
CUST_J2QHPJW9C1,0
CUST_XKNVZT5280,0
CUST_ASFBRRU7OB,0
CUST_O6WMT2F8HF,0
CUST_TRBDHNSWCS,0
CUST_4CW7ETUOA8,0
CUST_GV0R4PQYTZ,0
CUST_TOIRSB62ZC,0
CUST_R52IF90H4C,0
CUST_TWA6X2F4LP,0
CUST_GSIE10YP58,0
CUST_U4CKB9HRW3,0
CUST_U3OWX6MYWG,0
CUST_6C2CEBG2HX,0
CUST_EW4OD9E8G9,0
CUST_9SNHP2E7MM,0
CUST_T6XYC58RWH,0
CUST_EP4WZYWUIK,0
CUST_S8RTDBT8E0,0
CUST_0WHAH0MLB2,0
CUST_AMNRAX0FU3,0
CUST_WX4BDYUNQC,0
CUST_A6Y59JCF8Q,0
CUST_3BZFAXD04Z,0
CUST_CGAM5JBQNC,0
CUST_9WZ5T9XH4G,0
CUST_RT1WGCMIO9,0
CUST_9QCMXABN4F,0
CUST_H5V9XSLEKY,0
CUST_KIFQ9031W5,0
CUST_O7GLCUVUGQ,0
CUST_IEFX6XD2VI,0
CUST_PFMPE73DE4,0
CUST_B04VZPOLTC,0
CUST_U6NE2Q6Y3M,0
CUST_Y3QNW24V0K,0
CUST_5MGS60EQC4,0
CUST_CB2D23Y0RM,0
CUST_I93JVS2X2O,0
CUST_CVF4ZM5R78,0
CUST_WMQTYA3TIM,0
CUST_P5NA1R5J3D,0
CUST_8N5W8GECIW,0
CUST_82U83YX0KE,0
CUST_LQYEJ4SCS5,0
CUST_UKFV4MG1M9,0
CUST_LEGPS76XBR,0
CUST_PKMX462TBJ,0
CUST_D23H52VNJC,0
CUST_FV28XIYWK9,0
CUST_RJB35PJNYF,0
CUST_P46TLREBLL,0
CUST_W659X1AX8R,0
CUST_IIXOAG5ASG,0
CUST_ARYZ6Y5XOZ,0
CUST_BM97W000VP,0
CUST_AGR5OQ7L91,0
CUST_N2TQNMSAAN,0
CUST_DUZMD5CV9W,0
CUST_MKAJ4PD8QP,0
CUST_N7VZ9LZBK4,0
CUST_CWMKMMZX67,0
CUST_LRPRJGUZTP,0
CUST_0AXJD6L6YJ,0
CUST_8WNS0NHC50,0
CUST_LE7A5XD873,0
CUST_2CJLPRI2ZB,0
CUST_568DQ797IR,0
CUST_NMP3SHCZF1,0
CUST_RWLKJFMFAC,0
CUST_YNP9QZM04N,0
CUST_3M720ICNS9,0
CUST_USAO1E6JRA,0
CUST_00WRNFSS1K,0
CUST_VXJN63H0KS,0
CUST_1JUVEAZKQ5,0
CUST_VLWK42BYZP,0
CUST_222VUUL5EJ,0
CUST_D0LLGI9QOF,0
CUST_UCMX8U66K3,0
CUST_54UU3QGFMQ,0
CUST_8HXJ4DEEDA,0
CUST_LECR9K9ND6,0
CUST_23ETUU3WEB,0
CUST_2P42PUMDPF,0
CUST_VYL5BW9RLN,0
CUST_I4588VO8RB,0
CUST_2OLF1SZAVN,0
CUST_2AYGJZATFA,0
CUST_A2WOY8539L,0
CUST_A741MYMBLY,0
CUST_2TWD6179QZ,0
CUST_BB63FB7P00,0
CUST_9JSTO2XN7O,0
CUST_UES1GXIQVD,0
CUST_BZOI8VLR6B,0
CUST_NHQL7PXK5Q,0
CUST_UMJQKYTIMA,0
CUST_ILCINLULH8,0
CUST_R258L1YZL3,0
CUST_WH5TG7EY7R,0
CUST_VTOUZPK7YZ,0
CUST_0R1F0JUW8L,0
CUST_5R5AULN4AM,0
CUST_W7Q66YVB9Z,0
CUST_ZFPWPJWPG6,0
CUST_M5P5Z8FNNI,0
CUST_NYMCH6MYKC,0
CUST_XUR8KQDYBP,0
CUST_LOWPSHXYO0,0
CUST_14L9GNVNLT,0
CUST_9AG1PLAG4I,0
CUST_C71M3M8QQI,0
CUST_Y59QU8GHTC,0
CUST_FX6PPSVLVY,0
CUST_L9E5O5SKKW,0
CUST_GG1FVCCB1R,0
CUST_0GRKUZNVR4,0
CUST_YALBC3ALA4,0
CUST_XIPZ82IQ2O,0
CUST_BFG0BODYY7,0
CUST_C32DKW85V0,0
CUST_QLTJ9GVRA6,0
CUST_S22K6FSO8G,0
CUST_R9QTL19I39,0
CUST_TV4F8UBDUH,0
CUST_XE3TVFUAB6,0
CUST_4SS8TZMBV1,0
CUST_FUUE2CSQIH,0
CUST_JDN9W579CE,0
CUST_2B82PS1EGF,0
CUST_8HVPAH3AUH,0
CUST_7C92JUE8UR,0
CUST_F1ZBFQK6HP,0
CUST_G9VRZBZJQJ,0
CUST_BSBJLU0HUL,0
CUST_KT7F0C0EEM,0
CUST_3YS7946SCG,0
CUST_8N38Y3SHY0,0
CUST_NRK37K1F6C,0
CUST_XKMUKVZ0HU,0
CUST_VSIQI807RG,0
CUST_T3MZP0IN1V,0
CUST_8OP18QKA63,0
CUST_WX8523G7QO,0
CUST_LE9I81S08M,0
CUST_SNPH2JA96F,0
CUST_FJZBAD38UM,0
CUST_TYQMB9NAMW,0
CUST_Y0LMGXFF5A,0
CUST_CZ1BMVOHDN,0
CUST_SVSSKQTZ5P,0
CUST_BQOQ29IY8M,0
CUST_KFVRIL9YF2,0
CUST_4U6VHA50KU,0
CUST_B4DKA71IKX,0
CUST_M1J3UR4INE,0
CUST_A6LQVUUB8L,0
CUST_3FBRA2H8B7,0
CUST_DZ8B7GEEY1,0
CUST_Q5BFUE2TD4,0
CUST_P5XGJRCN5D,0
CUST_1TENG6JO5Y,0
CUST_I30QA1599K,0
CUST_A2HRRBABDV,0
CUST_84BLEKVZJN,0
CUST_HJ2GLOXYEH,0
CUST_6SA7LSVX86,0
CUST_3ORDIO7LUM,0
CUST_L1X34XZEX2,0
CUST_IKAW6L93US,0
CUST_4E1X5T008D,0
CUST_5ZNP67FJ73,0
CUST_36FYPW3LSF,0
CUST_JKYN2P5UXD,0
CUST_S2BVZY94LM,0
CUST_GDCOYMLCER,0
CUST_3X549HYMWU,0
CUST_L57YFPMG75,0
CUST_1QMU9NWV9N,0
CUST_X4A6IMFQL0,0
CUST_L8FR3VT2ZT,0
CUST_1KS1B62O3B,0
CUST_NE9OZ9JT0N,0
CUST_2G64RDCA38,0
CUST_FUEXP7TJ5Z,0
CUST_1HWBOEVR6R,0
CUST_O7PHQXOGCR,0
CUST_WVB6P776GG,0
CUST_C4SC6VO5OW,0
CUST_XBBL11AHYU,0
CUST_RLYM7HW6ZD,0
CUST_2IA4DP063I,0
CUST_OQNFGTHW6J,0
CUST_E1J1Z7YL6F,0
CUST_ARN7XRA8YO,0
CUST_NUE90KRIHF,0
CUST_BOV48UZ346,0
CUST_F9Z1P2912E,0
CUST_2C1KRSK618,0
CUST_NG0RDJJ34F,0
CUST_GOEO8CDMAR,0
CUST_ZWMMW96Y6P,0
CUST_QM7FM1LI2Q,0
CUST_K0C5XQQN73,0
CUST_SHG10OM7OS,0
CUST_7IK9P8GQFS,0
CUST_QX8M6OZNO5,0
CUST_F4YLMJUBI1,0
CUST_INVC7GZ6KS,0
CUST_KYRJ1Y0UFO,0
CUST_FV4MVX36DQ,0
CUST_YRJ4BKWKRB,0
CUST_P1ZUX37SMB,0
CUST_FN2I1SD8MA,0
CUST_E1SHW0TDBP,0
CUST_CEMU1TN62F,0
CUST_ZB3N8IZLET,0
CUST_IS2055NMW2,0
CUST_7ITI00NM8H,0
CUST_96I70RVPRW,0
CUST_3KKD5URRU2,0
CUST_G3F53R9EUN,0
CUST_9N0141XMVM,0
CUST_DDJO9EI4EK,0
CUST_1DJW1W352Z,0
CUST_1KG7BJHNMU,0
CUST_LYLYTU4S1I,0
CUST_GHQBM33ZMZ,0
CUST_1OYLNUXCWY,0
CUST_2RVE5AM28V,0
CUST_JHWIQRGBPV,0
CUST_1S41PF67TS,0
CUST_JJWMJRB9OB,0
CUST_SHGP4RTPO8,0
CUST_CQHSP6X60F,0
CUST_EMZRBVJ93T,0
CUST_1WKV3F5EG3,0
CUST_H55TL5SLIA,0
CUST_AE656GRLAA,0
CUST_PLXY1LL8VS,0
CUST_6LCJP2PIAH,0
CUST_AKIKZGUG9A,0
CUST_LBJS1PSY83,0
CUST_3RDO0ETJQD,0
CUST_HIZHZNWPEV,0
CUST_GZJ1MDV818,0
CUST_5IV28IFK03,0
CUST_QTF0S3AW0L,0
CUST_AIPXBBSK43,0
CUST_42565ABXGN,0
CUST_19M1KOGVVA,0
CUST_QO8WFTGLZW,0
CUST_Q8ISW2ZOBO,0
CUST_ZB6Y1ECOIE,0
CUST_5T1TEM199T,0
CUST_E257Z623Z3,0
CUST_1FPND75V7Q,0
CUST_YFUXKTT4VZ,0
CUST_MO08A6QH2U,0
CUST_WFO1L6A347,0
CUST_4JAC9QP4KT,0
CUST_Q0OGQV3730,0
CUST_MP9VNTJC6J,0
CUST_2EO5P07G34,0
CUST_1NPQPCCNU9,0
CUST_1ONNUHF557,0
CUST_BR39LHBLI5,0
CUST_93JH5W3FQQ,0
CUST_UJPC1XGKSR,0
CUST_4DPYP28Q9B,0
CUST_IUA19JYMIS,0
CUST_7IEVZMM687,0
CUST_YPGCDUJHLP,0
CUST_0MCKKFEQ7F,0
CUST_URQMQI9ECM,0
CUST_1LXE5K3G3A,0
CUST_RVBC6IFXAM,0
CUST_UCCEM72TMH,0
CUST_DUUP7KHP1I,0
CUST_H5UYTHUS99,0
CUST_0DUVCKLPDE,0
CUST_X8KYPVFED5,0
CUST_2SDH6C9FE2,0
CUST_GDH00AUT4Q,0
CUST_9OQ80U1P0C,0
CUST_DKIMYH0BDJ,0
CUST_SCJRW4C5LT,0
CUST_UUVDAV1Q3D,0
CUST_BBZ15KHYFA,0
CUST_YHHX2WTXHX,0
CUST_81F25OG032,0
CUST_RLAQ0447P2,0
CUST_QLOV1SJ9HO,0
CUST_DGJDHMAGKV,0
CUST_D7X0GBQ53K,0
CUST_IZBSMS2TJ2,0
CUST_F8EV43WPKH,0
CUST_VURFE44LFT,0
CUST_7NWKNRSBCX,0
CUST_WYVUQC07JP,0
CUST_XX7VAGZHOO,0
CUST_F4PNLJELYW,0
CUST_LHRS8YJXQQ,0
CUST_FKBUE5XD5N,0
CUST_SE2PDXT9ZQ,0
CUST_Z5GOHP8TJC,0
CUST_LJJ41FVZ7Q,0
CUST_24AOWNISGB,0
CUST_9JVTQXCC7D,0
CUST_X7AHLB8VVT,0
CUST_MVP16YN5AX,0
CUST_CCULDXDDIC,0
CUST_YWFE0QSI9O,0
CUST_8YQ9GM576J,0
CUST_QRLTORYB7Y,0
CUST_377AOTNSFE,0
CUST_8XFL4R79RX,0
CUST_74A68YI1IF,0
CUST_EQKR8K6K6U,0
CUST_8HGBDJVL39,0
CUST_9YRNFWSKS1,0
CUST_Y5ZCA4F0NF,0
CUST_5RMF0KKPA0,0
CUST_OK5RQ8TW1T,0
CUST_Z8EY2SBSKP,0
CUST_JCZGT53JPE,0
CUST_P1AT4OHBH1,0
CUST_DJMJA2F7E2,0
CUST_L1KROYVSYV,0
CUST_830TT7POFZ,0
CUST_UPHO6XRPIK,0
CUST_UWQY0B9MFF,0
CUST_D5ZTG1J9AZ,0
CUST_DLGW8GBPHS,0
CUST_BS24S3PLAJ,0
CUST_O5C15FU5B7,0
CUST_I1HVDQOG8J,0
CUST_GMEVPTEA3P,0
CUST_N494A20MCT,0
CUST_GL69XSKKVD,0
CUST_AXODOKZDEQ,0
CUST_0G8X0GYZ4A,0
CUST_4RLOQVA7VB,0
CUST_OWKEBBHZES,0
CUST_ZYYX16SKM7,0
CUST_XERRG9T7ZK,0
CUST_5QR5LX7HUF,0
CUST_XN2DNGMBKZ,0
CUST_N9FY6T1HLA,0
CUST_S683SCOQ44,0
CUST_AOMKP6BHA2,0
CUST_YCCWOJP97F,0
CUST_PYKYZ6E4YL,0
CUST_V9HC40ZIM2,0
CUST_GXE8A8FF6B,0
CUST_EUKS0O1QFC,0
CUST_1VA3PA475G,0
CUST_DSUZQ8ZD7J,0
CUST_O8RBY7UT0S,0
CUST_7PYV4SM213,0
CUST_FZ9ONI7268,0
CUST_EJZS1EM9SQ,0
CUST_LL24PWKKTD,0
CUST_T8CET5PVCM,0
CUST_201JMVYDK8,0
CUST_K0IKAQDSHZ,0
CUST_PJF8WSRT2D,0
CUST_FSX2PA7GZ3,0
CUST_VE13EXSK85,0
CUST_ZAAIA3VZ1P,0
CUST_P0CL4QE4LL,0
CUST_6BP7I9JH35,0
CUST_9GJKPK9UXK,0
CUST_Q9MX3WPZVV,0
CUST_37INNO2ILC,0
CUST_SBR1YIYA4U,0
CUST_N6Y7LR50Z3,0
CUST_TM83WAIQAT,0
CUST_HCNMU4VJ5Y,0
CUST_TX57NZB8T4,0
CUST_X0DRRUBWFO,0
CUST_K3TH9UNYVP,0
CUST_4S6DVHI4WT,0
CUST_CQAYP67MPT,0
CUST_JE9XVC39L1,0
CUST_N4D4M0AHRR,0
CUST_T1J4WMXZKN,0
CUST_OD6DH0R4L9,0
CUST_EUIASUWA6W,0
CUST_PSU2PE9DL4,0
CUST_8AG0GEMF1J,0
CUST_O0IAQLPTAO,0
CUST_1G72QHOX34,0
CUST_4DRNL2NPL0,0
CUST_DQY2DRPOD7,0
CUST_DL2DYCZ5EJ,0
CUST_X4KVAEBAQO,0
CUST_SBA5J31YK6,0
CUST_JEZBQ0FI38,0
CUST_MG20UBN8SF,0
CUST_MW5IVFVFC7,0
CUST_6F7Z3MIIK0,0
CUST_YVBL70CXRV,0
CUST_NVJL294UHL,0
CUST_LTSM8NM95M,0
CUST_Y6Q9I6F248,0
CUST_O71D2R3QT0,0
CUST_N8Z8QZB7PE,0
CUST_CDFQY8M96R,0
CUST_65397XPA8G,0
CUST_MMSARN7GHR,0
CUST_VZZM9QIKW4,0
CUST_H2FT6CTK3E,0
CUST_5D9GEYT451,0
CUST_OE02ZKKTFQ,0
CUST_V8OQOR85HJ,0
CUST_FGE4RMBRG1,0
CUST_4EVVV3BKA5,0
CUST_SPZK1Z7J2C,0
CUST_MK61SCFGF0,0
CUST_SNV1I1J6XK,0
CUST_RPCFQ78A07,0
CUST_BEA6UD650V,0
CUST_4POHDZMX4G,0
CUST_CDJBSA3IFH,0
CUST_JVGJ4Y7AK6,0
CUST_HWBJ6PD6N5,0
CUST_3SMAOMZ7UP,0
CUST_E0YIEEYZ4M,0
CUST_BK6SZK2Y7Z,0
CUST_C63J9IW19V,0
CUST_78AOFN6Z0L,0
CUST_NYPDZ22UFU,0
CUST_KIJ9SNIA38,0
CUST_MFK89C3MMS,0
CUST_CBJE97P1R9,0
CUST_PKB3DO2U54,0
CUST_J5DWRSW3YD,0
CUST_OJNYV82UW3,0
CUST_9RX1XWMX59,0
CUST_UDC9P3T1HA,0
CUST_HA7Y66H0D2,0
CUST_6F8MJOLJQ9,0
CUST_0ULLKJVEQN,0
CUST_OVG1UNSO7I,0
CUST_QGPL8J6VZS,0
CUST_ZOQ6SD33PG,0
CUST_G8ZCMZICS8,0
CUST_W73WT1N8C8,0
CUST_IZL99ISYQU,0
CUST_JGZL4Y2Z7I,0
CUST_PEBJ9AQXZR,0
CUST_NRNA1WS9RL,0
CUST_Y8IBZGXA4H,0
CUST_YYAJAAIYF6,0
CUST_87L56R8XOV,0
CUST_BX1RPHOIXW,0
CUST_PQ0NRT12YV,0
CUST_QJD0WV41HV,0
CUST_NT7PCLR864,0
CUST_F30FOQIJIM,0
CUST_JJHO65CHLX,0
CUST_41EHVMVPEY,0
CUST_IVS1UX40DW,0
CUST_GDV70YL0EU,0
CUST_PJYVTHKXKJ,0
CUST_SGE5SGDFN2,0
CUST_PKS7WG35BV,0
CUST_3EYWGENZEC,0
CUST_HGU8O0N2YP,0
CUST_CTYG5ZLB9T,0
CUST_W4HA0IYBXV,0
CUST_GLW8JB3YHU,0
CUST_VU4EQFX32C,0
CUST_OMUP2HBV8Z,0
CUST_ZIWEUE5NRL,0
CUST_AD3SXNKJOW,0
CUST_CA1Q3U1KGY,0
CUST_GF4ZGDNKWN,0
CUST_F6WPGW6DV9,0
CUST_Q4FEZIWKZD,0
CUST_O2SNEK0V0P,0
CUST_J27A9GFWA0,0
CUST_JBZK8PT46N,0
CUST_K3N94BLVUL,0
CUST_1SFAQG3Y5C,0
CUST_NN5T265FCQ,0
CUST_48GMTKXFTP,0
CUST_DI26NGLFC8,0
CUST_61XQAGJ55V,0
CUST_L2Q6I34F3A,0
CUST_4Z22ZYQJE4,0
CUST_M9IVZVLIQ5,0
CUST_C590GLJCCO,0
CUST_WAISVQD7J9,0
CUST_XNDQS2NZY9,0
CUST_RTRE79EX7Y,0
CUST_YSOKY9T1YJ,0
CUST_JUG28DD864,0
CUST_RIK6DZ1L0V,0
CUST_THSBDQVFBS,0
CUST_2APQSOQXKN,0
CUST_XR1NYKCYXS,0
CUST_Z9X8PYSSP3,0
CUST_NGXRCF69Z1,0
CUST_RQ9N1D7EBC,0
CUST_EPWTXXH7TE,0
CUST_E8QF8ENXKQ,0
CUST_OTAB60A3WN,0
CUST_8E7MA45MRH,0
CUST_939ZE0FB0C,0
CUST_AKTR8RQ2YR,0
CUST_PL8YB6HBRM,0
CUST_RZHRXJ43CB,0
CUST_WX5JE21OPI,0
CUST_0AZNUCZC8U,0
CUST_F0OS46J4AP,0
CUST_8TNIO6JOCR,0
CUST_3XD89QU1EV,0
CUST_AUXLK5Q4WD,0
CUST_3XPAKVPG6G,0
CUST_B5D2X003T6,0
CUST_JKMAM0HJU2,0
CUST_9SAJKUA7UB,0
CUST_YLOMBVRZZ6,0
CUST_L14TLGHXCE,0
CUST_XCQLO3RJYR,0
CUST_N5YPPEOFIF,0
CUST_RHDD56MUNR,0
CUST_Y597BUJWJZ,0
CUST_334JBCR7AK,0
CUST_0D2UULKAX2,0
CUST_921CCCMMN4,0
CUST_ABLSHKCVJ3,0
CUST_9H977L09MR,0
CUST_D6TP15MUMI,0
CUST_GDJRD3E7FB,0
CUST_Q0W4L2260L,0
CUST_W4ISSL3F9Z,0
CUST_XGYAPKDZ68,0
CUST_UUXESNWPCX,0
CUST_ACW2X7QPGQ,0
CUST_OU0L52NRLP,0
CUST_ZCZHR99DBW,0
CUST_PPYKONOEFE,0
CUST_YSM56QW5WJ,0
CUST_RKU3XVIHK8,0
CUST_A7H8V3VSYE,0
CUST_TR8BRDGZNG,0
CUST_O9LIBTQLIT,0
CUST_14QP2LDBOD,0
CUST_OBYU4932O6,0
CUST_G2AJ9F15TD,0
CUST_D3YEE5TAPG,0
CUST_C78BGS9U38,0
CUST_T046O4EIY5,0
CUST_EKJ0B72ZPM,0
CUST_B4654FG86Q,0
CUST_80B55E0KQY,0
CUST_PPSJJF6S9F,0
CUST_KPIIMJ2PP8,0
CUST_LI93OZWXGH,0
CUST_T5PCS76RQU,0
CUST_MZPO58ISRK,0
CUST_ZHMAWSWP3P,0
CUST_TJ05UYG2WB,0
CUST_XTPF805EMG,0
CUST_US5PTA0GXC,0
CUST_GMSFEO725V,0
CUST_6HW5R8W6FG,0
CUST_YLY7X3TEJD,0
CUST_2X91LSSOGD,0
CUST_2JU0BT8SWD,0
CUST_2M9Q0UVMTQ,0
CUST_3166NFQ5QP,0
CUST_Y65H7S21NP,0
CUST_SX6FRX3SST,0
CUST_9OJPJCWA2R,0
CUST_8ECIGG25FE,0
CUST_M7IGK4WWOR,0
CUST_A147A6TQRH,0
CUST_LNP08X9737,0
CUST_67B51YZWSG,0
CUST_S1GVMKPYZH,0
CUST_A4IW4R6NXR,0
CUST_X99LXSQORJ,0
CUST_NDP6YYDZJ6,0
CUST_W7WAG8D1S4,0
CUST_K3BE5E2BSZ,0
CUST_GWZ9NZKWZ8,0
CUST_ILS4X4OKFS,0
CUST_I21AJDRNU5,0
CUST_W3R71LJ7HQ,0
CUST_NM3T648JGE,0
CUST_UJBZ6VH0UV,0
CUST_U1L4C28Q57,0
CUST_L7WKZPKS32,0
CUST_TO3MDMWH5X,0
CUST_3VL9DABJMZ,0
CUST_CBKX2IA20K,0
CUST_KFBV11IUY0,0
CUST_42930QOYHG,0
CUST_TRX80MT6IU,0
CUST_T2R8RKANOM,0
CUST_W32IO6UOB0,0
CUST_D0Z7AYW3B9,0
CUST_BCX7Z170ZN,0
CUST_JVMSTTCTUV,0
CUST_J02O5ONL96,0
CUST_BXOA2DRUV4,0
CUST_9PX7UUQ2TG,0
CUST_823OXMDLIX,0
CUST_1Q6ICGQYXS,0
CUST_6EBKXG2NYS,0
CUST_2E9H8J7ETH,0
CUST_OMMRQ2MPLR,0
CUST_TMD8R2RB22,0
CUST_Z0Y6EK1YA7,0
CUST_EULLIJD2KA,0
CUST_5OWW6X1TZO,0
CUST_4AF82WHPS2,0
CUST_7BTA71FELC,0
CUST_FOBZN0SJ7A,0
CUST_NF9ZQBQUN6,0
CUST_I7NLBFM3Z6,0
CUST_AG46IKYIJB,0
CUST_N1KP9RJOOA,0
CUST_WQBUWDQAVP,0
CUST_O4JX6BJ3G4,0
CUST_CY90SM6MS1,0
CUST_A70HS3COX1,0
CUST_HKZRWTEXM9,0
CUST_VNZKM7727O,0
CUST_SH1XTI2DRI,0
CUST_RCS63MKYV9,0
CUST_P3DR2UGNUP,0
CUST_NGRD9SWWEE,0
CUST_1GDH9QOM1N,0
CUST_D9MSCTPKW7,0
CUST_VDTAMESVDL,0
CUST_I5HWLAOWFX,0
CUST_G0KHOEXMWO,0
CUST_A4XJBW9DUA,0
CUST_INT3FNVOPV,0
CUST_PJ4UB8LGMG,0
CUST_7GQHM57FEJ,0
CUST_MMK6IBZ7V8,0
CUST_HDFQ57AN0K,0
CUST_GZEAK10SKN,0
CUST_WFJY5HVEUM,0
CUST_Y9OITEM2WT,0
CUST_SNDO12CZ4R,0
CUST_2ROQELYE9D,0
CUST_V31WKX7742,0
CUST_O54J1MKN7W,0
CUST_EIJG0A7052,0
CUST_WQWUUHWMN7,0
CUST_FJ1I4YPPIS,0
CUST_LF0TVYY2UT,0
CUST_W0OTDYE0UZ,0
CUST_KTPRGQN7SV,0
CUST_SV3Y0MKZI5,0
CUST_MWDU3BDAW6,0
CUST_JUHLNY695B,0
CUST_A0W9KHD3HL,0
CUST_B0WZKJYBL2,0
CUST_HZMT8E1BWN,0
CUST_JKCI95QEVQ,0
CUST_F85B4U0V09,0
CUST_POQP9H0JHZ,0
CUST_PT76ER976R,0
CUST_FT9X735SOH,0
CUST_QXZF42BIIH,0
CUST_14V6GQ24LZ,0
CUST_31DS41PHZ1,0
CUST_6G4LDWBT1J,0
CUST_EAODF1GGFZ,0
CUST_MFXC38IXJQ,0
CUST_54FNW9LO7J,0
CUST_UVMTFFB3DB,0
CUST_37N9K0I32F,0
CUST_8IF3Y9R59G,0
CUST_UMKMYEUS94,0
CUST_RKRF97ECDZ,0
CUST_BV1LXRTJ2S,0
CUST_OJKYUFKVML,0
CUST_UZBM9K93L9,0
CUST_R5TT2TJ5MO,0
CUST_XNN540A974,0
CUST_8RNI956RZU,0
CUST_6TG9WOM0TF,0
CUST_K1RN24FZRY,0
CUST_01CHZFMKT0,0
CUST_JRMLO35XYO,0
CUST_TBX45KOD94,0
CUST_6NUD0ZSF6P,0
CUST_5RM17V19HG,0
CUST_WF4MIF688C,0
CUST_MCWVX6XGF9,0
CUST_T1AUH2ZI20,0
CUST_390ZG3LWJ1,0
CUST_ZA8QQGNS53,0
CUST_8WNGI0XO1O,0
CUST_6OM3DD7WFJ,0
CUST_PC67L8CNKU,0
CUST_H3WK06OW59,0
CUST_AR3YG0P845,0
CUST_NCEP50TY4K,0
CUST_Z89O52TGBC,0
CUST_VPUNOU4C5R,0
CUST_3D7MAIS37L,0
CUST_YRJUPD3HMJ,0
CUST_F05W3G3N7Z,0
CUST_BKM72J4ZGT,0
CUST_3YDEMVWSE0,0
CUST_CG1YKO8X4N,0
CUST_K59GZTJJEF,0
CUST_4475LJ2E5W,0
CUST_9JOILZUZXC,0
CUST_KOU195NNPD,0
CUST_5W1YBPJ9TB,0
CUST_9VACOJ7NRW,0
CUST_NEERMFY22V,0
CUST_OBS7WICXQY,0
CUST_5Z32KAIOD5,0
CUST_D3M0O7OYXB,0
CUST_OXHKDU173E,0
CUST_PU1XMN5ROU,0
CUST_0MVOBBV2CR,0
CUST_V0EDEW6979,0
CUST_2WYACOCG67,0
CUST_VVI226UDXR,0
CUST_P7ZXAXXU9G,0
CUST_EUHNEQ49MW,0
CUST_S57HFDWO20,0
CUST_HIK0WVW8ZK,0
CUST_KF9Y5SXVZA,0
CUST_V1ZLH81VK8,0
CUST_2MOGKYGG69,0
CUST_0H6RWNGMC6,0
CUST_UEOM8JY92W,0
CUST_7V0W1YE7VC,0
CUST_0LSRAVICVY,0
CUST_U6SX27B5RQ,0
CUST_2E94OR6GPB,0
CUST_44B8G40LQO,0
CUST_SYCJ0EVQKP,0
CUST_42T49WBKOO,0
CUST_8ORUUZ2J5D,0
CUST_H8OC0HZHU7,0
CUST_JKVOGIR882,0
CUST_OGYN427FL1,0
CUST_JPHGHDQTZ2,0
CUST_TVCMHIUS75,0
CUST_7YYYUNNYKR,0
CUST_0M41JKVQ9K,0
CUST_Y6SPS3H765,0
CUST_N2TI663OOD,0
CUST_4TXQSKJEJC,0
CUST_MTMVK4SUM5,0
CUST_JE9NNK2PYS,0
CUST_6OGTRLSRQR,0
CUST_MNL55QH36Z,0
CUST_U44A6QQ1S9,0
CUST_M6G119F7C9,0
CUST_ABWFSKIM0Z,0
CUST_ZIWZNW8Q4T,0
CUST_41F1AYJSZJ,0
CUST_BO1F2PT30C,0
CUST_HVFAF3OQ2P,0
CUST_B81Y0JEHFU,0
CUST_3BVTF77VYI,0
CUST_9JCGPZ8K9N,0
CUST_REFWOGQY9U,0
CUST_Q3JRTIF96U,0
CUST_5XR0U800VP,0
CUST_GSSRWZES5L,0
CUST_V9QIUS6YWU,0
CUST_XI9BB7WDPI,0
CUST_UI7I784IK1,0
CUST_YQR8A429HJ,0
CUST_B39U8GR710,0
CUST_63T458HQRC,0
CUST_MO4SVDLEVG,0
CUST_RA5TJM3M68,0
CUST_6AES34T4S9,0
CUST_XKED160HWN,0
CUST_FJ931VPDPD,0
CUST_HR4TL85Z9T,0
CUST_XD446OHWAS,0
CUST_W349A5W5MI,0
CUST_P20RLGZXYX,0
CUST_2UTHCAS03W,0
CUST_I9K6RLH3II,0
CUST_UFEBHGT4O6,0
CUST_Q8UUL2HH9R,0
CUST_AFP2DE2RM9,0
CUST_UT2ZEYP7OF,0
CUST_41ERR30LJJ,0
CUST_BSXE2JVPU6,0
CUST_A90VYCU8XT,0
CUST_U92VW2UT9J,0
CUST_T3HKLD0INX,0
CUST_O7JKMB6S06,0
CUST_S3AB3XM9HE,0
CUST_MCJMZ50ZTC,0
CUST_V9I8JU3RUR,0
CUST_Y6CP6ADRR5,0
CUST_WM5JSHUDEM,0
CUST_5MFD81O1NE,0
CUST_S6YQNYYDOG,0
CUST_H4S5F0GCM7,0
CUST_IAOQ7XLQ9R,0
CUST_MUWRW8AZKX,0
CUST_MAN7COFWC8,0
CUST_CDH0GYKC00,0
CUST_5MZX0OG1RQ,0
CUST_D36CXCXMG7,0
CUST_BGQSBQK4HK,0
CUST_5JGVKEOGXR,0
CUST_D75R4XHW0O,0
CUST_RVX5VND23Q,0
CUST_9IWFOARV4J,0
CUST_B863UCCFUI,0
CUST_1GZT007VCR,0
CUST_UYXQYD52SI,0
CUST_F4AAGVBLTY,0
CUST_T6QMKCDA66,0
CUST_GG6Y1QNO21,0
CUST_A0EY5UG5K8,0
CUST_71SKKMC2I4,0
CUST_LO6Y1VBDXA,0
CUST_LPB57B96HG,0
CUST_PPEVWS9FIR,0
CUST_JQQMCWMKQ1,0
CUST_GGGJAII073,0
CUST_6MVNWRYR8H,0
CUST_SCC3PC4QCU,0
CUST_4MGFZ0FQFB,0
CUST_4SKL3WP5W4,0
CUST_1KM65EKS2O,0
CUST_473D1NY2X7,0
CUST_W1DDGBIN0U,0
CUST_GGN55BDASN,0
CUST_C3S6NPJBM0,0
CUST_NPWYK9YVM8,0
CUST_98PF3IT1U1,0
CUST_GB5VX58BI6,0
CUST_RTV1266IXH,0
CUST_9SYJ47KBCE,0
CUST_OCKDAY6GBA,0
CUST_0SYNXF23ZY,0
CUST_ILZQMUW8ND,0
CUST_F97RJQHUEX,0
CUST_G55MENERJO,0
CUST_HYGZETLA2J,0
CUST_8ZHP5A1F7E,0
CUST_4E8OT4ICWE,0
CUST_T79OU571N8,0
CUST_SDT8R9LRZ4,0
CUST_S3DEPXN1HD,0
CUST_YZ1Q1B8BCQ,0
CUST_Z14N01A501,0
CUST_K00N4U5XA8,0
CUST_ZP5ZF5T0RK,0
CUST_IGHET8E0PO,0
CUST_PVULG7KE9U,0
CUST_8CQBV02IYK,0
CUST_I6D17LX1C3,0
CUST_KMWP9I2CCB,0
CUST_6EXUQ3DQQ4,0
CUST_OF3UMSDD1E,0
CUST_482JVU2U0X,0
CUST_RAJUAXAAU5,0
CUST_6SF2PX8ZFU,0
CUST_AU6CENDEP2,0
CUST_PDYUYP3EBG,0
CUST_EAZWR2A65E,0
CUST_GT9MGBQG87,0
CUST_GTB716HEWC,0
CUST_QPWXUO1ZLI,0
CUST_X6JK0ZVNF7,0
CUST_WNZKPMWIWI,0
CUST_QLFHIW5XE7,0
CUST_S8KWP3IA6K,0
CUST_JMQETM4Q9K,0
CUST_QSL4CN8FZT,0
CUST_PHYS7JOMNS,0
CUST_KS9U4PKRV3,0
CUST_0NSZ27OCZB,0
CUST_QPTMHRZXJF,0
CUST_JPENOWZQB5,0
CUST_YUHLNQGY4K,0
CUST_UA1O1PCIQ1,0
CUST_RTN7ECUL1Q,0
CUST_2E05Y96N82,0
CUST_NAWQIWA6OD,0
CUST_LQLYCGR217,0
CUST_4JJ6A1XDJZ,0
CUST_XT7IRYYZ1F,0
CUST_HJJ362WDSL,0
CUST_3200LN90E5,0
CUST_Y259CYFAUP,0
CUST_9KXEPU4SIY,0
CUST_IE0MW731XW,0
CUST_S7BERV2086,0
CUST_0AMQBER8V6,0
CUST_SXJS5ZFXNA,0
CUST_2FH6K7FX6G,0
CUST_NFLVTN43B5,0
CUST_W3BVZ3I3KI,0
CUST_QYLXVID8TU,0
CUST_7UQTL3ITCC,0
CUST_2G7T6KU3ZN,0
CUST_TQVJOF3P3K,0
CUST_I287EJFDIJ,0
CUST_ZI7OO6DQ2H,0
CUST_K8N1JNFAEM,0
CUST_N0FD47V2XD,0
CUST_A3GYY8WXI2,0
CUST_EN4MTLIW2B,0
CUST_79X0GLNFV5,0
CUST_HD91KBIVDS,0
CUST_BSJY5T8M7J,0
CUST_H9IZAL4WZA,0
CUST_P8BZHWTD2A,0
CUST_MADAT32HLS,0
CUST_A7BW3UEZJQ,0
CUST_USWMDL1VGW,0
CUST_HO0MFW8WC2,0
CUST_9JDAU1PPFZ,0
CUST_MCG9UL8H75,0
CUST_BGL8AU02XJ,0
CUST_51KKQRCI4F,0
CUST_SNT4L2LGUE,0
CUST_74TQD2G45F,0
CUST_0304LE7T2O,0
CUST_1Y8SGSER15,0
CUST_SYCXF44S1Q,0
CUST_0BBKTD83CH,0
CUST_N36C60FOZG,0
CUST_7IQBKFQ813,0
CUST_W8KWDSBQC3,0
CUST_CC82G1DS3C,0
CUST_H9W1ART4XA,0
CUST_AD8VMC8GBN,0
CUST_7IDYC6QUH8,0
CUST_5EQK0GG796,0
CUST_T6QLAFVEI2,0
CUST_44QZY6AEWT,0
CUST_KEIMMBSDK9,0
CUST_XJKDRC6QY2,0
CUST_4XXCRBAH8V,0
CUST_7TWTTLJLKR,0
CUST_5PELYI6NJF,0
CUST_OKGL2KPJ8N,0
CUST_DE0WDN3UDU,0
CUST_VYU7UPWXGQ,0
CUST_VU3WXUAINK,0
CUST_83EGAVQDAT,0
CUST_E7DO1U47D2,0
CUST_AGRNFDPYNG,0
CUST_JSS3U7PAX4,0
CUST_4CY4N2D07W,0
CUST_3UYPU1MCE4,0
CUST_NR1YPDBQ2N,0
CUST_IPA9GS0L8S,0
CUST_LWCFOCXRJU,0
CUST_8FMP33AQ7E,0
CUST_FCYJL9QU8A,0
CUST_GH6LUQ274E,0
CUST_SYVSRL0HWW,0
CUST_QNTNDELNPY,0
CUST_Z1PEF3BAE2,0
CUST_H1WFP552TC,0
CUST_W8XKN1O191,0
CUST_SH9DU4WSNA,0
CUST_021Q6XS02Z,0
CUST_BH5NMJQ85T,0
CUST_FYC7ZWYLYA,0
CUST_RC6N9LM1T2,0
CUST_BPZ4IAY1WJ,0
CUST_LJ0EBDZCEB,0
CUST_6R6ZXX8515,0
CUST_WAC4LUHPBF,0
CUST_EQ2XANGFDE,0
CUST_Q5XJQ4LRTK,0
CUST_9Z9QS6VDNK,0
CUST_B4HGU9AKAK,0
CUST_LWSEPUFVIH,0
CUST_6TSP989UKC,0
CUST_XB1A58R0XD,0
CUST_FIAEMRHAV5,0
CUST_SIU4H8Y9X4,0
CUST_J1EL628VWL,0
CUST_H4B5DOIA8X,0
CUST_9706RCDPQG,0
CUST_VIQE3HC26N,0
CUST_2X9R1N6NTW,0
CUST_4EGN8DN3KD,0
CUST_JSTX4SI24F,0
CUST_CBEVRI2T4N,0
CUST_Q3TATPC7CD,0
CUST_VURVA37DVT,0
CUST_G9HH3H17SY,0
CUST_X5HYI72B08,0
CUST_SX4LCRHHA8,0
CUST_0RFF6H5K6L,0
CUST_OT71QWGTXP,0
CUST_YZH862BRTE,0
CUST_KR95F6N888,0
CUST_69W8W50B2B,0
CUST_HMRYVDXT6R,0
CUST_V69UOOAG11,0
CUST_LHGCWOM2I0,0
CUST_FG77EH638C,0
CUST_IRS51N9LQP,0
CUST_9C7SRNWUW3,0
CUST_IPMIQ7694L,0
CUST_2RKCDO9MUT,0
CUST_6WO7FLY1M6,0
CUST_KS1BS5HSR3,0
CUST_QSFII9U23N,0
CUST_92V11N4UHA,0
CUST_82AVJX5FT6,0
CUST_VEW18LH8YG,0
CUST_UT2NWXHM32,0
CUST_2P53G32YDN,0
CUST_K017RNAKX9,0
CUST_K70PAYDY3W,0
CUST_QPS8DBFCXG,0
CUST_9BJ7L1ENC0,0
CUST_VZ0ICG9OAN,0
CUST_5ST07IFHO7,0
CUST_WF1Q0JB639,0
CUST_G3QHRDG8GB,0
CUST_E7ZEZJ5MF5,0
CUST_X4AUMGZ7N2,0
CUST_FZZGLLNV5V,0
CUST_R71ZYBEG6S,0
CUST_9EQL8Z6VQZ,0
CUST_D4VZQ11E1F,0
CUST_C407S13NZA,0
CUST_J2KWEPESG9,0
CUST_9TB6UCR7T9,0
CUST_ZZW4AIEME7,0
CUST_M5X23MHBHI,0
CUST_XJWFIAW1NW,0
CUST_QTBFGD2N2O,0
CUST_IMV1ORHYBX,0
CUST_1EPSRL3RA4,0
CUST_TADDAPFTXF,0
CUST_MNN3PMF38N,0
CUST_10IYH3NQ8P,0
CUST_GQ14HBGMR1,0
CUST_IVDO3ZUBYW,0
CUST_0EVDGT2FT9,0
CUST_4DOTJ1Y0M0,0
CUST_5DO8YMLHQJ,0
CUST_8ZCN5SCKCV,0
CUST_EDTGTQ0NUG,0
CUST_6K1HXNGDH2,0
CUST_7TN68X2SWI,0
CUST_0VPD5HKH0K,0
CUST_NYYJ9B7UHJ,0
CUST_Y0YMGKAWUN,0
CUST_XF3TXPOAWP,0
CUST_JAYPI7YCQH,0
CUST_EBU7T9RGK4,0
CUST_8LMQYPORU4,0
CUST_LCKPSXYNUT,0
CUST_ML5X7QBP7D,0
CUST_P8XT4EZCEQ,0
CUST_BBK0QU8MQL,0
CUST_PN1W1LQY0W,0
CUST_CJJJE7PTFD,0
CUST_CZUUCFD6S6,0
CUST_LW90IEF3Y9,0
CUST_THT52RI1B8,0
CUST_Q5C3990V8N,0
CUST_7AHRUZIPT9,0
CUST_72S95Y1SJR,0
CUST_6SREXXQITN,0
CUST_PBJ6IZ2QWV,0
CUST_UTSAQF5JZO,0
CUST_V9TMKQCKBL,0
CUST_D5A4MHVZ27,0
CUST_ZPZ490SVHE,0
CUST_WRF7IN003T,0
CUST_RKJAM6U5S5,0
CUST_AIDKXG12TJ,0
CUST_7CE5SZZX00,0
CUST_9IZSOY7512,0
CUST_G3MOMZ60LN,0
CUST_GNRYASYJS1,0
CUST_45D0QUVIGV,0
CUST_5PQ8RUNC87,0
CUST_G3SWXQDLSJ,0
CUST_MFP1GB5I95,0
CUST_Y2IABM2VUA,0
CUST_SST3ZKBL5G,0
CUST_FYKWMXQ2DG,0
CUST_2ZAVTJLX0V,0
CUST_20X3HWSKJE,0
CUST_6I5BBLORVJ,0
CUST_T30RF2BIMN,0
CUST_Q3ADJRWSU3,0
CUST_EYCSTGFJQ8,0
CUST_3B74E992OT,0
CUST_SSP41J0O79,0
CUST_9W321PXU26,0
CUST_9CIHGRHSE6,0
CUST_VN8XBU2TFU,0
CUST_SJN2ZDWOYH,0
CUST_RAVKQJH6PD,0
CUST_BBVAKKFHYT,0
CUST_EVH3D7GKTX,0
CUST_MY6P7Z6KF2,0
CUST_2RJ2U9OQ0L,0
CUST_38IG8J41H7,0
CUST_96HLU0SMWZ,0
CUST_QF0L74D7BR,0
CUST_8U99T72J53,0
CUST_3S02TRTYGU,0
CUST_CTEQ1OIX2L,0
CUST_MIK9HPH7XX,0
CUST_TUD5R5R9H4,0
CUST_3W5MDL76LO,0
CUST_KI1TYGVYTT,0
CUST_3ZGK8RRIME,0
CUST_WB2QPQDY38,0
CUST_QFV4BNZ3AL,0
CUST_OPI7RZ5KT1,0
CUST_D6M59YW88P,0
CUST_OJR6INPVO5,0
CUST_CMLBU3QSF1,0
CUST_Y3EU3FZ5IR,0
CUST_6W25YHTHJ4,0
CUST_7F7085FTM9,0
CUST_FOW7H7SWUW,0
CUST_MTJ738EMTI,0
CUST_MSUU563R0J,0
CUST_403LYX1NM5,0
CUST_63BORSPBL2,0
CUST_HJTGTCFS3V,0
CUST_QZR2V6TQHH,0
CUST_OHRXK5SPVA,0
CUST_QEDJCJI3ER,0
CUST_XV2RLOPBFI,0
CUST_FHU7ICDE4Y,0
CUST_CHTKT7OR27,0
CUST_HBQYX30V32,0
CUST_1256BSRICG,0
CUST_KUTG2UOM5P,0
CUST_JLSLDN7D0W,0
CUST_G3LFSDYG3N,0
CUST_0VNFNFL7B6,0
CUST_2H7UHS35KP,0
CUST_DF975B5PWB,0
CUST_WJP37G22JS,0
CUST_B7EG84Y3H6,0
CUST_UD84RXOPDS,0
CUST_6YSUW7P1KX,0
CUST_JP1YL1PYK8,0
CUST_3U9MIES1P7,0
CUST_ZT9FG52GBF,0
CUST_SU4RO0YGUW,0
CUST_KRENAJY7LE,0
CUST_AW9TZ5Q17X,0
CUST_9745W2W8WL,0
CUST_1I0AOPH2SN,0
CUST_AZDFPG93M0,0
CUST_AMB49CA0O8,0
CUST_GOR0DM2PF5,0
CUST_RONJPTRLAO,0
CUST_U17XF7DTAE,0
CUST_Z98A13QCCD,0
CUST_504VPVIDWY,0
CUST_E08WJF1NG2,0
CUST_KMFVS347XH,0
CUST_18K7W7M9N0,0
CUST_D3TQW807KJ,0
CUST_5LOH1LZUXI,0
CUST_9E4JAIG9CO,0
CUST_3K8Q9S57WU,0
CUST_OV19QIV5LL,0
CUST_7K4NFHI0GJ,0
CUST_FTA1XUROJ2,0
CUST_GACQ579OQM,0
CUST_PAZ08O7RVN,0
CUST_YLGNA9F9AO,0
CUST_2WZH6IIWFN,0
CUST_UZRX4VPH33,0
CUST_3VGSWYVX7B,0
CUST_8DN6I75SPQ,0
CUST_J7FB6C4J3O,0
CUST_2S4AWNB4PQ,0
CUST_VKE912DTQI,0
CUST_2C9WUSPMSK,0
CUST_1UVT7RZZ58,0
CUST_9K0V9TUXEO,0
CUST_OQ6RTT029E,0
CUST_CPHX2A9VSN,0
CUST_JECEUK3YF1,0
CUST_VDWWFD0EXA,0
CUST_0G3YY3TGO3,0
CUST_AP1MMZUH92,0
CUST_57S2TTUZWF,0
CUST_8Y2KCG94YK,0
CUST_1L7SYN3YIA,0
CUST_GAPOI5I2VQ,0
CUST_GRX10PCO5O,0
CUST_VX7RAPOYA8,0
CUST_SYHHQGJPNS,0
CUST_3SRDN0H23I,0
CUST_0P7TYCSDSW,0
CUST_O57R4Z0X1E,0
CUST_2OXYXHE84W,0
CUST_SPYHH3NG5X,0
CUST_ISWJ1CW8O6,0
CUST_Z6K0R6DH2F,0
CUST_U6YOM7Z1NL,0
CUST_IWOTVNW4EW,0
CUST_7V86330B72,0
CUST_E9MJ8BCKQ1,0
CUST_FP0IEMVDV9,0
CUST_FX1BHFRNZW,0
CUST_XC3EFJ88U3,0
CUST_O4TDJ30L75,0
CUST_LS6SX4DWF4,0
CUST_6ADBGXF7WQ,0
CUST_ZT67TGYPRW,0
CUST_E0YV8B8WBC,0
CUST_6BI9800VTJ,0
CUST_PU3RLOS88N,0
CUST_ASLSY0H9AN,0
CUST_L7HTJV977G,0
CUST_0V70XHKPQ4,0
CUST_4AK898S5KY,0
CUST_NNJ5N9F833,0
CUST_03H076P92Y,0
CUST_M7IX4ESO2G,0
CUST_V604GDE17F,0
CUST_TN8LMPI44Y,0
CUST_NXHAPCPK0M,0
CUST_QSJ6XLWPUG,0
CUST_V4OCY7LOKH,0
CUST_Y7S7VB1ES6,0
CUST_0OKR5TEK2D,0
CUST_S7X7R49CKH,0
CUST_VFYBX5VKAF,0
CUST_AHFJ6ZIG22,0
CUST_LWQLO63QRT,0
CUST_218UZGU7UI,0
CUST_P0W0WT79Z0,0
CUST_0D23058B2D,0
CUST_PU7PE0RAL4,0
CUST_QWQVO628NF,0
CUST_T6ZUHZ7SOB,0
CUST_HDWBW71HM6,0
CUST_3FK7GRHAYE,0
CUST_I0MW3M3PG4,0
CUST_FIM8YRVXTO,0
CUST_MUQTNHFNO4,0
CUST_O92W9OXHCD,0
CUST_UEQARLDV2C,0
CUST_MGB5YXEL5R,0
CUST_CPPPC8LITV,0
CUST_FH3I8375AC,0
CUST_PD4L35KLV8,0
CUST_DB22R88QWE,0
CUST_0WGZ6QO79V,0
CUST_5RNRXH702E,0
CUST_P68KQ0GZ13,0
CUST_2R1G0Q41O6,0
CUST_0BBUQZDVDJ,0
CUST_YC3IZC0VS3,0
CUST_TNNAKMA4ES,0
CUST_WGA5Y4RO3B,0
CUST_JHIFJ6H3TT,0
CUST_59NJT51JKF,0
CUST_JGI18GNXUU,0
CUST_0TC5GN3N0E,0
CUST_Y3AZOT5D5G,0
CUST_NK74UM6WP5,0
CUST_QXWN0YH9XC,0
CUST_6ZNT1QOSTU,0
CUST_SJI2SOQVL7,0
CUST_JRQ03FXNTD,0
CUST_4UR2GQYK97,0
CUST_W5K35S9PP4,0
CUST_P8WRWC4LZO,0
CUST_53SRX6H54X,0
CUST_O4YQYXAFQD,0
CUST_5OAYD7N8C3,0
CUST_YBE8TB9ESY,0
CUST_HU9ZVLOUS6,0
CUST_4MBIM48MRP,0
CUST_UB1ZVWKUVR,0
CUST_OTGF9IUB8A,0
CUST_HJX24PQIIY,0
CUST_AVZDWWLF3P,0
CUST_8U7NAKNNZ7,0
CUST_FKI2N7L339,0
CUST_TD6PUGWH3H,0
CUST_CH0M6KZER2,0
CUST_SHHBNRY9IM,0
CUST_EBF91S3XCQ,0
CUST_QDUVI3ZMBE,0
CUST_XYZYJNE9JD,0
CUST_ABNYIUDV4U,0
CUST_9Z2N9Q6ESH,0
CUST_Z3QSOH2H76,0
CUST_8EK2373HIR,0
CUST_L7PBJQJ9QX,0
CUST_EV7PWKAS4F,0
CUST_199ZGLMP02,0
CUST_727MABZRTP,0
CUST_GKW24WXK9M,0
CUST_O5616DZT4W,0
CUST_X2L1BNKZAX,0
CUST_Q00M6JTGP9,0
CUST_JO0F5NBJ19,0
CUST_ZOZJZT0IZ8,0
CUST_W1OVB4XI52,0
CUST_9Q1OUERCK4,0
CUST_0AQE2O9R6Y,0
CUST_UMM97R07JP,0
CUST_SS9XIT7U2N,0
CUST_3TYYMU9ZHY,0
CUST_WEAWBA08MN,0
CUST_FJHA2208HS,0
CUST_VK25KH8VW0,0
CUST_472KQ9AREK,0
CUST_7Q8O0RJHX0,0
CUST_US3GPJ9BA2,0
CUST_6YCGB7MJ1H,0
CUST_PN0QU48MDG,0
CUST_C3FX24OPJO,0
CUST_D3CA0VGBB6,0
CUST_0T40638E4E,0
CUST_NJJXO83SH8,0
CUST_HVRRHVCG2F,0
CUST_XEA73KZFIK,0
CUST_CKTVR957LO,0
CUST_UT5F6CUR0A,0
CUST_JAG5B5A1EM,0
CUST_H8W00296A9,0
CUST_6RKRVPK1BJ,0
CUST_Q7CNOS2L4O,0
CUST_VW0E5PKZ1D,0
CUST_SWFMXAIW43,0
CUST_TNP08BT7RB,0
CUST_GBNP3ZX6HL,0
CUST_PE89EAKPNL,0
CUST_QBDPL1FKP2,0
CUST_XTR5QD7ZD7,0
CUST_5AREJ286RM,0
CUST_EQD6C43AFU,0
CUST_3T63V45Z6Y,0
CUST_MUEKMWZC65,0
CUST_X5YGWOICIO,0
CUST_AKGPMA7X98,0
CUST_YOLIZ3EONA,0
CUST_7PAQG196FN,0
CUST_5QG3TI6QK4,0
CUST_50VOBIOA8S,0
CUST_EK8MHIVNKQ,0
CUST_UPJ1HXPVV7,0
CUST_8MFUH6CRIB,0
CUST_GYD290GIEW,0
CUST_C6Y18CBSJ4,0
CUST_X7FU7VZR1S,0
CUST_LZDL6YJRDW,0
CUST_6YWRPSCRQ9,0
CUST_M783VOQRRG,0
CUST_B4MC4HVN9F,0
CUST_JOSTS0OWKP,0
CUST_U2YHSF9JA3,0
CUST_Y7Y8KRUDRI,0
CUST_UPJELOHM9L,0
CUST_J9UZXTXXSC,0
CUST_U8UCFGNASW,0
CUST_XTU21V4KQ0,0
CUST_1NBXPDKB2O,0
CUST_BBVMTOUTVN,0
CUST_6XXB6JXCKD,0
CUST_E6Z61WA8PT,0
CUST_ROZJN9JF0Y,0
CUST_EJ0LQSBWZF,0
CUST_H5X1XMO2DE,0
CUST_M16W54AUJI,0
CUST_G7M0VFIIV4,0
CUST_FXML3M3PGV,0
CUST_X90HE2A6HM,0
CUST_EQKXVUCWD3,0
CUST_3E1X2G3PX9,0
CUST_3UIOG2MLMZ,0
CUST_6KTL0Y61YJ,0
CUST_ELBJ5Y141U,0
CUST_GL1IHKE7G7,0
CUST_ELE7O7KLX9,0
CUST_CBV36QBAWY,0
CUST_M4GRLDO940,0
CUST_AV3WJDRVTL,0
CUST_4ELYNN0X22,0
CUST_EJNBG57L96,0
CUST_IT0F9FQT6O,0
CUST_7FIATJ7BPP,0
CUST_1A1B8U4S2B,0
CUST_Y2MBY08IE1,0
CUST_LJJPDTUI6F,0
CUST_FIBXUTRRKN,0
CUST_8BVFDE1JDB,0
CUST_XDDX2WA3WV,0
CUST_NPM2NGS06U,0
CUST_NFZ2FNAAKC,0
CUST_ZIR6E79P6B,0
CUST_8NY1ZD0I3B,0
CUST_UOWNTSC9B7,0
CUST_SR5EC61B33,0
CUST_V6ABTH58ZB,0
CUST_FKU685TRWG,0
CUST_W9LLQT1LJN,0
CUST_HGUNIMVUOX,0
CUST_LQ9K4FQU8S,0
CUST_8L297LFIGC,0
CUST_4XWI1G95AS,0
CUST_COSUZ01715,0
CUST_9PCGZ1IJ8O,0
CUST_QK2BJWNAIL,0
CUST_C0N78I5LYV,0
CUST_BYKZ87DK5L,0
CUST_X7QYOGMTWZ,0
CUST_G8MN9ASXCC,0
CUST_O7WCZK712D,0
CUST_RD3GXA8R07,0
CUST_U1C81YXTQ5,0
CUST_BFSC0JRS1F,0
CUST_WSD2PBWLAL,0
CUST_3N2TX0SAS4,0
CUST_WHQQMKL3VB,0
CUST_MH2XTLL5HK,0
CUST_ECCJUN03A6,0
CUST_H052OC9VW4,0
CUST_81EAXYNDNV,0
CUST_DNJOL315J2,0
CUST_OBQSHH91OH,0
CUST_D5IRJX9XXG,0
CUST_NOHHSADPTY,0
CUST_PQTOM045BT,0
CUST_7E8RGK1AKQ,0
CUST_99Z5G4768D,0
CUST_OYFP7URXGB,0
CUST_MV5OKP62IW,0
CUST_1N8VF4L7NH,0
CUST_KDCVL8HYI3,0
CUST_4MF7KKES0F,0
CUST_2Q998Z4JGD,0
CUST_P68OU0LNCI,0
CUST_E83149TNCX,0
CUST_XSDQAFF5OP,0
CUST_SPNAZAHVI2,0
CUST_CHSS4L47WR,0
CUST_OCL25S2OGD,0
CUST_Z9WV00BJST,0
CUST_H8L33TCE2D,0
CUST_L038W69L3U,0
CUST_1QTX5R7151,0
CUST_EMMHCQR79N,0
CUST_CZ030QPSAP,0
CUST_L77AQSQ9U2,0
CUST_5OHQ49LTAR,0
CUST_63ECIESACH,0
CUST_MT49Y53EAQ,0
CUST_Y59OTDZYJ0,0
CUST_XMC08IDMHF,0
CUST_1EYOLBEVX3,0
CUST_B5UDW34QPO,0
CUST_RUZ898OD60,0
CUST_VIPK0ASOGB,0
CUST_9WNFV536I5,0
CUST_1RAGAXZJDY,0
CUST_9W93GGF80C,0
CUST_HNJ4OY7RXS,0
CUST_76FAQHJYTL,0
CUST_MN2CUZPN99,0
CUST_99NQ7NC6SP,0
CUST_5L0ERO52AK,0
CUST_B5WYQEW5OD,0
CUST_U3S8TA8JWZ,0
CUST_H2OPMJETBW,0
CUST_KWX2XOVLDO,0
CUST_G9SSEZUGU9,0
CUST_NPU4STTGA9,0
CUST_ESYR042LK9,0
CUST_FDQB6ZQQJJ,0
CUST_MWQOQS2F22,0
CUST_Z7M79K81R0,0
CUST_8RA0HOHMHG,0
CUST_5MWJNS3KSU,0
CUST_5K20VZ5HF1,0
CUST_A8EH644WUY,0
CUST_DF9GVQTAT8,0
CUST_LGCH94ICBR,0
CUST_1VLX0JSACK,0
CUST_89KZPM6QRB,0
CUST_N3VFBKW6Y8,0
CUST_TCAKMTEDLP,0
CUST_Z6270IAVTE,0
CUST_23AAVUY46Y,0
CUST_VSKDBX3U4R,0
CUST_RURBPF9PB7,0
CUST_UGTUNDB42G,0
CUST_VYPLHXH4GD,0
CUST_ZTBW7C0PT7,0
CUST_I0GSKIOQ0L,0
CUST_5OP9CAPRM2,0
CUST_GAO21A3GS0,0
CUST_N1B033S3EN,0
CUST_1B3GRJ7MS8,0
CUST_HG26JEE8XK,0
CUST_DFS9Q85FZ6,0
CUST_AF3SYEE6LD,0
CUST_VFYZSG5MBM,0
CUST_134PL2V8H3,0
CUST_PEY9LU9ZIQ,0
CUST_U9FB1K81EL,0
CUST_BJYLMO16HD,0
CUST_Z2G4IJNHPT,0
CUST_V6M3NLJSF2,0
CUST_Y3NTXV004G,0
CUST_KFZ3X597H1,0
CUST_EW0ZFT4KQU,0
CUST_ATSO6T91R1,0
CUST_TEUP6Z73IP,0
CUST_XOFG8BHNV1,0
CUST_9YKH2O7UTD,0
CUST_L35BGA9NT3,0
CUST_JJPML53EP1,0
CUST_IZKOVXHNNS,0
CUST_AGVM0JUQDC,0
CUST_UV8Y94SVTM,0
CUST_4N0K1ERRGJ,0
CUST_CW6N25ZW7I,0
CUST_0Q7CL4OZT0,0
CUST_646DS4PYEX,0
CUST_GPUENZ2K92,0
CUST_XZMSNUJF83,0
CUST_GDERI6P3V8,0
CUST_UKP1PDJRQM,0
CUST_7NRNK1SBTA,0
CUST_UVRCWLMP89,0
CUST_GNW2YK5242,0
CUST_O62DXKPTAV,0
CUST_ZGY0OPYNA3,0
CUST_6IGSKJYQZV,0
CUST_XIDUZNG7WG,0
CUST_UUPJ1ESLBE,0
CUST_JH63BD21HI,0
CUST_WLWYDB45BC,0
CUST_LOH0TCVNX5,0
CUST_Z9R0SVRG8Y,0
CUST_YT9HC3AR3A,0
CUST_5EQ8RI2G1A,0
CUST_QUSA85738I,0
CUST_9REHXV9HYQ,0
CUST_YCYMJCX98E,0
CUST_D4VF322J25,0
CUST_YRLFUD92IG,0
CUST_7XQFOL3LA9,0
CUST_FFRA97EEA7,0
CUST_07SVHXGPW2,0
CUST_1DSUWBJ0X0,0
CUST_JTSJ5H5JSU,0
CUST_NO389LKJ9A,0
CUST_WPCTRRRTJ9,0
CUST_NN6MS6CIPB,0
CUST_3JHKCCHV1L,0
CUST_Q7F2YO0GLC,0
CUST_6EGA9X6H6S,0
CUST_ZD4JGN1RGK,0
CUST_P78M6QSJFU,0
CUST_G4OBH9P7WS,0
CUST_61EG1CF22V,0
CUST_8BMGX6ZQ7I,0
CUST_O4O3XJFYSN,0
CUST_L7VWHJT63J,0
CUST_RPITW2N2LY,0
CUST_4OWDRWF4D8,0
CUST_P9Z5V120Q5,0
CUST_VQUTI57DXO,0
CUST_3LRU85O2A9,0
CUST_9CVXXE607R,0
CUST_TJGX4M54SR,0
CUST_6P0X6DS3H5,0
CUST_TLUH45T91K,0
CUST_J3Q5146G1S,0
CUST_8DLW8MOKJB,0
CUST_02SAGH2LXG,0
CUST_TBIBW4YZQI,0
CUST_1CG8LFV0FH,0
CUST_UDRR8MW90G,0
CUST_K3DDC9BPSB,0
CUST_4UDMO6URAH,0
CUST_IWPBZZ923Q,0
CUST_WTRCEOOW3R,0
CUST_UYMU9HZB9A,0
CUST_CIVBNN1F50,0
CUST_2S1YNWQU2Z,0
CUST_1HK2NNV414,0
CUST_MRSSAP1L9L,0
CUST_BUHMBT9WOP,0
CUST_K9OY2XTVBV,0
CUST_3CAIH1PM3N,0
CUST_3GOFTC92HU,0
CUST_LQCB5JB06E,0
CUST_7LVCGUFHYJ,0
CUST_NNCN4LRWKL,0
CUST_QFFSG0BPF8,0
CUST_T76T1R8P6V,0
CUST_KYPPVM2NXQ,0
CUST_CEU0BMJVWZ,0
CUST_U717HM0SP9,0
CUST_FMSDHQ69WT,0
CUST_ZVWHFXVIQA,0
CUST_65I2UYYY31,0
CUST_J4A34KOR4T,0
CUST_1OURC32LKN,0
CUST_CFKA04AO5F,0
CUST_VZAS5DTCHL,0
CUST_KKK1N8TOXW,0
CUST_2FR7G3I056,0
CUST_BF1ND2QWU3,0
CUST_WN57SALTZ5,0
CUST_6XK5KF0ZED,0
CUST_9UWKMZP5EE,0
CUST_3IZTUVKWOB,0
CUST_0KGU5BHO1T,0
CUST_7ZA1MJSQF2,0
CUST_Z79DREPPOW,0
CUST_JPE9ZDQJ9M,0
CUST_69MJXR7NCU,0
CUST_RK08A0HIZH,0
CUST_X0NT08FAWC,0
CUST_TELCSD418G,0
CUST_GLNL4TPI4H,0
CUST_EKE5GX65RT,0
CUST_J5NGYNCDKB,0
CUST_3MXAVUQ0HK,0
CUST_2A9BDIM68E,0
CUST_XL773JE2YU,0
CUST_0WQAXFJV63,0
CUST_AP8X7AQDSK,0
CUST_O1VY2H0TV0,0
CUST_7QXP9UAZMJ,0
CUST_S0X2IWET2K,0
CUST_VLZ5N8RCRU,0
CUST_1U18GLSNMM,0
CUST_GRUVJKLQTD,0
CUST_DH24HQVPOD,0
CUST_ZBPB7X5GD4,0
CUST_ZBFDMQ8RIK,0
CUST_U2PJWNC73X,0
CUST_06J93D5VU5,0
CUST_R4AX3DABV8,0
CUST_3QFJRJ4W63,0
CUST_C75WE203JE,0
CUST_I0OG3L1AUJ,0
CUST_N5Z14R2QZW,0
CUST_H8I0M1TQPA,0
CUST_2J0IM98NW3,0
CUST_KEJN90I61X,0
CUST_N1ZRTMCRZG,0
CUST_06M1OPMT2C,0
CUST_FVZ5T8WTTG,0
CUST_P8W4VTVWTZ,0
CUST_4RKBAQ8C1D,0
CUST_NLJ0T8KM6F,0
CUST_1911RS0BEO,0
CUST_AO7YSTUIN9,0
CUST_V3NLVOXUG1,0
CUST_135DAYOPAD,0
CUST_URRG83SEEU,0
CUST_OWMEV699TJ,0
CUST_7NUJEC2GNH,0
CUST_R42D5GQR6G,0
CUST_04L050OM4U,0
CUST_PI887I8E3A,0
CUST_4K39W3OPPC,0
CUST_6SDVHLSOJA,0
CUST_0CD4SAP9DR,0
CUST_RTBA4RD6JN,0
CUST_Q7T1OYDDGO,0
CUST_RKT63499DP,0
CUST_IOIO4IA6QG,0
CUST_U24JTMMYWQ,0
CUST_D3WMBJ1KDW,0
CUST_X2JN92FKAP,0
CUST_YR42RK67Y0,0
CUST_MFVX902UJC,0
CUST_2OTM9ISWAB,0
CUST_4BZA9X4DS4,0
CUST_O0TM4HLBVH,0
CUST_5P9AGH0AUR,0
CUST_3TCNBXSXWE,0
CUST_JE3DQUJ73I,0
CUST_4OHR4177DF,0
CUST_2O40HOQBE8,0
CUST_YEK6S85OPZ,0
CUST_CBDPNM87RL,0
CUST_LMDKG2B3W5,0
CUST_93SV7VPNJO,0
CUST_IAUKWFBBBI,0
CUST_23CS2V79Z9,0
CUST_8KX6EX5DG6,0
CUST_M3UDAAIHWH,0
CUST_1BHRRE1MAB,0
CUST_O61HIGPABY,0
CUST_KF0169XIWK,0
CUST_C92CW7MH5G,0
CUST_MG0TXNM0XZ,0
CUST_KY1AFCF0OU,0
CUST_U8OL85WULJ,0
CUST_0QNJYJ7GOJ,0
CUST_4BMJH9EVS2,0
CUST_QVLBYWCPGV,0
CUST_HPUZDQNVE3,0
CUST_F4FOF7BX52,0
CUST_7Y5WDM234P,0
CUST_364HQHD6C1,0
CUST_G3UIEG019Y,0
CUST_SNZLYO43RZ,0
CUST_J3GAUUQ5WQ,0
CUST_1SP1JVYB3H,0
CUST_M3IUWPB0XE,0
CUST_O3G2A61AN5,0
CUST_BL4O6OFLK3,0
CUST_05HFEV3G9I,0
CUST_Q6XLO176PO,0
CUST_8COFA8YSZ3,0
CUST_4JBYBECOHJ,0
CUST_9CUHXJPFF5,0
CUST_Y9FXZUXZMP,0
CUST_1B0JGWMQ8X,0
CUST_3TJVRHCO7L,0
CUST_3FVJUCILT3,0
CUST_57RKEW1YIC,0
CUST_5MVS9WFDRI,0
CUST_K9O8VQTVGF,0
CUST_WHWPBLYDMB,0
CUST_AQPE0J1WPE,0
CUST_EFLCU9V9BR,0
CUST_9STBBTYOPH,0
CUST_CDGO9T8L8D,0
CUST_RMTACQ5JSQ,0
CUST_ZBC6D4E9VN,0
CUST_3W1CAVG6KP,0
CUST_ZKTO93RVB1,0
CUST_1N5V9OEUBJ,0
CUST_OKX2QOL1E8,0
CUST_V6LNBSO10P,0
CUST_24CTHTSQ75,0
CUST_HJL5KDMCZS,0
CUST_OXH486XTRV,0
CUST_OHD1F9LISG,0
CUST_YR064KELRA,0
CUST_JL2B52V5CG,0
CUST_STXAVGT1DI,0
CUST_ZIZ8U6MEWP,0
CUST_9769VWF7GW,0
CUST_788Z95GIIC,0
CUST_QP11Z7736P,0
CUST_OK751OEQF5,0
CUST_X3WDQQ5DRQ,0
CUST_07OCH7J7IA,0
CUST_1TUEROGJ8B,0
CUST_VMFM76OCRT,0
CUST_OQ0E85PPYJ,0
CUST_DBG7L5K800,0
CUST_F1VYY8PFZV,0
CUST_DTKWDDFC4A,0
CUST_9BO9ZH0TU8,0
CUST_IPP5GZADJD,0
CUST_XNTJWBU82I,0
CUST_NSKVHZ4Z9W,0
CUST_LSR5Z6OSJ0,0
CUST_CA3VDDGULY,0
CUST_OM0LSKL9L7,0
CUST_37NK7HKPIN,0
CUST_JIG374AX0M,0
CUST_XQA8YFCXEE,0
CUST_0EOR4NR5OY,0
CUST_EEGSUALAUV,0
CUST_1NVPD4SE22,0
CUST_7OW84G076Q,0
CUST_AZH5440ZCC,0
CUST_3OI212VRUZ,0
CUST_S0O08RU8LH,0
CUST_G7M5YJXQQM,0
CUST_9UHYPP2IHA,0
CUST_W3JCWJTBHK,0
CUST_KAOO2GLLSN,0
CUST_CVS3U6W9US,0
CUST_52F26C5B60,0
CUST_W2QOT8HID9,0
CUST_YT8GAY2GZ1,0
CUST_F2QDDOLDK1,0
CUST_VHZXBMQQ8Y,0
CUST_VLABF4JUTD,0
CUST_02E5AQOYE2,0
CUST_22ZTIS0FYP,0
CUST_SFS6YQKAUE,0
CUST_JMQUTV3FD3,0
CUST_8HFM41QXD7,0
CUST_LNAG119CSG,0
CUST_6Q1KTNSXXX,0
CUST_QWDZ1TS21B,0
CUST_MJBES9ZQYC,0
CUST_9AQY320PTQ,0
CUST_UXRRTHOBST,0
CUST_HB6FD8XNII,0
CUST_J0I4GU3CC9,0
CUST_WNELYGQFUH,0
CUST_XC295MQM0Q,0
CUST_79HIWXUJZN,0
CUST_3D5KZ8Z1KA,0
CUST_877YD25PAX,0
CUST_AMZCEYKGK3,0
CUST_14Q56T4GV7,0
CUST_LVRDU6DGL8,0
CUST_GYT0EZVQQK,0
CUST_3OJ54IRDF5,0
CUST_M6ORMIYHB7,0
CUST_UAJ9261UGO,0
CUST_DDHS2XL7TR,0
CUST_RZY6IX6LDH,0
CUST_QMTJZ0PUTN,0
CUST_ZBES9DTN2C,0
CUST_NIJ87T6IR4,0
CUST_P30JNU2PL0,0
CUST_DRGEPCASQ4,0
CUST_0PN2JKUI1G,0
CUST_8OPYHEYIUF,0
CUST_MYY44XFU1S,0
CUST_E8UJFMP3UT,0
CUST_4F67AMR0YR,0
CUST_FJ8IM888BE,0
CUST_GVTRS7UJCJ,0
CUST_WKLJURV7IE,0
CUST_JN6YXGT98W,0
CUST_7OQZYZCJVQ,0
CUST_TK07VAVPWF,0
CUST_23Q52DEGHH,0
CUST_7TMSV9ESG2,0
CUST_I2JLLI82NX,0
CUST_02LDIYKR8E,0
CUST_36B8TTFAQ3,0
CUST_Z1RG9WYVMH,0
CUST_13N740A9OX,0
CUST_8U88VSTOK1,0
CUST_WSDUQ5VW80,0
CUST_G96TOMCVKT,0
CUST_OQYHNXQANH,0
CUST_Z2OPDKAJ0H,0
CUST_GWWL9AY9QD,0
CUST_2LCRNAOMOY,0
CUST_D7EL919CES,0
CUST_8FNI1BO2UX,0
CUST_SX0DY5BKPF,0
CUST_KZ9OK0ZIV8,0
CUST_U8CPLDDRAJ,0
CUST_X69MISTJO9,0
CUST_U2M3G82HS7,0
CUST_4XFT9A4HMQ,0
CUST_ZEY6PLH8J1,0
CUST_WSFTCAGZFK,0
CUST_WZSKL6JO3B,0
CUST_6A0WA7UA0N,0
CUST_99O6VQZCI0,0
CUST_R2HXOFXACU,0
CUST_IU4W7U5BEB,0
CUST_MHD7V6WWWK,0
CUST_D0ZI3MLNEO,0
CUST_HJSWQKKOOD,0
CUST_XW24MC05VH,0
CUST_Y3K4SHXPHD,0
CUST_RRYYXNJF4B,0
CUST_HHA5PLP3KW,0
CUST_0IXALMVXKD,0
CUST_UDCAR15YLC,0
CUST_37QKZ3JQDK,0
CUST_CRI9C5OLK3,0
CUST_MVBBT2JLWK,0
CUST_HX9EQUR9OH,0
CUST_XPF5AEZO3U,0
CUST_I4RZ29J8UT,0
CUST_8M1KMON3N4,0
CUST_CWESUW1DGJ,0
CUST_6EC6MRIEY0,0
CUST_80VV518QX5,0
CUST_CNXM9N8GHQ,0
CUST_EC41CULMV0,0
CUST_T93NVJ3DW4,0
CUST_TFU3LSBMUZ,0
CUST_7H53EAI9OO,0
CUST_IOT87YVNM4,0
CUST_VYMRNMRWP5,0
CUST_HUU2LIL01A,0
CUST_JTF8NN1MMR,0
CUST_KIVBZVQHNJ,0
CUST_87UDIJ348O,0
CUST_9X3IA0TUH0,0
CUST_5LTBXUCPCO,0
CUST_3YL21ZPR21,0
CUST_K71HZJYQKW,0
CUST_YB87ELD3WT,0
CUST_K4210V99T5,0
CUST_6JU3WVCH9Z,0
CUST_3ZLDIE5CUK,0
CUST_7QVGJTV6CD,0
CUST_M0I8ZRMZ1F,0
CUST_N5IJ0Z4ZS1,0
CUST_BTCFQBIGUJ,0
CUST_62UDIWNB1W,0
CUST_JDQ90THJAG,0
CUST_ZDNIUOHVM2,0
CUST_DJGJQP2KLS,0
CUST_QOR5PK27MZ,0
CUST_VROVHHMFVQ,0
CUST_VDYQOW1N2Z,0
CUST_E9JVO1RQC2,0
CUST_H0P1R7CASN,0
CUST_JESBRSSYG4,0
CUST_7AUU2XROJD,0
CUST_MBH11ZBJ64,0
CUST_UUOR0L5GIN,0
CUST_NVE24JPHJ9,0
CUST_WIS8MJV7L2,0
CUST_7BNQ81AO5J,0
CUST_YHHDRNEP9D,0
CUST_BJM2XPCOPI,0
CUST_FUGTNJIKB4,0
CUST_1PVRMXWRBX,0
CUST_Z15CVQR4FZ,0
CUST_BCT2MNL7PS,0
CUST_SE69HTNETA,0
CUST_4KN0HBVMZF,0
CUST_WQMKTUWVKO,0
CUST_7V1QU0TCR6,0
CUST_EYGMTGAAMC,0
CUST_O2UJLW9WTG,0
CUST_I9JP8LUJRN,0
CUST_FE32PY5BVM,0
CUST_GI817BLDKW,0
CUST_G1K4MYXB7O,0
CUST_AZZTX1JVWU,0
CUST_44766XUBHI,0
CUST_YTCE1KXRCP,0
CUST_245WSPMMU6,0
CUST_BMHMOLQ825,0
CUST_N2NHX0EYBL,0
CUST_JDEXLKZ7J6,0
CUST_H5N1MJ3W2T,0
CUST_PBHZ4PSX1U,0
CUST_ZAPW18QRZI,0
CUST_WET83GKB8H,0
CUST_KNDISO80RL,0
CUST_3JWQPG5O8D,0
CUST_Z4UZ9QDCXX,0
CUST_NS8HL8LTH9,0
CUST_U9NZS9EGG0,0
CUST_P7XL1MFBHK,0
CUST_TUZ1426E0R,0
CUST_3XCKW4U9HE,0
CUST_9IGWFIZ66J,0
CUST_ORQK2RSQKW,0
CUST_SMW0OKAKA7,0
CUST_OB15J7T9S4,0
CUST_QHHR58FMGB,0
CUST_X67IVJ1WG8,0
CUST_QQNTVNHJSH,0
CUST_O513GT3IXT,0
CUST_ULAKZVPTGU,0
CUST_EK0ZJ5A5QL,0
CUST_4NW84LMW3D,0
CUST_AJFVX66O7N,0
CUST_S1ZMACCO78,0
CUST_1A00A6K25Q,0
CUST_EAWI536PU9,0
CUST_6TBWSMH7EA,0
CUST_TDQJBGSTQP,0
CUST_EE5JWA94U5,0
CUST_9FT7CZM0AD,0
CUST_X3I0VRGU33,0
CUST_585FGEX4MQ,0
CUST_1BO75UNNXA,0
CUST_BTNKEKD0GJ,0
CUST_IRLLRKOLQF,0
CUST_JC0Y5LDVHB,0
CUST_VUCZEKILD8,0
CUST_RWICKAL58Y,0
CUST_CG9ME12HOM,0
CUST_V2L5251Q06,0
CUST_OQOJVGE2YW,0
CUST_HHWXVK3YCN,0
CUST_SV8BVB471Z,0
CUST_LMIC51YD9F,0
CUST_4TFQRUTJWA,0
CUST_4V5WTBMEJG,0
CUST_0YVUEX1PM9,0
CUST_O4R9HEKEE9,0
CUST_N3TCIQYUPP,0
CUST_CC902XX8QI,0
CUST_YJ5KHM9XZW,0
CUST_TAVUJ0MRAS,0
CUST_IHP91OC82N,0
CUST_UAM931JNTG,0
CUST_FMIF3R10QO,0
CUST_9PH2MS3W4O,0
CUST_ZPUH63CS63,0
CUST_OTQYJ4KVE9,0
CUST_2K0N2J3CDX,0
CUST_1HJSS00273,0
CUST_26CY4SHUI9,0
CUST_ILOQXOK353,0
CUST_BB29QVAOZI,0
CUST_CK4SF7I7LI,0
CUST_8953S3NYUF,0
CUST_VSU1RJJ9XO,0
CUST_LY9ZFMNRWM,0
CUST_HSES3IVYS2,0
CUST_KP98SWTUJ4,0
CUST_2J2ERUJ4SQ,0
CUST_4QKB9IK5ZK,0
CUST_2ZCHBQN4WE,0
CUST_CDJTNP6KHW,0
CUST_RRR0G1F20R,0
CUST_4G52NL903L,0
CUST_AQR6CS7NEG,0
CUST_RQ4RCWSXVV,0
CUST_PP997ROT49,0
CUST_GSDE9IBBGO,0
CUST_L26JR7BWGW,0
CUST_KSORKHC3VR,0
CUST_YGPEOQ3FX1,0
CUST_WY2DTAHFZV,0
CUST_C0J2O9WBBK,0
CUST_SN82JA4P8E,0
CUST_653OX8ZJ89,0
CUST_A86N72EYRN,0
CUST_FLTXYYVHWA,0
CUST_IZFVDLQR96,0
CUST_T4VX8ZPWYP,0
CUST_IAO23MJ3ER,0
CUST_D54B7VQRQS,0
CUST_H0FPIDLKQQ,0
CUST_0R5A0H3BOA,0
CUST_5VIYJJSTOA,0
CUST_WEOQYDO5SY,0
CUST_4PDYSS2H2E,0
CUST_REXA64SGJU,0
CUST_SJIHMD9I5V,0
CUST_36UOMJUBBK,0
CUST_ZN892VDYPA,0
CUST_SH3E6FBNRY,0
CUST_P9SB2ORK9K,0
CUST_TU7W70P4XX,0
CUST_RGQMUXLP92,0
CUST_G31EDHSOAI,0
CUST_G6RX8QZG9N,0
CUST_QN9AXX8M1K,0
CUST_6H7TVTMYJY,0
CUST_UC9LITDL2O,0
CUST_ZAG1B88X4F,0
CUST_47ZU3SFMHE,0
CUST_EYCGIU70BH,0
CUST_9OJ6MCYXHV,0
CUST_ITO7X8N3K3,0
CUST_YA6HVE0T1T,0
CUST_20QWWMZ5HX,0
CUST_RP0Z9SY9M5,0
CUST_O4BNJ0X2VI,0
CUST_6UYTT3ABDR,0
CUST_93S4OHDIG5,0
CUST_PD51AH01QT,0
CUST_WZB8EQSQQY,0
CUST_OYASOZBPHS,0
CUST_T6J9A60WX5,0
CUST_PCB034VCYZ,0
CUST_F6B3KF1OWQ,0
CUST_SS5JMOWCNO,0
CUST_BB5HDEC6ZB,0
CUST_WIUXV3WJKN,0
CUST_E9ENAF1R9A,0
CUST_U9S0QZWV87,0
CUST_ACDW1J694L,0
CUST_RWSH3U68M9,0
CUST_UB2P1FUFOX,0
CUST_AF5XBWXZV1,0
CUST_35M3TTH1HM,0
CUST_EQWVSTWKKF,0
CUST_3BDA83B4DK,0
CUST_CFO4J4P6NC,0
CUST_XZTJF0IAKP,0
CUST_TT0NHZ0DLY,0
CUST_NVC1RXAENH,0
CUST_RQ1YU6M3MR,0
CUST_DAW6FLDQBO,0
CUST_WG9A8D43D7,0
CUST_ZO350LMZ7J,0
CUST_241J4UGMMG,0
CUST_LRDHAA0QY8,0
CUST_T9DYEDUMXD,0
CUST_W8PO8AFL00,0
CUST_NKPH8V1L2Z,0
CUST_Q5Z1RDSZCH,0
CUST_XLDKPJ4Q39,0
CUST_VTQTZRHZMK,0
CUST_BCIRKQYVXW,0
CUST_9Y55MFNYCO,0
CUST_X9ZJLVA5G7,0
CUST_VD0ZJIA0OU,0
CUST_Y5YCYG87X9,0
CUST_UVTGCB8QBO,0
CUST_2TB8YC3UKR,0
CUST_B8A5UOR9IQ,0
CUST_77J3D1TPWX,0
CUST_M64EQW4VDJ,0
CUST_FWGQ6N2KGN,0
CUST_6LPDLBTE93,0
CUST_2KNDFCCTEU,0
CUST_Y0JDJBOPSS,0
CUST_E6BXMAGHJ0,0
CUST_92PS6KCDS0,0
CUST_677WSBS4N1,0
CUST_01JL0XJ92A,0
CUST_V6QJSMJ8KO,0
CUST_VE7AZTSJNV,0
CUST_7TAXRL5Z7X,0
CUST_4VK0XH8LW2,0
CUST_QQ0FP0UHK5,0
CUST_MY592VLV5I,0
CUST_QQUAOO2S6M,0
CUST_YKHIUTCB9U,0
CUST_QRVL53N9SS,0
CUST_KNF1AXRT4G,0
CUST_GSFUI6JN8G,0
CUST_59Z8DRZ53E,0
CUST_39W7OFBERH,0
CUST_UGUBUHBO9N,0
CUST_1OWKE4TAV7,0
CUST_J11CRX92G4,0
CUST_G70WH7DVG5,0
CUST_UKYYNI2Z57,0
CUST_HH2H48Y2P9,0
CUST_170XQ2C5F7,0
CUST_DJG00929O2,0
CUST_170UNX029Y,0
CUST_44UA30BVG9,0
CUST_T3DQAU9KMP,0
CUST_2NAQUX4CW2,0
CUST_4KY5NNW9TW,0
CUST_IJVQAI0XLS,0
CUST_DM633ZZNGJ,0
CUST_EOTBUK8XUT,0
CUST_0VXITNQ75H,0
CUST_VG4JMCV2RU,0
CUST_HDYN2XJ3CG,0
CUST_14KC0EHNFD,0
CUST_HOMXG0RGD2,0
CUST_H4UYGCMNZ6,0
CUST_IKZEU4ZU0W,0
CUST_OBX6PGHHAI,0
CUST_SIGNB3T7K6,0
CUST_3MRC0RA7F2,0
CUST_M5613KFMHE,0
CUST_P8AY5SGHHB,0
CUST_SLI5BRMLCZ,0
CUST_93ISCNSNA8,0
CUST_QU2MK4KM02,0
CUST_590QD172ST,0
CUST_7TUJFE00ZC,0
CUST_PIZET36MER,0
CUST_HWY0FBV91O,0
CUST_4HJS4BKBZ4,0
CUST_KHHI2JCRZQ,0
CUST_SF35Z5R4SV,0
CUST_DOAV0IASGE,0
CUST_QWEWHLYE6Q,0
CUST_QLVKCF1QES,0
CUST_5A87U07GJ9,0
CUST_UJQJAMY7IH,0
CUST_NWK94OZOLQ,0
CUST_MH01UPYCZ9,0
CUST_DQDO3KYL0M,0
CUST_ZZK0951S0L,0
CUST_BQ7BPM2L8D,0
CUST_4M88AVRK3H,0
CUST_OD822CQBEJ,0
CUST_HG6ZKV3BJ7,0
CUST_XPQVNGZWRQ,0
CUST_UU052QBRFY,0
CUST_V5SA6A1C9R,0
CUST_2SOYURXPQ7,0
CUST_8Y4AOXGAF3,0
CUST_Y5N5E9FDK6,0
CUST_Z2LGO08LEL,0
CUST_SWJF5ZLS70,0
CUST_EWQMTQ4V3X,0
CUST_HNLHC7IAZ4,0
CUST_9AXTP9F93U,0
CUST_TU6HK09TRP,0
CUST_EZPLOYGGN2,0
CUST_NCA2NCN7RY,0
CUST_WYA90HR41Z,0
CUST_LP9UIT7Y8P,0
CUST_6XUPUQZBWY,0
CUST_1H1R14BXVO,0
CUST_BH1T0532AW,0
CUST_UCPLD9CFA6,0
CUST_R0AXFWX7GV,0
CUST_7QH7DMM8GP,0
CUST_ESAGXLWZP9,0
CUST_PF0OW48HOO,0
CUST_72NP1CDKT1,0
CUST_W0PPZ2NBBG,0
CUST_PFJ5EIQLC3,0
CUST_D442YPRVIV,0
CUST_DQ78HJBNVM,0
CUST_W95SIVKGP8,0
CUST_X46GCZIMFS,0
CUST_E099G0INR3,0
CUST_C0YKKYAW60,0
CUST_PLN7EPBICS,0
CUST_LPQ2HO0T4X,0
CUST_Y5CGPQ4BV3,0
CUST_4H39MYVTOL,0
CUST_NF6KM79D0H,0
CUST_WLPDGV0RSL,0
CUST_NAZ99H3I89,0
CUST_2WAMH5SQKN,0
CUST_WE7LVLMIBB,0
CUST_EVNNMZNOAK,0
CUST_TWS9QLCMLX,0
CUST_IZ6AOZFAO1,0
CUST_WKB7IHPULP,0
CUST_Y0CDV0NH75,0
CUST_PZOPJNJ7KL,0
CUST_LUNOTW0NRD,0
CUST_TKH1FWBFZH,0
CUST_I9M443Z40J,0
CUST_405US10UV3,0
CUST_5DT203U2E2,0
CUST_4SJ6YX25DM,0
CUST_FLT7DIY7FO,0
CUST_Y8TBM5AZD5,0
CUST_U1B7Y0MMQ6,0
CUST_LR6RR1RZ01,0
CUST_CXJIY15H53,0
CUST_JEC9QHI0UI,0
CUST_9QEHJ1VPAZ,0
CUST_MFRL0VTKOL,0
CUST_74IE0GGFW2,0
CUST_XP9F0II0KW,0
CUST_1MDDUCOYGF,0
CUST_C7C4SHWHOM,0
CUST_T4FI4S2AV7,0
CUST_6SQ4N43TEX,0
CUST_N7MTY3NKGG,0
CUST_467I9XWA0P,0
CUST_OQ320YL6H8,0
CUST_FUDF8A2OE3,0
CUST_LEFRXB3RZK,0
CUST_0PNAMXZZGL,0
CUST_CP7G5OOJPB,0
CUST_MMBED86PP2,0
CUST_XJ0GHQ3HPI,0
CUST_1L5CH9WDXT,0
CUST_6K70AFRC5G,0
CUST_9KE2A3RN8H,0
CUST_UEX1GDTX2E,0
CUST_MPH9CT85SX,0
CUST_YSU6K588RX,0
CUST_T330NRRCX8,0
CUST_70UB98AA0J,0
CUST_LEJBH49JUS,0
CUST_DMIW2PZ8BC,0
CUST_AVW9RPDHRP,0
CUST_39MI683LVV,0
CUST_IVA24Y79YY,0
CUST_RT8R6LMYAV,0
CUST_G61XD6V320,0
CUST_Z0N6QUN8SC,0
CUST_SX2ECS83K0,0
CUST_X31MLRKL1D,0
CUST_HFEVCX7FBK,0
CUST_6LMFTA0XVQ,0
CUST_K06613F4H2,0
CUST_299O5MW5BD,0
CUST_KXPJ9TKYRS,0
CUST_I5KPINUCSN,0
CUST_7Y3HB3E4CY,0
CUST_PEXXJWQR6O,0
CUST_56FXMDB8WT,0
CUST_ZZY0AHO5J6,0
CUST_4WY14WLV6U,0
CUST_HNUXIUKM49,0
CUST_X7ZVHCNTKS,0
CUST_QHI71OXMQF,0
CUST_7PY88Z398Z,0
CUST_ENY2JRZJRA,0
CUST_W980GGTQ5Z,0
CUST_X4TFBZ75R1,0
CUST_48DG9LC4WB,0
CUST_WRHX4KKU0U,0
CUST_B1C1QL4VBM,0
CUST_SE70INLOBN,0
CUST_GSJHU5IABP,0
CUST_F9X8TG1YIG,0
CUST_VI5STD4C3T,0
CUST_6FXN3UNF29,0
CUST_SXVBXEBIV1,0
CUST_05LK67WUTR,0
CUST_W4TKCXUAJ1,0
CUST_5LWLHIAKLN,0
CUST_KSE2RVLXI7,0
CUST_372FJ6GTFM,0
CUST_V6YRO9S7VP,0
CUST_ZGBDOMIAG5,0
CUST_L741LWCV4W,0
CUST_0KZT6L8B5G,0
CUST_CQX35KLDQP,0
CUST_1DYMQAN4PA,0
CUST_PDFI53PQK5,0
CUST_5I88RK32P8,0
CUST_JVBOKXZXN2,0
CUST_RY2H0RP4RP,0
CUST_HYKLC7IC3J,0
CUST_MCHJQLEY69,0
CUST_9N42P6DD83,0
CUST_65NKCVG7UX,0
CUST_SJHZDIQ26D,0
CUST_PQL6QK057J,0
CUST_QQN4NJ7G94,0
CUST_1J1O248BAN,0
CUST_W0KG8AR69P,0
CUST_EAON4FSFBM,0
CUST_VRTVN331FN,0
CUST_LR9CCQA0DK,0
CUST_T364KR6QKC,0
CUST_79YTW2VO60,0
CUST_WUF1M49XUW,0
CUST_PJ08Q0T8X4,0
CUST_U0UJSUGQSA,0
CUST_K2CO9JIWQR,0
CUST_O0KMKMZEWN,0
CUST_96QTMGLYAB,0
CUST_RDH6OZY57H,0
CUST_M48LRTZJFH,0
CUST_IH0OP1TI9Y,0
CUST_LIDN2PG479,0
CUST_OA21LX741D,0
CUST_NRVZWFNQI7,0
CUST_Q6169KSXEE,0
CUST_58B7JEF4WE,0
CUST_T7633TQDS9,0
CUST_C36W5FISVO,0
CUST_AZQY59NSMM,0
CUST_HA6XPAE8C5,0
CUST_P8G4XA1BPN,0
CUST_RN0COZWPUW,0
CUST_7D8B7597CA,0
CUST_RIPFJ5Y7VA,0
CUST_OP9GBPBXZH,0
CUST_27VJBD2SJV,0
CUST_OX2IK8YQJF,0
CUST_HB9T9WIKBI,0
CUST_3HPAVZWZ2E,0
CUST_6OWUBU2NOQ,0
CUST_2HNYUI54IP,0
CUST_UURGFNHB43,0
CUST_ZO22JVKC28,0
CUST_G9FBI1QSRZ,0
CUST_F8C3OBTT2Z,0
CUST_KA4HUSEL7N,0
CUST_6P1EU0322A,0
CUST_QF3CMPG0X1,0
CUST_RAD890T18M,0
CUST_QHOPIVUURJ,0
CUST_VGYN2GQ0XE,0
CUST_W4YCOZ4U3M,0
CUST_LO2OM2PQB7,0
CUST_8Z2FJ0418M,0
CUST_1O9L01PZXJ,0
CUST_SI7MW2EB2X,0
CUST_4U1GHE4RM9,0
CUST_HCG4XM47ZY,0
CUST_T6EBL3K68V,0
CUST_JIJGUILWUV,0
CUST_8KTBYVTG4B,0
CUST_BWCFVW0SLS,0
CUST_H2XTWTM70V,0
CUST_3BPOUS23AG,0
CUST_S890NPP337,0
CUST_5S4QZZF34E,0
CUST_A5JC9351PH,0
CUST_4VJBW1Y6HT,0
CUST_MY6I0LTD7I,0
CUST_6H8IBAI5IC,0
CUST_Y688WBMB5S,0
CUST_4K5MK94HNA,0
CUST_FJINWWYM1L,0
CUST_XPKRM2NNR1,0
CUST_9DW65GCCBT,0
CUST_QPMG544PJT,0
CUST_MWYTOZRQBE,0
CUST_YYHAR9NRLC,0
CUST_FLIRCJHHOL,0
CUST_EM0MBHS7PY,0
CUST_U50REMCBYB,0
CUST_UPP01P4CTC,0
CUST_0GFZMB7MQV,0
CUST_V4FP2J7JJI,0
CUST_FXK3S824XQ,0
CUST_8K834IZZ65,0
CUST_A6DPM70RV8,0
CUST_9BAREDFRES,0
CUST_14X7Q5THEC,0
CUST_NNU6F6AIM0,0
CUST_JY2Q4KO7SG,0
CUST_7BL8Q2R4SQ,0
CUST_Z62YRGBZSM,0
CUST_NZLTRMPOCB,0
CUST_3451RJGHAD,0
CUST_JN0DY37ZW9,0
CUST_5Z9SCGA8KD,0
CUST_75Z8J2NO40,0
CUST_8THKJC6AEY,0
CUST_05NC7P3IIQ,0
CUST_T86JU3SM4D,0
CUST_KH9RTIHVLS,0
CUST_JWH5L5N6BW,0
CUST_7MTBNPPM70,0
CUST_9R2S76N2RW,0
CUST_EKRCBQ7P40,0
CUST_OO71H9BHSY,0
CUST_KZ1E3RVA1Z,0
CUST_2EN416OXSZ,0
CUST_BKB1EPJCWC,0
CUST_5X63ULBHPZ,0
CUST_NTD3OTT1N2,0
CUST_T9GFLAFIYD,0
CUST_IT9519RIEE,0
CUST_ECWMUHUMKX,0
CUST_1IT32X01XR,0
CUST_KFY5AMOHUN,0
CUST_8Q0CB2FRDJ,0
CUST_7IRD32SJOC,0
CUST_B5SL12HJUZ,0
CUST_R8H3U35Y16,0
CUST_AV7Q40F4NO,0
CUST_MZ2JZHSAEQ,0
CUST_DUK8VIAS53,0
CUST_QHAOOQY1F4,0
CUST_EL3K8TDP89,0
CUST_4X1I12OAB0,0
CUST_6A4UY9Y6DQ,0
CUST_26WYZNNTOR,0
CUST_GN4Y9RNURC,0
CUST_HMPAWO9B1U,0
CUST_HVEJ49AM4W,0
CUST_NIXP4CG0IS,0
CUST_LZ2UQ4LBBZ,0
CUST_VG2WZJN3QS,0
CUST_ZFFPGKI4DV,0
CUST_0C7I2LSGXV,0
CUST_L27W7B89XC,0
CUST_QL0XFQKZED,0
CUST_5TR6CCOTVP,0
CUST_L2W1LY7X79,0
CUST_CGVNFV0NJT,0
CUST_3D325F4SWV,0
CUST_W9PLSSGDTE,0
CUST_HY0XVDMNY2,0
CUST_X5L5SLGVKN,0
CUST_M2I1627DMV,0
CUST_XMW9K8ZWK7,0
CUST_FUNQXPC4IM,0
CUST_Y2WL0HDXOQ,0
CUST_QKPZ59PRXA,0
CUST_JWICB2Z3TV,0
CUST_VR2VHI9LQO,0
CUST_MKS5AUNH0S,0
CUST_9OST4MOS8U,0
CUST_ON2ZC7WB45,0
CUST_JFJ40VY1BY,0
CUST_D59NGZMQ5X,0
CUST_0FJQAE0GLL,0
CUST_M7PEXRO3RP,0
CUST_B5S183WR7F,0
CUST_EPIJBRRFD0,0
CUST_UYXTJDLTUL,0
CUST_QBI8Q33SYT,0
CUST_XLAPKZNL1M,0
CUST_THB2XR4L8J,0
CUST_34BWPG28MC,0
CUST_8PW9ZJELPM,0
CUST_LH3AM68T7V,0
CUST_LWMJ7LF4SU,0
CUST_FRHZXQI90G,0
CUST_H9NEVJMXP7,0
CUST_JDDPKRQIYL,0
CUST_2DQU7AANTA,0
CUST_2VI45K4FS8,0
CUST_CA30BO0SBB,0
CUST_25K6HQDBAN,0
CUST_WYYI6VWUC6,0
CUST_TANJNEO63E,0
CUST_XCM9ZHEGS9,0
CUST_P63KHV1M4G,0
CUST_3O8V3HWZME,0
CUST_H05JQO9PJC,0
CUST_2S2XZN07YQ,0
CUST_0TYSONH5QV,0
CUST_5L3V0377S9,0
CUST_3RII2XRNU9,0
CUST_RC9M20647H,0
CUST_WG9VFTFA80,0
CUST_X7QQYGUOUU,0
CUST_UE50GYVDS9,0
CUST_XW9GN01PWD,0
CUST_G7A4BEUZSE,0
CUST_T7IZ5BRPMO,0
CUST_37GXGCAT0R,0
CUST_KIAVVKHYVZ,0
CUST_N9W1Q07O65,0
CUST_6WVGSLE5Z9,0
CUST_L6L88ZK5HK,0
CUST_OTGJ3CKFEI,0
CUST_1ZXDGXZ5Z2,0
CUST_ZAMRBJ862Q,0
CUST_QR9IFJC6LN,0
CUST_Y2SIVRJFB9,0
CUST_K6BX75JAEQ,0
CUST_6QP8HRKKT1,0
CUST_ATIEL91F9F,0
CUST_F4D78JEZPQ,0
CUST_66LZIDOUB4,0
CUST_VXHRVCQHKX,0
CUST_2NY38AIY8S,0
CUST_8STHI8YLJM,0
CUST_F1DC0AZY36,0
CUST_1FBSAYOJOI,0
CUST_TBUP3ONSO9,0
CUST_Y79MID2IYG,0
CUST_H5JQT4JCW3,0
CUST_E48L2P88BG,0
CUST_2FESBBGYR7,0
CUST_81NDROYDXD,0
CUST_9W8DQSLHM0,0
CUST_L8BG3FRMIR,0
CUST_1L70B157UB,0
CUST_PA021LPLPZ,0
CUST_H7NUSOCJAL,0
CUST_XTJ1JW1B3Q,0
CUST_4DR3B3DDX3,0
CUST_VKVC3BZY4C,0
CUST_PQ9UZI80FS,0
CUST_BXRV8XQX7Q,0
CUST_1IQ5IUPULX,0
CUST_G4CS9YYI36,0
CUST_13FHZUXZEN,0
CUST_X2SS3BXLIV,0
CUST_0EYVNNZZ0Z,0
CUST_M1FKPSACZB,0
CUST_RDVWGW6KGE,0
CUST_837FH4D72D,0
CUST_3KPWSLADGI,0
CUST_DSWLVVLGHC,0
CUST_7N6I8AYX4D,0
CUST_EH40JMMGP8,0
CUST_VXU0EDIJ39,0
CUST_FRTKPCL0GB,0
CUST_Q7B6K1S37Y,0
CUST_5EYQ8EK6RA,0
CUST_HTSBP4FPP4,0
CUST_4WRQ12T70K,0
CUST_JLKM9QCYSR,0
CUST_9REXIR6466,0
CUST_WRT5GV11R5,0
CUST_U9J0JQU12F,0
CUST_AAKZVN9YKX,0
CUST_7SILMQ869P,0
CUST_H0L28KQMRG,0
CUST_5QX4LPDVDS,0
CUST_DD8G320SNP,0
CUST_L2MFS3MWCB,0
CUST_X22ZG6JC76,0
CUST_JBTY9RR5PN,0
CUST_SANGB49H7G,0
CUST_RJ36WHQBLJ,0
CUST_9EAJOXJXJR,0
CUST_HWXNAD60RA,0
CUST_PZXY8L8OHU,0
CUST_HAJOA2LLWI,0
CUST_NX8E6TF0KM,0
CUST_GVFLHE1LX2,0
CUST_SUI0IFMM4G,0
CUST_MJ3YMSTJE0,0
CUST_00VM2CL0E4,0
CUST_3HDTSA6RE4,0
CUST_0KMEQOW8RP,0
CUST_YZGX92LSP1,0
CUST_YCJBZ6IPTK,0
CUST_VSNX9G6OTH,0
CUST_SKS3JN67BG,0
CUST_94WKS65TSM,0
CUST_GEQ3K8ZZVJ,0
CUST_9M108KS897,0
CUST_BNILGY6NR9,0
CUST_0AEXBRW7T7,0
CUST_N3QDJP0AAT,0
CUST_2KZDO9BKOC,0
CUST_13OSOLDFD2,0
CUST_S2BICL2ZWZ,0
CUST_PSAH29A54I,0
CUST_1RQPT01FLQ,0
CUST_O3EFF9NCRL,0
CUST_BHQ8ST5KHV,0
CUST_SOFQLHQKCS,0
CUST_X9ILGMJJ58,0
CUST_J6CNP6NSKC,0
CUST_4A2KMS2FMK,0
CUST_TEHR6XTI4Y,0
CUST_DFFA5GHCQ3,0
CUST_UPFZQQBKBG,0
CUST_6NR9KQ10C1,0
CUST_VJQMOK0V1Y,0
CUST_ICHI1WLESD,0
CUST_D3PEPIVB2N,0
CUST_WXXQ2D0IBR,0
CUST_VN27OX54Y5,0
CUST_G46GPVOVLA,0
CUST_TS5KNM2P1C,0
CUST_98D498QND0,0
CUST_TFSGQZT1TX,0
CUST_96QFNXBC2B,0
CUST_ZFT62P3P90,0
CUST_7SNRP3BZ5I,0
CUST_BDOGUX26XC,0
CUST_37Z6V269SM,0
CUST_TPXP0R7VLI,0
CUST_NJGH85LRRI,0
CUST_TE1H9CPP9T,0
CUST_M4OHSP5WI4,0
CUST_WSCLW5GJBQ,0
CUST_D7M0DUISZF,0
CUST_U9DXBXNOJ7,0
CUST_4C6KNPU46N,0
CUST_V8B7TTIOQ2,0
CUST_S70OS9PDCU,0
CUST_AEBIF34BBB,0
CUST_IEZAJCJD0D,0
CUST_LU24VGU25A,0
CUST_M5DS4ANAEE,0
CUST_J9PYSGEK9K,0
CUST_TW6UJDB2ZA,0
CUST_LB8Y9RUXZ8,0
CUST_FSZXIY6RC0,0
CUST_4RSWRVENC3,0
CUST_2EUOWMQBTV,0
CUST_0ZBLMUV6YE,0
CUST_9CHUCBNB20,0
CUST_GA8EMUF2KC,0
CUST_MY28G49YJE,0
CUST_46Z8Q01SLG,0
CUST_P28CO0M16K,0
CUST_B9RJCB7TKO,0
CUST_H7M9WDCLL9,0
CUST_1B6NSRFHGZ,0
CUST_S9HGNBUXBQ,0
CUST_KJNYT04SUQ,0
CUST_4TQN8P2HUG,0
CUST_VI0VZF9ZTQ,0
CUST_189D0FDULL,0
CUST_2A0NFZMVJU,0
CUST_GTRPAQCOG4,0
CUST_CC4FGP3MZ1,0
CUST_08XALKFVDF,0
CUST_10A83MNYUD,0
CUST_D7FI86LXFF,0
CUST_XLTBINLTY4,0
CUST_ZINBMVP5U4,0
CUST_PSGUCUNL2M,0
CUST_Y4MTKM8J9H,0
CUST_UP4WEKTVZ5,0
CUST_C69LCKT46N,0
CUST_2MPPGUGMYA,0
CUST_J9STN2WRQJ,0
CUST_FR1SEISX9X,0
CUST_0K3RHD7M7X,0
CUST_MCBVHQH1XD,0
CUST_ZWV1D5G19V,0
CUST_AWAK7P5GER,0
CUST_Z2JEJ9G68Y,0
CUST_0MRE5BB10X,0
CUST_8NX3J296UE,0
CUST_3YHVOOQW3Q,0
CUST_DL7PZ98TCJ,0
CUST_AT5NY1CTTV,0
CUST_BKEKT1CTRC,0
CUST_W653D4EFLV,0
CUST_MC2ZB87ZXC,0
CUST_RQRQ8UJ85B,0
CUST_6WJPQUQOIM,0
CUST_353K9MGP1Z,0
CUST_8V9LBB3T96,0
CUST_TW0ZFDJU28,0
CUST_QBA7S4XTO0,0
CUST_VNMA3ASJRY,0
CUST_X7HHUVGTLV,0
CUST_MYUH9NYLJX,0
CUST_12HXPTHT8G,0
CUST_JS4DVDR6ZQ,0
CUST_4LHTJIVVN7,0
CUST_EHZ32QPI08,0
CUST_TF7CCDFQYQ,0
CUST_L3LLH3DB5W,0
CUST_NINGOPXD9R,0
CUST_A6R1B23CM1,0
CUST_44MEARYT51,0
CUST_GKT5P3V1UX,0
CUST_EI8BS5OVPK,0
CUST_U03O6Y8IHF,0
CUST_OC7VBJT619,0
CUST_JQ0838DBU6,0
CUST_5OWOWGYGDD,0
CUST_BSAEWLTHH0,0
CUST_6MP42YYKUS,0
CUST_59UCS5J08I,0
CUST_WYTN72GOBD,0
CUST_5TFGSCYZIK,0
CUST_030AD4LI3L,0
CUST_HDWKABOF2U,0
CUST_CRP4S5ZDD3,0
CUST_O4LNUXNW24,0
CUST_G12TV05PO4,0
CUST_M0KUEHH5LB,0
CUST_7LRWAY4U3W,0
CUST_13QGXD2IGC,0
CUST_PJAAPZ3QXX,0
CUST_5F5BQMJV7T,0
CUST_WVRJK7OBD7,0
CUST_HAS7M7VFOU,0
CUST_A6PAE93KTM,0
CUST_HSMID9QTG4,0
CUST_IJISU9YM1Z,0
CUST_H3R35SU84L,0
CUST_MGNIKTQRGY,0
CUST_RW7SH43ZWI,0
CUST_MP9U1QDMIP,0
CUST_C07V5SKRVF,0
CUST_I2SLFDGMTI,0
CUST_CPG0A6KOHC,0
CUST_FJXK8MJXV5,0
CUST_LN75V9DEDT,0
CUST_NQC2QL8A7C,0
CUST_51CA5055MZ,0
CUST_H1J2BVK1IQ,0
CUST_ROFNR0WJGU,0
CUST_WAKACM5169,0
CUST_DN403SMILP,0
CUST_EZYPHJGIA9,0
CUST_42IR7PD61Y,0
CUST_7COUE2PB9C,0
CUST_ECRQT0K5H8,0
CUST_WUCPU7HQV5,0
CUST_IH37NLIK71,0
CUST_4JP2RRN98X,0
CUST_ESVLPQ9C33,0
CUST_XPEBICSTM0,0
CUST_UTX1S2NAIF,0
CUST_BNMW39Z0ES,0
CUST_Q1BAS4PIPT,0
CUST_T2XYSJ6H3I,0
CUST_KH3P7BSXVS,0
CUST_0AYALAHG5C,0
CUST_4RM4GE86FC,0
CUST_4ABS7T7HDI,0
CUST_EUUVJ64U6T,0
CUST_RLNVWIDA2C,0
CUST_KKI0UWZGFG,0
CUST_7QYADMIR8K,0
CUST_0YJN9X3MR7,0
CUST_HOOTW0NP7M,0
CUST_3A1HLIQO99,0
CUST_97AH428PHC,0
CUST_EWD6NCQNKW,0
CUST_UKIRO135XB,0
CUST_VJJ62X0VCM,0
CUST_BF3UY1V4WY,0
CUST_053FZ7VJ8Y,0
CUST_4XRWC7SGSZ,0
CUST_JTRCH7L0KN,0
CUST_2YU7YS5IBF,0
CUST_QUFGWK36TH,0
CUST_8TPTUCW4W8,0
CUST_YNUD0I230G,0
CUST_GJ6ZJ5ZAFV,0
CUST_UVOJ56T3XE,0
CUST_YJY2UX79LF,0
CUST_ZEWC0DGBST,0
CUST_VPOX30SF6L,0
CUST_45R8HV3BNG,0
CUST_KNJ674Y665,0
CUST_1OU6T550VV,0
CUST_2JW29PVJUN,0
CUST_1UISNBHWJU,0
CUST_84KSZ77MRX,0
CUST_IP1BB3HWLN,0
CUST_ZSNVUU6TB7,0
CUST_BYQYBOYWNV,0
CUST_89U9UMOFH0,0
CUST_WE2QM7SWSY,0
CUST_JI3EWFFREH,0
CUST_6M8GXVWLII,0
CUST_W6AI71COAT,0
CUST_81JT6ZWOQV,0
CUST_HOP2MCDHYD,0
CUST_I2NPAG73ZH,0
CUST_L9OSCLFF36,0
CUST_1DRG6WWD1Q,0
CUST_XK63RQWSSA,0
CUST_J5WWS9MF5O,0
CUST_PRHJQ51EOS,0
CUST_GW4Q9T46J9,0
CUST_3TKLG8K5DP,0
CUST_WWNR8Z5HPP,0
CUST_GFUTRVM5IN,0
CUST_MWCP4ZYHLU,0
CUST_2YKOIUDO99,0
CUST_LQMRHPGSFB,0
CUST_LDB09JLPE4,0
CUST_VNCLIRYS20,0
CUST_XVEWL3L4PU,0
CUST_OASMU02OW7,0
CUST_7P6ML9ZDUD,0
CUST_U46EXVR5U3,0
CUST_I9NIZ9VUPO,0
CUST_10WTZV9XIW,0
CUST_FHHHQGQLOH,0
CUST_62LU0RZ3CH,0
CUST_2E4XTK1N0R,0
CUST_B81SDJH2AZ,0
CUST_H5LQQDNCHG,0
CUST_YHWABO31MH,0
CUST_RC8SNNBS5Q,0
CUST_V31S3M6D17,0
CUST_2XDFQDLSCY,0
CUST_6HJV71R27N,0
CUST_GOBL55Q7FW,0
CUST_JCO3WJ23GT,0
CUST_ZWY93IRP0V,0
CUST_QIZR38M7G5,0
CUST_60OTCC6V5I,0
CUST_NT29AUWQXV,0
CUST_E30F5SZD8I,0
CUST_9AWH6FBDLA,0
CUST_1AHGZ2J2BX,0
CUST_XWGRZDJ5BL,0
CUST_N5VI10BXP9,0
CUST_PNOHXIHDDR,0
CUST_Z4Y4HY8GHM,0
CUST_JCOS31PWQT,0
CUST_2D0CKHB38L,0
CUST_J2E9WMN7VN,0
CUST_2EHDUGW7U6,0
CUST_605EUYCZLH,0
CUST_BHHRPC9QVF,0
CUST_RDFWX88XO7,0
CUST_TP4FEK8KVD,0
CUST_2YGQCK2UAK,0
CUST_3TFV2ZDUHF,0
CUST_R8FUHHR9QF,0
CUST_207XHBVJFN,0
CUST_6VPMHMJJ33,0
CUST_LISYK1IEHZ,0
CUST_VCL5TZQ1CU,0
CUST_7AT1QDVKYO,0
CUST_U103LH6T8D,0
CUST_4X7UB7TBQH,0
CUST_N1L19607Z1,0
CUST_7MWK7ARS0F,0
CUST_7J2VYR404S,0
CUST_ZFN4ZOMULM,0
CUST_05VDK5ZNI4,0
CUST_6SAKEHUV8H,0
CUST_EGMJW1J9BD,0
CUST_7NL3R5BISG,0
CUST_GH1OX77G9N,0
CUST_VDMH69G94A,0
CUST_VFNVKJ06LM,0
CUST_IH5QA1QEZB,0
CUST_C63EW27JGU,0
CUST_8YIAOGYKQH,0
CUST_WMJSHSIRBM,0
CUST_UUKZZN74WF,0
CUST_BPBE9RH50Q,0
CUST_SJCY8VRHLA,0
CUST_09W22228TP,0
CUST_80HP4NXP6Q,0
CUST_BXABC8TVU2,0
CUST_474N2N95U8,0
CUST_TODBY4OZCB,0
CUST_AUTSJHXP4R,0
CUST_51GH97KSUE,0
CUST_4U5JRM3SZ0,0
CUST_Y69TEZJ2N9,0
CUST_NDOIFZFKAD,0
CUST_V8SLPTNUTR,0
CUST_7DLITWZI2A,0
CUST_4VTT4LHZ7Q,0
CUST_Y5XL969K5T,0
CUST_XY26DKWQCX,0
CUST_18KTML7RYI,0
CUST_VS6HJULXCR,0
CUST_OV8VITQUP4,0
CUST_5HT305CU1V,0
CUST_KOPNJYP4CM,0
CUST_WW0ZQBO8CN,0
CUST_IAKG1X3L13,0
CUST_87T5YJ3HT7,0
CUST_0AGLMHFUTE,0
CUST_J7ZGOZ81U9,0
CUST_UN7AAPBKZ1,0
CUST_N7RGD340W3,0
CUST_FTYOFBGZIU,0
CUST_WFETXG9M1E,0
CUST_MKTLPNPLM2,0
CUST_7TEWU2B8UY,0
CUST_L5XM04LJ54,0
CUST_7S45BWHJ5N,0
CUST_TN5AXMX7IF,0
CUST_70FFRN7K7A,0
CUST_8WGNU5GOHL,0
CUST_G1N408IIZC,0
CUST_CHPR2AVVYG,0
CUST_P03H11EPM9,0
CUST_MC742M9YZ8,0
CUST_5GJYFO8WH5,0
CUST_HFOC617OX9,0
CUST_1WR2E05KF6,0
CUST_D0UTCVP0YZ,0
CUST_CBYT9MTP6B,0
CUST_39ZG5VCC6O,0
CUST_L72CGNIOL2,0
CUST_6VJ4G3V686,0
CUST_YQOHDKLQAF,0
CUST_9AAD9A4OH1,0
CUST_Y9HMUR6UC9,0
CUST_9WI6N0525F,0
CUST_PM2TXRQRBG,0
CUST_S4JQ4UEYYP,0
CUST_JOJOGN5FF4,0
CUST_L59WXJLJ9S,0
CUST_8WG0NLUSS1,0
CUST_UM8PI1DB20,0
CUST_XGAZX49EW9,0
CUST_3M17QZO2NK,0
CUST_WOM06O1K20,0
CUST_ERVD03OZ7X,0
CUST_INHX4KTEPF,0
CUST_D16HK9YRIN,0
CUST_68UA1NCWPU,0
CUST_SL47C0M9BD,0
CUST_GFDS9IZ5TZ,0
CUST_CU86XX5G6D,0
CUST_UBRW08ZYLY,0
CUST_1D0EW0KBM6,0
CUST_3OAGAF03VU,0
CUST_FI6ZUEPCJU,0
CUST_BPN6HX6OMP,0
CUST_FZ9OKUKYO1,0
CUST_M7F3RRXJ61,0
CUST_KS1JDCJOGA,0
CUST_GGO54W5GMA,0
CUST_L4GG0GG8CN,0
CUST_B7JL95INIM,0
CUST_CNZQQV3DAT,0
CUST_63S9QWPJ6L,0
CUST_5D9JWVUX9H,0
CUST_M2THC1NCXQ,0
CUST_6YBVOLO6M5,0
CUST_TWNC2OCWJC,0
CUST_MELPP525IW,0
CUST_UE9JNM1FS0,0
CUST_L8X9ZXX0ZY,0
CUST_E3DBX02U24,0
CUST_3DGZEDTLZC,0
CUST_20WY3HQFWF,0
CUST_U1NH48F7BS,0
CUST_6I9KN2076L,0
CUST_TOHQ5ZUHBJ,0
CUST_F25M1QU6V6,0
CUST_8IUIBQCO9B,0
CUST_CRE6015P5Z,0
CUST_QGMFC7L8XA,0
CUST_O0Y8O7FU45,0
CUST_V5CUTVWAR0,0
CUST_BYA297YXKY,0
CUST_QD02A34SIQ,0
CUST_PZIA31WVRG,0
CUST_CAZ5XXQJS7,0
CUST_0GYCDRAUI4,0
CUST_QBJEJFOKHS,0
CUST_QEPCIKZHUI,0
CUST_2VI4RWG3MD,0
CUST_9ZY1CGAQ67,0
CUST_W77RMRQMHY,0
CUST_USKNL4ENM6,0
CUST_C2DBDNMTVO,0
CUST_8VI8YDG7E5,0
CUST_CPORXWAHPT,0
CUST_AXK8HJXKJP,0
CUST_53FY20WOR3,0
CUST_HDAV367H7G,0
CUST_MXR096OUP3,0
CUST_WLLDGSDS66,0
CUST_5VK46VZ2GW,0
CUST_BANSP1K8PO,0
CUST_2IFYHE4RTN,0
CUST_WJVD2Z0NME,0
CUST_OKOAZ9YJKQ,0
CUST_1PGTHZ8W5S,0
CUST_0WE4I17ZSG,0
CUST_H4GA5QRJST,0
CUST_UXE52OE2N4,0
CUST_4FMZ8KPB9W,0
CUST_ZCI518YLMR,0
CUST_71KQH5YZTL,0
CUST_ROENFHKT8U,0
CUST_YD5T2RHYT0,0
CUST_65J5ZU5IP1,0
CUST_2GCE2BEKTT,0
CUST_TWHXE2GO4B,0
CUST_HR5WGEAP33,0
CUST_6HYUWUKR7T,0
CUST_2PFAMR8XB2,0
CUST_8V72X0RB10,0
CUST_4WDKB77XYJ,0
CUST_OXNKZJ1G7N,0
CUST_8GKP12FCS6,0
CUST_KKIZ3R9744,0
CUST_FF8D5JEHYW,0
CUST_F6DY73Q668,0
CUST_YTWLGEJNYG,0
CUST_NQSDYJ9Z7C,0
CUST_VB3U0P7VTI,0
CUST_UD35QLVFG7,0
CUST_L7GX6DVM4K,0
CUST_OAXMK1ML06,0
CUST_3QZKPQVE8A,0
CUST_WYN8RCAS51,0
CUST_VO1UJRMVVV,0
CUST_T0A1SNZM30,0
CUST_1MK609CW1J,0
CUST_FWV01UJRHB,0
CUST_17TF9P7FSA,0
CUST_R7Z8SVCYGO,0
CUST_24FCW2S6JD,0
CUST_ZOL6UDP07F,0
CUST_TS2NDDVIMB,0
CUST_GIJF1MJ1AV,0
CUST_PLLEYO4GBS,0
CUST_UM41VQIF9Y,0
CUST_AAASMXTB1D,0
CUST_0MXOGVWT15,0
CUST_JAWBGMOUFT,0
CUST_94HKO8PUQG,0
CUST_VW8UAYZH8L,0
CUST_5XRNHEN98F,0
CUST_MLFH1DW5C8,0
CUST_U2F4XDN44M,0
CUST_4CK53XSZL8,0
CUST_B8QSPILXTQ,0
CUST_TF6XNJ6VYP,0
CUST_2B7GROU5JR,0
CUST_OP7TX9260W,0
CUST_MEEHR0ZBDP,0
CUST_UD5BCXVN47,0
CUST_N2YJHNP7SY,0
CUST_OX6ZSJ91CT,0
CUST_ACBW5NPC8I,0
CUST_D28VP7OXTR,0
CUST_S8U7T67KIJ,0
CUST_75QWGSS9FV,0
CUST_GWFKQA1Q8L,0
CUST_DGDXV9SXWP,0
CUST_NQENEYO280,0
CUST_DV1JO90CJX,0
CUST_TEQJL3VZLA,0
CUST_P5K0DHSFOF,0
CUST_YCREIIOUIS,0
CUST_TZ073TTB28,0
CUST_9MJQOB8I0D,0
CUST_2474IN77LR,0
CUST_PEZQ64OI0O,0
CUST_38SKF6JFA1,0
CUST_ZC5NSAGFKR,0
CUST_TCNFTVJ6RF,0
CUST_HT6P26YFX7,0
CUST_UI2EES9M6N,0
CUST_4R05TX4DDB,0
CUST_ZNB8NIUTXY,0
CUST_2Z1TR440GJ,0
CUST_9YH4K4ZUFY,0
CUST_UR3LCXFKV8,0
CUST_1M549GDM1P,0
CUST_EFPFVK15CK,0
CUST_29B3JMM271,0
CUST_SE66X07TA2,0
CUST_AA2FHD0GLE,0
CUST_OMV1O0X2XP,0
CUST_W9YN6EJJ5R,0
CUST_315SBYDR1T,0
CUST_KPUV6LSH1G,0
CUST_QICDLEG80Q,0
CUST_AOWXGCIHM0,0
CUST_9QVZ82BXBR,0
CUST_4TV77UWEKH,0
CUST_XRRJ8U6TLO,0
CUST_HEKM9U8CUJ,0
CUST_KMNOY9W298,0
CUST_CGQ1IKEWTZ,0
CUST_2G0TFS4JJ2,0
CUST_R18F86NVTA,0
CUST_BIRE9T28Z2,0
CUST_8WCHV74EZ9,0
CUST_TRHM0A6PQX,0
CUST_YGJN7I2DBK,0
CUST_AQ2EPZJSH9,0
CUST_ZRY9I7V2CH,0
CUST_E89JHRFV47,0
CUST_KUQYHTKUA8,0
CUST_0Q1S71M9IP,0
CUST_YX4P60LQRF,0
CUST_OC8HBR2DLK,0
CUST_Q7CVSWYYN5,0
CUST_3YYGFTLH38,0
CUST_5PIYIFMI6Q,0
CUST_VGZCJJA5LH,0
CUST_AG6C0JBY6Z,0
CUST_O365RAEFAD,0
CUST_51JQ5Z4R15,0
CUST_NYI7JEE2NT,0
CUST_TCDDQXQ5FJ,0
CUST_IBEAOTRHRV,0
CUST_1WZALIOF8P,0
CUST_66AJO51A3R,0
CUST_Y41JLF75C7,0
CUST_RX9YT9D2T2,0
CUST_C23H91XX7M,0
CUST_GLKDPGJB2F,0
CUST_7ASUSOW1VI,0
CUST_HGW81H4ZYO,0
CUST_OXQ5JT0RWF,0
CUST_D9G4Y5I779,0
CUST_JQVP0VFMF0,0
CUST_2UVIR11HP8,0
CUST_I0OOCATR3G,0
CUST_ANYJBSG3Q7,0
CUST_URFEAI5JZ5,0
CUST_2TLYL3B1C8,0
CUST_V0WWF32VZO,0
CUST_YTDHK70JQU,0
CUST_58PFWWRU64,0
CUST_OX1PEK79D2,0
CUST_3I1DS1692Y,0
CUST_DGWM9NGI11,0
CUST_JF5F9BDMRL,0
CUST_D2AWEE2S76,0
CUST_AAKXPQYPIR,0
CUST_ZAD5S9JO66,0
CUST_G6JD5E1255,0
CUST_P3V5HBFBR6,0
CUST_H9AXKJYCBF,0
CUST_0M9OHB21QR,0
CUST_ZIEZ2KMHJ5,0
CUST_4HLSDHRX5A,0
CUST_6JB3BD023N,0
CUST_G8D5MBDPZG,0
CUST_AR1715S0NU,0
CUST_OMW2E8QSHK,0
CUST_LYMPCI8BN7,0
CUST_YKVUFZ0BLY,0
CUST_GGULLHY6DV,0
CUST_TR4CRB6VXF,0
CUST_J3TLUS305Q,0
CUST_MV5BAP8LUH,0
CUST_UY8EQENQTS,0
CUST_3K6WQYF6U2,0
CUST_7OMRW6ZHK6,0
CUST_533VFY5ZFG,0
CUST_R6LOHBNS0V,0
CUST_ZZOVN2F6GG,0
CUST_A879KE6ZPK,0
CUST_12EO5W04S7,0
CUST_OUAFUTGVYF,0
CUST_I6FY0LNI09,0
CUST_VFOO11HNYA,0
CUST_FZPZFSS6KO,0
CUST_BQ1C6SRV5Y,0
CUST_GRRYVO6UK0,0
CUST_Q3YNPXC1QS,0
CUST_O49TD5PPRE,0
CUST_OEXF9BW6VK,0
CUST_H7UJQA9UOZ,0
CUST_40OT1PAOTO,0
CUST_XQ4DMJSDH7,0
CUST_6Y6SENN207,0
CUST_GBUXAH6Q3W,0
CUST_XZGZQB3IXS,0
CUST_Y5W0A0MZ9W,0
CUST_7X28YSN14B,0
CUST_OT9LHD874H,0
CUST_GJ6JHL2ZE2,0
CUST_BK7YCXUUO4,0
CUST_PJ2NJAPFOK,0
CUST_XN7SGIMDEW,0
CUST_3XNE2FRKL6,0
CUST_ZVMNXDATAZ,0
CUST_T0BDPTTIOM,0
CUST_AMH27WFKZN,0
CUST_DA2FMSLJK4,0
CUST_OSIOQOPRU2,0
CUST_V66HXR85GW,0
CUST_EI799A6M1V,0
CUST_MKVGJ2WP6U,0
CUST_4U9ZVSWBEQ,0
CUST_2VDGABOTDK,0
CUST_HQB75989G8,0
CUST_JCTQY6H48P,0
CUST_BE3UUHI46K,0
CUST_L3PP8JDM4H,0
CUST_61OIC7S2JZ,0
CUST_GJ1HX5TWHB,0
CUST_TRRTNF3VYX,0
CUST_HCEQ3CVB04,0
CUST_3XOHSZJLRB,0
CUST_6NO01VDETZ,0
CUST_RGFSQ5RHHP,0
CUST_Y2ZQSV5JWZ,0
CUST_I3QL8FGO17,0
CUST_SU9PJHCTD9,0
CUST_KMBT2KRB0B,0
CUST_YYMNM2XAF2,0
CUST_8GRPANKGL4,0
CUST_GOP8WCSDWW,0
CUST_T87MP1AH9C,0
CUST_S4ZQ7R26V6,0
CUST_V5XL93ICQ7,0
CUST_EV7588IL70,0
CUST_YD4QN9MU4F,0
CUST_STQEW0BXE7,0
CUST_LJ5KAES1TU,0
CUST_1FL6PU7URR,0
CUST_0W9JGPB5GX,0
CUST_B24DV0BS1J,0
CUST_ROPGCNH8ZE,0
CUST_OBG61UIBJZ,0
CUST_OA2QDOYO2U,0
CUST_4EDEJEJHB6,0
CUST_IR4YMRQ35O,0
CUST_IDLKQDHSVE,0
CUST_XWJ1JQCE7I,0
CUST_10TGWZXUUI,0
CUST_F1D5NH2GFD,0
CUST_JNNR95TAY6,0
CUST_EHG36WPWX2,0
CUST_8EUNZVLOUT,0
CUST_UQM423L2WS,0
CUST_H2GMYN0E8B,0
CUST_5XPWPG6ETM,0
CUST_LXNB6OJPQW,0
CUST_LQCOOH1KAT,0
CUST_Q096UBM7FY,0
CUST_Y8EI5J5FVO,0
CUST_0Y8GIEVW62,0
CUST_FBKZ2RPPSG,0
CUST_P851OTGIDR,0
CUST_HK8JQYVA22,0
CUST_NQ8YAWWA3S,0
CUST_PT44T7Q3I4,0
CUST_D5TXME1IOQ,0
CUST_KXXUG7VZBP,0
CUST_D69RN9RKOJ,0
CUST_MF49PH9GTK,0
CUST_C43D4HORO7,0
CUST_QUZEHMSKVU,0
CUST_D7Y3V9PWKG,0
CUST_KCZI5OV6NJ,0
CUST_BP6W7C9W4Z,0
CUST_WPPHBRH1RU,0
CUST_QBW1217NN7,0
CUST_DRM0QY22W7,0
CUST_A3W1T5RS8W,0
CUST_YVY49LPDWR,0
CUST_J7ZLEV6I37,0
CUST_AMHSWT2O8T,0
CUST_1JZ97K22OD,0
CUST_PBIVZ5NW7T,0
CUST_2R2HV4UWRO,0
CUST_031NHQD9MR,0
CUST_58H5A2ZANG,0
CUST_VLSZOH0DFY,0
CUST_2JZW99L9ZA,0
CUST_0YYKGQSJZS,0
CUST_A8BYY42ZF0,0
CUST_6LGIZDRC9S,0
CUST_ZI9FLPHA33,0
CUST_YNE3UQGDL1,0
CUST_4IQ2BWS027,0
CUST_R51W0SRAOP,0
CUST_ID2GN4CJHM,0
CUST_6T1LUI5KL1,0
CUST_10YWNHN6QM,0
CUST_Z4SIYXLFL6,0
CUST_L9QHWUGAW8,0
CUST_0Z24X259J8,0
CUST_X1OGHTC7JB,0
CUST_6UBU9IQXA0,0
CUST_1QPXDVGRL7,0
CUST_UWXJRS19AB,0
CUST_JX3V9JYNNR,0
CUST_J4Y0NUKIQS,0
CUST_BYUOLYM54Z,0
CUST_D56SWI70RM,0
CUST_20LO6NK9P5,0
CUST_DHZB2F63FF,0
CUST_7P0G2MJ2R9,0
CUST_NDG780ZIK3,0
CUST_VU6HZC5UW6,0
CUST_491RVHW3QG,0
CUST_8SZGNW03PW,0
CUST_55N38OVPFF,0
CUST_TF3YK5GLLF,0
CUST_FKRV1QMEFA,0
CUST_VEZGT9MOUS,0
CUST_157FWK97OG,0
CUST_Z07TG3GDS0,0
CUST_D0NSTGCGZQ,0
CUST_OIWTTS5US9,0
CUST_24PXWJ5CCE,0
CUST_BQIH0N5G37,0
CUST_MXIGDWP2WT,0
CUST_SVKXJJO7D3,0
CUST_1U1J83N65E,0
CUST_JT7NNB2U1H,0
CUST_D8PAG5OMHT,0
CUST_HVX73KU7TC,0
CUST_OCY8SWW2JX,0
CUST_KT2YUP4TQO,0
CUST_HSCZEVCU05,0
CUST_BHPUN69S9S,0
CUST_H74RPQJP52,0
CUST_I3K8T1AKNO,0
CUST_3JXRN963NU,0
CUST_95WNY5H86N,0
CUST_O0TT0BSF10,0
CUST_2QRXSTJR9E,0
CUST_LHBPTKT6C3,0
CUST_MOZ79BT44X,0
CUST_1C6YUIBL5S,0
CUST_LF9AX7102K,0
CUST_J5Z7PWWKL9,0
CUST_ALVQ5FY2TD,0
CUST_6JPK8B4OI5,0
CUST_DK0Y794N4T,0
CUST_EV8XCYWW61,0
CUST_W41IKCYC97,0
CUST_MIFFBUKA70,0
CUST_XVGEGYI5QM,0
CUST_HQF776U199,0
CUST_W3PMBOUHWU,0
CUST_N08V5HQ9IF,0
CUST_IFR3M5FY7G,0
CUST_BB3E4MR4Y4,0
CUST_0IIEZTKAZU,0
CUST_YS1791XA06,0
CUST_2D1II1B6Y2,0
CUST_5EVAE21X0K,0
CUST_6NS2ESE7E3,0
CUST_5P68ZUAIFY,0
CUST_Y7O7WO6J8G,0
CUST_3S46F2ACEX,0
CUST_IVI0STZ77X,0
CUST_WI9HX1WHFV,0
CUST_04C36OWSU0,0
CUST_S0FC03FMDG,0
CUST_22GBOUFGKB,0
CUST_6N4QQE7DBU,0
CUST_TQDPGKG23Q,0
CUST_7TOO4FE70R,0
CUST_7TR683BLZV,0
CUST_QFI3AA93PC,0
CUST_9F5AY0PHND,0
CUST_S07JTARJGB,0
CUST_IBUM70E4JA,0
CUST_6RJ9YGDKB8,0
CUST_0UCYLW1HHI,0
CUST_PV5FHYKFTO,0
CUST_6PDKAMSWXF,0
CUST_ULMEGFGEG2,0
CUST_3057F75V59,0
CUST_3MAARCY9TL,0
CUST_07Q9HQIR5E,0
CUST_EBPNZHVWU2,0
CUST_DWUZK2369L,0
CUST_VQOT5NUZTT,0
CUST_0H14STZG8K,0
CUST_GCO2JEYDJO,0
CUST_U64WKDZYTJ,0
CUST_C91CPWDL6T,0
CUST_XBC2Y4XXVF,0
CUST_QHDUI7QR7Q,0
CUST_16DH459RUY,0
CUST_2MYSAHUC8U,0
CUST_R9UGEE452L,0
CUST_QQ614BLENF,0
CUST_6KXBCIQPF1,0
CUST_1Z0EU79DA7,0
CUST_X4Y7PAORG6,0
CUST_2Q02LSCBTX,0
CUST_BBD2T6HDSA,0
CUST_EQLPPUUCFT,0
CUST_CY3U8J5CUN,0
CUST_DNRVJZL68I,0
CUST_6UL9Y3Q8IZ,0
CUST_REVGCG93O2,0
CUST_JHF86VQCRN,0
CUST_TSS3CJTNDU,0
CUST_KVEBI2IDJ0,0
CUST_2MDNPY5KQW,0
CUST_5S3WTNWHZD,0
CUST_7JWTVD0WRS,0
CUST_3ERJRWZ8YU,0
CUST_EO6N2IW5EP,0
CUST_OU87OZB8KE,0
CUST_KLCD8IHMSA,0
CUST_HJGHFZIQSE,0
CUST_FTFUT3EZIT,0
CUST_K4GN2RJYZU,0
CUST_EQB4RHDO24,0
CUST_45IB6WHSZT,0
CUST_QXVU3VT2X0,0
CUST_BEBIUZ2R0Y,0
CUST_ZQRY125CUR,0
CUST_EJNBYRNCEH,0
CUST_7KA95VFW33,0
CUST_9VJZVBXOEN,0
CUST_MWKNITZMWK,0
CUST_3ACAN4XBFB,0
CUST_MBB5YZBN0U,0
CUST_JCJKDZTD7D,0
CUST_6V1CU7QPKP,0
CUST_XFWMUI9AMU,0
CUST_U75TQO7763,0
CUST_URKOXT8B7I,0
CUST_UJR3UG0GSX,0
CUST_EMB9A1E3TN,0
CUST_5AHTE65AC7,0
CUST_UNCDM1KGSN,0
CUST_OSFUIBFFIJ,0
CUST_Z31BTHA3K0,0
CUST_PVQ5FSLFGN,0
CUST_SB6QA0DA6O,0
CUST_ONUZKF9R0T,0
CUST_D3L98V4U8E,0
CUST_WH2DZH26XO,0
CUST_Y1LIU7XJVS,0
CUST_AR786PWJFK,0
CUST_D6R164VX52,0
CUST_HC69KSGCFX,0
CUST_NOAO8LT5AQ,0
CUST_6YSXNB4S6S,0
CUST_BR8AQ3KBMJ,0
CUST_0YM5CHL6S0,0
CUST_HYWIMNC4V2,0
CUST_GLH36GHF15,0
CUST_BHCF7OP829,0
CUST_HS2OPD0X4L,0
CUST_ICZ92Z4LBL,0
CUST_2T0EHGFF4D,0
CUST_A2XFC93Y96,0
CUST_WH2HBZRF3O,0
CUST_3J46MCTZG7,0
CUST_9112VAIELF,0
CUST_KO2EKGDUB0,0
CUST_2RK589IG5H,0
CUST_QLH85PBG4K,0
CUST_U1JOTLRTJN,0
CUST_AEJJCFIMKW,0
CUST_WEHRHYUEY1,0
CUST_C7MRXYUQVV,0
CUST_TCLICCG9DW,0
CUST_5SPSLIYS22,0
CUST_EO9OUH8IKN,0
CUST_PZQ9LGGLIC,0
CUST_J815UPTAH0,0
CUST_R1VFTRR12Q,0
CUST_9P4IR3ORNV,0
CUST_KJ4XF3C5E4,0
CUST_WR4C98XEGJ,0
CUST_C87LF5ZS4W,0
CUST_5V59HYIY39,0
CUST_RJWL3Q2J1D,0
CUST_7URWH7M1BS,0
CUST_K44NOFG6KE,0
CUST_2FL9KOX4J6,0
CUST_B10UKSF894,0
CUST_V8736O2N5H,0
CUST_QXP29G6DAE,0
CUST_N2KFYTSP3Z,0
CUST_E20IHGTYTK,0
CUST_RI0SS30F6W,0
CUST_A5NQ5IXSV0,0
CUST_Z4I7GG7AXC,0
CUST_ZSZP7TKVTI,0
CUST_Y2AZBOASFM,0
CUST_CLON1J7P9A,0
CUST_VLD5CVM6E8,0
CUST_1PMXKBAZZZ,0
CUST_JK6YOO7ATJ,0
CUST_HVXK8SWEOP,0
CUST_HQUMMYMS6J,0
CUST_DAOCOQLL6Y,0
CUST_WU2YMC8K2L,0
CUST_U3SFL794C7,0
CUST_AUDY2V7FQI,0
CUST_10ZM15G3DC,0
CUST_UIV1VFXC92,0
CUST_FTNN2X0OUK,0
CUST_9H07H975KZ,0
CUST_AXP0XMAST2,0
CUST_RYORQZOQXZ,0
CUST_4EEENAXJZU,0
CUST_SGQK07GGV4,0
CUST_80N28T921T,0
CUST_M8PXPZ9LJI,0
CUST_OBUEOZZLSQ,0
CUST_BD6F0PVXNX,0
CUST_QCIJ9I5BA2,0
CUST_8A1Q5AZYNR,0
CUST_NVJ62IUT9P,0
CUST_K2PLYBCTU1,0
CUST_1NM5H43IL2,0
CUST_M7Z0P6DNTT,0
CUST_WJWOE4CBYK,0
CUST_IYUPMRLTKG,0
CUST_GV8YW8MS8Q,0
CUST_A8OD5811ZY,0
CUST_9Q6P1YWOYF,0
CUST_R6WD8DTX0F,0
CUST_GGIB3K5W78,0
CUST_4EJE3RWZ5I,0
CUST_1NE2M6ZETK,0
CUST_I25964FUSS,0
CUST_HX6I90BBVE,0
CUST_F3OFUWOA0T,0
CUST_F1HE15KKX7,0
CUST_THAXPAG8W2,0
CUST_S0BA5H69D2,0
CUST_N2WR6NXE2E,0
CUST_DSYV9CWY8E,0
CUST_IBUCPTU0DP,0
CUST_Z8WN0PJ13O,0
CUST_ENWSP7B9XV,0
CUST_02XCE2QARZ,0
CUST_AKSR17UB7A,0
CUST_UHPCORFRCQ,0
CUST_S6SAXR9H27,0
CUST_Z111RW66XV,0
CUST_49PBO9IUJ6,0
CUST_ZSQEA29J06,0
CUST_U5QQ00EWL9,0
CUST_GUPKTDHVKT,0
CUST_QDB89CKRJ5,0
CUST_JN0BGJ8KCS,0
CUST_IMZXQS5FMX,0
CUST_31A7F4HQNZ,0
CUST_XLTLGIGPEO,0
CUST_CJ4LZ02OPQ,0
CUST_ULGQHVHB0N,0
CUST_G2HDCPKTOQ,0
CUST_LWOGU5CKOP,0
CUST_KS3LQ7VA53,0
CUST_2DO3NC18WU,0
CUST_XWJ46HYWAX,0
CUST_5QXKB4NQ4B,0
CUST_DYKMF6O48F,0
CUST_C920JLUBKZ,0
CUST_GFAMMWWI4N,0
CUST_P3291I5C31,0
CUST_XUAPA4Y0PF,0
CUST_MBDH6YHA3Z,0
CUST_5LF5FDN8KO,0
CUST_QV677F72C5,0
CUST_BPYRCTWXL2,0
CUST_2TP9UVD2CQ,0
CUST_5E26L6265P,0
CUST_VKVPD8IH7V,0
CUST_R0EWF1USPL,0
CUST_BQB7STS5XF,0
CUST_75VMLTEFLV,0
CUST_P6EG7YY34D,0
CUST_JT52Q8I98P,0
CUST_GARTWSS9MY,0
CUST_4UKPNVWTIM,0
CUST_B130RBB7G6,0
CUST_JPX9VOE1YC,0
CUST_3ROGXKPM6I,0
CUST_67WLXFFVRL,0
CUST_9V4MN02MGG,0
CUST_V3DZGAZSG3,0
CUST_QSARKQYGS0,0
CUST_WBM6U0WJE1,0
CUST_XT8QWZXL6G,0
CUST_FXW3H21N2J,0
CUST_1YBQCF7DGB,0
CUST_FBROU35ZX7,0
CUST_LBNG1L0FVL,0
CUST_EL0A7MFE59,0
CUST_X03I0HMTRU,0
CUST_C7XOY5IL7E,0
CUST_VPGY3IFV9C,0
CUST_ZF8Y5ODYNI,0
CUST_50XSV7DN51,0
CUST_QQZCZTUQ7C,0
CUST_DAII4MG3CB,0
CUST_ECP1B2O9TR,0
CUST_0DDDUOJJ1U,0
CUST_47R5WMMKM7,0
CUST_HIE7WIJIP5,0
CUST_C55N978QNH,0
CUST_C63EKQ9OVK,0
CUST_QOF9ROROQP,0
CUST_R7QZILSJ4L,0
CUST_058UGOED7D,0
CUST_JWYS9FMIX2,0
CUST_NYLHQVCI02,0
CUST_UJMLKYA7HA,0
CUST_5FHTB1BB95,0
CUST_CDNYEUUXXP,0
CUST_0SZWS26P8C,0
CUST_T2PWGKWCBW,0
CUST_XDN1HODKN7,0
CUST_UGFM15RMBC,0
CUST_VGDGSOX8BX,0
CUST_YCOHE8C9OK,0
CUST_P5OSCZKE6B,0
CUST_QO1B0X4NIW,0
CUST_4FZ2SFH8BF,0
CUST_Q7D9O54JLM,0
CUST_P67FNMAY78,0
CUST_0D5E8W7XJF,0
CUST_OKPOEHVMT7,0
CUST_SUQY2I7H96,0
CUST_26ZPZ6NE2G,0
CUST_ALTIXCUTOQ,0
CUST_7LWDNMYTYC,0
CUST_A5EKF7X8KO,0
CUST_QTA633T1IS,0
CUST_BCC5JCAQ9Z,0
CUST_IHG2JSSR5N,0
CUST_CPXZVLGAG9,0
CUST_D5602893YU,0
CUST_HL8E9MBGTM,0
CUST_STZ5N0JSOM,0
CUST_C4W97T4OS5,0
CUST_GVZTPNBZCI,0
CUST_NRLTNNH71K,0
CUST_SDX51A9QSF,0
CUST_DLONDF89DM,0
CUST_00VZGK2GKQ,0
CUST_INDRVEE6T5,0
CUST_E0UMJK6JZX,0
CUST_2SAZPS4FCR,0
CUST_FB3GAY3D0H,0
CUST_L3VBYU8JY6,0
CUST_XF6KBRTNV6,0
CUST_Y5CA0481AJ,0
CUST_X9VIGF38E2,0
CUST_5BSX9XBACZ,0
CUST_OPXE2G6GA2,0
CUST_E8CUIBP99B,0
CUST_C2SZ3GTMSE,0
CUST_M3KLWLKVQE,0
CUST_ET1PBDPY12,0
CUST_BIPMFS50CK,0
CUST_1YN6GQ9PD6,0
CUST_M2U6RTEJ4S,0
CUST_OV9FICA6EB,0
CUST_7NDIW1716A,0
CUST_WAAYOIK5ET,0
CUST_18S6GBAOCW,0
CUST_550I3D568C,0
CUST_8UGAAKIA36,0
CUST_6N04KGEPTM,0
CUST_I4C36R9Q0R,0
CUST_CH2GB1U7VS,0
CUST_FM1I0QD8WP,0
CUST_IUQ8IPU3KX,0
CUST_UUGDDBRS1G,0
CUST_YIDKBBH5X9,0
CUST_7ZZ8C1VZV0,0
CUST_ZU21B682HR,0
CUST_1Y8KECNW2N,0
CUST_S40RQMXB0W,0
CUST_XT3PPSJ1TI,0
CUST_SP7SZKEE9F,0
CUST_DCRD1NNBZB,0
CUST_6UW7LZXPYW,0
CUST_G400ZB5BS5,0
CUST_RRPJBO9CNY,0
CUST_KF48O36FY8,0
CUST_N1XC7HDXBK,0
CUST_FOW3W9NWTY,0
CUST_LHZE33ZOC1,0
CUST_CGN6CH7PRP,0
CUST_RPM2J6F5Y7,0
CUST_KDX1X34WI0,0
CUST_LLCRM4BN2R,0
CUST_4QX3UXFCH1,0
CUST_E7ITLJSU4Q,0
CUST_I4GPB0SHHR,0
CUST_YQ57LXFXPQ,0
CUST_I2D0PHRAFW,0
CUST_N2OC0P330S,0
CUST_5RWNUAUN0U,0
CUST_7PG6SQD92I,0
CUST_F42GWIQLLR,0
CUST_8NWH72OAGJ,0
CUST_APV89UKPEH,0
CUST_UF5ZXX2R00,0
CUST_4Q3LL6I4VT,0
CUST_QCLWS2BVQM,0
CUST_7KY4K79SUQ,0
CUST_SJUKJL25PR,0
CUST_UGVD0ROYH5,0
CUST_WNS9JI0GPD,0
CUST_D3YY3W6CKH,0
CUST_U9NUK99LOU,0
CUST_RPYQTK1Z8R,0
CUST_QTHLMUBJCU,0
CUST_P63DECDYTO,0
CUST_AAUQHSU7NK,0
CUST_FNW99HJ3W4,0
CUST_33KPYCN8BZ,0
CUST_X96CDUXH39,0
CUST_P5M7UQJEDH,0
CUST_JRX5UVGGR1,0
CUST_1MZOU86PYG,0
CUST_AXPG5R59GM,0
CUST_1IYJZ0OU8W,0
CUST_7M2OQETQYU,0
CUST_ZKULBO5JND,0
CUST_MTZ317891V,0
CUST_40LZBTL14Z,0
CUST_L60ASI0SYC,0
CUST_Q4OTYUV16D,0
CUST_R6UNVES8D9,0
CUST_XSASOSNJ6E,0
CUST_PFS04R1KOJ,0
CUST_T8YTQI7HJK,0
CUST_0U0KVTLJQ7,0
CUST_LFS42QR54Z,0
CUST_2LTBW08M6B,0
CUST_HHUZCNYUSP,0
CUST_AL5BUFV5BJ,0
CUST_CNURA5C8ZS,0
CUST_GKS3E4YGJA,0
CUST_HXX0TWQUWE,0
CUST_SBDMFCCQ6B,0
CUST_EP6XJYU1LG,0
CUST_HAW5EH7E8X,0
CUST_6C2HVTU40T,0
CUST_YSYEFQ0TQQ,0
CUST_BZYVPFOEXV,0
CUST_Y4ITC923O8,0
CUST_024XOFN8OT,0
CUST_5UY9ARFI80,0
CUST_IH4BRECUEV,0
CUST_Y6CV79OHC0,0
CUST_1V2K4J500C,0
CUST_HKNJLNCMPO,0
CUST_7Q9MHECBVB,0
CUST_5CQ0FJNKZD,0
CUST_DWT0D1ZBK5,0
CUST_5TWT06D5O7,0
CUST_M7YYXN43YD,0
CUST_CGC3VNB5A2,0
CUST_7FEMW54XV0,0
CUST_CYZ1UV6AZD,0
CUST_MEX5O9WHFB,0
CUST_9CKX2QPKJA,0
CUST_3KXSHF9EPX,0
CUST_46F3LY4IJP,0
CUST_FYO5X7BGQ8,0
CUST_SE3KVE1BZK,0
CUST_Y4W77IGEMJ,0
CUST_MKRA8HZJDO,0
CUST_25NNTY2V6H,0
CUST_6C9JWXJKEL,0
CUST_N5MNR1VGHW,0
CUST_F0HWWJMD16,0
CUST_Y1W02CBEL4,0
CUST_2NEXWUDWPW,0
CUST_SEAGT4N4ZR,0
CUST_7XS6YL5BO3,0
CUST_L5I63FZSEA,0
CUST_JLRQF9B2IK,0
CUST_SAZ0YSJZKS,0
CUST_FPL2A62WLT,0
CUST_V2XNGS02ET,0
CUST_XASKNIWCF2,0
CUST_W73EUJXE58,0
CUST_4C46R12HWT,0
CUST_G9M06S69C0,0
CUST_PXONSC5QNR,0
CUST_GEVD3SR3ED,0
CUST_IT624YTJ95,0
CUST_9OLMAAZW9O,0
CUST_WK3LLUJRTC,0
CUST_34772HOC5K,0
CUST_RSFPFN6Y7I,0
CUST_5EKPNHMBYJ,0
CUST_TVC0DF5FZZ,0
CUST_O7HHJ38XHG,0
CUST_LT7CZ9PXQR,0
CUST_5AQAH20NVP,0
CUST_TGM4GPUWWX,0
CUST_XXA52BNYWR,0
CUST_P4WA1E0TPT,0
CUST_8TJK6JU2RM,0
CUST_ZGUS8SNB55,0
CUST_CU8RNW0TCN,0
CUST_JDKKWNW06Z,0
CUST_DCJM6L58Q5,0
CUST_MBB2UTDNC9,0
CUST_ZOJ78G1R4W,0
CUST_5OEMNMOY61,0
CUST_VBMHO2FO1Z,0
CUST_SX3NTQ6W2B,0
CUST_4N6MP88QS7,0
CUST_HIGLB3S4X4,0
CUST_SMW8HYJ3DB,0
CUST_UQNO54JDT0,0
CUST_6QEP0XFR00,0
CUST_M4TUSM7RPX,0
CUST_44TBAISPWI,0
CUST_MNW0IOW5ER,0
CUST_U5X43EFM3Y,0
CUST_7J731TAXF1,0
CUST_K37E4WFD20,0
CUST_0PBAIYW5QW,0
CUST_Z4FPE5MRGM,0
CUST_FE40L72T4N,0
CUST_VJWKVFERDP,0
CUST_82A2R4CTQ3,0
CUST_337TM1U8D2,0
CUST_PD39BJ9L0D,0
CUST_F5G83L216R,0
CUST_G3FDPJL2MT,0
CUST_NX0FOJO0FC,0
CUST_J83BCFUQ9K,0
CUST_QVC2AIX845,0
CUST_0P985MKK56,0
CUST_UCFI2K8MVX,0
CUST_GBHA6P0H9T,0
CUST_QC9STUXYDC,0
CUST_I9OTIKRE3I,0
CUST_CFT75MS4FV,0
CUST_R25WQZDG2H,0
CUST_M7YWWMTGR5,0
CUST_ULLBM7N3J4,0
CUST_A634NM9O3P,0
CUST_RJADCYC3IW,0
CUST_0W0JSEH6LK,0
CUST_RD6FL34PM8,0
CUST_EGX3Z2OLSM,0
CUST_YPO8MH2TXD,0
CUST_F3739OEVBI,0
CUST_KHJ0CWEZSL,0
CUST_W2254OW4L6,0
CUST_557UKJB1VT,0
CUST_4UYD21KI5U,0
CUST_YJEPK0AUFM,0
CUST_OAU8DSMT9B,0
CUST_ZW0DZDDUEH,0
CUST_W1NJ90X9AE,0
CUST_ES88I7SKII,0
CUST_ADLR6MH1IV,0
CUST_VKUNWMO2IN,0
CUST_VGDJHT4489,0
CUST_VF2PN6OHFZ,0
CUST_JQ2JW55Y3N,0
CUST_E42VZ4EZZD,0
CUST_5UFVSQJW81,0
CUST_NEMYAC0B4B,0
CUST_M4N6PL5368,0
CUST_8CAA1YIGJL,0
CUST_YG9L7XSED8,0
CUST_POANY9KIR4,0
CUST_FKMCV8X0LT,0
CUST_Q84IK05D8C,0
CUST_6SPX5E9MRB,0
CUST_N6A3V7FF5F,0
CUST_RTSMX63HYW,0
CUST_ZRWEN3YW3Q,0
CUST_K1Z5LZ2YYW,0
CUST_D39M1VUZ38,0
CUST_NPPLVKWSS7,0
CUST_JLGG959GUH,0
CUST_AJTZCWRQKW,0
CUST_9GGVLCE3TV,0
CUST_OI6RGXCK9M,0
CUST_RG25UQWH5B,0
CUST_8KPCPNP7WY,0
CUST_3EHBSAZM05,0
CUST_YNVR4QD8RE,0
CUST_S8GG59BS57,0
CUST_BPBK0CFFIH,0
CUST_DSASA76AJI,0
CUST_B42F3QR4TT,0
CUST_SBWV3XQMBI,0
CUST_EH0P6OA8GH,0
CUST_651AK7RBIG,0
CUST_0N4Y0ND8XD,0
CUST_MB2FTIBN6J,0
CUST_6QSULGU80G,0
CUST_WKNWRMHAS0,0
CUST_U0KOMLLK35,0
CUST_0WEIJJU4XY,0
CUST_V0DC0C3LIW,0
CUST_WFRZG6TOBX,0
CUST_KMPNVYZOU5,0
CUST_T8AE58Y6NB,0
CUST_CQDC6CV4Z9,0
CUST_KLS129O8BC,0
CUST_B4WROGKMTA,0
CUST_NC7B3C4PLG,0
CUST_09GU40KD86,0
CUST_610HZBRUMG,0
CUST_4DVD531W93,0
CUST_ZUYZUUA4BQ,0
CUST_G5H0FPKDVM,0
CUST_HXS24IHOVV,0
CUST_J1I83J8QBK,0
CUST_QCODJ1E9D3,0
CUST_D2YKCUBDXL,0
CUST_LEPR9S3HJL,0
CUST_18VSNE1EDZ,0
CUST_EOQM06OEOD,0
CUST_IP3PT4AV76,0
CUST_49IL45GVQ7,0
CUST_2DY6513PG3,0
CUST_ZPFGOEGM40,0
CUST_2VF71ZBR9T,0
CUST_XHKINPHA0X,0
CUST_VSTCLAI73Z,0
CUST_R6064N0HZ4,0
CUST_B5XN42S98J,0
CUST_P6GDDYO9K9,0
CUST_L2QY6VPVWY,0
CUST_KQWB4UWRZQ,0
CUST_B9WODVX8VK,0
CUST_HCNDIVUJ2K,0
CUST_7VTV15A4WH,0
CUST_NOMGGAYLZJ,0
CUST_LHQ3S26HNA,0
CUST_GUCUCJN241,0
CUST_0NUZNYGH4Q,0
CUST_AHQVQAVPXV,0
CUST_ZQNCHS6KR7,0
CUST_NBBDO8RJS2,0
CUST_QDKWZR2TU0,0
CUST_68007MINVW,0
CUST_RS1RZGZ43L,0
CUST_2EKM1Y2HPZ,0
CUST_ITPFIM6OQ1,0
CUST_OW8KLVHM9U,0
CUST_4PGEDP8YYH,0
CUST_X1YSNFI5S8,0
CUST_5PU320RJB9,0
CUST_G6MARWV7ZN,0
CUST_YY8KS0Z2DD,0
CUST_68YY797GQJ,0
CUST_QX6W9UJVR0,0
CUST_VY1F196U2T,0
CUST_9ZX4HG6MTC,0
CUST_3X3YN9KWEF,0
CUST_QPERJK2T1E,0
CUST_80AD6P1FNO,0
CUST_9K2P4G72SL,0
CUST_URQP5VV7LQ,0
CUST_VJHAUQGFVT,0
CUST_RUSJD5URQ2,0
CUST_M9I67K830Q,0
CUST_GXN5SSOWVT,0
CUST_X550JZUFJG,0
CUST_L8TDGK0KO9,0
CUST_I9CRYUZQUS,0
CUST_WN77WAZKUI,0
CUST_8IUPJSBM1R,0
CUST_45AQ2FH5RQ,0
CUST_GOMUV4YDLR,0
CUST_EAEV4CCE0T,0
CUST_ZPUUZN027O,0
CUST_CQZA22FBP7,0
CUST_YF80NEAXL2,0
CUST_ZA4W115MLU,0
CUST_FV41HZBSOB,0
CUST_F21XKVFWLO,0
CUST_627CFWJK1N,0
CUST_39OY1WS4SL,0
CUST_ZICNSBXJI4,0
CUST_B6W79VY16U,0
CUST_JYFB6LC4EJ,0
CUST_3G5749HK5C,0
CUST_2EZMWSKCIC,0
CUST_P7VG9OJ6KN,0
CUST_TRUESOH1JU,0
CUST_39YRY5QN5A,0
CUST_8Y0ST3OCM6,0
CUST_HJDK97HOYZ,0
CUST_1B7BQJB4X9,0
CUST_4SCLNSK0MP,0
CUST_1L6FTX1QA2,0
CUST_VOLUWGEU5X,0
CUST_NKLWEJVK8Y,0
CUST_OEIWLKK5SR,0
CUST_2PMV4WAFE9,0
CUST_ITYXAR382I,0
CUST_XJMGQ59QFC,0
CUST_F39PTNGHPW,0
CUST_B2YO1QH7HH,0
CUST_E69HOAIUA5,0
CUST_WTG6HPA3EK,0
CUST_E5SH96IU1B,0
CUST_30BWOTX2OD,0
CUST_87LH7TYNSW,0
CUST_Q37UDNSUZE,0
CUST_KO7PXNAL4G,0
CUST_6G8SL75YMQ,0
CUST_MGH734GSBK,0
CUST_6N7U1WX33W,0
CUST_0LDZ6K55G7,0
CUST_H5TCP2NL7M,0
CUST_4ZSV0V8W0C,0
CUST_HXBZ4PBQ4W,0
CUST_EA784MPOL7,0
CUST_MOZULW1BE3,0
CUST_RV4XWBRBKQ,0
CUST_QMOGOA3EYM,0
CUST_YAHR7GWJUB,0
CUST_6VWIZVCDL7,0
CUST_Q0LMFIQDJC,0
CUST_3BMUN289IV,0
CUST_AWTSX00PKO,0
CUST_G5KGR644QQ,0
CUST_F3RRB9FQX0,0
CUST_A5DQ4DJGW0,0
CUST_4W9IXX08BQ,0
CUST_CTL1XYF9P8,0
CUST_H22WWDZ8R5,0
CUST_E15C992XFG,0
CUST_129MP8GITG,0
CUST_5U3U2HXU5K,0
CUST_YBFG6P4SZ6,0
CUST_BHS7ZZ7SDK,0
CUST_T4T7BOJQY0,0
CUST_2U1HSYB5S1,0
CUST_3454PM080Q,0
CUST_RLPGKYQCS1,0
CUST_LOWVWLS9R4,0
CUST_2KNTXE7U13,0
CUST_Y7HP3EIQE0,0
CUST_FKHM0U3SQM,0
CUST_GUOYLYRQUL,0
CUST_P9RPK0L2PL,0
CUST_ULPCV5Y4A8,0
CUST_D74FXJT8Q7,0
CUST_3YL0OA59RX,0
CUST_KFLSZ02W00,0
CUST_G8H0IUIUJY,0
CUST_TQ9S619CLT,0
CUST_KWOXUK0XE9,0
CUST_FDZ9P9AK85,0
CUST_YMJVB7YYGI,0
CUST_5Q393S98XD,0
CUST_UFQE37V564,0
CUST_EQ8SQD21MV,0
CUST_SOCS84156T,0
CUST_239QCJW2RU,0
CUST_3ZHEN6FAQ3,0
CUST_IT9U7JUASC,0
CUST_EMI7OWHU1Y,0
CUST_RWWKE7GBZU,0
CUST_XEH2W1K04C,0
CUST_6KB3UKDZNX,0
CUST_72HDB59LPM,0
CUST_S996RRJ3K2,0
CUST_WOC4IRT1BR,0
CUST_SULNGMG1XR,0
CUST_48B8DXLCRP,0
CUST_RFZQ7IECJY,0
CUST_RQHP7OU0MH,0
CUST_BSVN21HBC4,0
CUST_VCI7X88FJS,0
CUST_CJMEHFGGSU,0
CUST_96Z65UE1SO,0
CUST_O120BEXC2V,0
CUST_KMKOX3227F,0
CUST_E5BRNGR2C1,0
CUST_P1DBIDKO2U,0
CUST_HQL1Z3QKI0,0
CUST_ERSZKE7C4U,0
CUST_9RY7HKCZJR,0
CUST_QT3LHRVRHN,0
CUST_MZ8XH1YWL0,0
CUST_S5RNO9EXFX,0
CUST_OXL2ARWMGU,0
CUST_PTPYLDK1ZY,0
CUST_8HLSRPZCMA,0
CUST_TQGMGH5O8Z,0
CUST_KVVN316R35,0
CUST_6IRM19GSA4,0
CUST_9VLY6DXA1Q,0
CUST_8VZAZC3YEM,0
CUST_JBQ2GXKVJ1,0
CUST_TG4M937AL1,0
CUST_QHC0AUFX8J,0
CUST_YPMI1POHMG,0
CUST_IVTKPQHMBI,0
CUST_OI3QGPLR2R,0
CUST_OGWF7QIH9O,0
CUST_IW0FP5Y1FF,0
CUST_C2DG3IGLPX,0
CUST_UEW7QEXE02,0
CUST_OGCLKZOAA1,0
CUST_6D0Y0JZQJD,0
CUST_8D4M95O9GN,0
CUST_9UJ9SRMUVT,0
CUST_7X54HE1KSK,0
CUST_SJSTNY0UJJ,0
CUST_H7GNYB3DZK,0
CUST_8X1SR6C93S,0
CUST_2RUN315C1I,0
CUST_8P6FO8JX4C,0
CUST_VXT4BR8N4M,0
CUST_UA8RWEX989,0
CUST_SH1J7U74V9,0
CUST_3CEW59OB3Z,0
CUST_Q2JK6NIQHB,0
CUST_4F7AWY36N6,0
CUST_BXZADVJ8PG,0
CUST_CCM3ENOWXH,0
CUST_VCPBEE4MWD,0
CUST_E43PIJE1BN,0
CUST_ELRC94IQVT,0
CUST_0QKVNQAO6R,0
CUST_DACKSWQGXO,0
CUST_ESKVCBTFGA,0
CUST_3ZM0NZQH3X,0
CUST_5PE5I5W9AB,0
CUST_IHRN0U1W2U,0
CUST_WIHQI05KSL,0
CUST_K0TP06V1GJ,0
CUST_K84W36MZBV,0
CUST_P5W58I9EWU,0
CUST_D3CG0T8NVI,0
CUST_QSU2NYV45T,0
CUST_F7C3GBMT5U,0
CUST_FO6DM1TPWG,0
CUST_954FI7CV5T,0
CUST_W4YKHL6Q5P,0
CUST_PYKKT97P73,0
CUST_9IMBCPPM4F,0
CUST_BDXT6F3U0X,0
CUST_RDSJ69K5JH,0
CUST_RX2QKN9LYQ,0
CUST_TWDVQ8ZJYV,0
CUST_N7337XGFTT,0
CUST_S61RTKYCIW,0
CUST_OVT6JABCWM,0
CUST_1JAJQFHQSX,0
CUST_Y08NYBNLMD,0
CUST_NSTX03LZPY,0
CUST_VYRZG9MBV4,0
CUST_8UQG2KXVUR,0
CUST_WIQW05XS99,0
CUST_UY2FMMIGQM,0
CUST_0Y92G4ULA5,0
CUST_2AB8NFMLAK,0
CUST_CD2FCFAPUK,0
CUST_41JNS2GGRD,0
CUST_1UH64WA61D,0
CUST_TFAF1OM0RR,0
CUST_GNISKWHFNY,0
CUST_EK1U64HJL8,0
CUST_EKU1NJ7SUK,0
CUST_R0DH0Z0G11,0
CUST_E269YTQX01,0
CUST_H698J2J3HC,0
CUST_Z00AFWLIKU,0
CUST_Y679C083J2,0
CUST_IP7CWLJRSJ,0
CUST_CXOHQUSWOH,0
CUST_39L1MFIQU4,0
CUST_OOCU5I1JYQ,0
CUST_20DH5KEEU2,0
CUST_NGT1L8KDQJ,0
CUST_OXEXC55WXJ,0
CUST_K7W1YRVP56,0
CUST_DKOIVNLWFM,0
CUST_752GKOPHZX,0
CUST_XBI7QWWD3K,0
CUST_FFAJDXTHHO,0
CUST_E8SHOP7D13,0
CUST_U6OTMPBZY4,0
CUST_WV70I8ZKUK,0
CUST_PNS2P3RZNX,0
CUST_J2WG4BI2UQ,0
CUST_46FBXE4OA4,0
CUST_7IT4HP0AED,0
CUST_C716YP254S,0
CUST_TFV4T2ZLS5,0
CUST_AHRWRDEW5P,0
CUST_4NBR6FK0KO,0
CUST_RSWROJ4WJL,0
CUST_TVAIZB7XX6,0
CUST_QF9N5I1HK2,0
CUST_HE79NSCYPD,0
CUST_HT5F4H4394,0
CUST_W3XNL8AWNT,0
CUST_COYIRQQQXA,0
CUST_XF3RB86F40,0
CUST_00YPOM68JJ,0
CUST_2UQ8P49QC9,0
CUST_EOUQ28OB9O,0
CUST_20OGIKK9ZN,0
CUST_HVS2508PVW,0
CUST_WSB7CJSGV2,0
CUST_GSZJ0GFUKU,0
CUST_VF8QRUA9KH,0
CUST_LTMHQEW03Z,0
CUST_Q4PETYNQH4,0
CUST_5GLA7SP6T3,0
CUST_CPJQQS9115,0
CUST_UO4HHP1PQW,0
CUST_J7NU82HGQG,0
CUST_X6FNN9MVMD,0
CUST_YEZ90XTWSA,0
CUST_S8ALPECADN,0
CUST_3K60LFQIH4,0
CUST_3W4PKTO8PW,0
CUST_XSEK2K0ZFG,0
CUST_1TMOW7M5SH,0
CUST_YGTK1I73I7,0
CUST_QVDO8WYEPO,0
CUST_3PSSEGEVH2,0
CUST_LEEH1MRITT,0
CUST_98Q0Y9S59S,0
CUST_MJFDZCIQKQ,0
CUST_ERA36BN8LP,0
CUST_YF86CW2S44,0
CUST_16N0O0QC73,0
CUST_8WGPJ9XYVV,0
CUST_BPX3PGI8JI,0
CUST_XBIWFGYFFV,0
CUST_63AUFRFJ5A,0
CUST_67DSPBTMYT,0
CUST_L4COLISZ1N,0
CUST_SMAL9N33IF,0
CUST_U75BJZOAIW,0
CUST_ELTX26IY9L,0
CUST_MGDH1MKQ6B,0
CUST_EWMN56J4K5,0
CUST_0WIB6YWIYO,0
CUST_IHPNCL41K2,0
CUST_CPGHCAQ7RI,0
CUST_9ULYCLUNI4,0
CUST_L33WN9B4IQ,0
CUST_USXL9AAWXX,0
CUST_6X62GD84MZ,0
CUST_BGTUH4ALAK,0
CUST_U46WBF10FR,0
CUST_UGGLYQXLUO,0
CUST_R2RW9ZL46Q,0
CUST_7NGMVMUNDY,0
CUST_3S33VKYFX3,0
CUST_SS3O7ZDG5R,0
CUST_G0BEWFM0GL,0
CUST_DI109AXB1R,0
CUST_98LVHSK4LN,0
CUST_GSTSP0WO9F,0
CUST_Y79MZEVMQ7,0
CUST_5CD8WGHTUU,0
CUST_VFRNTFPH0T,0
CUST_9B17L2A1GD,0
CUST_KA2IMMJSQN,0
CUST_2L44NNODY1,0
CUST_KXCXHEV52Y,0
CUST_FUNX09YZ2N,0
CUST_9FFB5SVDJC,0
CUST_DCM364IXUL,0
CUST_7TZMUAVHWE,0
CUST_DH4GBM4938,0
CUST_YYQ2KGRWQJ,0
CUST_KUPT5CFW4L,0
CUST_ITMXVUPQXD,0
CUST_Z36K22BPJT,0
CUST_F1GEL13WGM,0
CUST_TJB3X6K8OI,0
CUST_0AO1OIDIES,0
CUST_LLS4C6KHIN,0
CUST_WQ3MZOK3NK,0
CUST_I70J08RIR6,0
CUST_Z5ZAODG5SF,0
CUST_TMHXR28TB7,0
CUST_EX7NQ53OEB,0
CUST_V6FZZLCHZI,0
CUST_6HV8LS3BZ0,0
CUST_IK0U5SB1BL,0
CUST_CV5SU1GZ1V,0
CUST_4N5MPF3O20,0
CUST_S0UZW4WW8Z,0
CUST_IY6WTZQNFI,0
CUST_1EIIW454XM,0
CUST_5EK7VSOD0V,0
CUST_XYULALKP2F,0
CUST_2K39JN4KJP,0
CUST_TB35S78BXA,0
CUST_0ZJ2LRU6U3,0
CUST_FZZD9FJ2H3,0
CUST_L5CWJQOR9H,0
CUST_HXRYVAA6IP,0
CUST_7KKYM8WXVZ,0
CUST_M31H5KX5SY,0
CUST_M5UOJIU8FV,0
CUST_3F57EPTOQB,0
CUST_25XJFX8BGX,0
CUST_7DO5M2L9WG,0
CUST_5LB9LL4Q7Z,0
CUST_FEB5QYDXKW,0
CUST_Y8XTHHQWDD,0
CUST_QKG0TCQXO4,0
CUST_MCEQCBW4K2,0
CUST_ZY3WPCP95T,0
CUST_POZIBWPVQT,0
CUST_IRPYGW2E75,0
CUST_Q5C7Z0BZT4,0
CUST_XSFD4MRZ4I,0
CUST_32BOZI125E,0
CUST_WYRO85BMA9,0
CUST_H9Y7V53XT4,0
CUST_AG1H3T48TW,0
CUST_NVTCCBNH77,0
CUST_LL46DZNYGH,0
CUST_A7OSBY3AT6,0
CUST_J0RH39DD29,0
CUST_TKWMXMNTM4,0
CUST_6RP3E57U3C,0
CUST_FL06OD5CNB,0
CUST_XZR0XGZUDF,0
CUST_1KTEOQV8WF,0
CUST_4T081V5A4J,0
CUST_M63V8UK0SA,0
CUST_USKT28PYUZ,0
CUST_QKH8OQVQD2,0
CUST_9OMO5B0X3X,0
CUST_J8MCGMJCJH,0
CUST_LWD18ZSHZY,0
CUST_TAOVNA03ID,0
CUST_MKQ0A1IHPP,0
CUST_6537XE1YNV,0
CUST_0FEUFENNXS,0
CUST_MX9QL1AEA7,0
CUST_X59Y7Z63PP,0
CUST_7NK3AABQG8,0
CUST_PIPI8MQ44U,0
CUST_SLPPAOKXVR,0
CUST_M1PHD8AKTS,0
CUST_QFI2XKTPOU,0
CUST_OKSLULTA9M,0
CUST_QUX60KMR1J,0
CUST_1U9W3NSYEF,0
CUST_MFTWIMQPDN,0
CUST_4RK9QD6UQM,0
CUST_MZXR0KS7CR,0
CUST_FQY5Q1VLK8,0
CUST_IELPTPL5FW,0
CUST_D24VKR4VN3,0
CUST_FCF4BYX9YH,0
CUST_09I9THRSVX,0
CUST_FRXZW5KYPR,0
CUST_VYRVUXUJTG,0
CUST_HLUKMLZP0G,0
CUST_OSDJY8X4AR,0
CUST_7EWEM5LE0O,0
CUST_F8V8TVJGEM,0
CUST_K524AZ32R5,0
CUST_5AQX9E515J,0
CUST_C5XB2HWNX2,0
CUST_F5ON234WJT,0
CUST_8EJSB5P5Z8,0
CUST_271A5YUQR8,0
CUST_90UWCPG2V4,0
CUST_J8MYWBFJCZ,0
CUST_GBDCYDCGRU,0
CUST_BJA2RELOH0,0
CUST_XVIU21NNY7,0
CUST_C6G7K0UFGR,0
CUST_PMTHLRO2S5,0
CUST_9A8CCUUQ49,0
CUST_EEZXJHQXM1,0
CUST_58GGFMG58E,0
CUST_K1GF212EX7,0
CUST_301JZNJAOX,0
CUST_1FHDYY7ZET,0
CUST_41E31BSGA3,0
CUST_S2ZVZQJQZ6,0
CUST_J45JXJ63ZK,0
CUST_7TBTALKATO,0
CUST_AJ5LW7TNCC,0
CUST_E0BMHB8IY2,0
CUST_6WRP0UI9LT,0
CUST_LIMO5MUL4K,0
CUST_WDSDA92Z8A,0
CUST_GE5R6TQG8S,0
CUST_8XT79N2M9I,0
CUST_UPW8WA95AO,0
CUST_GVE4PT8M8L,0
CUST_0IJG38HP0L,0
CUST_W32S9Q4ZD1,0
CUST_JQAX7M2QOX,0
CUST_HCNXHJYZMN,0
CUST_7MX9K2M4MZ,0
CUST_MDL65QV5A4,0
CUST_XFYBXCZJFM,0
CUST_E5XEGA1IGK,0
CUST_15YS7XAATN,0
CUST_HTJ1FXTX1H,0
CUST_RJNM0DV5FM,0
CUST_JD5AQDWR2E,0
CUST_IBH3T791YH,0
CUST_YDOHS4EGX1,0
CUST_OZZ1EB6A2Y,0
CUST_92PO3U45W0,0
CUST_G2H9LR6BCT,0
CUST_QHL3EBH0R8,0
CUST_28FIK2LC61,0
CUST_XEKXY64E3B,0
CUST_Q3XIS3LSQU,0
CUST_I1WA747Q8B,0
CUST_WPMKDQMMHF,0
CUST_WJJNO3X4A6,0
CUST_ARFHCMMV23,0
CUST_8JHVF0R11M,0
CUST_A590OPAPEO,0
CUST_CCNQCWS0PD,0
CUST_B75HWV0FHI,0
CUST_40WM45HXH8,0
CUST_3G5ENBY0SL,0
CUST_4BNEE9KO09,0
CUST_Z2NFKSTVA7,0
CUST_IKCQHHYAU4,0
CUST_KVZTEVXYJC,0
CUST_LTAF4Y9L7J,0
CUST_DSFNUR3HJL,0
CUST_PV8TC7G1M9,0
CUST_866Z62IKLK,0
CUST_MB1116BPGA,0
CUST_VDLEQI6PHL,0
CUST_HFF0JER7ZT,0
CUST_0173GRDNZY,0
CUST_XR80ASTJ71,0
CUST_4Q2LRWUEYX,0
CUST_P5ZKMEQ2QP,0
CUST_GQA75ZINTF,0
CUST_GVM2L01NJG,0
CUST_TZB6HJCPTP,0
CUST_RTF5BPYFRY,0
CUST_HKU981OQH0,0
CUST_ZDJEJBVWOV,0
CUST_EFDQEUI491,0
CUST_R3IOZ3USFE,0
CUST_XYZEEOODI2,0
CUST_F93HCDF82E,0
CUST_AD57XSWHWS,0
CUST_H4UNBJX9M4,0
CUST_YWE65RRGEQ,0
CUST_ZKZ5E4G6ST,0
CUST_52OSPMR0S5,0
CUST_C4ZKWEF01V,0
CUST_8ZQ29OA5B7,0
CUST_QST7U5Q2GP,0
CUST_DA6KTY86HC,0
CUST_ZNKTJJ8KOS,0
CUST_1VXFF9IMC9,0
CUST_3Z4RWBXDLX,0
CUST_DSIIP9GZI1,0
CUST_8YP27SUHUD,0
CUST_RNI5P642J5,0
CUST_9WT5X093L9,0
CUST_RULGU5AL1J,0
CUST_WQOMC6Z8CX,0
CUST_XX1JIWDFP4,0
CUST_Q4OLLD4SDS,0
CUST_15XUNPU2U1,0
CUST_463XD39ZO7,0
CUST_RLLXVWXGYP,0
CUST_3WLURGIIT9,0
CUST_KDTIHDYO9R,0
CUST_SHO3FWHMLU,0
CUST_JR6X3WVS5A,0
CUST_XYGD574NXP,0
CUST_899PNIS7CT,0
CUST_ZWL8NION35,0
CUST_LVRFXMK7B6,0
CUST_IQ35TYYWBC,0
CUST_8L7DE98JK5,0
CUST_YA5S3Z1L6X,0
CUST_V5CBT2DU8K,0
CUST_QLGFZNV3XA,0
CUST_1SZKDI0IL8,0
CUST_63B9XLCXR4,0
CUST_S3J5P2POI8,0
CUST_AMLOME1XTJ,0
CUST_WODWJ8QF49,0
CUST_CV7V1GNDHD,0
CUST_ASI6RGD1CO,0
CUST_1DLERM2T7X,0
CUST_VPUBY0VWS6,0
CUST_GEIM7NVTWP,0
CUST_XDP2457ML4,0
CUST_LFEYLLKYX8,0
CUST_DBIOO34OLJ,0
CUST_39RP5JCDWK,0
CUST_DDLL2VFCF2,0
CUST_YTK56SQ1W0,0
CUST_EONF37D4SB,0
CUST_05RIC5YABT,0
CUST_XC48OXII5Z,0
CUST_W2QPNC8IUR,0
CUST_ZJ2P2F6EF3,0
CUST_NP975TDGDY,0
CUST_8STJSDRHUJ,0
CUST_4ZON5QFRC2,0
CUST_3A2JRSN624,0
CUST_DB7Z0C5P5G,0
CUST_7WTE41ICYD,0
CUST_EGKON26SD3,0
CUST_PS500CCBC9,0
CUST_40ZW8YGW20,0
CUST_F6BXC7G6ZU,0
CUST_UUXIDDP02A,0
CUST_GMJ6CPG4E7,0
CUST_THSZYSTH5D,0
CUST_7DM4202RJK,0
CUST_O2SO2KY7WF,0
CUST_LY2HP67UGX,0
CUST_SSFHRAL8ZZ,0
CUST_MFVCEV0TKW,0
CUST_JO97OLO34R,0
CUST_WHTD99H3CZ,0
CUST_HO952CY4Z6,0
CUST_1Z4CYPI005,0
CUST_CVJN36BDMJ,0
CUST_28OWS1CHAK,0
CUST_9OXCKCRY44,0
CUST_G26T6FUDS8,0
CUST_BTUIW6QIPM,0
CUST_LAN14M2Z6G,0
CUST_3G7SLRILIY,0
CUST_LCMFGVIMTK,0
CUST_5P2MF057EN,0
CUST_1ZWNRASZX5,0
CUST_NTHRNKVM8Z,0
CUST_D69C11T48V,0
CUST_K9OD30A0UV,0
CUST_3ISH95I43V,0
CUST_6FF3733PB4,0
CUST_XCOIP6ZXVC,0
CUST_PT9ZGUZEH4,0
CUST_PK4NHAMRQQ,0
CUST_JU8OXWHRNA,0
CUST_HQ5EJH9QJR,0
CUST_XEJQGLGPQI,0
CUST_FYOK4JJYJI,0
CUST_APQDCHCRRQ,0
CUST_78NHII3ERV,0
CUST_R83YARHA6V,0
CUST_4T6XJSQL4G,0
CUST_XKHGL0ULIS,0
CUST_HBIS15ZI9K,0
CUST_PB8BPQLTB1,0
CUST_WO3086X10L,0
CUST_H09Y4VKK9K,0
CUST_81PIAFFC6A,0
CUST_AEFD6FJQTE,0
CUST_X7X1A5SL7B,0
CUST_VKU6G64J8P,0
CUST_Q26TI9FM07,0
CUST_MHP9NYJTIK,0
CUST_8G6R08YP34,0
CUST_8TOXHHYYMK,0
CUST_C4VMMUKQ6S,0
CUST_66SVB8E98H,0
CUST_4Y5BHZJKQI,0
CUST_CLVTAUPX50,0
CUST_ENZX2XX6WS,0
CUST_7NL9WUXG95,0
CUST_L6POA4HVGZ,0
CUST_HD3VVUBCHZ,0
CUST_VIIZQECTN0,0
CUST_UO5L0T1GWR,0
CUST_DZ33FZXUC7,0
CUST_I2AXVUJX3U,0
CUST_RTNGIARFBE,0
CUST_YS2LBQTDVX,0
CUST_UCMCR47379,0
CUST_QL64Q7WTKT,0
CUST_P1NSXR039N,0
CUST_TCYX45GYS3,0
CUST_1IPEVFV0MN,0
CUST_DOS8LB8VPR,0
CUST_7D63X9YGOZ,0
CUST_9VEKHV89NP,0
CUST_SQ26552FP0,0
CUST_QIMWE7OKZ1,0
CUST_8D66O19FY8,0
CUST_EHYKYMVDBQ,0
CUST_9S0LKRMSZY,0
CUST_UTHG106A62,0
CUST_B5WFH3V4AT,0
CUST_T7UD0OHKLN,0
CUST_KP9RB1NNE7,0
CUST_TTZYT5ITQW,0
CUST_02LLB013HN,0
CUST_YJPWE4EPKA,0
CUST_R4CD106VPX,0
CUST_GIGT2ZIUKX,0
CUST_0T7HI49CTR,0
CUST_A4ZMLYBOPD,0
CUST_D5E2Q2DR8L,0
CUST_64L03LJDHI,0
CUST_M9A7WKZ36D,0
CUST_C5K78ICN6A,0
CUST_A6A8ETM2EW,0
CUST_2KZF7P4X1A,0
CUST_3JVUZTD2CK,0
CUST_GID57WNRYC,0
CUST_B46MVPX6GT,0
CUST_WCYMP0R4HC,0
CUST_MMPWQZ68ZV,0
CUST_0FG2BF8ZXD,0
CUST_UACFFC4FUN,0
CUST_G0YOZ5S3RI,0
CUST_NA0L18OP2C,0
CUST_HVI6EV0WUD,0
CUST_PPX11CVV56,0
CUST_6QBRR8WX7E,0
CUST_NCALESVQW3,0
CUST_Z15GQ89RE1,0
CUST_EST2SBEGD7,0
CUST_78IM4PVP9A,0
CUST_8001XAMNXL,0
CUST_QZ9Y2HPMCS,0
CUST_GNNZJNSIZ8,0
CUST_SDKJ5NCSW0,0
CUST_M26T6ZQWHW,0
CUST_DY0ZCO31EU,0
CUST_KDNLDP2OAT,0
CUST_7KMHUNEAPV,0
CUST_99RXC0OE8J,0
CUST_W4HRW8W3DO,0
CUST_KT6PYXJ4QW,0
CUST_KMEE9W161O,0
CUST_NVCUPMWRIE,0
CUST_1JWAX4FR2J,0
CUST_FM4T60V2F3,0
CUST_4PCRG16OKK,0
CUST_NTP2GAJVYZ,0
CUST_QUQS0V4BMC,0
CUST_YBN2SNQTYQ,0
CUST_MD44Q9HIIO,0
CUST_HEX9BU5M5X,0
CUST_BLFOZ4VK1Z,0
CUST_E0UTRWIK2T,0
CUST_YHPLVLPJUI,0
CUST_6BCP2SMK9F,0
CUST_M4LNARYR3B,0
CUST_4SBDDY3M5V,0
CUST_GG1XL7FC29,0
CUST_JRIB7K6CA6,0
CUST_XK5VFBNVID,0
CUST_6TCVORCXIE,0
CUST_0PHTR1X457,0
CUST_QRRF28HYNP,0
CUST_1JOQHLOPPR,0
CUST_35OEEGUZYD,0
CUST_L8GPBIM5IX,0
CUST_OEE8H6V58A,0
CUST_7ZL3MO1RHT,0
CUST_NTP2009UK7,0
CUST_OIAX6OHI9T,0
CUST_7CQUL1658W,0
CUST_33NPLVJ8MF,0
CUST_YRT1FFNDOR,0
CUST_FPVSO2D232,0
CUST_DKN9S52VUK,0
CUST_N52INZ7E39,0
CUST_RP1LDVSLAH,0
CUST_D9C4SQIB1Q,0
CUST_SHT2C63R25,0
CUST_XNS8MV7W01,0
CUST_12LKTR0LZA,0
CUST_7I4H53E2M2,0
CUST_YU697K8989,0
CUST_6PJO6XP673,0
CUST_FO29GML99H,0
CUST_94DBY9D6P7,0
CUST_HGH1PSVR19,0
CUST_S6EU5RMHSJ,0
CUST_2LUWKBPA07,0
CUST_5TD0WT68GF,0
CUST_CLF8YTX2P5,0
CUST_DB9VIT7K18,0
CUST_JT69IRCG3L,0
CUST_QHCY5L89Y5,0
CUST_MRUNMVZMMX,0
CUST_TSXWRTIKAP,0
CUST_E7J5UVVGER,0
CUST_QSUCVNW3R8,0
CUST_PDNAMRNEMF,0
CUST_1DSFIKB0A3,0
CUST_PX3EG0CNCT,0
CUST_WBGV66U9VT,0
CUST_CWH9Y3U8QM,0
CUST_0VKJW5O4B2,0
CUST_A281LU1LY4,0
CUST_3SUFHIMIHQ,0
CUST_LRZEHVEDSC,0
CUST_ZCR37AH2N8,0
CUST_GH59WIW6FB,0
CUST_4Z7GYYGJB6,0
CUST_QD8WQRDNN6,0
CUST_Y7EYVC0714,0
CUST_LH21LAJXKX,0
CUST_39GH8NMGFC,0
CUST_TMRL6MZ3BD,0
CUST_SMUTHFQLAJ,0
CUST_O385HWKGC8,0
CUST_ICFCNQKT3X,0
CUST_LAHHYR0ENM,0
CUST_60F14UQQAW,0
CUST_YM6H7UWPYZ,0
CUST_Z5JGK3PI44,0
CUST_Y2O8ER1XPI,0
CUST_BBQWUROOJI,0
CUST_BEDULAMWSH,0
CUST_DR3J4CFNSU,0
CUST_01Y8OJKGPL,0
CUST_36IDOHT8R0,0
CUST_1VQXZONHJY,0
CUST_L82W7OC0AS,0
CUST_JGG8TVSQNI,0
CUST_9TQO87Y1DK,0
CUST_IM76DPNTDG,0
CUST_RTD5OK9WSY,0
CUST_72G0KJRP7W,0
CUST_65GZ9N4CK6,0
CUST_F3CAGVNJ52,0
CUST_5D0FOMLENC,0
CUST_VLU0RCNLTI,0
CUST_PNSD8I35WE,0
CUST_N9BMUXHJ0T,0
CUST_DMICXJC9YZ,0
CUST_21E0BSSCQ9,0
CUST_5WNDW8IW5W,0
CUST_OIIRPNOPWQ,0
CUST_WDEVZQP72I,0
CUST_XDCFVOBJE1,0
CUST_AKA9DCF18L,0
CUST_DANCSI6WAS,0
CUST_WBC0XJ8ZVF,0
CUST_FSLJ0H3H3N,0
CUST_RGDIH7KH2G,0
CUST_A1G1LIWEN9,0
CUST_1TICX5HU5O,0
CUST_X93RHD2HR7,0
CUST_UNMLVCLIFI,0
CUST_J27NJY150U,0
CUST_WPZ52QOQR3,0
CUST_BDUC4XCKCP,0
CUST_S2UZ4LAKD5,0
CUST_QQQDR47U45,0
CUST_58JZGGUZNY,0
CUST_53OWNIABZ7,0
CUST_4QIMYUJ7F7,0
CUST_N85MVYX8KZ,0
CUST_BUAFP0DDX1,0
CUST_0ESB8U0Y1G,0
CUST_IMN6QN1MHN,0
CUST_CMZYEPYO4A,0
CUST_J4FHVWYL3Q,0
CUST_3614KFNDTN,0
CUST_SF7U35SFV5,0
CUST_VG7JNJR3SW,0
CUST_A5PZ0KCSH0,0
CUST_Q822LFXBWZ,0
CUST_PRBELWB8T7,0
CUST_HBD06RUGRK,0
CUST_403WFCFONX,0
CUST_5IXLF63AF1,0
CUST_QJBJ9OBM8E,0
CUST_PAK210MXPT,0
CUST_2107QEG05U,0
CUST_OLNZANIKQ1,0
CUST_97HQSZ080J,0
CUST_N0ZO9Y022G,0
CUST_LYQRJUCOQC,0
CUST_ELXH4H9ZQI,0
CUST_MTCGVIO5X6,0
CUST_BKPC2ISRYT,0
CUST_TNBVSZKVAX,0
CUST_6YR8LHM6ZE,0
CUST_3CZR0ZYVZ1,0
CUST_I6A0VCYJDP,0
CUST_ZNMVYIDSI7,0
CUST_YS5AM9K2OB,0
CUST_8UCLZ1REIU,0
CUST_ECUGPN9B7N,0
CUST_LP4YCMA4DN,0
CUST_LLP5JHH2S7,0
CUST_YWMI3UNDQE,0
CUST_UI8Q6VCRMH,0
CUST_UN3F4DEZPP,0
CUST_XCW5I3BV6A,0
CUST_7LSG8ES934,0
CUST_5F3IUULFF9,0
CUST_1B4B5GI65I,0
CUST_Y3LGN2LTU7,0
CUST_V33F8O9QEW,0
CUST_0CS31BL0MJ,0
CUST_LHKQYNAVXO,0
CUST_FT0EXFKVQ5,0
CUST_91AKWGKN9V,0
CUST_ZYSDTZMAKR,0
CUST_K1QRRSYG09,0
CUST_ZY3GNIYMA8,0
CUST_SE1XIJ7VDW,0
CUST_FLV2SZXS8O,0
CUST_HD4F7QK5HN,0
CUST_VVUNQD64C8,0
CUST_3FEM877NDG,0
CUST_70467OY3K9,0
CUST_FPGVTF8JQM,0
CUST_OALHY8FEIO,0
CUST_MGEN1GACD5,0
CUST_DGIYZI9MDS,0
CUST_F8EOIRR0QK,0
CUST_OQGTWBAUJK,0
CUST_QPDPPTWMR3,0
CUST_MEG08B92MH,0
CUST_3RCAYAIS8Q,0
CUST_UNP5YM2XGC,0
CUST_VITQ81IR2V,0
CUST_I9TX2H4SKW,0
CUST_VE696XV0Y8,0
CUST_M7Y9I5JCER,0
CUST_N0RE8FROW8,0
CUST_CHTW5SNCCR,0
CUST_AP1LPKP5UR,0
CUST_Q08URO6WY1,0
CUST_5V4G974E98,0
CUST_M76EPUUDJE,0
CUST_41250O2CH1,0
CUST_LGMOGPVKEI,0
CUST_374N7RKSXM,0
CUST_PRBTBWXTFH,0
CUST_EWV1H50R7D,0
CUST_NJO6FL7GLU,0
CUST_1QLPPYR17I,0
CUST_H6NU7RKODF,0
CUST_EZ73ETJITU,0
CUST_7LGYAPDSEV,0
CUST_0RH4077BFV,0
CUST_9ZY60JF0HO,0
CUST_6ZANKKRJWN,0
CUST_R0S55GEDEE,0
CUST_WN6ZMV04R2,0
CUST_RPR7W3ROPN,0
CUST_PCVRQY65U7,0
CUST_C4PPTU5SSS,0
CUST_WNS9A8LQCO,0
CUST_9V0MKUXLJ9,0
CUST_CELOR7RKJJ,0
CUST_9Y09K4Q2PY,0
CUST_ERYD6O1H57,0
CUST_SESWFGX8NL,0
CUST_6KT3JJ11HL,0
CUST_K9AVHP4A9I,0
CUST_D0E4RB1LYL,0
CUST_KXX30O5N0Q,0
CUST_IXX62MBXFK,0
CUST_SBU1IDLA75,0
CUST_D12UDMXNQ2,0
CUST_LHTRA8QS4G,0
CUST_MK1EIICB6B,0
CUST_KCJEBQ5L6J,0
CUST_60LGG7E0UX,0
CUST_VNSI55XD8W,0
CUST_Z53K8VYOW7,0
CUST_PHJKN8HEZS,0
CUST_A6I7FFOQPP,0
CUST_U7LO4CSAD4,0
CUST_Z7K75G9T4M,0
CUST_1R9TBKGAVC,0
CUST_0RQQNP69P4,0
CUST_E142A53DSI,0
CUST_M8F502INZK,0
CUST_75WQPH2CE0,0
CUST_34RKUF8TZX,0
CUST_ZZMG2YWTW1,0
CUST_1C2MV0JUBV,0
CUST_H34FV5OBO2,0
CUST_WWAIFB92JJ,0
CUST_6I8CA8JK48,0
CUST_XH8A023IA6,0
CUST_0MRCEL3K9A,0
CUST_7OYXG00JQ8,0
CUST_F0HNL9LT0P,0
CUST_JBW4UVORAI,0
CUST_VOBWQY23ML,0
CUST_XYUGL2NWXB,0
CUST_4MJKFR0CAH,0
CUST_M8IX6BB4PR,0
CUST_0X61QRVPC1,0
CUST_TWOX06FLL4,0
CUST_4ZFNUHEAWU,0
CUST_30UL5RVNSK,0
CUST_K4PEQI9RM0,0
CUST_R3JPR8RS0Z,0
CUST_WQT03X9UC1,0
CUST_YLLENFTQV4,0
CUST_09NY1BGZ9Q,0
CUST_8PQWYE5SUU,0
CUST_83490YDLRO,0
CUST_236J7OGCQ7,0
CUST_VZ2VUT6LHK,0
CUST_B7PX3HOUU5,0
CUST_IXLPBLPI13,0
CUST_MJ2HZ1MIMI,0
CUST_Q7HSSVLQRK,0
CUST_EKNZ5UXMVN,0
CUST_PICC3PCL3I,0
CUST_76XCP55NYB,0
CUST_GEU2FQC1TR,0
CUST_DFSZIJNQIX,0
CUST_EZJC4N8041,0
CUST_QK0FV67DM1,0
CUST_8MU0C3HKBI,0
CUST_2SXBLJZLDX,0
CUST_FA3XNSK9XC,0
CUST_0P2KTFNXYN,0
CUST_TR0GAC5OJI,0
CUST_2ZZ3VP8P49,0
CUST_WCWXATTNRE,0
CUST_ZVNATRZUAB,0
CUST_JD83GKEX9E,0
CUST_1CO0Z96SER,0
CUST_KRTMX1WZDN,0
CUST_RX5O6AROJL,0
CUST_76QSF34T5R,0
CUST_QQN862H21C,0
CUST_P6TTCMPJKT,0
CUST_ZAOTKKUNZ8,0
CUST_8MA1APD3VE,0
CUST_68T58XGUBQ,0
CUST_LZH1XU6XWY,0
CUST_2N5DD6VE2V,0
CUST_D14YW8S6LV,0
CUST_H6CESCES80,0
CUST_G4VOXPO8T3,0
CUST_4UQQHMCD6F,0
CUST_EVUPPOLA7X,0
CUST_3K2VKJQMVZ,0
CUST_DK3JK5UHJL,0
CUST_TA55FBS1PF,0
CUST_2MADJHJIQM,0
CUST_CVIBT0SY74,0
CUST_DR71E5HPX9,0
CUST_PNXEPVMYPI,0
CUST_ETWTLRZZCT,0
CUST_B7CB8O7PWL,0
CUST_6Q8QWPA9JJ,0
CUST_LT6K8IOJHI,0
CUST_T8VBLG0UKA,0
CUST_WJ1MMTC3VT,0
CUST_P8HMZ79WT4,0
CUST_7UJN5Y3RXH,0
CUST_KTDQJGGNCT,0
CUST_GRGOOAQUEL,0
CUST_2HJHJ0NHPP,0
CUST_QC2NNI3C0X,0
CUST_AJCM8MLTX9,0
CUST_B2HSVWYRAO,0
CUST_LZ6EFGFYCX,0
CUST_XL3IFK4V2B,0
CUST_EGWM778MQ4,0
CUST_E3RQCXMPNW,0
CUST_5QMNNKP9YY,0
CUST_DQ7I8I3ABH,0
CUST_8PW5XH68U0,0
CUST_9KB0S23EB1,0
CUST_D5FK05GI0Q,0
CUST_Q6C99XB6MV,0
CUST_RKZNG8GL7I,0
CUST_UYV50X4EY6,0
CUST_VBJ3E2C4N0,0
CUST_7CYR3TIAOK,0
CUST_PRRCV3GYTM,0
CUST_2OY8HAK6RZ,0
CUST_KFI2DSZMWP,0
CUST_71FYSP4EWR,0
CUST_921H8FSYCS,0
CUST_K928RQ81HG,0
CUST_75ZTCRT6JO,0
CUST_JFU2TMV9QE,0
CUST_36BK33QBZH,0
CUST_T8UMBSEKAR,0
CUST_30K6GN568J,0
CUST_VEKCW81MN6,0
CUST_H2VG554IGT,0
CUST_7RFUW094GM,0
CUST_ZPQCYPJSVP,0
CUST_CSHWQBOS5F,0
CUST_7L1NRFC44C,0
CUST_WU33KBSAZ0,0
CUST_U2GWKFAF0Q,0
CUST_EL55R0EMOD,0
CUST_ILPSDG8II3,0
CUST_L9D57AODQM,0
CUST_J4ANN9YLY5,0
CUST_WV6JDIFAQ6,0
CUST_1GRAIMBDZE,0
CUST_B1L6EGZRWV,0
CUST_T24PA19J8V,0
CUST_GP7LKW7Z7C,0
CUST_1U0NEJXMNU,0
CUST_FPL6EXWOXS,0
CUST_G96940ZJQ6,0
CUST_1RFXYT00KL,0
CUST_XZ3UE1KBZO,0
CUST_Z9Q6I2RM4O,0
CUST_K4W6P6OBQI,0
CUST_D7PODZOYLI,0
CUST_NK186JVLF3,0
CUST_9CCKTKL9GL,0
CUST_ELM0BZVVC4,0
CUST_J7L97J70YZ,0
CUST_NW282NNHXN,0
CUST_H3VJZZ86EQ,0
CUST_BHY0EBN7HC,0
CUST_RSF2VBP7U3,0
CUST_J3PPYUFZW2,0
CUST_DLXULX55S0,0
CUST_4PCT5YNWKZ,0
CUST_7MR20AN1KI,0
CUST_UAQGAKNAL8,0
CUST_H3U6D76H6R,0
CUST_TV7MC6OEFC,0
CUST_SHBI211CMC,0
CUST_M5FSJOL3EQ,0
CUST_DJRY7FIN6I,0
CUST_BQVAV88LSN,0
CUST_Y9H8Z6C77L,0
CUST_IH34B5A82D,0
CUST_2RV1MH4T0Y,0
CUST_DAK4NKI0TG,0
CUST_A7U4AAVAHM,0
CUST_0421OLV3BR,0
CUST_6JRTUGCGNN,0
CUST_02OQ1UIBOY,0
CUST_G66PXN7O5L,0
CUST_CLD0BX3NCO,0
CUST_L45WHGFUWI,0
CUST_BK7QIMZBSY,0
CUST_FC4TJDTRSK,0
CUST_N31NZDRCXG,0
CUST_S4E8NA9IHS,0
CUST_WGLIJQJN64,0
CUST_QEVLSLNQGH,0
CUST_Y99HGTKS27,0
CUST_9CRNN26PJ7,0
CUST_8B178ZFUWK,0
CUST_EMXQ077R7L,0
CUST_AU2IZ9PH1X,0
CUST_9LV6RGY6T8,0
CUST_O6EIXOBJF9,0
CUST_YLCXOS9UDW,0
CUST_N5VVO0RB0R,0
CUST_L8CK338B4B,0
CUST_OY5SF61A8D,0
CUST_QYWX3D9D6N,0
CUST_2B49JQPAVL,0
CUST_2DFMU1GO1W,0
CUST_VPPT2LSX1W,0
CUST_9Y4Y80N1UR,0
CUST_BRWQUTUW24,0
CUST_KJ4OBCSRQ4,0
CUST_C7ZW9VPEJR,0
CUST_DAGU2AJDI8,0
CUST_M4PO598T9E,0
CUST_S07PZHCU70,0
CUST_FAJFPFSZI7,0
CUST_66K3XZ1XRB,0
CUST_L6I0EKT09J,0
CUST_FG9XQ7DW7V,0
CUST_E39GYVV905,0
CUST_MG72NJT1CT,0
CUST_G6W4CQGQEG,0
CUST_M5PF8R4SNR,0
CUST_HMEWBGY15W,0
CUST_A8RZU2P24W,0
CUST_U0DIZZ0P5Y,0
CUST_UNOJTCSLB7,0
CUST_M9X399VVXS,0
CUST_7G2Y322AJM,0
CUST_Y93ZSTLKIG,0
CUST_PKU82H9VEA,0
CUST_USILAPXZHA,0
CUST_VHSB9WFYQH,0
CUST_EP1CLDJNCD,0
CUST_CVO5JNT7S1,0
CUST_SX1TDL2ZWK,0
CUST_ZBO5DQ8LYX,0
CUST_YL8LNKMNWM,0
CUST_9ICQNLXZMV,0
CUST_6IK6IHG06Y,0
CUST_BP7UMLKBZW,0
CUST_NST8AKUUTP,0
CUST_7RFYDH9GNK,0
CUST_FOJKRG2H62,0
CUST_ZOVDY5BX37,0
CUST_26FN1RQF8I,0
CUST_DYG3J2Y0UD,0
CUST_EYMNC7DHTC,0
CUST_YTJKSWJ651,0
CUST_X9ZNE0D7PV,0
CUST_QTQ6HEMX3F,0
CUST_LYDY2Z2ULF,0
CUST_2EKCMMCK9A,0
CUST_72AEPRGBF4,0
CUST_2ZE1X769J2,0
CUST_QT2GW4VKHU,0
CUST_LWEA2XRKNN,0
CUST_BKX31JUWUG,0
CUST_WMBN1NAW91,0
CUST_ISMKY2DFW1,0
CUST_VBJT7AUHH7,0
CUST_HZK3QHLDLF,0
CUST_L1NR16YFEQ,0
CUST_Q5789EJ2AF,0
CUST_KL99YDXG6Y,0
CUST_FYRXXFI9D8,0
CUST_2BR93WE6KF,0
CUST_U38MJV0698,0
CUST_FQFGGZVTFG,0
CUST_083Y4EWZBH,0
CUST_6JVIAC2CJ1,0
CUST_IIW0UXHLI6,0
CUST_XJYFVDP0GX,0
CUST_LMOW7VPGK7,0
CUST_T5RD46DNF4,0
CUST_KJDESKGXJH,0
CUST_WOXQL6F56E,0
CUST_IT2RDFJSE6,0
CUST_ZNHOSYJTL6,0
CUST_JK5FHKG95G,0
CUST_D2JUKC7BG8,0
CUST_CR46JRBPA6,0
CUST_EBJEC26B42,0
CUST_IFAMXA3Y0T,0
CUST_HS4UX6YQ0G,0
CUST_ZK5NBP809H,0
CUST_VWDW317E4R,0
CUST_XLKULEXWTQ,0
CUST_SM0MJGWEZE,0
CUST_LADH1AAABB,0
CUST_E33L72V1LM,0
CUST_Y6OYYBYF1D,0
CUST_3S7CWWOBGT,0
CUST_LZGDGZOUK8,0
CUST_58O5D5UFJW,0
CUST_TCWN1BB2FX,0
CUST_BUVOG8QQ89,0
CUST_VUZJ9SLPYS,0
CUST_YBX683BZVB,0
CUST_RMVHJA29SM,0
CUST_QKL9IA8DU0,0
CUST_S7D7Q6T9AT,0
CUST_E13405T5RB,0
CUST_W6MMCE2YS9,0
CUST_6P0TARCSHW,0
CUST_SZOCVN6J6F,0
CUST_6GQ5DEMH2Y,0
CUST_3NS4SM6D0G,0
CUST_ZFBBA8QYGF,0
CUST_HQVC4YA1DU,0
CUST_79GOIYMTV4,0
CUST_8YWE4S8QSQ,0
CUST_XTADA2PE8N,0
CUST_RVOY4K8SKG,0
CUST_AR11PQNRL0,0
CUST_Y8I755QT24,0
CUST_SL2E1BCZ2D,0
CUST_TA5VOMPUPN,0
CUST_KKKYEUK2BT,0
CUST_H850CZS74W,0
CUST_HGQ418G9WP,0
CUST_AR0R6T9LZX,0
CUST_8QHL82CA6Q,0
CUST_1P1FZ24AWT,0
CUST_R0AV847KC8,0
CUST_TI3FZEHO3Z,0
CUST_45I2RUSA47,0
CUST_6XWB84Q4JB,0
CUST_JTM7102Q9T,0
CUST_0YWK1HLZVN,0
CUST_U1THUPIN0X,0
CUST_NNHOE4FOIC,0
CUST_VQ0QYWAYA5,0
CUST_T9251GNZ5E,0
CUST_Z8KH5Y4KM7,0
CUST_BUP56HVOIG,0
CUST_FFSDVCPEY2,0
CUST_WR3V3QAZKW,0
CUST_OA7LZ52OUZ,0
CUST_VCTH59GK3H,0
CUST_Y73EZOIBUK,0
CUST_VI7U7F8W15,0
CUST_WBCQLWP8Y2,0
CUST_GGTNI0CBUL,0
CUST_UOKS359HHU,0
CUST_1VO19HHH5R,0
CUST_34HBC2LPZL,0
CUST_4P0FOT2F30,0
CUST_DJVE39GLOI,0
CUST_4I6F1KA7XO,0
CUST_1FPJL89IG6,0
CUST_BR8U7JG45A,0
CUST_QA1N7PCQSW,0
CUST_4BI1PWNETF,0
CUST_R1EVPTEJMF,0
CUST_DMFTOYV74M,0
CUST_G4KCW4YROL,0
CUST_A0VPJBTDZZ,0
CUST_PMCAJKJNUY,0
CUST_7UF58Q9D9R,0
CUST_BTSLXX9XID,0
CUST_78U861AUZW,0
CUST_2D40EALRNI,0
CUST_QMCE5X5ND1,0
CUST_AIKJWG9CDW,0
CUST_FVDV27UN7Q,0
CUST_31ZD7NPGDE,0
CUST_DN77TZAVJP,0
CUST_OAXWQMXPAJ,0
CUST_K7HKHQ3VCZ,0
CUST_PVZYRCJF9P,0
CUST_8XH3N73179,0
CUST_TIINSZGWAW,0
CUST_7IPA4BE8TG,0
CUST_MJ96O4YKDS,0
CUST_QB930HYR98,0
CUST_YE5I5AEP2K,0
CUST_TWQ84W6DRJ,0
CUST_4KUYEW99L2,0
CUST_RJ1UGG9YYM,0
CUST_7OJ7ACEY5F,0
CUST_SHOXWK4B94,0
CUST_WDT7O9ZR4Q,0
CUST_3FH15UYQ5Y,0
CUST_XTNHSNJQ6X,0
CUST_0RV5Y527YA,0
CUST_HSKBFC7BW7,0
CUST_WAT2LRYJQ3,0
CUST_YHYKF5EQMB,0
CUST_NKFHMPL2B1,0
CUST_NAZZKGGSLJ,0
CUST_104C7Q3DAJ,0
CUST_M33W3B4SKI,0
CUST_2HZWQ3ZXCE,0
CUST_NPQ1DCGCT1,0
CUST_1H28Y0TS6O,0
CUST_WCHYWGIT6Z,0
CUST_SLI04BP593,0
CUST_3SRH7P4YPG,0
CUST_PMZJL4STXM,0
CUST_C89QXZQ2WP,0
CUST_I28PN9EXYP,0
CUST_FF729WIACX,0
CUST_068YBOJ6BC,0
CUST_4YD5J9SKC5,0
CUST_XLH7HGOF1B,0
CUST_ME4BRTVOIK,0
CUST_9DJ1N4DEWW,0
CUST_BH3WDMYU9O,0
CUST_ABHWN3DSDJ,0
CUST_3MUW5NKME5,0
CUST_P1CO92FQVS,0
CUST_OGE377IJQI,0
CUST_GNU0GXGJPL,0
CUST_85ZV3HPWZR,0
CUST_NJE7X1SQK4,0
CUST_NT5PEI8KPP,0
CUST_BVYTQA36DP,0
CUST_XUTMEKX5E4,0
CUST_MMDKUH82Z2,0
CUST_VM2UT8JCEQ,0
CUST_U7DLCNMZ3P,0
CUST_LVP8XFXHF2,0
CUST_MSJTXJOZQP,0
CUST_XV9QJMR6GE,0
CUST_UA2UQJTK2B,0
CUST_93OMVPJS3D,0
CUST_5CLSPZTFX0,0
CUST_PGN0T8GAFM,0
CUST_GE877P6VM8,0
CUST_627AKB44Y9,0
CUST_C1SFJKO1PX,0
CUST_FUBOD1I49Y,0
CUST_VMOWHNACKN,0
CUST_EIFL4SUAKY,0
CUST_SKNBERY7LM,0
CUST_2ZQB5G2EEN,0
CUST_NXL9C9DV26,0
CUST_VMOU6X4M2N,0
CUST_N0N3F0MCFR,0
CUST_85GQKPTMAG,0
CUST_FAYDE7IS9W,0
CUST_1DUOC9Z7SB,0
CUST_BNILBG7EN7,0
CUST_MQHPK4MFDG,0
CUST_0W9EONLMO6,0
CUST_RQGAACWB2E,0
CUST_RV52W4SISU,0
CUST_FOA5KCZHQZ,0
CUST_QJHB0FVE5Z,0
CUST_X7Y8UFMSQ0,0
CUST_NC72GVU6PA,0
CUST_R6U4UKDLLY,0
CUST_ITNDC0Q9C6,0
CUST_G45HSUUSRY,0
CUST_NI61AKDFFM,0
CUST_RI85FYI1M0,0
CUST_F0877PB2SQ,0
CUST_1QGEU7GZPK,0
CUST_0YE8SIQB6Y,0
CUST_5NKHTRHFIZ,0
CUST_QKMSYGBMJR,0
CUST_HT2PHSQC73,0
CUST_HXDSA5MA2M,0
CUST_NJOZMA04RA,0
CUST_CB1BXK9QDV,0
CUST_9TXBFHHQK5,0
CUST_E66I35WWOO,0
CUST_HNX8OUHBCD,0
CUST_NFPA7VTO6C,0
CUST_7HRTOHWHS4,0
CUST_SAEDILYBVY,0
CUST_72ID6GD7OJ,0
CUST_4LEZ69OJBL,0
CUST_3O7T3HK4Z8,0
CUST_ZTPLW4MZZB,0
CUST_HYZVR06IZ7,0
CUST_86HIA24RUK,0
CUST_GJJPW11FTG,0
CUST_K5EX453YJX,0
CUST_W9XWM2WF2L,0
CUST_Y8YDUGMUCA,0
CUST_H14SJX59NU,0
CUST_0WTD2XGZOM,0
CUST_FAKPBED8CY,0
CUST_XZKTI75YH2,0
CUST_C9CAAQ33FO,0
CUST_02W6FZ995Q,0
CUST_MX8W5NQEI9,0
CUST_MO3EXNMSYL,0
CUST_PFW02KG8OF,0
CUST_0UD292QL7L,0
CUST_8APZU1FG3T,0
CUST_V8S48AQG3J,0
CUST_8BT26HVTB6,0
CUST_YRR8W9QK96,0
CUST_PD4YVKX8RN,0
CUST_I5AUWPG4M3,0
CUST_OBJQQ7QIUN,0
CUST_XHWP1D40YO,0
CUST_TV0SY60QG8,0
CUST_EHUIP2XQRK,0
CUST_CXCBHCSDRB,0
CUST_Y6ONMK3QIT,0
CUST_CA366IXDD0,0
CUST_X796QPET49,0
CUST_9YIJXR1FP6,0
CUST_LH0JTKKEGC,0
CUST_0L9VA01VBS,0
CUST_8P9GVAUXJE,0
CUST_IHDL7653YO,0
CUST_7JQWS09QP0,0
CUST_57NAIAUUZ3,0
CUST_Z6ASB8NNZD,0
CUST_O82IWRUPXU,0
CUST_OB3MEZ688Z,0
CUST_VZ15W45AJ8,0
CUST_ABXOK313OT,0
CUST_K1WY0D2BQM,0
CUST_48ZK5IVM18,0
CUST_ALVJQAZSOT,0
CUST_TP8L0BV927,0
CUST_M21V9GBNL3,0
CUST_W7RCNTPN2Q,0
CUST_CB3HCP2CAX,0
CUST_R9MRNL9QFC,0
CUST_9YMLHQCYAW,0
CUST_C655DA5493,0
CUST_I59Y3G6F2L,0
CUST_E9XQRJ1P9P,0
CUST_Q1R0GXODA8,0
CUST_1OWZ5WW5YN,0
CUST_N94HBGXB0O,0
CUST_4HG6KOY2JK,0
CUST_MII27D9FUS,0
CUST_8VWR4SAGYF,0
CUST_KTW97DN3VX,0
CUST_XWPZENHXZI,0
CUST_H088JFRYZK,0
CUST_TLVF476B0T,0
CUST_W9SULC416T,0
CUST_QD7HCB64DE,0
CUST_B9YCR6JRMQ,0
CUST_AZSY2HTNR3,0
CUST_MSZK8I22TI,0
CUST_4P6PBJUVYX,0
CUST_B2UYAXB2WX,0
CUST_76WWRBE8B8,0
CUST_2WI91QAL89,0
CUST_FK2M6TEC6H,0
CUST_2K2X2ZOX65,0
CUST_ZC2WZT1AZY,0
CUST_2IUCX8JRCI,0
CUST_5MTC0OZAOZ,0
CUST_AZRA8HV88H,0
CUST_TOIX8TTMNB,0
CUST_2JUQJSMN7Y,0
CUST_ISJPUA4TPE,0
CUST_28OH916ZXB,0
CUST_ID5V9QOLFU,0
CUST_8UELBXFNTN,0
CUST_91KJ64BBUL,0
CUST_Q5H5X3CT2Y,0
CUST_5EEURYRFFP,0
CUST_ATRFNO6LM2,0
CUST_SIS3EOWJR7,0
CUST_14O7BVXIXA,0
CUST_TG35M1SCDI,0
CUST_OWEVZ2LF41,0
CUST_J5CLSVI529,0
CUST_2YF0737CWR,0
CUST_302RM8IFA8,0
CUST_3K5AO1TWX8,0
CUST_AU810Y0LFB,0
CUST_GIS611J3X1,0
CUST_TKVKKKGR2N,0
CUST_7AH3TG1ZDV,0
CUST_M5RO1456K4,0
CUST_57W1FG6S2X,0
CUST_QCH9OPV2JA,0
CUST_71YM8J4NF1,0
CUST_8EFRS0K5CH,0
CUST_9FMVM01SWG,0
CUST_FAD9CKYG4R,0
CUST_PDONEXJSN0,0
CUST_XBYZY7ADAO,0
CUST_P2LCBHOITG,0
CUST_WSD77FFXT1,0
CUST_UKOO29EUVU,0
CUST_46GSDRXXXH,0
CUST_8A1FK8HOYB,0
CUST_5AHELPPXJN,0
CUST_RG0MOY3R80,0
CUST_YAKE4W5NBT,0
CUST_JRFGF75T0I,0
CUST_XWSNY0M6OY,0
CUST_RUDFCXA05W,0
CUST_WEEU3HN9DR,0
CUST_171HP4VSWT,0
CUST_VNGFXLN49R,0
CUST_RD4YUXKZ1X,0
CUST_4F7ZDFUWYC,0
CUST_Q93GUA6J3S,0
CUST_AWFOCFBEVM,0
CUST_SP91YD0G40,0
CUST_GUDVBSH6ZS,0
CUST_BACBYT07KA,0
CUST_3AYJ2KCYMO,0
CUST_5EJOARI88U,0
CUST_SAZZHZVH46,0
CUST_GA3P9B63HP,0
CUST_RMT1P4GKKJ,0
CUST_T8RBQTXTXK,0
CUST_764KGQWHGF,0
CUST_2DVJVUQER3,0
CUST_OSKC9LOBBF,0
CUST_ZMD503WB0L,0
CUST_9A1ND34T2Q,0
CUST_63I7TG803D,0
CUST_OVJAS3Y98B,0
CUST_L4NCTI0XPC,0
CUST_7RYOJR1UA1,0
CUST_V1TYTR38N9,0
CUST_V5ZYKDJGQX,0
CUST_W2P3BU4DW8,0
CUST_G4T43KNSAM,0
CUST_B78AIV9AJT,0
CUST_R36C84X2XC,0
CUST_4G879BSC30,0
CUST_P7NKPLM2RX,0
CUST_I9WXQQH2DM,0
CUST_AI7Y9DUJTG,0
CUST_9KLHX9ZF69,0
CUST_X0RH91972R,0
CUST_TXN0YHUE31,0
CUST_XATJGV3M2P,0
CUST_YTS6DX8WJT,0
CUST_RK2VTCXBTP,0
CUST_9FWAJ0TC76,0
CUST_TQYINL1BS4,0
CUST_J5XQ3XHWNM,0
CUST_XY8SZYNYMZ,0
CUST_4CL3UEO2DX,0
CUST_2J2ASF6LSE,0
CUST_Z1RCFYGVHB,0
CUST_IIE77HGYF2,0
CUST_M6FQTLJ9I7,0
CUST_IWQZY7OF18,0
CUST_DAFCPFRYOW,0
CUST_1V450P1LF3,0
CUST_ZOND2PF8KN,0
CUST_5CRA9PQHQC,0
CUST_CKZ61V1VE1,0
CUST_TVLA55RM51,0
CUST_ZHW0GQPBUB,0
CUST_RRBQN41B7K,0
CUST_ECC8YJAF85,0
CUST_WQI6IL82Q4,0
CUST_PVZIOXJGZI,0
CUST_VP23J5KKWY,0
CUST_EDSY96CJNQ,0
CUST_53D1LLHGG6,0
CUST_G98617JKTS,0
CUST_Y8DEGQ9Y9Z,0
CUST_IE5YOCH5WZ,0
CUST_54Y9IWOOT5,0
CUST_VFGQDKCHOI,0
CUST_NJHX0NGN8O,0
CUST_BPAGUIF968,0
CUST_PDRMPMP0AT,0
CUST_YGKWZA2USR,0
CUST_8VIGUW9DC7,0
CUST_JNF3PGVMZB,0
CUST_BSHTWUB7GO,0
CUST_MA7BHV3OTD,0
CUST_SMPT4RC1M7,0
CUST_5K1ZTEH5RR,0
CUST_NPA8FC5O7W,0
CUST_KV4M6SGT6Z,0
CUST_FH3NF14YY0,0
CUST_13259F6M7K,0
CUST_CL61REB68K,0
CUST_QFPFGW2TBQ,0
CUST_FZ5PTH8ZHY,0
CUST_KQ2BMEHTBW,0
CUST_SY7SA6C42O,0
CUST_58H9JRQ5UC,0
CUST_M4P12FNTQD,0
CUST_CEKVQLZB9G,0
CUST_P952NZ8GDQ,0
CUST_NJPL1E2QR3,0
CUST_D5XSBH4OZ4,0
CUST_06RU5HOU8K,0
CUST_P9M3UDKW33,0
CUST_N2W2L9G5FF,0
CUST_GL7G77VESZ,0
CUST_J8E7S0BYNA,0
CUST_U2GR6B2VXZ,0
CUST_WT0HQAA1HF,0
CUST_Q16KMGFL0E,0
CUST_OL3NCNPW2F,0
CUST_1W54IOUZSU,0
CUST_OKV5UE6F95,0
CUST_FJHJ9VDDN4,0
CUST_WTCHJURAGG,0
CUST_M0DWGO2M3D,0
CUST_WAZ83FLTIY,0
CUST_C2DKMX3OHF,0
CUST_BFH91CDD7Z,0
CUST_IZQ7UELT7M,0
CUST_F41O30S8GI,0
CUST_521J12M4EF,0
CUST_IF7RR3O4U0,0
CUST_NABEQ8HUY8,0
CUST_6N40G41VYC,0
CUST_TX1OXCE87B,0
CUST_6RN5WH4WIP,0
CUST_L6KQQOKQPW,0
CUST_0298IAGGQ0,0
CUST_RFNN1UCLJT,0
CUST_91MFXBLCOV,0
CUST_UV93H5Z3BS,0
CUST_GRUP0RNAVS,0
CUST_0ZZOO45PCI,0
CUST_ZC7FNSWKFD,0
CUST_2OK5SMTYGX,0
CUST_IFZDDBCF3L,0
CUST_HPBCF1QI0G,0
CUST_NNN5BRFM2H,0
CUST_0FN78V2JBB,0
CUST_PJ73LTNUTD,0
CUST_Z6PXL1BSGP,0
CUST_QGQIGQP8EQ,0
CUST_NXDRRS25L0,0
CUST_5GL59UI2ZN,0
CUST_8JQUOQJKKW,0
CUST_O1I8NF8HGI,0
CUST_L65YD7KVW2,0
CUST_Y88F865DCX,0
CUST_RQHX5OE45L,0
CUST_2C9J2IMYJZ,0
CUST_M5HZ36R7M0,0
CUST_YXJK2MLM8Z,0
CUST_G73I3GV8Q2,0
CUST_TCF8MGUYNC,0
CUST_EE399R2BJR,0
CUST_H1BC27Y60Z,0
CUST_G5GKYEBDQT,0
CUST_2TUOMY1PDZ,0
CUST_45OE8PFEO6,0
CUST_8XDEKP3I7X,0
CUST_3W8SBK1ETO,0
CUST_4JTH76H8X8,0
CUST_ATOYVGCD07,0
CUST_Z0C115ZHN5,0
CUST_KJXZ2CRI24,0
CUST_QWUUZ5MCRC,0
CUST_NZTRVIE97J,0
CUST_NMGRKAGBE3,0
CUST_K656S180FK,0
CUST_S1VFSJG8AE,0
CUST_0GTCNPM3GW,0
CUST_II5GRR1NP6,0
CUST_O5PT1K70OK,0
CUST_Y2ROVF3FXZ,0
CUST_K04OX8K5DO,0
CUST_A2WTBV5GP9,0
CUST_6FL20UJ2V7,0
CUST_L6ZS4FPY47,0
CUST_FH86VTMLR0,0
CUST_ZD7NIPG85H,0
CUST_AFSC40IIGP,0
CUST_TVL5QDES5X,0
CUST_1SA4ZOVOEF,0
CUST_P4P09C5OGJ,0
CUST_TQTW36GGL3,0
CUST_J5K3JDEG6P,0
CUST_RYC7WK4YM3,0
CUST_ZH66EZ61A7,0
CUST_80PITGLWZ4,0
CUST_6N0DCN815M,0
CUST_GEQFC0WOVW,0
CUST_9GHW54TK6P,0
CUST_957OE828UC,0
CUST_IVXQU1AZKY,0
CUST_XD96N2BLH9,0
CUST_M6RAFNXL2M,0
CUST_P1OQEQGY4C,0
CUST_EL65X1JHWO,0
CUST_3QYHEEYY4O,0
CUST_6W7YMLENGU,0
CUST_G7OZ1JWCSS,0
CUST_9IVTLTIB66,0
CUST_GJBZ24KP2S,0
CUST_O5EM02G3C3,0
CUST_E5WDH6W90H,0
CUST_LDKD49AEYU,0
CUST_LZW7C8SWNQ,0
CUST_AF8RM2BQFG,0
CUST_BZCEA942ZF,0
CUST_FZDZ4LJXE0,0
CUST_2VW0BB8F5E,0
CUST_UUXUFDU1M2,0
CUST_WPZ9MFXCUN,0
CUST_P8WV7DGE3O,0
CUST_VJR032NA43,0
CUST_ZKI97DHQF3,0
CUST_I4V3U8YUAW,0
CUST_15L1KDGK5N,0
CUST_GCNHSDTR24,0
CUST_S4EHCEEA3R,0
CUST_JFSVUUKYGR,0
CUST_LLLV689BGS,0
CUST_KXV451KGKS,0
CUST_WNQDN2P2X3,0
CUST_U908179QX0,0
CUST_Z4H9FNNCQ3,0
CUST_QBAPKL2HD7,0
CUST_QJB99353JO,0
CUST_J2B2TWXJJN,0
CUST_PKX2W6GFCH,0
CUST_IDBM0U2IZ5,0
CUST_WW6B807VHX,0
CUST_ZK0BTWVP03,0
CUST_CL2SXJ36HY,0
CUST_XCE5X2CYXG,0
CUST_LSPFBXOMRR,0
CUST_E3GFC4272R,0
CUST_55CB4CBRJT,0
CUST_D12QILRWNT,0
CUST_U8ZWUKI6YE,0
CUST_CO0DH8T8RO,0
CUST_PK63VMR01Q,0
CUST_L6PXRV7VKU,0
CUST_981NKO5JO2,0
CUST_FFQ9S41804,0
CUST_X3LNJYTZO3,0
CUST_1UIFI7B8RV,0
CUST_UCAQOXA2JQ,0
CUST_393LFFWIMO,0
CUST_1IMPMDRCMA,0
CUST_D5TA37QLL3,0
CUST_KW7HNBS9K4,0
CUST_RQK2VQTNNW,0
CUST_WIK9WHL41Z,0
CUST_1246FLTDIS,0
CUST_LE4Q56JGJA,0
CUST_7JE8L7UCH5,0
CUST_T136GKMJF1,0
CUST_E88VD0TW7J,0
CUST_ORZ0YLJNE7,0
CUST_9225PTCE9R,0
CUST_TK54RW4TGV,0
CUST_MNSLVYEI5L,0
CUST_90JYA867CE,0
CUST_U1FXXYPYT6,0
CUST_XVNOEP8EXF,0
CUST_G7P4SBZ6EH,0
CUST_RSLMA5CVHX,0
CUST_RRWVM3JQCF,0
CUST_UVLK07CB1K,0
CUST_II4PUPISO9,0
CUST_2VRT20TJEM,0
CUST_SRTBZTMA6J,0
CUST_Y2M5DPMQBE,0
CUST_VUZRC6GD6G,0
CUST_INGOCAA9WJ,0
CUST_PVC3QLXM9K,0
CUST_3SC3GLL4IW,0
CUST_GP8VBA8OOL,0
CUST_TVRT2BWH9Z,0
CUST_NVHI0JWK76,0
CUST_2ZC8MXN5KQ,0
CUST_YKMXSLHOYM,0
CUST_BNT96TNKRL,0
CUST_KKMAGM17Q5,0
CUST_PYBDBITQ9C,0
CUST_LAN3J17SVO,0
CUST_SJUETZV9S5,0
CUST_H1ZONZ2L8P,0
CUST_DCQI5JLG4L,0
CUST_0K07PBEQD8,0
CUST_9256F12VF5,0
CUST_6QZCYN3K58,0
CUST_ZDFFWWXPWY,0
CUST_DJ6U48VARC,0
CUST_278QA63JHK,0
CUST_3Y354ND29O,0
CUST_QH19A5PAX8,0
CUST_RRMTZJUKNG,0
CUST_AF6K3ELFAW,0
CUST_OGBQRB53GJ,0
CUST_00WYYAHB5L,0
CUST_CLGAOUKGXS,0
CUST_M55WJMX8H7,0
CUST_NDHOKQ7JNX,0
CUST_4AXK9O5NNO,0
CUST_OZ0TTZLSE6,0
CUST_VMLFXRUVV3,0
CUST_M8ECZ9WMYG,0
CUST_KL08XYUIA5,0
CUST_63DYURJM15,0
CUST_GI4OXO63P1,0
CUST_RV2LNUVPAH,0
CUST_E2PLHJTB0O,0
CUST_CHKYJIISGM,0
CUST_CCWRVDHUE1,0
CUST_D7QOELF931,0
CUST_GDLCRWYQCE,0
CUST_YX8PK7HDQG,0
CUST_J0LBMG4VJS,0
CUST_SHXKCO92YH,0
CUST_AOXCHLS94I,0
CUST_J8OAZINHVS,0
CUST_OD01EOBQ8J,0
CUST_7FMHDF9385,0
CUST_0BAQ4T0XZ5,0
CUST_V1ZAUN7AOC,0
CUST_XKTX537IU4,0
CUST_RVG06A8OKY,0
CUST_AR90DNAAPT,0
CUST_3AAZZQ6LG5,0
CUST_X9KPTVCDBW,0
CUST_KT43K0ROTF,0
CUST_VJE21KJV5Q,0
CUST_HXSVZEBJHZ,0
CUST_6WAJA242GR,0
CUST_PNJUXFQQ5C,0
CUST_9UG6CHZX79,0
CUST_H9A5DBNZKE,0
CUST_KWWPC0UVV8,0
CUST_UCV2V0J1YX,0
CUST_SXIPY4K6HA,0
CUST_KXKZ2QSYDY,0
CUST_O2HSXZ5VCW,0
CUST_KXKIID47JQ,0
CUST_G033TCSE27,0
CUST_W27CCBX14X,0
CUST_UITLOGQKFY,0
CUST_O3Z3X5N3KK,0
CUST_NP36D8D47K,0
CUST_B7NPGCUOM1,0
CUST_VS7F32PXZ6,0
CUST_G12CY36DIL,0
CUST_K6ZEI08EGY,0
CUST_2X9YS4CQ08,0
CUST_D4CDF065MI,0
CUST_65LR6J892D,0
CUST_2EW6ESDATE,0
CUST_7GWAEBCJ2S,0
CUST_0Q5HRRC7O3,0
CUST_EBTZ3G15MU,0
CUST_F2MKY2E7NR,0
CUST_TW4X53YEJP,0
CUST_BA36U50MZ1,0
CUST_FSLM0W84YK,0
CUST_6L7SL354IL,0
CUST_ZLXJQ4MKMG,0
CUST_WIUWSEZVLD,0
CUST_OK4LBELIS8,0
CUST_9WVG2ROWT2,0
CUST_392YI11594,0
CUST_PRHBA9GDA9,0
CUST_T4X2DYU9TV,0
CUST_PMFG1OC2AB,0
CUST_5Q6DXH08UF,0
CUST_5T52FVM6Z1,0
CUST_EXP1NP3JYO,0
CUST_RIRTH7FGRV,0
CUST_VEP9OVAZJA,0
CUST_5ZIQ9O4ESK,0
CUST_7N96UPK4GM,0
CUST_M7EEZCCSZC,0
CUST_RQJRSNZES7,0
CUST_NIBEUU6OM1,0
CUST_2O1RAGCMHJ,0
CUST_LZNPQNITID,0
CUST_RY0306JXBP,0
CUST_V9N1Z9C98B,0
CUST_ZHJPB6JULB,0
CUST_IZOGNUO0HU,0
CUST_DXKBDU50NS,0
CUST_HOU0OCFWJD,0
CUST_6RVH3R6G5K,0
CUST_X45M28ATXX,0
CUST_0PQJKBZXMG,0
CUST_W0K6A2M6MN,0
CUST_A0CDM1WVJS,0
CUST_AW7PMIOHSJ,0
CUST_28YO5WLRB5,0
CUST_VO9ROWO2CC,0
CUST_4N6VQ6B1D3,0
CUST_QOC3R663PT,0
CUST_ENHQWEVJWY,0
CUST_QDJ1AEY9E2,0
CUST_NOZSLYI1EF,0
CUST_D9Y4RZKEHI,0
CUST_KP1K8Z2EUR,0
CUST_QQ7MD9GD9Q,0
CUST_46LCE319GO,0
CUST_GGQAHTTJMB,0
CUST_VFO0XSX1N2,0
CUST_8HG5NNIP04,0
CUST_CZ93XYIFSZ,0
CUST_WSL8J8FUCQ,0
CUST_1W4ZRANJAM,0
CUST_DE0BP136EV,0
CUST_FAJ30M4DF4,0
CUST_DQ9ZIVGCUF,0
CUST_YYT79MNPUL,0
CUST_GYNS87MS36,0
CUST_SX6QN1ARNG,0
CUST_CIF3VWT22L,0
CUST_ZDTB82GY7H,0
CUST_PSTZ0CVU3O,0
CUST_LF386C112D,0
CUST_98KULSF6LZ,0
CUST_B93II10S0B,0
CUST_OO10AV15CT,0
CUST_6UMJHLIZUC,0
CUST_YR7LXL9G92,0
CUST_HRAN319UGB,0
CUST_LOHTKWT4NQ,0
CUST_MF1L25M885,0
CUST_9BLLZAN4UI,0
CUST_1YYWDOWN8I,0
CUST_IYYV6G9TWP,0
CUST_JN07ZBZ7DM,0
CUST_8HLLRARHDE,0
CUST_BPL4004YAA,0
CUST_XJGBCUIXHD,0
CUST_1JWXX0DQZY,0
CUST_FBUX9YW538,0
CUST_G05M237QFH,0
CUST_XATELDRBQN,0
CUST_KYXR6NZUDJ,0
CUST_GFRCDHN479,0
CUST_5NJS1GYKBR,0
CUST_JXP6P5T3VQ,0
CUST_KFOM81KY6F,0
CUST_W09TQB6MWF,0
CUST_ZQ5IF1X2TO,0
CUST_NA1XJF353U,0
CUST_SEUT95RAPI,0
CUST_U77II0B1UQ,0
CUST_B9EYL7XA29,0
CUST_SRHGQ5SJI1,0
CUST_6U2KMLPWZX,0
CUST_Z0AOHQSIUH,0
CUST_YK8CF66XZ2,0
CUST_1U8B3Q3R1I,0
CUST_NXXGMGM0UT,0
CUST_WZ9G3JQUBQ,0
CUST_VQGDQKQFKL,0
CUST_1L166GZAH3,0
CUST_Y3TF9KQABS,0
CUST_1HASXJW4A9,0
CUST_8G43VKNOI5,0
CUST_J1QHBBB67E,0
CUST_620QDZ4I50,0
CUST_P6KAG0TSHC,0
CUST_VDKFIO1QT7,0
CUST_8AIWT29FCD,0
CUST_OFX2S32YBQ,0
CUST_1318G4TESY,0
CUST_1JAMZJ47KO,0
CUST_TR67O1T2I2,0
CUST_Z3Z9DECROT,0
CUST_3AAN3N1FNG,0
CUST_8W5G6EJOJ6,0
CUST_8JCCZZA1X8,0
CUST_667LEOX93I,0
CUST_0P9Z9COU06,0
CUST_VLWGW1A23M,0
CUST_7TIVY1V1YO,0
CUST_KHFLSZZMRA,0
CUST_BRVP0GJF0C,0
CUST_32JO9LUG62,0
CUST_0H213UHQYY,0
CUST_62L2BV2QBA,0
CUST_TNDFKSKUPT,0
CUST_XQPRUNCQUH,0
CUST_R3TTSUOOIS,0
CUST_ZO41PRPJ9D,0
CUST_2GB2ISTD9U,0
CUST_C9NBLTL6GW,0
CUST_Z2UPOSRHHQ,0
CUST_6N63XCIYRC,0
CUST_S7ADH6DA12,0
CUST_DXXL1EBGJO,0
CUST_4ZCWHU0G55,0
CUST_PAQ8AQII0Z,0
CUST_CZAEE4RJXC,0
CUST_9VF9QSY16T,0
CUST_MVV6JVRPBT,0
CUST_GK2Z8C2VFS,0
CUST_IXTQJV27TX,0
CUST_KIGPN8N7W1,0
CUST_OWYKDVLSUW,0
CUST_FCSBKQYVVV,0
CUST_J9G1IFQCVM,0
CUST_ZEPKHCWZUT,0
CUST_IVZTQALDD8,0
CUST_GG1NC21AJT,0
CUST_AMC8UG9UJC,0
CUST_2Y8ZZUNU02,0
CUST_NO89SZAWGW,0
CUST_QT7HTO2XUA,0
CUST_JN5AB7ICL5,0
CUST_VB8AFDC7EC,0
CUST_2BK27FHTO1,0
CUST_7KHEBAOOOJ,0
CUST_86UDJHSRJO,0
CUST_INFCGSY86J,0
CUST_5ZHWD4KRG4,0
CUST_X09CX51O25,0
CUST_Z0A94DSTTU,0
CUST_WFPMWT7GT2,0
CUST_YTM0BUALAP,0
CUST_8WNQA9QKBU,0
CUST_1WYB7K3VEJ,0
CUST_8G2D5S7PE0,0
CUST_5NHN96BMFN,0
CUST_OJYNVHC4SI,0
CUST_VYAEH9AY4Q,0
CUST_W99GI6WQ5D,0
CUST_FMHHW6MEYE,0
CUST_WXME0E1ST9,0
CUST_Y59D3S8B1F,0
CUST_QPJZMVUW7C,0
CUST_JAZT538OB8,0
CUST_S6LXX8JHOU,0
CUST_OCLO826RCX,0
CUST_8BIQAUPYSF,0
CUST_SKF4YKPXVC,0
CUST_VFB2HECV06,0
CUST_7F1LH7G3YR,0
CUST_QOQIZOT68G,0
CUST_ZG0F6HMKTN,0
CUST_ZF35H0L85T,0
CUST_SB9U8TPIZ7,0
CUST_TYF76HBINH,0
CUST_ZVAP6PUPKF,0
CUST_KJU8M423LT,0
CUST_1CSK7PC06X,0
CUST_D3FJ0F9F4U,0
CUST_4DL4HK2IFG,0
CUST_JQUEK3HI82,0
CUST_ZUZ6BF7BWG,0
CUST_VXDRTX1B68,0
CUST_U54RHR9AIW,0
CUST_D9H74M7JMV,0
CUST_OTNF5VESJY,0
CUST_9TSQLTYMVD,0
CUST_TSI8EQPDH5,0
CUST_3T54PTJRK6,0
CUST_5IFYOD5MA4,0
CUST_M4JYIFMA5U,0
CUST_16QTS1NBYF,0
CUST_RBNJ8XEC68,0
CUST_6G3RGU3OZJ,0
CUST_53Q3AO49XG,0
CUST_CIL2XOVTF4,0
CUST_KED6DLYV4C,0
CUST_HQLI6VF8LY,0
CUST_ILLG423YMB,0
CUST_0A5UKUS1HF,0
CUST_FFT23D6OEP,0
CUST_MWWZ38NT9M,0
CUST_5OA9A16NA0,0
CUST_BUY4QYOI58,0
CUST_MSDWV616EO,0
CUST_HGWVC8EK2Q,0
CUST_C4K3VTSFFU,0
CUST_6KN5MC8M71,0
CUST_9H08PRC481,0
CUST_WGS4MEOFLY,0
CUST_KJW6O3RV7Y,0
CUST_XFLNIQNG39,0
CUST_HSGVNBHK26,0
CUST_OH2Z2MQZVS,0
CUST_QT8CK4AEZT,0
CUST_3CAQGN92LO,0
CUST_NJVTWGUQ4N,0
CUST_HDXB2XZ1ST,0
CUST_QI14U4H5QM,0
CUST_CUI4G7S419,0
CUST_8WTU73O0HU,0
CUST_584MS5Q3CI,0
CUST_FCTAH0QNPS,0
CUST_QH063SIUS7,0
CUST_95EK0DTZJZ,0
CUST_PYX297CJB3,0
CUST_6SRR8K0WW7,0
CUST_T07BVRWP8J,0
CUST_STB2PN93VI,0
CUST_W2Y3K76TSE,0
CUST_8A5E4CF0R7,0
CUST_CFDHB6G74L,0
CUST_R541J3HSLP,0
CUST_XV5QEP648Q,0
CUST_ONRL2PJ3J1,0
CUST_IKXB2OJ70K,0
CUST_Q9LPYN3IWQ,0
CUST_T9N8A6IDH7,0
CUST_EK5E4TKQY8,0
CUST_N9WONE7C1G,0
CUST_EHYU4H34UF,0
CUST_T99DYHEZAG,0
CUST_POOHJLCPO7,0
CUST_R68JCXVVS8,0
CUST_RWLSJKB13D,0
CUST_IPTKZ35LZQ,0
CUST_N2U3SC29Y3,0
CUST_R7BWRW8LHT,0
CUST_MIDB7KECSQ,0
CUST_8G1IBUXU1E,0
CUST_EVGFT1UEC5,0
CUST_MV98RVBKH5,0
CUST_YY1FCD72P2,0
CUST_25RRDBXP9R,0
CUST_2WXTEWBLY5,0
CUST_NU67877RQW,0
CUST_R0CSFG7E85,0
CUST_TBSKW8ZP5E,0
CUST_5TXP6P1SEX,0
CUST_IN80PX2CP5,0
CUST_OM2CXDI26R,0
CUST_S9R6A7JZI4,0
CUST_PQQBTJBUQP,0
CUST_KBZPCUMDRH,0
CUST_OHG2QWBAG3,0
CUST_6GZGI5QPNB,0
CUST_4ACTTN886L,0
CUST_M034T17J25,0
CUST_J20M4EWMHR,0
CUST_976MUKOWTD,0
CUST_BGN6LK3B0C,0
CUST_B1NSRJC5GI,0
CUST_JTCXRH8UAQ,0
CUST_UKHOENZEXX,0
CUST_JIED9H6RWF,0
CUST_L3EY0JJ8J5,0
CUST_FYDT5PC16Z,0
CUST_C61XXAVHA6,0
CUST_1OPAOQ1HES,0
CUST_B7NEJ86ZHA,0
CUST_YXIRW0K7HX,0
CUST_UIQX9UP5Q8,0
CUST_C2V2D4TOVK,0
CUST_RAN2T3A6XF,0
CUST_22L2Y8KCA7,0
CUST_HPRMR7212O,0
CUST_Q7N2NBKLZ5,0
CUST_1BSXNY6O0E,0
CUST_8IHAOW813E,0
CUST_ONQHLSUS8Y,0
CUST_PGWMH4IUMR,0
CUST_UEWKIW0E02,0
CUST_HXFKRU022R,0
CUST_1GBCMH35ZZ,0
CUST_3IKB00BU74,0
CUST_BYW888CH9U,0
CUST_IEMQY9LV9U,0
CUST_92DJSDFF49,0
CUST_PYHF812Z3L,0
CUST_ZHVG4M2NDG,0
CUST_1JX5HBK5HZ,0
CUST_EC9CVJB1LV,0
CUST_RFZB6GBY4T,0
CUST_4QHMXBA0RA,0
CUST_AN58X9LWAU,0
CUST_Y22JPSDWAR,0
CUST_V6FM1EAHQB,0
CUST_3TGY3GQO1R,0
CUST_5QNF6QFJOF,0
CUST_PN79F81X6A,0
CUST_LZRQ4O6Z2M,0
CUST_5XCYQI66CD,0
CUST_8CFFPTOC1Z,0
CUST_2H25QCFEQW,0
CUST_DR1X7AXVVY,0
CUST_GZ42UBAM4W,0
CUST_G4PQX00770,0
CUST_OWUSVL8K5U,0
CUST_K2BJO7TR51,0
CUST_NKD25FMWSU,0
CUST_58LUOP7UKS,0
CUST_LAUO8PFHID,0
CUST_I97E6KBVTZ,0
CUST_D7BMO5DC0M,0
CUST_DXUM4CSDZW,0
CUST_2TNLI5HSL5,0
CUST_2IV1SEL1K1,0
CUST_765YLS06J7,0
CUST_J22EGIDOZ8,0
CUST_3SI7YE59Q3,0
CUST_PSZP2ACMQW,0
CUST_CCQZLNSGJ6,0
CUST_BO8DD6DB6H,0
CUST_2S0UGAGQ8T,0
CUST_6YNY51JT9Q,0
CUST_1O0FPVV3V3,0
CUST_XFK4P2MBN0,0
CUST_SDNKCS7TAA,0
CUST_9GB6FV2XXB,0
CUST_ZUX46UL413,0
CUST_XE1TTKL5WL,0
CUST_894XDLMF44,0
CUST_AJQL7VICXP,0
CUST_1JYF5ETBP8,0
CUST_JLR4IIVAMH,0
CUST_9MSRF6BIUY,0
CUST_HAALJEHFTP,0
CUST_YMQI9666VQ,0
CUST_EYYYN7UZFU,0
CUST_389Y1T546A,0
CUST_V7H5GNFIGU,0
CUST_56NQOL0AFF,0
CUST_TVCW8O60QD,0
CUST_929R9H6O1M,0
CUST_0TRQPSQJZ9,0
CUST_0H2BT4EW3J,0
CUST_0SG7QZ6GUR,0
CUST_ST585WNJG2,0
CUST_1IO3JADTG8,0
CUST_9J56ER7SC8,0
CUST_3LL8TLTSDX,0
CUST_PW0CH6ILSM,0
CUST_NL99CW4OBR,0
CUST_QTO5ODY9ZH,0
CUST_BSKL7PPU8G,0
CUST_7DP3X5HSDQ,0
CUST_25NOWTMA7E,0
CUST_YOW5SD2T66,0
CUST_QXMQEG886U,0
CUST_XBWGYP9YF7,0
CUST_P0RAIN4SA2,0
CUST_ZZZNVNM6BH,0
CUST_CPEMR758ST,0
CUST_KE8MUXX4N0,0
CUST_W3KINUB6WA,0
CUST_9QU47U72ZY,0
CUST_JQRHWLUNRH,0
CUST_QMK2R3UWR1,0
CUST_9SPYH1IO5B,0
CUST_9SQA25HYZN,0
CUST_LX5OBKBU9N,0
CUST_7YDPLZM3PG,0
CUST_L8K8DICMD9,0
CUST_1YNOEQ776S,0
CUST_VFG1ZX5XP1,0
CUST_D743SZ5XST,0
CUST_P14OOMD5SA,0
CUST_OXFWQWQOYD,0
CUST_U8CRYTLB45,0
CUST_ZM8C9UF9PE,0
CUST_HKJWBE5II3,0
CUST_S6I6NSOKA3,0
CUST_9FR6GCKN8M,0
CUST_8AMCF92SCN,0
CUST_3DTV11N6IP,0
CUST_5R7EWQM5KO,0
CUST_P0R27PHKIZ,0
CUST_MMAC05P6DK,0
CUST_HLQ46WGK1I,0
CUST_EE4E9Z6HKJ,0
CUST_OD4EL3PEVG,0
CUST_CVSUEUAVWF,0
CUST_1J2JGJH3C4,0
CUST_UXUETAFS3O,0
CUST_7LMU1HDT32,0
CUST_C8A6XOA3SH,0
CUST_ZOZO4XA5RG,0
CUST_NJYVT3MTDM,0
CUST_JRMAYRJKQF,0
CUST_8V0A9QUVF9,0
CUST_R6JU6DONKH,0
CUST_WD8NOPT7Y7,0
CUST_UM24Y5KRMC,0
CUST_81WM3GHTA6,0
CUST_637FOIOB0Y,0
CUST_7N8TM5KU9U,0
CUST_RHTLV26DBG,0
CUST_WLPU65IJ40,0
CUST_6K541Y0AIE,0
CUST_WU0ECQ9P23,0
CUST_4PRD8ZZPUC,0
CUST_QJGTPP2M6R,0
CUST_G7KMI24164,0
CUST_E1TR09U4I2,0
CUST_RRCFIH7QS5,0
CUST_Q7YG1PZ7HV,0
CUST_3JGAGG83YK,0
CUST_YBE7XN5X1I,0
CUST_YMZID1326N,0
CUST_6SXJBQMRJR,0
CUST_BBXW7W13MB,0
CUST_UU449VU7HR,0
CUST_BER7VTD8D0,0
CUST_GC5USMKURC,0
CUST_X7OFYZJNAE,0
CUST_926TUQZAXJ,0
CUST_7X20R9PGAY,0
CUST_AAO9X57AS5,0
CUST_Z6YUO0HHAN,0
CUST_PDFZRZSNZE,0
CUST_QVPQXDPGY4,0
CUST_SZ6JRBY01V,0
CUST_U6EQPWLHHH,0
CUST_46PH3NHTQY,0
CUST_CB24RWK5EQ,0
CUST_89ER5JI2SO,0
CUST_W3PQQ73PG3,0
CUST_6Y0E64OU51,0
CUST_EBOPOFCRKU,0
CUST_JD2JYSWOC6,0
CUST_ZKD2IOLOPX,0
CUST_AI8C2KGSNG,0
CUST_KF022ONALW,0
CUST_K3WJOMB7Q0,0
CUST_Q3L3BN49BG,0
CUST_5QZ14EBS4Z,0
CUST_8SNGIP94D5,0
CUST_BM9EMG6UD5,0
CUST_LGRFCT3GP2,0
CUST_LASIH2DWOH,0
CUST_MD6LCQ05WI,0
CUST_XY08AOQHCG,0
CUST_H9CWTZCLEK,0
CUST_KK9JGXU98Y,0
CUST_E5I5C1TMZQ,0
CUST_LLD8IRBEXG,0
CUST_5X4P7KMUXG,0
CUST_6RC4M7EM4R,0
CUST_JKWMKB69A4,0
CUST_1MEQ1ZPZ3T,0
CUST_QMG0LOJHOX,0
CUST_WPOPL46QVV,0
CUST_HLY1V1NZFP,0
CUST_LSFUNELY6Y,0
CUST_Z6SUFA7U13,0
CUST_QMYHV4AN2X,0
CUST_6972AU422F,0
CUST_KOULDUSC2R,0
CUST_MGYNWTU5TS,0
CUST_YLIGLAH34R,0
CUST_6IGT2HV9YU,0
CUST_RPN31EK0PO,0
CUST_NVK2GXP6ZF,0
CUST_Q4XE9KADZR,0
CUST_VJNWNLCLIL,0
CUST_2QWODLHYE4,0
CUST_OFJU55YW8K,0
CUST_JZ9CIJ4ZH7,0
CUST_C5N4OQITV4,0
CUST_JC4M5K0FU5,0
CUST_PYGS02MHO9,0
CUST_NBHB367VQD,0
CUST_OBY6WRAZRT,0
CUST_TJIT3E1RYE,0
CUST_Q16EQQ5N9B,0
CUST_LBT64BZI76,0
CUST_6JI7YRRLEA,0
CUST_A8K4V571IU,0
CUST_LW35SXBNV1,0
CUST_9WGK04PW13,0
CUST_RJKIIZXJO0,0
CUST_EMV9EJ672U,0
CUST_WTMTS41WFX,0
CUST_RVP23XHDVW,0
CUST_9WI86M60LF,0
CUST_UF9LAFWJNM,0
CUST_3FQFULHNJR,0
CUST_9SQFV221Y2,0
CUST_SRMTF41225,0
CUST_4PG0VYSI7O,0
CUST_UIXFTFPS15,0
CUST_MJD4JQHETZ,0
CUST_N1BS9HF504,0
CUST_6FMBLLVEWK,0
CUST_UVM7JUNUWP,0
CUST_7D3QC9C9L7,0
CUST_XX8E6WMS3Y,0
CUST_D00NYAYIPE,0
CUST_QJH4GAYMQ0,0
CUST_94D8LWVJ67,0
CUST_LA3K3HTE0B,0
CUST_SPSFQI3RYT,0
CUST_S0NUSJOG5Y,0
CUST_Q5SL4H94NR,0
CUST_QEX8SNJQCO,0
CUST_8PPE47SHEH,0
CUST_2RWYUXX42A,0
CUST_2EYA5BOZ8A,0
CUST_WTXGWKTGNJ,0
CUST_NS6YWLVUDK,0
CUST_U0Q14E2XUB,0
CUST_UV6DHJE8ZR,0
CUST_I97YHL0SRX,0
CUST_0WVTDG2952,0
CUST_4IE8OWBME4,0
CUST_65AOAMKDB2,0
CUST_KP5PDY6ZWT,0
CUST_D5AGM9GJFD,0
CUST_BN3GL7LD8M,0
CUST_BK2ML1PFG6,0
CUST_IH538ZJFAP,0
CUST_Q67CMQ4XEV,0
CUST_CCUKJ6R0CR,0
CUST_2XRSTPDFQO,0
CUST_VN48UJAARA,0
CUST_CTP5V1IG1I,0
CUST_KPNUKVQ1MA,0
CUST_1KSCTXDKBL,0
CUST_BQEAXZDOL7,0
CUST_B5FGP6U70V,0
CUST_FOO45XZPWZ,0
CUST_RM2XRYY851,0
CUST_XHE9VE1I91,0
CUST_44HTFXQH6P,0
CUST_H1C8IIYDTC,0
CUST_2OPX7KJCCZ,0
CUST_HIWYRTL6YS,0
CUST_ULG98QU0I0,0
CUST_8JTFZIVX6O,0
CUST_D0TGSF2ICE,0
CUST_PZXOEXQ6CW,0
CUST_A7BRSWXDTF,0
CUST_YY9OTU92XK,0
CUST_Z3RAF5ZBL4,0
CUST_YBYGEGL2LU,0
CUST_MKYB6G8879,0
CUST_CWT5XQ8D2G,0
CUST_96S2NBYSDE,0
CUST_MSJMYDL307,0
CUST_AEFG04XI8L,0
CUST_GNNKFV38RM,0
CUST_BEXU6QLQSF,0
CUST_Z6SJ07J5N4,0
CUST_3XJQOEXY13,0
CUST_C9C85FY1OX,0
CUST_37FDAQD6BV,0
CUST_VKREHONV5D,0
CUST_EHKMQLY1VR,0
CUST_9Y5QO327WQ,0
CUST_GTEEODJU87,0
CUST_6UBEX1AUP9,0
CUST_VL7H7XYX0F,0
CUST_8ROO2LGO37,0
CUST_2HYAVRF0CM,0
CUST_9B0QD9ATXV,0
CUST_84M7JNEI9W,0
CUST_4YABEZTFN4,0
CUST_XLDBXGUO5Z,0
CUST_0JZGOGCROU,0
CUST_W1FYYHO8RX,0
CUST_J6RZXWKT6J,0
CUST_ZEP5II591D,0
CUST_P81CTI6ML4,0
CUST_IMIER0RR3I,0
CUST_UVRJES3EPU,0
CUST_RY8F80UVM0,0
CUST_ET62WIWBDR,0
CUST_PI4FJWMSN8,0
CUST_PLNBZ127ZL,0
CUST_1BKJ8BNJD2,0
CUST_ST4TVPQX7S,0
CUST_J53ZRE5ZYK,0
CUST_0JOCVDVT25,0
CUST_80PKZ89IXS,0
CUST_EDFNC2O73O,0
CUST_T8TRA00IZX,0
CUST_2NWLU9FO0F,0
CUST_2PG66YCCZ5,0
CUST_0T6ZLCIPCE,0
CUST_KQT8EQ2IFG,0
CUST_7EX9C8NDNK,0
CUST_FSM8FHGR56,0
CUST_EY6AQGLBDL,0
CUST_P7YJZVONPW,0
CUST_4U4W4MPRGX,0
CUST_GN64D9OPNX,0
CUST_1P3H93O1FU,0
CUST_N98F1Y0VB6,0
CUST_ZCCCYYHIAP,0
CUST_BXYDJT2PRL,0
CUST_AGPRR5T5AY,0
CUST_4MXL8ETUXR,0
CUST_WJUP0FD29T,0
CUST_U71JJLXZ6J,0
CUST_RLLH0CR01X,0
CUST_SU9M4UY6MC,0
CUST_JPEBDYQ1A3,0
CUST_WNOH4J2931,0
CUST_BCC0GQY7MI,0
CUST_RKKIMVAIHO,0
CUST_GKD8XM06Z2,0
CUST_OZXFI7MTDB,0
CUST_D9Q3E865CX,0
CUST_XFMB9OJBUE,0
CUST_CVHFSU5GJ7,0
CUST_G3LQPV6KBO,0
CUST_EL1LRPJW5U,0
CUST_2DXQURLOVI,0
CUST_3AB1FQZY91,0
CUST_JK6RMO4LCA,0
CUST_KH7PKFVNFD,0
CUST_J16HW9CS85,0
CUST_4VBNGJ44NS,0
CUST_CUGE7FKFJL,0
CUST_SNAT0Y0GC7,0
CUST_EIM5Z3O17H,0
CUST_SHFU9BT539,0
CUST_9AS0M4R3EL,0
CUST_8JEJ2QIWSE,0
CUST_RDBBH1ECL7,0
CUST_P2JDXNK8OC,0
CUST_DH4WR0HLHF,0
CUST_KBXI41IXHE,0
CUST_VQ7AZYOB8B,0
CUST_BJ5XX2ZN3R,0
CUST_4F4GSF9FPS,0
CUST_M63CJPNYNB,0
CUST_T82BXOHQ6G,0
CUST_295HWHA70S,0
CUST_3DFUKZLMMX,0
CUST_THNFLQXPX9,0
CUST_VIENCVRIN9,0
CUST_I5CHSIPTCP,0
CUST_Q50IBETR1A,0
CUST_2YSOEFV2ID,0
CUST_0YEDFV8667,0
CUST_RLWGR7SZXT,0
CUST_6I3341MOXD,0
CUST_25U7V7TNE4,0
CUST_JEPOSWHM1J,0
CUST_UMPCJKV7I4,0
CUST_0HYVZUYPYI,0
CUST_CM46KYV9L3,0
CUST_2W9YOMQ3Y2,0
CUST_RBJF56W2IS,0
CUST_NRBAM21ZWV,0
CUST_H8ZYNOOLFB,0
CUST_JZHDTAP5D8,0
CUST_ETB5TXWR5D,0
CUST_9AQA0WKKLY,0
CUST_LLWO9JK2JQ,0
CUST_QBUAG3JQM7,0
CUST_0KB0REJQXC,0
CUST_FCSBUJV7S6,0
CUST_CSOY722R6Z,0
CUST_LKZTY9X7UL,0
CUST_VWMXBGPSR4,0
CUST_JDHWIN5FRY,0
CUST_6R9GCGYS4A,0
CUST_WX64T4LAG4,0
CUST_AIHPW9KKOY,0
CUST_I53PF4DIUY,0
CUST_5D47VTFXA7,0
CUST_D9FG7CR2JO,0
CUST_V3AWUGZCCT,0
CUST_9SYC2C4RWQ,0
CUST_G3CUV7PDA7,0
CUST_H7WOW7H2NE,0
CUST_6DOYYHETKR,0
CUST_V2XFIBV13W,0
CUST_55HUYPSY30,0
CUST_O8ZJUY7LVI,0
CUST_LZL71V32MM,0
CUST_U8LWR2A4XE,0
CUST_YY92X1NZCO,0
CUST_04N7OGL8FS,0
CUST_EA0UQIDL3Z,0
CUST_6L8JMY9WG4,0
CUST_KYPRWD4R4Z,0
CUST_M03X8V2NZO,0
CUST_GAH119XAE5,0
CUST_MF081OH7UZ,0
CUST_4N6MQZHXVU,0
CUST_XFT19WKYXY,0
CUST_ZZIFW6HNMG,0
CUST_QTVQV109XU,0
CUST_5NEGQR5U6B,0
CUST_0RG1B1YCCL,0
CUST_VKV5EDWHE2,0
CUST_LRA77B3K4C,0
CUST_HTFEBOORD6,0
CUST_MQJPE83WJU,0
CUST_XDU61X6JL9,0
CUST_5B4XB1EW51,0
CUST_5OL28FJGEO,0
CUST_UZE461T1G9,0
CUST_12GWL3AF9H,0
CUST_NERBGI4CB4,0
CUST_1KBB3I1P94,0
CUST_5FP2W5MQ0X,0
CUST_ZXOGRNMP3K,0
CUST_L4QCGI7SCC,0
CUST_UL3CTCBL6C,0
CUST_3WLRW8N16Q,0
CUST_F4B83YPNNX,0
CUST_IQ8VGW7NHR,0
CUST_IP5LQBKFAZ,0
CUST_MPENJ3HS3U,0
CUST_YE2AMA9390,0
CUST_68HJFDH9LS,0
CUST_OT16P1JH9P,0
CUST_U08LGJL9OV,0
CUST_3JCRB4ZZFI,0
CUST_073XZOKAP1,0
CUST_ZL8DTBOW4J,0
CUST_LLES0A07EG,0
CUST_1D9TJI15DN,0
CUST_7C7OX75BW8,0
CUST_3YYUEOZG9T,0
CUST_TBSUQW0JXL,0
CUST_JQ83A956GD,0
CUST_4244FOT8NX,0
CUST_6E33RDIZ86,0
CUST_22EPAMGI30,0
CUST_0853R8CJ8N,0
CUST_FIEEZPSBZ0,0
CUST_YMV0Z8E2EN,0
CUST_BIMS1QMMVT,0
CUST_UFC0TUEC7P,0
CUST_F3RKC4BCPU,0
CUST_536HN7T45P,0
CUST_9E5XY4B618,0
CUST_OJRFFMELY0,0
CUST_2RFT9C1YN3,0
CUST_4LUVJVJRMS,0
CUST_OM2BHN5XJW,0
CUST_H1LMNBDNCK,0
CUST_64GOPL3XEC,0
CUST_C0MZOKAPUU,0
CUST_XETAS7229L,0
CUST_Z7T8S5X1RP,0
CUST_1FPGGWYFBD,0
CUST_CL7VCXQN93,0
CUST_L78JU5V3NL,0
CUST_QZXDQ2Q0GW,0
CUST_RONU06JLEI,0
CUST_IHG1DHJQLJ,0
CUST_JKA15J3VL1,0
CUST_UDHCXKU4S4,0
CUST_L4AK7BARZJ,0
CUST_IIU8EDX7WK,0
CUST_BFMDOXK3MM,0
CUST_XAXOG88ALT,0
CUST_BTEBNITXQK,0
CUST_9HYNS2X247,0
CUST_3OHNQFM701,0
CUST_66T3A3JUEA,0
CUST_DA2CDY3FR7,0
CUST_ANRU2YAK0F,0
CUST_49L46B84R1,0
CUST_L13T7OQGZ6,0
CUST_AR8RQN4CQC,0
CUST_KYYXNL8PCO,0
CUST_IHE5G1Q8NO,0
CUST_4IGCBGT3ZE,0
CUST_VT1QU0VGT8,0
CUST_908EFVM8AO,0
CUST_D7O31RC3TN,0
CUST_D61MMCT2V9,0
CUST_DR3UP9DD81,0
CUST_ZF0E08RKUB,0
CUST_WE454PUBSU,0
CUST_PVXNN6U45G,0
CUST_VASWRLR9QA,0
CUST_5SX0VL5GPB,0
CUST_EV3H2WF5ZD,0
CUST_ZX6TAA4UWL,0
CUST_5JN3N5D93M,0
CUST_RGHDBZ5VXT,0
CUST_CUIYZ3QHMX,0
CUST_M0D8FM7EVQ,0
CUST_ZEE0K0I136,0
CUST_SEP8YO8Y79,0
CUST_MYRE946SMS,0
CUST_RLA0YJYYCQ,0
CUST_BBA29TZ4GA,0
CUST_6759CN2FR5,0
CUST_N71TXSI3SL,0
CUST_EGP42IBH4K,0
CUST_JYXY21RFST,0
CUST_0ULKT0S45X,0
CUST_6UB9HIZZWS,0
CUST_WM592RT304,0
CUST_1Z4N3E0RO7,0
CUST_OPHZQLE1UF,0
CUST_USAI62OK38,0
CUST_DX69LP41C9,0
CUST_RUMXMT3T04,0
CUST_IKNETULCOG,0
CUST_SVCJCDA7ER,0
CUST_6XER56KH51,0
CUST_7LLEX2R9Z9,0
CUST_PDS7X4LI9Q,0
CUST_GHNTIPO486,0
CUST_G06AR4QSJI,0
CUST_1X365RX8YO,0
CUST_D2AKTD16UC,0
CUST_QDQP34WD00,0
CUST_W7UFRJBD55,0
CUST_4IBSJ44PQ0,0
CUST_96JZX0ZVKI,0
CUST_Y9771EEW3R,0
CUST_FZ2SNBJ6SB,0
CUST_YGQS3NSBIW,0
CUST_KE9CNLWZ0I,0
CUST_RLFD0JUKOR,0
CUST_8WCRDLARQI,0
CUST_M9QJ4LG8A5,0
CUST_OS4746DP06,0
CUST_REVQRACDT8,0
CUST_DLNAOAJBBH,0
CUST_RAEGZMZ425,0
CUST_GGC881164A,0
CUST_TMOY1Q7PFB,0
CUST_F5LSBA4EQ4,0
CUST_BJRAYKQIY9,0
CUST_WVJU51UMVW,0
CUST_Y8IYS3Y4VB,0
CUST_GAZ0VH6ZME,0
CUST_E715QKQ8GN,0
CUST_918PDWMAEG,0
CUST_QHXP7LF1RW,0
CUST_10FM96O5RP,0
CUST_8FD9PCDDO0,0
CUST_3IMGNNGN49,0
CUST_8U5R3EM46E,0
CUST_T5FMSIX65O,0
CUST_E3QWK3X837,0
CUST_RD3GLG0UAQ,0
CUST_4MXCF4I249,0
CUST_8T7Q19OZ3C,0
CUST_4KMC61BTPF,0
CUST_EN1QECV1XC,0
CUST_WC3UYNCR7L,0
CUST_WZMSH91QAB,0
CUST_KNBGOGG9V5,0
CUST_56WTD8OH3R,0
CUST_KP9UR89VAF,0
CUST_XZTJU1WF2F,0
CUST_OEU8VRYCMO,0
CUST_TAJFBUMAJL,0
CUST_572T8SI3X1,0
CUST_CSS5OOM5V5,0
CUST_0N0LIGO9BG,0
CUST_WHWK1S2OY8,0
CUST_RHH0ZAL45C,0
CUST_T5A23M1WA4,0
CUST_224CVEUC7J,0
CUST_GTG1F7AQKX,0
CUST_0I26JXBE2P,0
CUST_9M2W9RMSAP,0
CUST_VXKFYEFNJ1,0
CUST_ZEMIKF7EMF,0
CUST_NB3S88RLYP,0
CUST_2EKM9VKPXZ,0
CUST_0DZKGX1T82,0
CUST_X3BRZIO38Y,0
CUST_XOTKRRRC58,0
CUST_1ZVYIPYPOJ,0
CUST_7HKC2E5BIC,0
CUST_3EDMONIG1R,0
CUST_PK2WZUMQVG,0
CUST_QDJFWDA5JW,0
CUST_EZSJY3LKKC,0
CUST_HEN4DSTJSY,0
CUST_DCZ3UJC3DG,0
CUST_PZNCPC9L61,0
CUST_CW8IXWTJ8X,0
CUST_9IQH27OYBF,0
CUST_BVOICBH6T4,0
CUST_DQMOAQLQP6,0
CUST_6L8DFC8SOS,0
CUST_VYB6DQOCJB,0
CUST_QNTIIDL5NO,0
CUST_3RNPXTBAKB,0
CUST_A6US9EFQKY,0
CUST_C34G94DA8C,0
CUST_2CDMZ21XV6,0
CUST_V3R3FCGUKG,0
CUST_TF86GR3UQB,0
CUST_AKKO8RU863,0
CUST_QBL3TYQRKM,0
CUST_B6OC0Q3AYU,0
CUST_59CTDVIPXT,0
CUST_X5GCPO5SE6,0
CUST_7WBU76XNBS,0
CUST_LH712P632E,0
CUST_R8CY5DEMJC,0
CUST_EMZSPRXJ3S,0
CUST_K7BJN0CPEJ,0
CUST_E1ZNCF47F5,0
CUST_KELMBSDVXO,0
CUST_CEXQMVME6Y,0
CUST_UKV4WI8F54,0
CUST_BYJ170Y7SM,0
CUST_WDS7BODEBU,0
CUST_K6JMUPWBAY,0
CUST_CR8R7VCR96,0
CUST_SIH0LY2MLN,0
CUST_80MY2PPPRO,0
CUST_TW3DD14RRC,0
CUST_T1M1BAULSH,0
CUST_2IMCIGCNCT,0
CUST_6GO21DAGKK,0
CUST_OKCH7HF0EV,0
CUST_NSS6M3FBGS,0
CUST_M817T9B7FD,0
CUST_E9CQE5ZCTN,0
CUST_76U5FV46KO,0
CUST_91W198ISTU,0
CUST_SQIHY7LB3F,0
CUST_0QRAYY6M7S,0
CUST_T2BHIT34A0,0
CUST_KYBTMFXYMF,0
CUST_5S42B1ITUU,0
CUST_JS5X9RALS9,0
CUST_NSQTYNW6F7,0
CUST_OG40AE48ZO,0
CUST_2W2MP3Q8L3,0
CUST_HQWAEORHI9,0
CUST_ER2D14QGMJ,0
CUST_AYACJB266P,0
CUST_IJ349QXPUQ,0
CUST_G5XGWA2JZC,0
CUST_GE3JG3GEH8,0
CUST_63CVQIJ9QZ,0
CUST_89L34JI0BH,0
CUST_0NGYSYSGL8,0
CUST_DDL91T6VOF,0
CUST_BJJW8W9ZLI,0
CUST_SG65RKRZID,0
CUST_WPJ2N3SFDK,0
CUST_O7CTJBPB34,0
CUST_45P5ZU39BP,0
CUST_GRZLS0VOY1,0
CUST_ZX85FE4V7C,0
CUST_E39ZPV4F3H,0
CUST_88DM91PCXF,0
CUST_8ZPJIC6D01,0
CUST_DW1MDRP62Y,0
CUST_5DFII5JHMK,0
CUST_5095BDE7RD,0
CUST_2Z2U6TOU7I,0
CUST_F47DO5TV2I,0
CUST_W9CP52DT3S,0
CUST_VCAH9JR9RH,0
CUST_6P6EIOQT2P,0
CUST_8ARR07FD6Z,0
CUST_WX4N4SD0XY,0
CUST_0HFVMV2Z92,0
CUST_RLJSW3EYWG,0
CUST_8BS1S9UJGY,0
CUST_WIC54DNSV8,0
CUST_BARK6AJCZ7,0
CUST_LNU84PT7EH,0
CUST_950C15UDOQ,0
CUST_4QX7ENUKZ8,0
CUST_1W19HM57R4,0
CUST_GLDXZ4AQKK,0
CUST_9X81XJESBY,0
CUST_5FVNCH8NLD,0
CUST_NC7J6WRGJZ,0
CUST_EZX8H4B932,0
CUST_IKA8745QKU,0
CUST_5BHLUQJAT0,0
CUST_0RAHUL1FYH,0
CUST_RY56B5SU2B,0
CUST_FZE98B0KAV,0
CUST_LCHFED8REI,0
CUST_971PN21MY5,0
CUST_20ZNH78L8I,0
CUST_JU288M6080,0
CUST_F1WFVVKRBG,0
CUST_9Q1VA2RVFD,0
CUST_PA0T60B9SX,0
CUST_1AGQA3NUHP,0
CUST_5H3TGBX0VG,0
CUST_XHW6WY5BP4,0
CUST_JZ4XBGHP7L,0
CUST_ZUSOH0KW0P,0
CUST_J9CM9ISEZY,0
CUST_SUOGQMMHBB,0
CUST_EOBJFEJQWB,0
CUST_DSUHLERQF1,0
CUST_33FS7U9PYL,0
CUST_F5EZHCF2MC,0
CUST_SJGHXQB8ZF,0
CUST_PO8MA1Z7IF,0
CUST_X8OORITYDY,0
CUST_U8Z1UJIL42,0
CUST_OEEDYOPS0Z,0
CUST_6TWFPWPDXO,0
CUST_C9T28FP517,0
CUST_A7KOAWVSY7,0
CUST_5D6XULQ1RM,0
CUST_N70FTAB0ZT,0
CUST_1KQECHCPLN,0
CUST_TOZDLEHXA3,0
CUST_WHHI742PQL,0
CUST_O2UZP7EAZV,0
CUST_ZNAHTOQQNW,0
CUST_P8LFGSZ5UG,0
CUST_KQA4FCQP66,0
CUST_81ZML2IKSX,0
CUST_ZPZYN831YQ,0
CUST_G2MVIDW2PD,0
CUST_SNWTUORBFX,0
CUST_Q2JFOA1CUM,0
CUST_X871GZQWDB,0
CUST_PQ366S09ZA,0
CUST_TQZFQTO2YT,0
CUST_OO0PMINM22,0
CUST_FNH0XKYXEP,0
CUST_WB0R4Z3LBX,0
CUST_CNJF0RM9NW,0
CUST_RAJ6Q9Q1CC,0
CUST_W848OT5948,0
CUST_TFC1DHSCP7,0
CUST_GCVV00PTX8,0
CUST_ENQNN8XFBZ,0
CUST_PEP2O228TP,0
CUST_RZ09SO9L71,0
CUST_31KBFRTTAZ,0
CUST_VTALGH8GME,0
CUST_J84FOR0PMR,0
CUST_CE6BWB1KW2,0
CUST_14QBG91DXP,0
CUST_SIY0GG2GDA,0
CUST_5OWHLBW4CK,0
CUST_X51U827VNI,0
CUST_IEK8K3ZQIE,0
CUST_MUU1CXY18W,0
CUST_Q24DOJ4UR4,0
CUST_5WVGQHJVTR,0
CUST_T6E6YVFOCN,0
CUST_SBP14Z52VS,0
CUST_O0VWAN1EMJ,0
CUST_0U7J2WYWHO,0
CUST_0DCR2X81YN,0
CUST_ICAVS8SWLZ,0
CUST_9BKK0F8909,0
CUST_XSIOYZEQPH,0
CUST_ANBB2Q7FZ6,0
CUST_KOYK5D63Y1,0
CUST_5TAAAB7Y4T,0
CUST_CT2UK38FBS,0
CUST_LGUBM1OCQ3,0
CUST_TQYDSX6VL6,0
CUST_XZN978OC2G,0
CUST_5N78LWY03D,0
CUST_WQLLY5OT1T,0
CUST_D8XF8MWJMN,0
CUST_V5U11FEQZV,0
CUST_G8HLZMPELH,0
CUST_BGI1RWSDYI,0
CUST_NYV6K08412,0
CUST_V678VVHKL0,0
CUST_1IDK2KJ24N,0
CUST_HT5T3DVEU1,0
CUST_K0VTZHI4LQ,0
CUST_JX1XW3MSO2,0
CUST_5TNXDZ0KH3,0
CUST_EFQQZ58KK0,0
CUST_ISF600XEA9,0
CUST_OMWBQJN271,0
CUST_VY887YHMXA,0
CUST_B8ZP0UC7SF,0
CUST_3GFWPH9IGR,0
CUST_WG7SGV0MDB,0
CUST_JM74KK9GR1,0
CUST_125XNRNC7D,0
CUST_8CRQY1OV1Z,0
CUST_960LWY3SP9,0
CUST_3YEO7RDQ3U,0
CUST_V2O99ZUW1U,0
CUST_KDSXSJSMGM,0
CUST_FOUDQC94NI,0
CUST_7WYX9NLY66,0
CUST_PK5C4BU54T,0
CUST_LLO2TSOMAG,0
CUST_KDBLD7XWJN,0
CUST_SD4N5JBW79,0
CUST_KIKBRLME7W,0
CUST_YODCCJIRGQ,0
CUST_9WWQ21320M,0
CUST_ZWLXB77DLN,0
CUST_BDBU867007,0
CUST_R21597G7NN,0
CUST_IP0P3P3DNZ,0
CUST_C8LTQKM5XJ,0
CUST_3NJPVEFZXH,0
CUST_GRBNMRBE5U,0
CUST_BD2B4VPRSE,0
CUST_T5ON9JSEK6,0
CUST_0RDBIMD0BW,0
CUST_H9VNAXRI81,0
CUST_NPMRQ8MGUB,0
CUST_TDXBUD5CD8,0
CUST_A7P1NVDGY1,0
CUST_7X409Y9ITO,0
CUST_9D6GMHO5VB,0
CUST_KI3UFHPIIY,0
CUST_LCVCCLG5YT,0
CUST_MEFOA7ZTF3,0
CUST_QL0UA0P8E9,0
CUST_4SUUCH7OYT,0
CUST_2BXA5LCBNK,0
CUST_UTZNY3EZGO,0
CUST_723ODYKJ8K,0
CUST_GYOURS5IGA,0
CUST_YXBVKSQXVM,0
CUST_ZXKSVFNS4T,0
CUST_CTESFSQ6LD,0
CUST_BFMWY9MV0W,0
CUST_WZC8TQRWGO,0
CUST_XU4FS43RNX,0
CUST_QU7UTGP0CG,0
CUST_X44Y4LNN3Y,0
CUST_SWYN7LC7OY,0
CUST_9Y1463GU0H,0
CUST_QH0M7PI8MN,0
CUST_CZTRK68FFQ,0
CUST_6CRWIW9HMP,0
CUST_V4LXAE2UPD,0
CUST_QSYQ1WCR6I,0
CUST_49VFQQQ36L,0
CUST_CV2U8ITZ3W,0
CUST_T3MWEMXSL8,0
CUST_GUXQTG9GAO,0
CUST_0DPS4SOD8L,0
CUST_AUSS18A140,0
CUST_J7J9B356DR,0
CUST_SXIUJ843WL,0
CUST_0BDLKTDF22,0
CUST_XX8ZX5AJQO,0
CUST_5WHH25V590,0
CUST_JQ13FC5WFT,0
CUST_4CJIXBFNXN,0
CUST_DJ5CDYGMV6,0
CUST_08UTQRJ6GZ,0
CUST_419BALRREJ,0
CUST_1C41K7XBML,0
CUST_HSYAA18341,0
CUST_NR1LDNDX1T,0
CUST_JF28T7GK7L,0
CUST_9XHUCY27PM,0
CUST_00FRK19DMD,0
CUST_1FYWCU6RML,0
CUST_UMS9MYVFE0,0
CUST_XNO4KFUY2H,0
CUST_2OYEZDKSDI,0
CUST_A9LMXA90SR,0
CUST_DDNYFGM3ZW,0
CUST_OBVB0GWAH8,0
CUST_39P45PJQ33,0
CUST_HSDF3W0JLH,0
CUST_UUA6TTCZQ8,0
CUST_AOFF0VFANM,0
CUST_D62PDMSCF6,0
CUST_5JFU1FIWIG,0
CUST_IC3N9SR5LT,0
CUST_304BRR6P9E,0
CUST_RV9FWMBHGC,0
CUST_FVYPJ4YFUA,0
CUST_0M6L07P83A,0
CUST_XRLEV7DKC2,0
CUST_BO4OIGKFIX,0
CUST_PU3COTS81X,0
CUST_I72SWZL5WY,0
CUST_CABT1U8TZP,0
CUST_YI4D6X47Y1,0
CUST_COQCLUO6OC,0
CUST_D3DTTHGBNI,0
CUST_4AYJ3T2LV1,0
CUST_HRGZURTOS1,0
CUST_DKABNV1Y3U,0
CUST_UP9SQQUVHF,0
CUST_IYM9KXRSKQ,0
CUST_Y100SM6QR5,0
CUST_G2UO80FTV6,0
CUST_E086B0M55L,0
CUST_F0PTZRPIG7,0
CUST_KD9QXYI0KZ,0
CUST_FENE4VUA5F,0
CUST_SB8S5AFDMV,0
CUST_6J195QNP36,0
CUST_E2PFHINFWU,0
CUST_94ZHYF74LJ,0
CUST_68HFL7ZQFH,0
CUST_3LYS4HEDAY,0
CUST_HL52UYUXOB,0
CUST_PP0I2L9D4O,0
CUST_2TPWKHXZ6D,0
CUST_XYJEEES7FP,0
CUST_W9GINYDQ6E,0
CUST_7P1398R2M9,0
CUST_W5S51XSEHC,0
CUST_XKB5KR50HW,0
CUST_0DMKH5JHV9,0
CUST_AVFBFABX7V,0
CUST_TDRZJMV0WC,0
CUST_AOFI6LW6MT,0
CUST_R2FF7CHLUM,0
CUST_UTTNV4KWEC,0
CUST_G40KQ64JNS,0
CUST_J8L3VWD0FU,0
CUST_HNWK80DOGU,0
CUST_OT4B54HXL8,0
CUST_D6XE43B9CZ,0
CUST_PBBAUKTLFQ,0
CUST_RB8B56VJT8,0
CUST_MZ6QECKQWQ,0
CUST_ZROYZTZ54K,0
CUST_0L18TX3ZVF,0
CUST_S0U6Q5DOQ2,0
CUST_I7MDN0ES0I,0
CUST_389J8CRXZ5,0
CUST_KX98OUJ7M3,0
CUST_A7FU3UO3OS,0
CUST_QGCM4V6GFQ,0
CUST_BIB3MAZFL4,0
CUST_NQDOOTJ29L,0
CUST_IUPUN8TWQV,0
CUST_KK5T8UORGD,0
CUST_18I1HF8PY5,0
CUST_WYYLVBWWRL,0
CUST_MQ9SYP19T5,0
CUST_PZVGSCLLCB,0
CUST_34TEM95FAO,0
CUST_QI9KKBLI51,0
CUST_NX6RNP3J32,0
CUST_JDTN8TMPCY,0
CUST_N4DP0SAF95,0
CUST_JTSCYVZCG5,0
CUST_88JLCHFZWD,0
CUST_00Y4HDRK1F,0
CUST_7JB43Y180Y,0
CUST_89PZQGM6BP,0
CUST_8OBP9A5SVA,0
CUST_2LXQZ6WNC4,0
CUST_7Q7Y0535A5,0
CUST_IM5J1OEGH7,0
CUST_R7VCUBM945,0
CUST_RKTDLSRO9Z,0
CUST_592GNXLB55,0
CUST_Y8WOHBN63Z,0
CUST_3ROR7A54XY,0
CUST_SZCMEIZIPH,0
CUST_ADL5GB995Z,0
CUST_6GJ9L3ASIT,0
CUST_KHLVZ17N07,0
CUST_EDW20KVE8K,0
CUST_PP500Q29IX,0
CUST_H53UC2K1HJ,0
CUST_4Y0E8HXLRD,0
CUST_I39UYX0K3I,0
CUST_JCWYNGRVJ3,0
CUST_1B3P7MR2LE,0
CUST_DY47IWZCYN,0
CUST_OI486C5H3L,0
CUST_ZVHI6PMS5C,0
CUST_GJPN521XK6,0
CUST_I38746SM8D,0
CUST_3IW1LAU605,0
CUST_KICNO29QK3,0
CUST_TPUSHJDAEF,0
CUST_S4FG3C44E6,0
CUST_VK7AS9SQ3G,0
CUST_EP6CS5KNHV,0
CUST_LRLEJZPHZ6,0
CUST_4BOS177X7M,0
CUST_7O5NKAKJVK,0
CUST_KC4NRIHAF4,0
CUST_UY1A7NMMIB,0
CUST_2EG29T5FGG,0
CUST_QI8EBRHZSV,0
CUST_O99L0B6MCO,0
CUST_LJC5EL0CDY,0
CUST_ARQF6L4XTL,0
CUST_INR5L6OER0,0
CUST_MTC7PP3ZFV,0
CUST_HSYNDK9V8N,0
CUST_LA6P4AJNHZ,0
CUST_5XLEZMIRCT,0
CUST_PX8QX2KZB9,0
CUST_UFB79C44NU,0
CUST_ONB3332TLB,0
CUST_YUMKFCDQZA,0
CUST_WXHG0L2MGB,0
CUST_ZP9AAC4WID,0
CUST_KBRDALCHA0,0
CUST_GUJ3DC7VK6,0
CUST_JVHWX3IBIZ,0
CUST_9DRZIFT69M,0
CUST_GVDPWG1VE1,0
CUST_B9O2Q96D6H,0
CUST_P7XTVSR8JJ,0
CUST_72J2VXFUCQ,0
CUST_5K08XXZNYS,0
CUST_FF0JK2QNJF,0
CUST_XZOIGMLVD5,0
CUST_8FXS11E8C4,0
CUST_7N57F7YYMA,0
CUST_76K9D19DA5,0
CUST_GE1PB54H40,0
CUST_MNWBHS5VZ3,0
CUST_EOPJSA9D5D,0
CUST_HFZ2J23K06,0
CUST_P3ZJI4KT6N,0
CUST_3DS67ZCRBY,0
CUST_9IUNJ4VX3U,0
CUST_Z1QOWEPLEU,0
CUST_P4RCSODAOI,0
CUST_11EH220U1N,0
CUST_WUFP5A85X5,0
CUST_SPF84D4DVE,0
CUST_NOTCP2L0T2,0
CUST_4DRK7OJ1S8,0
CUST_DOU3XSHF0W,0
CUST_F89HHTB81A,0
CUST_8SHASZ5HLN,0
CUST_EX6CWZGV1I,0
CUST_1M5RAA0JT7,0
CUST_9XKX4D1OPN,0
CUST_SW06CIFBQP,0
CUST_KM8Z8K2DD0,0
CUST_77CSXP1L33,0
CUST_7WW6N0V82S,0
CUST_NAJSJ4UJ4L,0
CUST_7IX88DA7PS,0
CUST_ZN4HYZ1K4X,0
CUST_BRM652C4A1,0
CUST_HYFJM7EYIL,0
CUST_GSYP236G5G,0
CUST_ASDU3243PG,0
CUST_2PCJV145JP,0
CUST_3STTS6OGKY,0
CUST_V3Y4TDCR2Z,0
CUST_NRFGHYZ7JE,0
CUST_9ZOJAZ5J24,0
CUST_FQ9W4TBIRI,0
CUST_X5WC720PO8,0
CUST_UQ33NC7CAL,0
CUST_H9CAFQY2BA,0
CUST_PJO33P0655,0
CUST_DLA5KYSOCP,0
CUST_AZ1VGBJIWP,0
CUST_TNKECPU2AK,0
CUST_QJEESLFVF2,0
CUST_TX6LNZKXKG,0
CUST_3CIXARSVGU,0
CUST_Y5PUCURVA9,0
CUST_BIEYIULOFT,0
CUST_CPCZSWUMVG,0
CUST_V46UFBYRGP,0
CUST_10WPRYR24K,0
CUST_S00F4FQZJX,0
CUST_P49XQRAQ0X,0
CUST_SWN6NEE9HV,0
CUST_XZ6NTC7NBZ,0
CUST_KBGCBIHMYN,0
CUST_DBKY6R6N3M,0
CUST_4AI980MDH6,0
CUST_QUZ65AET8F,0
CUST_BHUKK0JE5L,0
CUST_6KD531GBIX,0
CUST_5YTEV4ZEUQ,0
CUST_881E7BWT74,0
CUST_KN3FO89VN9,0
CUST_PZAIMHWJDD,0
CUST_15M4M3L2N5,0
CUST_XODDJ361DN,0
CUST_DY4AZQOSGO,0
CUST_HUSPQH5BY9,0
CUST_ZCW2PBCECC,0
CUST_OWJB7LRHPJ,0
CUST_OEN4OSDRVY,0
CUST_5KZS6PTSWA,0
CUST_Q0FUWTZVWD,0
CUST_AUQN1G7KY6,0
CUST_BC5IGR4U84,0
CUST_VRG921BDXS,0
CUST_JXJGG28QYG,0
CUST_RI7LW72XRQ,0
CUST_IQWUZZBLDB,0
CUST_2NXRQRT3TC,0
CUST_UG1ZSZ9MYM,0
CUST_7DI09NBZT4,0
CUST_D9RRFTMPQF,0
CUST_29US2Y5LL2,0
CUST_SKIWIJ0SDB,0
CUST_S8OYT1MP04,0
CUST_7J7U13IDRU,0
CUST_SFGBSILF56,0
CUST_HZ64ILI7N1,0
CUST_7W336J65AV,0
CUST_P0O4HACDRJ,0
CUST_I0LXPBJ0R0,0
CUST_C78LVJIHCE,0
CUST_J9I85XW4NT,0
CUST_JLNRC067GH,0
CUST_OCC3135HDY,0
CUST_40EO4LI8NI,0
CUST_2DWE9RTJ3F,0
CUST_HGERY74ZR0,0
CUST_NPKB5SEUF6,0
CUST_5ATUP2H5KK,0
CUST_9CL2E6O1HI,0
CUST_IDNKPT3R2X,0
CUST_MNWG64D7A8,0
CUST_ZAI9B8AYXO,0
CUST_TKA251483A,0
CUST_SOH0RATQVF,0
CUST_HSKFM733B5,0
CUST_H7YLZCT15U,0
CUST_ROJNS6X7RL,0
CUST_AZPJWWUGDX,0
CUST_E9CT78BVOF,0
CUST_SECDJNOQ8B,0
CUST_75JPK935ZM,0
CUST_TR2784D97V,0
CUST_MYMUVC3AJA,0
CUST_IVCRNNZ893,0
CUST_B6FHIQ7P5F,0
CUST_W7EDLAWVXZ,0
CUST_XO3KIS6AH1,0
CUST_P1MGY83NRC,0
CUST_8I1DCUNJIN,0
CUST_H32EOHZ0ND,0
CUST_I49CHNRBNK,0
CUST_IR4TQQMGK6,0
CUST_8GNFDJ4GAS,0
CUST_872J1DV9UV,0
CUST_HWGU9B5711,0
CUST_FLN6TCYWR7,0
CUST_ZCPYTRQ54H,0
CUST_2URURRK1HU,0
CUST_FNIYT8OWB7,0
CUST_GRH78IM3IG,0
CUST_0ZPX5J4X82,0
CUST_T15PUULZCC,0
CUST_5100OR737J,0
CUST_137UXVQ6US,0
CUST_XQFDD7Y7GV,0
CUST_6C63JTT8KL,0
CUST_GSV9IUQLQI,0
CUST_06TNKTDH3O,0
CUST_5ICHE7NSNH,0
CUST_ZAOMDVXC8G,0
CUST_EIFZYYWEEX,0
CUST_7NV13V01NJ,0
CUST_AWU85Q1UDG,0
CUST_R2IDS7W3DH,0
CUST_S4JEKAOS2B,0
CUST_I10LEZJHDY,0
CUST_X2VV8GKHEA,0
CUST_2A3INXR142,0
CUST_S3O77ABTEK,0
CUST_K9P8EX2YAA,0
CUST_QN453O5RVN,0
CUST_7FE9IMZZ9A,0
CUST_RSBKT6AREH,0
CUST_G0FS3KEM2C,0
CUST_1ZLJ3NNXEK,0
CUST_L0V63IRPM5,0
CUST_B1RY70SMBU,0
CUST_WZZJWL54IC,0
CUST_ZWTDOD6GUZ,0
CUST_O3O9DG46KK,0
CUST_NCDQJQGRUY,0
CUST_9DU3813WHX,0
CUST_DH9WK1E0EE,0
CUST_BWMYKWV3AG,0
CUST_QYD9ANP11X,0
CUST_MUC9KT5P8F,0
CUST_CAFOMHEA58,0
CUST_3VKQ01VM88,0
CUST_BY0GUOSAWJ,0
CUST_WWNAXFJHGE,0
CUST_00RM4X9FLM,0
CUST_6VDLAF64GQ,0
CUST_L49JYQK7EL,0
CUST_X5Q8WNG3W7,0
CUST_L431CNTGMO,0
CUST_GOUOJC0F22,0
CUST_SWUJDRN76F,0
CUST_2OW39UEGN8,0
CUST_KB6VANJHW9,0
CUST_5ZFZKY2X7W,0
CUST_EA4DC3ZCSA,0
CUST_3O1F6T4VYZ,0
CUST_O97J913JR6,0
CUST_JOA25EO8AH,0
CUST_7LAF0APL4H,0
CUST_LTV9QG4UC5,0
CUST_R1NTGB95OU,0
CUST_2GRI2D8YCP,0
CUST_NNRT4FZCQQ,0
CUST_07OWQVJRJC,0
CUST_43CG9514FY,0
CUST_A72PQ5FJ8U,0
CUST_PDUX4SCP0H,0
CUST_SDHCOAI8VY,0
CUST_DCSWU5DAK0,0
CUST_SLCUGC2MT9,0
CUST_CMO5OHVJ0E,0
CUST_DENZRKTCRG,0
CUST_2NT34UDKH6,0
CUST_TKEGA0CNRT,0
CUST_6R846D2C66,0
CUST_7FEQTYFZK3,0
CUST_GKK3MKFW0G,0
CUST_DHUSNF5X2P,0
CUST_FJ7BXMR4AY,0
CUST_FTWBBDHADO,0
CUST_FB93UZN3TO,0
CUST_B95WZOGWDD,0
CUST_QCODC1VIPV,0
CUST_08AN8T5JNM,0
CUST_1BLSOJTKHS,0
CUST_JM0HDBKANM,0
CUST_AOG7NQBQ62,0
CUST_J28VIPHZ6U,0
CUST_1IS1XPV9C5,0
CUST_F3H7VJVK4C,0
CUST_DORF7N2BPJ,0
CUST_44SQ3PPSEN,0
CUST_T2RVSV3H13,0
CUST_FQH8VNKTD1,0
CUST_5PDC39IETK,0
CUST_SMN318YT93,0
CUST_9JHHM3AJ0Y,0
CUST_F2TZG0B0AB,0
CUST_C54GKB9XJE,0
CUST_ENM6YHOLTW,0
CUST_HJ793J7OZX,0
CUST_4UCUB4BSQ2,0
CUST_RUF2V5KN29,0
CUST_SSDZQFFXWJ,0
CUST_1959B7YEMD,0
CUST_GJUMOKFCZ7,0
CUST_4GQDEQVEP8,0
CUST_0HYA2PFD5B,0
CUST_3RCPL6C1YE,0
CUST_V6E2FZUL73,0
CUST_7KJZEXTZ8R,0
CUST_9O7WJX3QQS,0
CUST_1047POIZET,0
CUST_AWKW7NAWHG,0
CUST_9KIP55I2MK,0
CUST_NH5BBM21D2,0
CUST_TC5TU2EAVK,0
CUST_1NPJSVIYLL,0
CUST_SY2A614IGT,0
CUST_YZDJ0CPFPN,0
CUST_Q5O0R1DXHZ,0
CUST_RA9DW5ZF0T,0
CUST_R0SOKNXXSX,0
CUST_2W0RJMJ0CO,0
CUST_VPCLS7JDNY,0
CUST_UW0XAMUW2J,0
CUST_ZDK2VELD5Z,0
CUST_5D8AI9GZ63,0
CUST_DF5NR8M99R,0
CUST_TIKWRZ3APR,0
CUST_GWI9JDNYXG,0
CUST_QDPV2YLQMA,0
CUST_9YG4NU3H9G,0
CUST_PO3QN6OWB5,0
CUST_5FZ85B9FHK,0
CUST_BVF3ZGHQZM,0
CUST_PJ3ZFYPLSZ,0
CUST_56IROWXJM4,0
CUST_W5SM1WVA08,0
CUST_QX2SS48WVZ,0
CUST_L77DRS2ZZW,0
CUST_ME3319HNS2,0
CUST_BWCE7L7IUW,0
CUST_NOJK9GLJ48,0
CUST_RFWQR9B1OZ,0
CUST_BDWCUQZQG8,0
CUST_Q3CL7HH1V7,0
CUST_JPP06SWJSC,0
CUST_WFD6VDG6OX,0
CUST_38RSPMUFU1,0
CUST_D8EDQR6FDW,0
CUST_AJHMPRSKFZ,0
CUST_TIYW9A4MZT,0
CUST_D2FFS88VS8,0
CUST_ZK5A2KL3BJ,0
CUST_V0VYNSZOZE,0
CUST_JVOL5USZB0,0
CUST_IMD8WISMPZ,0
CUST_RK19ZPGPWU,0
CUST_6YZB458DQ5,0
CUST_CKVBCEJI8Z,0
CUST_S7ROIMQ505,0
CUST_GDV0HHGV59,0
CUST_KIX9CQEUEW,0
CUST_CUML39U2R0,0
CUST_DS5KX7G818,0
CUST_NKQHN3XB5U,0
CUST_HW5SCUS1EP,0
CUST_YEMHYMN0I4,0
CUST_1JYJUH84MU,0
CUST_I2LGCKS45I,0
CUST_PDG2WJV1TT,0
CUST_NIY1EI1KIL,0
CUST_WK9EVZLN7C,0
CUST_0FD3XV7UHY,0
CUST_3I0TVVM5P3,0
CUST_C4UNZ6HI0J,0
CUST_JNEANCHHNO,0
CUST_940UBZT7B3,0
CUST_CP6ATAS9BS,0
CUST_CD5JPSVVAJ,0
CUST_7L42QGAY2M,0
CUST_ZWBBBX1TBP,0
CUST_WFVUBCRQE6,0
CUST_TKB1VKMYMS,0
CUST_IZS7NILVMZ,0
CUST_O0BIVYSLNI,0
CUST_5FRVIMKCW6,0
CUST_JYLMOA4EBU,0
CUST_15SXF1NVGG,0
CUST_P7EC2P55SR,0
CUST_WVC2TYBLGE,0
CUST_SDTE89YNR2,0
CUST_0GETVX2Q8V,0
CUST_W4VJURM2OZ,0
CUST_FRRKJMKWY0,0
CUST_APU7HQD7IY,0
CUST_LSK80PT7CG,0
CUST_3ILET9EJB5,0
CUST_QFX2ED3R6D,0
CUST_YGF9E9ZXEK,0
CUST_9RSTQI1A8J,0
CUST_W53AEOSYUF,0
CUST_K6S669P9SY,0
CUST_UHVIZMMIBI,0
CUST_YMSS278IAX,0
CUST_RW2XD8VN3Z,0
CUST_S7QU1KPW6H,0
CUST_XW7NQ13Y7X,0
CUST_GZBRBT68HY,0
CUST_SB3JR1HZX2,0
CUST_02O8TQ90WU,0
CUST_4DQN2XETT4,0
CUST_Z7P8IFA8O3,0
CUST_YKXNE3ZE4L,0
CUST_4TNG9LW988,0
CUST_YO0FJ5RIY8,0
CUST_0NUV600L52,0
CUST_Q4VFTG1WTP,0
CUST_P74GD8Z9Y2,0
CUST_NG4UUI5GPU,0
CUST_5U8F3GUT3H,0
CUST_ZWMMZUNCY1,0
CUST_RDB15HIAF2,0
CUST_EZAT2WKD19,0
CUST_IAJ3Y85DFM,0
CUST_GK1V7MMO4I,0
CUST_PUJ1F5AP4Y,0
CUST_03N9U100FV,0
CUST_04N1Z9YX7X,0
CUST_32X9CRGALD,0
CUST_55TQAX4TAM,0
CUST_COYRNW4LVU,0
CUST_8Q44QKWIJ2,0
CUST_FSZP8A64J5,0
CUST_L9VBF9FMOL,0
CUST_3LWTFX23YA,0
CUST_C969IT3ZP6,0
CUST_MWQ4GR7CML,0
CUST_VN46QOMGSY,0
CUST_GPKVDH2MIJ,0
CUST_UF9QTPFX1R,0
CUST_FY38Q9SLBV,0
CUST_XWREMXE78A,0
CUST_M9GVG5RNYF,0
CUST_PZ5DCAY2HS,0
CUST_X1WXVIEI37,0
CUST_GM9SMEVVW5,0
CUST_WS2DH8YYQY,0
CUST_WQEV1Q96QB,0
CUST_FQVUCRN0YT,0
CUST_JV5Y95G0J3,0
CUST_Z738Y1MZOU,0
CUST_MUWMY1BQGE,0
CUST_Y5VVMF7T4K,0
CUST_X5EC7YY6NQ,0
CUST_XFR89IJS3B,0
CUST_PR23D0NZ9H,0
CUST_5LJD1UJZ7G,0
CUST_S1R1XZ3W8Z,0
CUST_DJBD2LMG9Q,0
CUST_4L2J0KO38H,0
CUST_MXQYXZXXMA,0
CUST_H61UGBR211,0
CUST_OS7PUT5O8R,0
CUST_W1VI3YMAP9,0
CUST_EINVO5RQ10,0
CUST_06XNZBIHQ9,0
CUST_QNMLIEOD4B,0
CUST_4T1ZCDB6G1,0
CUST_VO04PU5AFZ,0
CUST_40CCA6TYFY,0
CUST_GL86MCIUIX,0
CUST_GHK2XUP5DD,0
CUST_WQ8ZFMV93B,0
CUST_5ZS4VQJ1TX,0
CUST_L8RSXZ1VUI,0
CUST_GV8I1CKBCV,0
CUST_WSOVZV8KOT,0
CUST_6MD0WFGN1C,0
CUST_6K9NEJWTMM,0
CUST_258R76E0T1,0
CUST_K82TJJ7IZU,0
CUST_81AE0T24O0,0
CUST_YKO3PYMMFD,0
CUST_B355TYW124,0
CUST_9TBNHFZ460,0
CUST_2KF561THF4,0
CUST_83NIL8I1NV,0
CUST_PK819LFE01,0
CUST_YPCO1QHI7P,0
CUST_OJUJAW702W,0
CUST_EXL9UOGWVH,0
CUST_FA8N1LJ1UW,0
CUST_0MSEU5XFYQ,0
CUST_8L0AM2X8B8,0
CUST_VEW29KY264,0
CUST_SPUD25EX80,0
CUST_SPK42NQUIC,0
CUST_KKN3G2DYEW,0
CUST_W9C1SZUTLV,0
CUST_L5H2WV9YIP,0
CUST_BN0AGZ98P9,0
CUST_F9INADRBU4,0
CUST_VDGVLJ6KLJ,0
CUST_R777KACUCJ,0
CUST_6OVE1PXY1W,0
CUST_BLYGEFREVO,0
CUST_A7YUXKCTFY,0
CUST_VP8XEVM43T,0
CUST_D7P900LIPN,0
CUST_DUOJJOCFRU,0
CUST_Z7ROW7F5K5,0
CUST_VXUAPACGM8,0
CUST_VZSENKMUG5,0
CUST_3K2AEGXKNJ,0
CUST_IR4LGZP6CB,0
CUST_SMPVNPQ08D,0
CUST_7GX74E9CR8,0
CUST_Q8X3TUKV5E,0
CUST_IMJN3XU1MK,0
CUST_YDLKD30BZF,0
CUST_PWK8PIK2A6,0
CUST_BCXZZVAZ7A,0
CUST_MECEPCQZ07,0
CUST_MR790FEO8I,0
CUST_N2V4VV4G2H,0
CUST_WD50WGSDF6,0
CUST_6NWVTMHSY4,0
CUST_M0J03U2NU3,0
CUST_GSKOPE1L3F,0
CUST_O53TYHANK9,0
CUST_8SDU33QV1I,0
CUST_MB7IFE1FRM,0
CUST_RMHWP94TUJ,0
CUST_4OOCXA2CGJ,0
CUST_59M0A5MA3T,0
CUST_ICD6TUQN2A,0
CUST_MLDIB88LFQ,0
CUST_NZLS6T04FQ,0
CUST_0E6FE7NBM2,0
CUST_DF3JA2K3ZE,0
CUST_UF98F6SGRM,0
CUST_E3K9OKKFZM,0
CUST_RGCC59QLFK,0
CUST_5L1HQK2YTV,0
CUST_BUC3FFJE7I,0
CUST_JQQ51X0AI1,0
CUST_TLRPEBQHL3,0
CUST_VRJDNS0UJT,0
CUST_ZALIM9T2U7,0
CUST_Z7ZQDCDOKV,0
CUST_8A7Z6EB1GD,0
CUST_CP58SWVI30,0
CUST_SLMAYJQI13,0
CUST_IWIAYO2A0Y,0
CUST_04IKL7OGX0,0
CUST_FOMKKLX7XY,0
CUST_3SXMTJVHIO,0
CUST_JJXB80I61P,0
CUST_0WMTIG7KBY,0
CUST_PKCGYKL9AI,0
CUST_H24EQD1Z8I,0
CUST_OMQZTR13T1,0
CUST_7ISSU46WBA,0
CUST_JAVXNOZRNC,0
CUST_Q2X14E7SKR,0
CUST_IJY9ZYY5ZS,0
CUST_FRDX3RN49K,0
CUST_URK0RPEZ8U,0
CUST_TX1NXESC1K,0
CUST_YBYYLLCT0W,0
CUST_RSX64Y7ZVD,0
CUST_CJV2SGULLY,0
CUST_6171MGS8OE,0
CUST_7K92BF49KE,0
CUST_M3IPEH387Y,0
CUST_2YOQWRBBPX,0
CUST_BWS6YNC5XF,0
CUST_0SEUOOPQVW,0
CUST_JFBK5N6E26,0
CUST_K7AMDAOMCK,0
CUST_H6K9594NQW,0
CUST_LXTCP7MMOS,0
CUST_LYG5AMZW35,0
CUST_KH2VYST6R0,0
CUST_C3NMNILM5W,0
CUST_EB0AZ6LJ25,0
CUST_79H5ZVPRHW,0
CUST_G8LEYTCUZC,0
CUST_13OPOS19H3,0
CUST_CQZJUX0OFT,0
CUST_VYNDPL64R9,0
CUST_HP2VS6HTDY,0
CUST_DBO13SR8WY,0
CUST_XZKJJRH8QR,0
CUST_DMU0IWMYZE,0
CUST_RWR8DYIX0Z,0
CUST_84CR1Z0NMU,0
CUST_S1W25FGBMS,0
CUST_3NZLTQ030U,0
CUST_KXAAHVWQKR,0
CUST_WP72NCAOE5,0
CUST_SGLDWWVFVX,0
CUST_EX2JKLST3K,0
CUST_EOG1BX2AUJ,0
CUST_Y5I9FHPEEP,0
CUST_V76DYFQ7FV,0
CUST_2X2ATTEGJ5,0
CUST_KLKUZG2EBP,0
CUST_J9OA64JSB1,0
CUST_EUM6FGTKBU,0
CUST_AGWVSKECWK,0
CUST_ATU4H4PJBO,0
CUST_7Y9RHKBUM1,0
CUST_3Q7LCWKRC4,0
CUST_GUYVK4M9G2,0
CUST_44OXXBHK2H,0
CUST_PGWAD3X5X6,0
CUST_L8TL5LH0LL,0
CUST_53MZ5GZ9PS,0
CUST_O2M92WTKPA,0
CUST_E3H7U7SB93,0
CUST_D1P1DHTJIT,0
CUST_24RAO5RR5H,0
CUST_SCLIOU47UV,0
CUST_O5DZXN27SJ,0
CUST_Y8Z4824RMS,0
CUST_47TOKAQYMI,0
CUST_PAPWGRSE6R,0
CUST_71WMP58UXQ,0
CUST_XWW5DHEBCN,0
CUST_I4I2HDUPTC,0
CUST_ZAMX8PW9TW,0
CUST_SNJZGMG876,0
CUST_7SC4ZCR0KL,0
CUST_EQHM7TRRR7,0
CUST_YR0PTINO6Q,0
CUST_KCK2XN44AP,0
CUST_40ZR5LYINZ,0
CUST_9F5UQ3GPW3,0
CUST_2MYSYIM9GY,0
CUST_0N1JA12BWU,0
CUST_LC73W0RM3J,0
CUST_2NKB13E6PP,0
CUST_1RUX2SO1AB,0
CUST_VIJCAF5AW1,0
CUST_R37GIURS2D,0
CUST_XJVY3SK8P6,0
CUST_CNOAN2JRSR,0
CUST_W6X2DIRETB,0
CUST_2H6LWA30GF,0
CUST_N2OH0P1S89,0
CUST_S89X6CNF8G,0
CUST_GGCDGPH8QY,0
CUST_YV05I7N89U,0
CUST_BUW4Q07G6R,0
CUST_E6JF7Z5QU4,0
CUST_QM82KURW4A,0
CUST_1FHULLWDZD,0
CUST_ALOPZ3J87T,0
CUST_2NQTRRHM3Q,0
CUST_395ELBDN5L,0
CUST_0WNBPFD8F1,0
CUST_Q0PT7XWVUO,0
CUST_4UU934F3ID,0
CUST_988I6MPUZ9,0
CUST_A9FA1HA2GH,0
CUST_CCYI6JAEKE,0
CUST_QZ85S1LX73,0
CUST_MSV58J4X5J,0
CUST_Y89EYW0FW8,0
CUST_0WACBEK4KF,0
CUST_B1042S1UY2,0
CUST_GKFAN13UL6,0
CUST_JVWMMMERKU,0
CUST_5JDPPPGLZF,0
CUST_7NYJNGARC1,0
CUST_XTAQHTMBX5,0
CUST_W3TQ9TELN9,0
CUST_I2FNALGSNL,0
CUST_7APQ4CVGFF,0
CUST_1PYEADM28O,0
CUST_IF45FDMZ30,0
CUST_NBU6U78A48,0
CUST_ZNAS616DGN,0
CUST_SN11PZ1ZU5,0
CUST_04GBTJAO6X,0
CUST_7UCU9VIKC1,0
CUST_6CEBYFDERG,0
CUST_2SGO4VMH3D,0
CUST_XBJ2CVJ6PF,0
CUST_VNZV05ASFE,0
CUST_DQPOJE8WBP,0
CUST_GZS72L9BZ3,0
CUST_P03D9OWAPN,0
CUST_VPKCWCDXD9,0
CUST_D8T94FAYPH,0
CUST_SN2DSEYMPH,0
CUST_HYJCGF5DEZ,0
CUST_86P5U4XV0S,0
CUST_7HKVPPO8ZS,0
CUST_1KQHKO948S,0
CUST_2YFQP3AJ1Y,0
CUST_EJ2A4F9LKM,0
CUST_MECKLZ67GS,0
CUST_GOUQVCOXWJ,0
CUST_E1XDF0VV60,0
CUST_SOXSVL13ZC,0
CUST_2NCYGBKSEZ,0
CUST_7CNV8AYW7C,0
CUST_T1MMCOQQJ5,0
CUST_C983L16DIF,0
CUST_ECWWY0FR7V,0
CUST_BY3563CM2R,0
CUST_7LOHVT5Q46,0
CUST_SLYI3I0TLB,0
CUST_42BV0A8V1X,0
CUST_DB5JJZ6PF0,0
CUST_8YKRAIZGOU,0
CUST_JPGD2GVKZV,0
CUST_JEZVMXKTTJ,0
CUST_F80L438IS1,0
CUST_67OV66AV8R,0
CUST_7FZ5KGOSSI,0
CUST_SGQKGZT5YI,0
CUST_UMZPJIRI82,0
CUST_6D25U5J2AT,0
CUST_DZJSQ5RIQE,0
CUST_JZO3CKTX06,0
CUST_A7B58IR1EX,0
CUST_PWIXBPJ6AL,0
CUST_VO3EZMI5O4,0
CUST_PR0OAJ976K,0
CUST_PP9XV156EJ,0
CUST_T9HK4LGASB,0
CUST_Z9SUR7J2TG,0
CUST_HZAK82YMB3,0
CUST_RRAO995FL6,0
CUST_FLAJHI8N9Y,0
CUST_K1BBNFUZ8K,0
CUST_JNU0WN7BL3,0
CUST_4ZXI5IF07G,0
CUST_AXAZ1NB14L,0
CUST_AZD5HNQ03U,0
CUST_CG7H0P3QSX,0
CUST_7754A8KR6L,0
CUST_3K2QNA6B2W,0
CUST_T2J64OY4F0,0
CUST_YI23LODN4N,0
CUST_UHRWVWZPQW,0
CUST_XE6EXKWE86,0
CUST_6VJMEV79NF,0
CUST_S5IPLTAJ8Q,0
CUST_8MUKNL9MZM,0
CUST_GNXM8XDMMO,0
CUST_PYAW3YZNJH,0
CUST_UQG2H6C44E,0
CUST_NQ80LQMPJE,0
CUST_JWRSBQ2LXL,0
CUST_HZMN1AKJ2Z,0
CUST_M5XMYH61ZF,0
CUST_198OGX5D2X,0
CUST_84I5ZKZGTM,0
CUST_5G0XZ1672B,0
CUST_FUE73C7EAP,0
CUST_DLIRYKOIGN,0
CUST_42BJBFAWSB,0
CUST_46EXBGY2RZ,0
CUST_F2W5XXQOH6,0
CUST_FJHN1VC3VV,0
CUST_F766P4TEBY,0
CUST_3QVQNT7JK7,0
CUST_CQK0XHSWV1,0
CUST_1XSC4HXXGH,0
CUST_LQ5G694J9W,0
CUST_DR34D9F54E,0
CUST_WQXWBA1YH8,0
CUST_50RAA574AR,0
CUST_V9P98063SO,0
CUST_8T9A56ZYK4,0
CUST_Q0LFP7K3QC,0
CUST_JN7NPHQHJ0,0
CUST_RV0GDL6H2E,0
CUST_M0L4M6P77H,0
CUST_1C6CR67PMM,0
CUST_LDOVRC5PSP,0
CUST_7I8BOAWRO8,0
CUST_RZE6U6DKFK,0
CUST_AJYA8V93ZD,0
CUST_8RRMYJTWUK,0
CUST_TTESDN8P7D,0
CUST_H8RVE17AD4,0
CUST_YRMC2ZCXSR,0
CUST_4NS859NDBH,0
CUST_NLKRSV00GS,0
CUST_M9YSEHVYSX,0
CUST_1T51D4NJWU,0
CUST_0ZJ8MNMLC1,0
CUST_O17U9A9P9K,0
CUST_VNQJUB0UFZ,0
CUST_03XEBT1WOB,0
CUST_MXSA9RE2K5,0
CUST_20ULQRML6Z,0
CUST_GY3KRCG996,0
CUST_FMAVEZUXAP,0
CUST_01SH5SY5A0,0
CUST_MSA11AV1AK,0
CUST_D0KSQPF978,0
CUST_SWFMRZ7CFW,0
CUST_SF2ZBY3BBT,0
CUST_BMFNJ5X77W,0
CUST_IGRA299CB4,0
CUST_CQ4GVUU2TA,0
CUST_XUFGVX1T2U,0
CUST_6OMY2J491K,0
CUST_KPQBQLV093,0
CUST_GT81WJCWWG,0
CUST_Q9J1SEPXJM,0
CUST_7DRV7TKT17,0
CUST_3EZHG8TSP5,0
CUST_2714VBY77M,0
CUST_BVGTSO2J4E,0
CUST_4W7VN2DTGD,0
CUST_KWYG7LK99Y,0
CUST_EHA3K82TM4,0
CUST_LDDI9GRF0J,0
CUST_97XJDS2LYD,0
CUST_3FC5YHUY09,0
CUST_MV2BBCYFZ2,0
CUST_58XLLG97PZ,0
CUST_4BWEMFB59A,0
CUST_OROOMLR4NS,0
CUST_9E9WTB620A,0
CUST_IOFYLO35Y6,0
CUST_7INJT29DMU,0
CUST_2PLSQ92OR2,0
CUST_11QMJFKNTN,0
CUST_90W9J4QUM1,0
CUST_0KVLGY3JHZ,0
CUST_3B09KQMWBG,0
CUST_OGXHTYTXBK,0
CUST_M5ZKNAX2U4,0
CUST_P55RITL7YF,0
CUST_N40EBF9UEH,0
CUST_9EFOQZJJ9F,0
CUST_DK7SFWU2I2,0
CUST_0FKEJEISFA,0
CUST_R2MI28ALM3,0
CUST_DWSCT3F43G,0
CUST_NI6OI87LTZ,0
CUST_ZEFHJUXEUJ,0
CUST_262TDYNRDP,0
CUST_VTJVGJUOZX,0
CUST_QN33961K7A,0
CUST_LZ9EXV0FP5,0
CUST_GI7OEK2R1Q,0
CUST_JADKNLS1UC,0
CUST_S5DI9FRNRQ,0
CUST_ABZ6PAO4BL,0
CUST_L9ZQZX33GM,0
CUST_VV2JQGGDWF,0
CUST_G8CQJUMNQV,0
CUST_61ZZUEFKQG,0
CUST_43EBJ862WD,0
CUST_U97CRKPEJX,0
CUST_AVCOIPOBA1,0
CUST_GIQSP1OP29,0
CUST_MVY6BVCCH4,0
CUST_08I3OAD4XO,0
CUST_D3WN089NAP,0
CUST_ES5YGKLRBC,0
CUST_LB68WBXK8U,0
CUST_B1BQGFWNJR,0
CUST_JM6FVJS4D8,0
CUST_2RHIEBFIFX,0
CUST_1MDIYMROQR,0
CUST_25U03N3AJM,0
CUST_WDPN6WXLC4,0
CUST_HT65TC9MNK,0
CUST_NZ9JSLYT7U,0
CUST_36276BGJSL,0
CUST_9NYXVLF508,0
CUST_CU6ZW7G09E,0
CUST_WV3ZL621C0,0
CUST_PA13NEXCDV,0
CUST_PQGF7Y5JNL,0
CUST_KDSJYR13X5,0
CUST_0UCSJ745T0,0
CUST_ZABULSE64I,0
CUST_KAQKUHBYP6,0
CUST_G7O6G3MYDW,0
CUST_LXTG62X69D,0
CUST_BYS2PBTD1E,0
CUST_S1F8P89KM3,0
CUST_CIX4LE63L8,0
CUST_50SCDK8HX2,0
CUST_36WTK9IATR,0
CUST_2MCMAOJCCT,0
CUST_62ML0ENCNR,0
CUST_XIDQ1DR4PG,0
CUST_Y7T63D5V95,0
CUST_9RV8JFO0KI,0
CUST_YN9I3EENQ9,0
CUST_U02GRC9KUI,0
CUST_BOMUKKT45V,0
CUST_0ODM24UHQP,0
CUST_KI2YR58XI5,0
CUST_RBNSRCNFX9,0
CUST_UJJIIT9SQ2,0
CUST_4J9HHM0YKO,0
CUST_EZRE2F5GA3,0
CUST_NRA3ZSCICA,0
CUST_Z1WBYY70R3,0
CUST_TAUKOAXR99,0
CUST_75O1ACY46P,0
CUST_3G45IPQBN9,0
CUST_7BOWB46UN3,0
CUST_I9X60FPPW6,0
CUST_J9GBN41Z1P,0
CUST_OFDI3B18HN,0
CUST_VQO6QOHU66,0
CUST_5OAB8FDOGY,0
CUST_4AW7W4FPQT,0
CUST_L3UVZITMT9,0
CUST_B2JMSK1Y6W,0
CUST_K1X4TW1WOU,0
CUST_9U8EWL4BI4,0
CUST_NGQN6F2FA8,0
CUST_RUDZV1GXUT,0
CUST_1U4LANCRZ6,0
CUST_YSN9VPJY5T,0
CUST_P3WPDWHFHU,0
CUST_G83PWN49H6,0
CUST_G0XLZVBYVG,0
CUST_LV7MA9IHGH,0
CUST_CZXR2CCASH,0
CUST_O5N373SJO0,0
CUST_L62W7ULK52,0
CUST_U14EOQ8CES,0
CUST_G3RPCOO8IC,0
CUST_TJU1YJF4B8,0
CUST_1J4KF24L3O,0
CUST_5GTS0AQ8XU,0
CUST_23XLQSMXKX,0
CUST_VXGKHSZ4M1,0
CUST_K9A5S2AGPE,0
CUST_ZGEWDX3ER4,0
CUST_V9JFE9LPRG,0
CUST_IP7YPPK3KP,0
CUST_X0HSGXM1VT,0
CUST_SP4KQ1L3FD,0
CUST_SFQWZK4G3H,0
CUST_0NXFYPLDON,0
CUST_35ZVWOGOFD,0
CUST_A663ECJOAB,0
CUST_BKYK8K64GN,0
CUST_MEX7SI60EB,0
CUST_CDFWDC9AOR,0
CUST_1KCDQXSENB,0
CUST_REM10A0E5A,0
CUST_NHEQ87AD2I,0
CUST_7XAPSC7937,0
CUST_6HPUK8U5TT,0
CUST_ZC6K0V0DQS,0
CUST_4E9XQZ0ZZC,0
CUST_UNSSEM0VPX,0
CUST_Q78OEXBVPF,0
CUST_87MJ321IBJ,0
CUST_8K0MU2WFSP,0
CUST_MQQS5FPEQR,0
CUST_ESN7INGOGT,0
CUST_H379YEWIHC,0
CUST_P7Q3DYG1UQ,0
CUST_A9UP8W75T8,0
CUST_DTVFHANU9M,0
CUST_K2ECJKQIUL,0
CUST_PKPYIZ48LU,0
CUST_E4O5ZNK1PP,0
CUST_HTK1Q6GLIQ,0
CUST_YK4BNSMF0I,0
CUST_XPBPS94V4U,0
CUST_XC63C1O9NX,0
CUST_S3Y9UNLXFM,0
CUST_GQ5WG8NJKX,0
CUST_BQKV1WTANR,0
CUST_GWMA7ZY3M2,0
CUST_HNY07MGZOT,0
CUST_6AY7MCY57K,0
CUST_KXR5SEWTB7,0
CUST_LFV1IKFUJ7,0
CUST_JSUQO3MDRR,0
CUST_0DA8AXFCAI,0
CUST_8HV8RPR6WW,0
CUST_Q9370IDWQ8,0
CUST_5PUNMS4M7O,0
CUST_WNYGYVX9NC,0
CUST_1JHUEIKSJH,0
CUST_5XHF29IZT6,0
CUST_NZ8B9HZJKQ,0
CUST_TTA5E2PMZV,0
CUST_TFDP82THKU,0
CUST_QZNELPNUTN,0
CUST_G6366R0MCN,0
CUST_3OZ8NBAMTM,0
CUST_2D55I97H4X,0
CUST_4KM4A22KDX,0
CUST_E72NGKQEDO,0
CUST_NALV54YV1S,0
CUST_FRZ496ZTZA,0
CUST_DU8WD6CQJJ,0
CUST_V9AOZDNGCO,0
CUST_MUSXHW1CRH,0
CUST_N707T4SX2B,0
CUST_VHCL4Y3RN1,0
CUST_8P6N9LWA2I,0
CUST_HKKY29UW36,0
CUST_TD035PY97X,0
CUST_W3V682AFVU,0
CUST_AGANI20X9O,0
CUST_5BJRIS4G2T,0
CUST_K5KSS5US8H,0
CUST_F7IGRYC81C,0
CUST_DR0JF05SJA,0
CUST_LNQYBLC4KJ,0
CUST_Y71ASZYPNK,0
CUST_KOINHQRARE,0
CUST_1E6GCVPCJM,0
CUST_A5PSFBLIJY,0
CUST_6I2SBX6UD9,0
CUST_T98VF58APV,0
CUST_PR6LF0FOZN,0
CUST_9FPKYD12FS,0
CUST_2ZS83XN5NY,0
CUST_D1JOC9MCBJ,0
CUST_JV5W7WK5I7,0
CUST_99E6BNQ6SF,0
CUST_U9QH4EZGYD,0
CUST_O3TDXWBBF7,0
CUST_ZTIE43LCLA,0
CUST_6F1XAE2KEQ,0
CUST_PFY491UF8L,0
CUST_NRXPSIEKFP,0
CUST_PGN0KIEODO,0
CUST_2W2PM7KZV5,0
CUST_3C80F4RVB9,0
CUST_HB6N3VRD73,0
CUST_EVW2K5WEFV,0
CUST_9EL5X6D7ZJ,0
CUST_QOA2M31OA9,0
CUST_1YW872VA9B,0
CUST_PYK3FLPBS1,0
CUST_PB6X6IBRZ0,0
CUST_ESYSECP21O,0
CUST_UPLLTHH4U5,0
CUST_5T6QCIOC2Q,0
CUST_NMY69GQUAZ,0
CUST_8X4NGQGI74,0
CUST_HHROCN9RPB,0
CUST_GZJ8TRJDZV,0
CUST_4G9OQ1IUBF,0
CUST_APC4FDC0J6,0
CUST_NJAOBM5O51,0
CUST_59VY8QX6BZ,0
CUST_QHQ000XBFC,0
CUST_GYPIN14V8R,0
CUST_1932379J87,0
CUST_0PYHY5DMCK,0
CUST_NEHVJE46S9,0
CUST_YDAFNWFX97,0
CUST_A3E7J71549,0
CUST_T08BJL4DZL,0
CUST_OCW9IKU0SW,0
CUST_FZO3P33U1V,0
CUST_JQIDMYSQQV,0
CUST_NK12TG1SZZ,0
CUST_V0JUDCBHCU,0
CUST_WEO739CICF,0
CUST_JMNFV7C3VK,0
CUST_LZ5N0H75EQ,0
CUST_DB3V3ZL6NM,0
CUST_NZYPE0QLOV,0
CUST_MQFLL2M519,0
CUST_T2Y39ERK7P,0
CUST_T0V92TDR21,0
CUST_7VAK6TLF2Q,0
CUST_OY9KI3GHHO,0
CUST_8CSPEDUQI2,0
CUST_XXROBYCS9J,0
CUST_OMN2KJ9EW6,0
CUST_DBFUIG3VN0,0
CUST_RBJQO33IID,0
CUST_G0U2A6UL39,0
CUST_1PTQASKKY8,0
CUST_WHM0U5GXBD,0
CUST_3Y2DE7X87U,0
CUST_DR83YJ2Y35,0
CUST_LIKAL28AC7,0
CUST_QRST8NSB8L,0
CUST_MAL1P4P9FR,0
CUST_QTWZAYL0RM,0
CUST_NAMNHS4DUQ,0
CUST_PKJ6F8EVWF,0
CUST_RVFBIMTU9C,0
CUST_O82XLO5W8G,0
CUST_RKWR5O39P3,0
CUST_87SLFLZX8N,0
CUST_I3THYW66HR,0
CUST_IL3IA3MK87,0
CUST_GOPPJTH4LL,0
CUST_I2RJ0U3GN3,0
CUST_85XGONQJEO,0
CUST_FVYJKEL0I4,0
CUST_9PUN0HJ6PS,0
CUST_F4HZCA7FBW,0
CUST_S14G9MEZ2Y,0
CUST_00E24GZZ7N,0
CUST_BP45GK2JP4,0
CUST_WX6A2NDG7T,0
CUST_O0W06DUFJM,0
CUST_VW7DKK3NPB,0
CUST_HQH5OE7DJW,0
CUST_R52UP9QI46,0
CUST_ZBAXU8680Y,0
CUST_TIWM3BM56J,0
CUST_4JZEZYIEI6,0
CUST_U4U8Q027S8,0
CUST_V4LQY803E8,0
CUST_795HYZ8DBI,0
CUST_ZM3MDWMFNJ,0
CUST_NY854D47N8,0
CUST_8X9YUZ36V1,0
CUST_AYW96C695I,0
CUST_MBHXAZO639,0
CUST_NI6FUYL17S,0
CUST_FHMJ7O5EFJ,0
CUST_IXDNGXYUKH,0
CUST_06XLC9ZTJU,0
CUST_0627YUV5P7,0
CUST_01Q79TC9DX,0
CUST_WF0EQGOODZ,0
CUST_MAF7SP1FS9,0
CUST_RE2CUCS462,0
CUST_VUOJHLQXM0,0
CUST_EVYP610194,0
CUST_0XWLOKNWV3,0
CUST_QF6HFE0LQ1,0
CUST_LN52MJA39K,0
CUST_8XWUWNGWL1,0
CUST_F0YIVRH6X7,0
CUST_2ESQMNXRIA,0
CUST_YEZ995NNFT,0
CUST_ZDRB4DPYCK,0
CUST_LN3YUZP2AQ,0
CUST_F22Y2AZX92,0
CUST_HP5IHNBU4E,0
CUST_E2EIWC270B,0
CUST_C5R8QSDPXG,0
CUST_G8LVNRKOVQ,0
CUST_3HTHLXDJDX,0
CUST_U801K9A954,0
CUST_KAIHIR4BNJ,0
CUST_4A4JT4F8K7,0
CUST_FTBBHCQMXA,0
CUST_C1ZD5T22EF,0
CUST_EO463TL28B,0
CUST_BFNTIOPD8J,0
CUST_ZTBBVKGR4X,0
CUST_6XLMQBXUIE,0
CUST_HSE2XK7KQ7,0
CUST_ER97YZ5PVE,0
CUST_0I7VVLA9ON,0
CUST_I9EO3S9CXI,0
CUST_FP2VEO6JIJ,0
CUST_MULNSWXMT5,0
CUST_AK12R6IEI5,0
CUST_ZZ0KZMPOUT,0
CUST_MSZH8WQWRW,0
CUST_WT71F244FP,0
CUST_LJUVSC9GKU,0
CUST_4DJ9Z1EPZI,0
CUST_VONJPHQ1B5,0
CUST_NOQMWPAW67,0
CUST_GSZX2EIGHC,0
CUST_YU3CMR3XR3,0
CUST_XTUKC9EAHB,0
CUST_TA3PPG9RYZ,0
CUST_MGX83SPFM1,0
CUST_QIPLIKDJSU,0
CUST_Z62LPDVTER,0
CUST_OVHE2QKM9I,0
CUST_UHH9KI3F1Y,0
CUST_VY9JRM5TVQ,0
CUST_R1WZSAGD3O,0
CUST_AH9PCN3S4E,0
CUST_6WN5TF0O6S,0
CUST_N6Y6BTNKW7,0
CUST_CWQDHGIH3H,0
CUST_YNMU1IRYX7,0
CUST_L4LA01HCQ1,0
CUST_BTBVR23IAK,0
CUST_K6ODHQTI6R,0
CUST_GKDFXWDSCS,0
CUST_2GGX0FSMJV,0
CUST_2KGE9TLA3X,0
CUST_HOT9G3S9TF,0
CUST_L1RZ3EUPRO,0
CUST_PBGR3KNE8O,0
CUST_2DP97H5BEX,0
CUST_ME7CMWXQJ5,0
CUST_XF9O18U3K7,0
CUST_XC8UJHTAAL,0
CUST_72HQJFP5YC,0
CUST_SUQTJN4W8A,0
CUST_0HI7L8ICC2,0
CUST_JVUS0P0B3S,0
CUST_XIL2DGI374,0
CUST_4T7BFIDB83,0
CUST_A7P95WL3WG,0
CUST_TI18EOSF9I,0
CUST_MF9FJ5S4SF,0
CUST_3X51ZPVLFO,0
CUST_9C1VZWPMFL,0
CUST_5JXP08IYPG,0
CUST_ZUEHIQURZO,0
CUST_THAIXYBA4A,0
CUST_9ZTD9NCIXP,0
CUST_2ZB3GDZLCM,0
CUST_HC1G2VNNXA,0
CUST_VWKZPIPY9B,0
CUST_H5HLIZ66FS,0
CUST_MCRQYRB50Z,0
CUST_WBQFALDC8G,0
CUST_EW2FX7BE3W,0
CUST_J5AKB1I9JJ,0
CUST_HXM9HBC0JD,0
CUST_II7DKFS7MI,0
CUST_8BK4KWDOA3,0
CUST_MXTOVEDD5D,0
CUST_2WZY17CC0B,0
CUST_G58R9R6IHU,0
CUST_WA5N2PTXRY,0
CUST_8BFQTCMA4H,0
CUST_XEASZULPPJ,0
CUST_S62T2884EJ,0
CUST_7ZW42OXXBK,0
CUST_OLGIUW2LNF,0
CUST_GMDT0UYM0N,0
CUST_57VDCKMC8V,0
CUST_VLJ72DWKMO,0
CUST_CX698Q1IUQ,0
CUST_MENQ2H2JM9,0
CUST_1C5THY0M58,0
CUST_7OFGSUDGKG,0
CUST_JID735ZKJP,0
CUST_NZE5TD30ZV,0
CUST_8X2WVV9BAT,0
CUST_DT033MIHA5,0
CUST_OH29WLXWMT,0
CUST_QATKHTYROL,0
CUST_RNBUORTGVY,0
CUST_L0O5O9TTE2,0
CUST_I7JJH57X8T,0
CUST_8JTO5DDUTJ,0
CUST_NZD757JARY,0
CUST_MJDMW0E4O1,0
CUST_KX8SHJM7NR,0
CUST_GFJSN8N55U,0
CUST_KK1A8TDUXO,0
CUST_82MFEVKQTN,0
CUST_QVGV30A1PK,0
CUST_O5K3E7JJS6,0
CUST_AQTT4PE0SM,0
CUST_D3JG7OQB9P,0
CUST_SPZFCEBZBR,0
CUST_WYF9SXCCXD,0
CUST_IZOAMM7X43,0
CUST_S5F6RXLVF0,0
CUST_6J0CRE7BHS,0
CUST_85LZZ2X1Y5,0
CUST_KMODKEVG1M,0
CUST_064HK7MB81,0
CUST_61RJCW1Q1Y,0
CUST_OUOLHYT9JV,0
CUST_7YXOUF2DVK,0
CUST_HE6CPLWZ05,0
CUST_4EFC3FQXNZ,0
CUST_SX14WZXDJB,0
CUST_24NHHG2NBF,0
CUST_RI19RQUIAK,0
CUST_VXAD23CJB7,0
CUST_EJ9FK4226B,0
CUST_I3ICP4ORN9,0
CUST_UIBCPMXD3B,0
CUST_3PKWO1S4O4,0
CUST_OE1NHIQ9PL,0
CUST_EL3CKCMFKM,0
CUST_0YOOELRW9E,0
CUST_344A4XKO7V,0
CUST_FZJNTRLUZI,0
CUST_K6F6I5Y3YD,0
CUST_4V7BI33IJW,0
CUST_018WV908IY,0
CUST_BATLKQ17I5,0
CUST_E3OXSDU2J4,0
CUST_O68IDPKNKP,0
CUST_5LA8D5POS6,0
CUST_UA17WFML74,0
CUST_OQA3VRC67A,0
CUST_L87WCRXJ0F,0
CUST_O6E1GEKQA1,0
CUST_F9879M80GF,0
CUST_Y4AFOOCT09,0
CUST_7WABAZBNPF,0
CUST_20Z4OBUW9A,0
CUST_WCIEB4FKDE,0
CUST_XYWTPOV7JB,0
CUST_M60L8TDUUW,0
CUST_6H9XWMNJPM,0
CUST_0DQKK0MCVH,0
CUST_UDZRI8IFEE,0
CUST_UWJVGZ82Z4,0
CUST_JT5AI9JWRF,0
CUST_B36FLOUM5V,0
CUST_SDCIAG5LFV,0
CUST_VVB5FTVTIY,0
CUST_D492YO8R6Y,0
CUST_DYXM9H6953,0
CUST_PXQONSEOXM,0
CUST_VEUX2S6J3H,0
CUST_Z74WKV0LW4,0
CUST_3A8QY7I6MM,0
CUST_O0BE1MBZJC,0
CUST_XZXVT5AS8H,0
CUST_43W12BKQ7C,0
CUST_XVGSWGDF45,0
CUST_NE6YIKF03Y,0
CUST_J2R2YOSOW1,0
CUST_4QUOD1GDM6,0
CUST_P5UC7SYV36,0
CUST_LBAQRYDIY6,0
CUST_N2Q267A17P,0
CUST_4X58N414KA,0
CUST_6L0VX66ZIR,0
CUST_NKGPK8UQJV,0
CUST_8TAJUA3LUV,0
CUST_6RRO138L49,0
CUST_MKEN5QGCV3,0
CUST_W6Z9E9X9JC,0
CUST_55GZ8ONKZN,0
CUST_TQIOB02227,0
CUST_4OJRRS2HEO,0
CUST_E0M5GV9LPI,0
CUST_V207FKNMON,0
CUST_UQRIDFS9VR,0
CUST_55Y8MGD3I0,0
CUST_SRSQSAVBA5,0
CUST_UF6J27UEBF,0
CUST_INF355NARM,0
CUST_VQURG79UMQ,0
CUST_KI4RXECH2J,0
CUST_NM91H5P879,0
CUST_TCSVW56L3O,0
CUST_76WL6RMQ9I,0
CUST_H6W5DMRGOA,0
CUST_A04QY7047X,0
CUST_6E3DGZX4S6,0
CUST_KNJVPJ9U03,0
CUST_4JOFRYSW7Z,0
CUST_VNBU8XI10H,0
CUST_H6WI5FEKG3,0
CUST_FC5N0O7KJT,0
CUST_AC3B1CXWTR,0
CUST_8E6Q4S5Z2G,0
CUST_APE1UWI49C,0
CUST_J9HLVC6T9P,0
CUST_XZNWQORACL,0
CUST_F49EGU9OQY,0
CUST_0M173T5Y6S,0
CUST_WJIRUL27O9,0
CUST_PSWDZ5T5ZF,0
CUST_I2DJ8PZQ0M,0
CUST_TD2AFD8HXD,0
CUST_27699TV0ZI,0
CUST_L8E3JAWNMQ,0
CUST_1HFC66145K,0
CUST_I63CYMCR6C,0
CUST_LLKLKS5IV2,0
CUST_FTUTK3EY4L,0
CUST_J2LFOXXEQM,0
CUST_E90QHAJOE1,0
CUST_D78SZ2CGKA,0
CUST_EVP9DUU75G,0
CUST_3H2YJ28SOO,0
CUST_RZ5MIVP4VJ,0
CUST_UD5BQBI4HG,0
CUST_EG8JWUYJGL,0
CUST_94028WMWDK,0
CUST_D01G2O2HIO,0
CUST_RNLPIZ1HUJ,0
CUST_85QY44N614,0
CUST_T2Y0T5GBEM,0
CUST_3KPNSD4DQC,0
CUST_ZREPR6SJ2J,0
CUST_VCH0GQVO7W,0
CUST_FPK1P5O390,0
CUST_WBEAWT718Q,0
CUST_8JTTZ7JDU1,0
CUST_IFK9WZMSDS,0
CUST_PYDMZJB5KQ,0
CUST_PAD0SNZMCN,0
CUST_FZ26T5ZXBJ,0
CUST_RUFMZ3CN7M,0
CUST_URJYWRXSYC,0
CUST_1WHOEAUMNZ,0
CUST_G0COB1IJCS,0
CUST_FE1TIN7BLT,0
CUST_OE9KZYPCB2,0
CUST_J7AU86NCMC,0
CUST_8C3483E373,0
CUST_R8KIVXIV5Y,0
CUST_WOXC0K23EV,0
CUST_IDTAOGJP7C,0
CUST_3RWUCHOFVX,0
CUST_MV74WXEGV4,0
CUST_RS1J6RQMUO,0
CUST_SBXVX7H06W,0
CUST_SJ0LNMT5Z3,0
CUST_HHLQTG3V3A,0
CUST_DPXXS566X1,0
CUST_LLON2QEW6Z,0
CUST_BERJHR89MF,0
CUST_DIRKMN7YDH,0
CUST_Z73JC5ZVPD,0
CUST_A7YXYDJIFW,0
CUST_TROOSWH119,0
CUST_DI8CY8ZC85,0
CUST_BHVQ3AFQNY,0
CUST_6B2VMV8STO,0
CUST_1PIGLWIT8C,0
CUST_HUPD3LMX2I,0
CUST_KPLPWSXW8U,0
CUST_TFH0GO1NMC,0
CUST_AOT40IO5UL,0
CUST_LD8BWLPB0G,0
CUST_JXS443JZ9O,0
CUST_CC2JYYVWGL,0
CUST_PYQ1Q07A2X,0
CUST_G3S5DON76A,0
CUST_PO63OEKRDO,0
CUST_5YTXIHY20G,0
CUST_6DVINZO7ZA,0
CUST_KMIR3WNJXG,0
CUST_89F0HCVC11,0
CUST_8OVPFZD1NL,0
CUST_VGAN3819YZ,0
CUST_NV7QLC37Q9,0
CUST_N6MJFILGG6,0
CUST_ZL54D4N66Z,0
CUST_R1VBLHSQM1,0
CUST_ZY6KU7WBFA,0
CUST_DVO128OAZR,0
CUST_J3ESG51AMH,0
CUST_PIV2KZ7FRZ,0
CUST_LL95X54W5L,0
CUST_DWUW4KUMPV,0
CUST_42Q0QCDVHI,0
CUST_PNK2VKUWW3,0
CUST_9R69HAMEP6,0
CUST_YAHFUT6W5E,0
CUST_Y364AHRAJ5,0
CUST_CLDVTJS9VF,0
CUST_KAGA6T9SJB,0
CUST_7SZ5H0LA4G,0
CUST_W6F8IU47VP,0
CUST_DR4GIYU3QN,0
CUST_OIGUDNGYRF,0
CUST_8ME6A57CB4,0
CUST_7IT8WAYBIB,0
CUST_GWFH31IN2F,0
CUST_M34PRUUS3Y,0
CUST_LZIPMTASUK,0
CUST_D99ALEIYTL,0
CUST_I1FMSLPBNW,0
CUST_I5G7J96ZBX,0
CUST_XHFBJ7L0NM,0
CUST_0721X49C18,0
CUST_S2WA226K4A,0
CUST_XMF4K8ZRCQ,0
CUST_YNGT1WZ6XF,0
CUST_6G9XFNO8W6,0
CUST_TT8OGAKKXV,0
CUST_IUY3FZYWG6,0
CUST_NPRGO78ONN,0
CUST_7V91YCVICX,0
CUST_CCJ3WQPL8K,0
CUST_DADJ4AEY0X,0
CUST_FT3W7Q7LE2,0
CUST_H9FXV908RN,0
CUST_JDRU5QY44U,0
CUST_LBAI0JUQXE,0
CUST_CUEGG86NXB,0
CUST_1I5W54TD1O,0
CUST_FF4EF18UC3,0
CUST_R7O38GH887,0
CUST_OZN863KGJN,0
CUST_P0CY5HYU0J,0
CUST_OPT5YH77DI,0
CUST_6YW7A130VC,0
CUST_X9BSQ2YZNS,0
CUST_O2N5T3F37Z,0
CUST_JEFWYYSX0K,0
CUST_IQBVQU49K2,0
CUST_C4VEC712P1,0
CUST_D9ISPSF7SR,0
CUST_4FY3HRUZ0G,0
CUST_72R5ZU2TZE,0
CUST_B4YCCLO4ST,0
CUST_2PXTIUJ74T,0
CUST_6R8HIADJMA,0
CUST_0T7DAI7NW2,0
CUST_AKD9BCTWOH,0
CUST_H4NXQ30VVC,0
CUST_4QF24J2AD0,0
CUST_JOHPX76GVY,0
CUST_P4SY413RRP,0
CUST_RNO5A0W5WU,0
CUST_IQVN8X3JDG,0
CUST_F5I6FV443R,0
CUST_V10BC6BUB0,0
CUST_EL5SFSHVIS,0
CUST_R5EFADYKTN,0
CUST_OL9FK587BR,0
CUST_W648TJ6JNA,0
CUST_LCHWNA82SU,0
CUST_9GRWOU9Z9L,0
CUST_8YWKCTMAHC,0
CUST_N1D64565WS,0
CUST_4916UWR667,0
CUST_JE2ZCORO3V,0
CUST_ZRTBQI2SHE,0
CUST_OS67TZ4BTN,0
CUST_SXI0QDNV27,0
CUST_Q48HOZJ56Q,0
CUST_1PHYZWF569,0
CUST_E4QT4LXYIV,0
CUST_559FO5D8IN,0
CUST_OGMBE5HEKY,0
CUST_SLVNH2KOXW,0
CUST_NPPBSOUMSX,0
CUST_VOA5NZMOE5,0
CUST_5S5HPHPBXE,0
CUST_OFTIB6PZPU,0
CUST_YMYJ51BNLU,0
CUST_LBQTDYUQQH,0
CUST_0BNKW0QMNA,0
CUST_MELOAJDTX6,0
CUST_298HK81B44,0
CUST_6C3T2Q29TA,0
CUST_WTZFO42082,0
CUST_MN0HISO6ZY,0
CUST_G2WVTI80LR,0
CUST_7YHUUPQYMA,0
CUST_4LXJHTH342,0
CUST_HYE0AJHN0P,0
CUST_W935RAKGE0,0
CUST_0ZL4U1K0AJ,0
CUST_E3UEV63V34,0
CUST_6ZQLGB4K6T,0
CUST_VRPZ7SDP4A,0
CUST_T1ZHUZ8Y8G,0
CUST_Z9WJ943SPM,0
CUST_FH6BWM4PXS,0
CUST_BV3P7UN9EL,0
CUST_1ZXZSLT68L,0
CUST_6N2GGWINCU,0
CUST_A6ZRYP1G9K,0
CUST_2NKZ9RH7R6,0
CUST_EYL8HYJ2VO,0
CUST_AT40XD8HWO,0
CUST_0DW4BR9MC3,0
CUST_5JPYJW32GC,0
CUST_XJYNPR78SH,0
CUST_YH8KRZYPK7,0
CUST_NIXP6ZGRFE,0
CUST_5BKVUBZI2Q,0
CUST_LO58CYXJ8F,0
CUST_F35UR4PQYW,0
CUST_V6J0TYQ58T,0
CUST_Q6YKOE4WGJ,0
CUST_IDCZDAJANR,0
CUST_ZJ4VEUATXV,0
CUST_9BI201NS95,0
CUST_BGUIB0LHSA,0
CUST_HZYGKXDHI4,0
CUST_MMRSDZP50T,0
CUST_5F5LTMYXKL,0
CUST_VU4778OQ3A,0
CUST_2AFPVSAUE4,0
CUST_SPC40OW806,0
CUST_VFV1IMVZ75,0
CUST_JSGJ4GLHDX,0
CUST_I9SLTDPIGY,0
CUST_TV4J911N06,0
CUST_Z6K1CDRVC7,0
CUST_WENLIEP366,0
CUST_ICGFJANE5L,0
CUST_M5DQ1XBII5,0
CUST_B2ZELBFEIX,0
CUST_G3A0HLXTZN,0
CUST_YQ4CUU3K15,0
CUST_QBGC5X50D7,0
CUST_KWEF2XSA8M,0
CUST_BNM6KA9CLM,0
CUST_F1X723L936,0
CUST_SJFBLCRMZJ,0
CUST_3DEIHBZPLM,0
CUST_N05M5YAQWP,0
CUST_FEASVNLCF9,0
CUST_7KQ5CPX1R8,0
CUST_GH0UEPK8ZV,0
CUST_CZK2CA07KD,0
CUST_FT906SQDP4,0
CUST_CKGNDHL0NE,0
CUST_3VX4XP6Q0M,0
CUST_O9RDZP0F7C,0
CUST_644GY7H5YL,0
CUST_G69ALJ58E0,0
CUST_JY43CPX89E,0
CUST_A0FWLYWH0I,0
CUST_K710YP8H6E,0
CUST_VAUM33UWN6,0
CUST_AYMJYEUMZL,0
CUST_QKV72G9RGJ,0
CUST_NSTWOP83X5,0
CUST_TT56IOGUTN,0
CUST_521PJVUDKD,0
CUST_PKNG6Z5S9Z,0
CUST_DCU8TYX7DA,0
CUST_SN9O94GT8G,0
CUST_4BJLONCXWZ,0
CUST_ODXXH4A8KQ,0
CUST_Y6EB8HBIEK,0
CUST_C1XMWPGL4M,0
CUST_JAC0OWUK22,0
CUST_PY2S6ISNN0,0
CUST_2R9SGOI3LU,0
CUST_WVF24P0PDV,0
CUST_S8VG625B44,0
CUST_ID9IBTN02F,0
CUST_TCB0G51JKE,0
CUST_ZCC33LA3SE,0
CUST_HYVNUKHYPP,0
CUST_9DR9XMFJ88,0
CUST_AIAZYU8R5U,0
CUST_8N3M0W92ZK,0
CUST_MSA495K9NI,0
CUST_0LBTG1P6ST,0
CUST_EEGSTFQC3X,0
CUST_2NLBS96PQB,0
CUST_VO1UN14I71,0
CUST_F6C5MPKS7Y,0
CUST_GNNWEVIMW9,0
CUST_9XWMBCEMRC,0
CUST_3S26697CH0,0
CUST_TPAVNH0WWY,0
CUST_J1CVLJB637,0
CUST_XR3QXFO7KY,0
CUST_Z0JVE0YK14,0
CUST_AN36GK9800,0
CUST_TCZ7FVROLV,0
CUST_W1UXWJHU23,0
CUST_OSRI0ALEFF,0
CUST_BXV09ZG2XU,0
CUST_U7DPF5Z7NV,0
CUST_KVPM3R7E4U,0
CUST_73ABTBCVYM,0
CUST_TMG630XHX0,0
CUST_SFJNAMFQMQ,0
CUST_TDXN12HZA6,0
CUST_4R2CTX461I,0
CUST_W75HVPBQLX,0
CUST_87JVEOD7HZ,0
CUST_IOB7UZ39P1,0
CUST_EYGEZ58YG2,0
CUST_L6PFSW5U42,0
CUST_F301GUK3G1,0
CUST_OOZZ3W0HD4,0
CUST_MDS3XBU805,0
CUST_7D3NE2GKCB,0
CUST_MPUD85JJVK,0
CUST_4A3CWWIUNW,0
CUST_EZ6UQD278O,0
CUST_0SYF96EV4G,0
CUST_82RJQMK2HL,0
CUST_0GJ7L6XSNU,0
CUST_D92PO8R59Z,0
CUST_NJT24FRU3N,0
CUST_AC9U60YR2K,0
CUST_GHF8Q5USQ2,0
CUST_QXSZOZYQKT,0
CUST_Q06SXHWG87,0
CUST_30UWUQPVGP,0
CUST_VZOIPL71M0,0
CUST_06ZUIK9OHN,0
CUST_9GWBV4BDKW,0
CUST_ASZJRC1JGG,0
CUST_PJDYEWIZC0,0
CUST_01RVPGVSP6,0
CUST_CKJDNT0DON,0
CUST_RBW2QPCM5K,0
CUST_0AWCNU7RF0,0
CUST_NJTWLLE8DE,0
CUST_ERFBFPYYNJ,0
CUST_KVOXRRANDU,0
CUST_RSIT2XIYMG,0
CUST_C547AG2AO2,0
CUST_01M7P86O53,0
CUST_3C5QSYRJWL,0
CUST_HR5RTA9Y2T,0
CUST_CJG8MPQFGB,0
CUST_0H2425H9SB,0
CUST_3IXG1IZM7J,0
CUST_6MD3I94NR2,0
CUST_JDKIHGXLUT,0
CUST_TOL79UK88M,0
CUST_93BWHQI6EW,0
CUST_Q9HZXM8XQG,0
CUST_MBTIM6T1UK,0
CUST_DT7TAZMRM1,0
CUST_O85Z2RMIKM,0
CUST_2SIJVCFCPJ,0
CUST_NUVXT6ND0O,0
CUST_220V7U9O1Q,0
CUST_J3X2GGHAPU,0
CUST_U3OQOVYRL0,0
CUST_GQMYVZOKNQ,0
CUST_D1M8NA5CUR,0
CUST_RW6F7SD8FM,0
CUST_CG7MT4GRP7,0
CUST_JO4IF89IQR,0
CUST_R0BNMU6ZEG,0
CUST_E6LQBLIW9U,0
CUST_AMMIUZTQSX,0
CUST_1V1Q8OKQA7,0
CUST_UHYKXHVLGO,0
CUST_08WCYEW2WU,0
CUST_R8QXDEY8QW,0
CUST_DB2H37B2S8,0
CUST_ULMIMZOEAZ,0
CUST_JWDNO9FKLT,0
CUST_YQ9CL46JQ6,0
CUST_R80PDY7IJX,0
CUST_SN14PJKXLU,0
CUST_EFQQEH1A3X,0
CUST_QV48HMNMSW,0
CUST_2AN06AFDDV,0
CUST_PGVNBJPZE2,0
CUST_7496DMHEDH,0
CUST_LIAU77SEFB,0
CUST_XF3ULM6AJL,0
CUST_11W36O3NV2,0
CUST_LW7FO21XO7,0
CUST_5EUPXL8CL7,0
CUST_LX05LQ1UA5,0
CUST_XLT5JGX4JN,0
CUST_GE2A7URKX6,0
CUST_J3LUX3123Y,0
CUST_29D9EP8U3K,0
CUST_MEIMEAZVTO,0
CUST_CK3O6B7LZL,0
CUST_PG01B5VJN9,0
CUST_VM1XP4R9KI,0
CUST_7OQDL5X1E0,0
CUST_CNWHDV0OS1,0
CUST_YUGY2RYUQK,0
CUST_KFR2AJUKBB,0
CUST_OGYVEF0V2R,0
CUST_QLFIP380KA,0
CUST_7CYMHCNMAW,0
CUST_AFN1E33GCG,0
CUST_8MWV33IAFH,0
CUST_R42TDTZE6I,0
CUST_021FPCEVLG,0
CUST_AL3WZ6ZI1X,0
CUST_RINFY5GLDG,0
CUST_5L23CRLH6N,0
CUST_GE8TM0PJHX,0
CUST_RP8TTENPOB,0
CUST_VX9P6UU47O,0
CUST_FQGQ7SY77E,0
CUST_CQU6BKUYRO,0
CUST_NCNBCR8580,0
CUST_8RUKEFWNNB,0
CUST_SABRRULB22,0
CUST_VF1IU0PN5R,0
CUST_1118R1PTIL,0
CUST_RCKLC1GRST,0
CUST_GJIGFGFTCL,0
CUST_C8ZIGHAST7,0
CUST_ZLQJWI3K8X,0
CUST_AAYOSYEWXQ,0
CUST_AYG16POLKP,0
CUST_1IF5TAES6J,0
CUST_YGNCKJEW0Q,0
CUST_0JZDZCTPBR,0
CUST_UKQSUHBOXI,0
CUST_ARJQA2FFFO,0
CUST_0PL8BIWNWB,0
CUST_4Y1SULE7IL,0
CUST_2RYTYKEVG6,0
CUST_W0JVBXF8GG,0
CUST_DQJL6NLLRW,0
CUST_K13PN5OMWD,0
CUST_MPCSMEYU3L,0
CUST_09GP0LR1TF,0
CUST_3CVJ9GFC9K,0
CUST_LF50IYPNLG,0
CUST_9YRI0YPBXU,0
CUST_KB0STLDNNS,0
CUST_5WH64DH602,0
CUST_LJ8RTDRRSO,0
CUST_W1RAKA5OPU,0
CUST_GTU99Y3D2B,0
CUST_K6P04Q7E15,0
CUST_CPA4TG3AMD,0
CUST_LA8LCEOGY4,0
CUST_P54TYS7UI8,0
CUST_YN14ZBESAW,0
CUST_QKKC0IABCQ,0
CUST_QNFKTFJZW2,0
CUST_S85L222G4W,0
CUST_8F0RHKHWTO,0
CUST_3TVOOPWYR6,0
CUST_9G92GOEOCQ,0
CUST_7R1ZP4HNA9,0
CUST_4MT5KX3TSP,0
CUST_5FAUVVPAR5,0
CUST_MQGQUPWYV7,0
CUST_47RCQZGLT4,0
CUST_2WWRYCKWTC,0
CUST_0WJ7Q0M7PO,0
CUST_NNTRFO3XVY,0
CUST_YTCMLIH20I,0
CUST_ZOLHHR67LX,0
CUST_USLD38GP00,0
CUST_7AE0ARYVNY,0
CUST_4CASSAREWK,0
CUST_IAKF662RUJ,0
CUST_3XQE4457VJ,0
CUST_K3JMLE05GT,0
CUST_OQBQLUM0OI,0
CUST_VQX52866IK,0
CUST_JC2EYXSZG0,0
CUST_AR56CO7W0E,0
CUST_GL5ST2GZRN,0
CUST_X326G39WV7,0
CUST_PWR3I36Y8B,0
CUST_RUU1B0JLXN,0
CUST_67ET1HL3AF,0
CUST_W7SQRJ0LKK,0
CUST_XDEQIKJCB3,0
CUST_9RG48UG2CA,0
CUST_OIXWGNW9F7,0
CUST_DGV5R0JNA0,0
CUST_TR1DG4SJRA,0
CUST_ILEP50U04N,0
CUST_1I78MFEIPR,0
CUST_ZMW98VZLZG,0
CUST_REK3UWVE5H,0
CUST_NCZFOK7HKP,0
CUST_JC0RX8VLH5,0
CUST_QJ327J6WQW,0
CUST_7I3A3C3DRS,0
CUST_SDMNXC9SKR,0
CUST_AZOTAMC3AR,0
CUST_NSD20BVVRT,0
CUST_R1ADGU88MV,0
CUST_4M8XBNMI2E,0
CUST_1ER5M483AI,0
CUST_VZUOHO01Y6,0
CUST_GXR29QOS3G,0
CUST_9OZOBL3JDP,0
CUST_V0L1YMB0L6,0
CUST_IAAM874J0B,0
CUST_FRXG58369Z,0
CUST_SE8O78Q8N9,0
CUST_STUVXBRP8Z,0
CUST_JQNX25MHY4,0
CUST_2UKW2D69R6,0
CUST_TWWOWAQ101,0
CUST_VO8YIHFS8O,0
CUST_SK7ZI2XZPG,0
CUST_KMXP88QMIC,0
CUST_YQZYN8JXMU,0
CUST_XXSZUPUJE5,0
CUST_LBAQJF6XFI,0
CUST_4FTRTVZOMB,0
CUST_W3HKSW508T,0
CUST_YNRAZXCTP3,0
CUST_L8TCA5JUL8,0
CUST_AEXSXYHGBL,0
CUST_W3056KRED6,0
CUST_5H9E14TKUX,0
CUST_K15EZ9QNNC,0
CUST_Q8S5SA7MOV,0
CUST_UVIEE90X8J,0
CUST_9NTQ7V4HY3,0
CUST_K1IL52I8TS,0
CUST_UR5UTN6TXU,0
CUST_LWOWQF86P5,0
CUST_7BA9OCTP30,0
CUST_R0H37ZSO1P,0
CUST_DX07285GHI,0
CUST_KX98D9FOK2,0
CUST_2MDK83HJ0A,0
CUST_YNU5QRUL20,0
CUST_IDG7FOU02A,0
CUST_3KHH82B7LF,0
CUST_BOT391KIIR,0
CUST_HWW7E7X6W7,0
CUST_JCBM3PDMYX,0
CUST_T7JFFJELNH,0
CUST_ZVYCH2RQQK,0
CUST_R219XLG982,0
CUST_N5HTG3Z9FX,0
CUST_VTLOO1MWT5,0
CUST_40A31VDLNG,0
CUST_E2N65KT02Y,0
CUST_JFB75DSY5T,0
CUST_IOVPUF65YK,0
CUST_NJVTN0QSUN,0
CUST_4C06LGRKK9,0
CUST_LY3Q9ENY3E,0
CUST_54RIIB3M73,0
CUST_XM2BYAEPOJ,0
CUST_NG6MKC9E5O,0
CUST_FXCG6TK7J5,0
CUST_PUN1JYASSO,0
CUST_WTYUCJXRGI,0
CUST_SG8UF95X5H,0
CUST_OW9776ZDGP,0
CUST_BZN9UQIL55,0
CUST_STOWQBQZWM,0
CUST_W1HYKXMMBC,0
CUST_RNLF8R4CLP,0
CUST_JTLAT8OW6K,0
CUST_HP1BD6I0JV,0
CUST_7SXC1URLW0,0
CUST_EK2THS8XCU,0
CUST_UD25DV3V83,0
CUST_UUO8IUGHNA,0
CUST_XTNP9XMN49,0
CUST_UPH6SN4ON0,0
CUST_XQT7RWJMO4,0
CUST_YNPVBSWL7E,0
CUST_V6FM7LPLFA,0
CUST_8OOHK9O1FQ,0
CUST_ST3BXG8BHV,0
CUST_5KUEH08AXZ,0
CUST_ZDHRURS7KQ,0
CUST_C7VWF1KH5B,0
CUST_AZ0AEMTSEM,0
CUST_ROG2FL8RE5,0
CUST_M4781SF0PX,0
CUST_S9FXJD2CYA,0
CUST_3MKDBYM5FG,0
CUST_HQQZI5240Z,0
CUST_1SYFLLXQN3,0
CUST_758PXEGB5V,0
CUST_47PSSBMXEF,0
CUST_WBD4OR9SND,0
CUST_SDGCIY7H7Z,0
CUST_RC3J2CKTUW,0
CUST_LSKXYMYFP2,0
CUST_5YQITGZYAZ,0
CUST_HWUUN78IJ7,0
CUST_PRRCVBTPP3,0
CUST_UPK0TY2UCQ,0
CUST_77F3GOXPGX,0
CUST_5HEPU22KUC,0
CUST_5V56A4DKC6,0
CUST_5UW9WYVOOQ,0
CUST_57FF523YH5,0
CUST_PU6DK867D5,0
CUST_LFW3B5G8NV,0
CUST_C2GB5MODLA,0
CUST_QEPT5MCP3E,0
CUST_KPV3VOCEWM,0
CUST_WCP1QM8FS8,0
CUST_HJKDZ1U12M,0
CUST_7W3E67OO6J,0
CUST_R8NQGMAGTK,0
CUST_L2F0YMMSO9,0
CUST_EQUMKMO9XF,0
CUST_XFZN90RJ6Z,0
CUST_BZD9ZPVB0K,0
CUST_5GMBFM6XUB,0
CUST_HJN7ERT3LK,0
CUST_COL6NQRJ3M,0
CUST_YPVSZRD7TK,0
CUST_A9Z2C93RY6,0
CUST_SO7FCQ9SMH,0
CUST_OHRLN40RDF,0
CUST_T59LLXZODO,0
CUST_21OZA7IIM5,0
CUST_9EYT7QUGX9,0
CUST_J2CT8X5NLD,0
CUST_IBIC9FCHBR,0
CUST_ETXSZL1915,0
CUST_UU7VXOW54B,0
CUST_UCICB07VCJ,0
CUST_8YVN07ZB3V,0
CUST_HTWOVISFGG,0
CUST_BA06ME5TRH,0
CUST_KMEPAVDXX3,0
CUST_HKQIRCXYME,0
CUST_85E1PLTQ5O,0
CUST_W6L3YZQQ0S,0
CUST_QR21SK6FE0,0
CUST_J50V1Y6U12,0
CUST_MA94TO6WMW,0
CUST_4VDORUV8AC,0
CUST_N23DA6BDHI,0
CUST_UFOGK84S8T,0
CUST_D3LHM272GH,0
CUST_66V4MR02UF,0
CUST_DYWH3GO1JP,0
CUST_WK4QT2ZKSI,0
CUST_I83KEQ7N0O,0
CUST_YVVXOS620X,0
CUST_RU9FDJOWZE,0
CUST_0NAHZ6BS60,0
CUST_3JY9GEYCQ9,0
CUST_IG6U66O6TE,0
CUST_GEWGXTX5Y5,0
CUST_B6V9LTJRAX,0
CUST_7I5TN0RBN5,0
CUST_ABPXH8C2GV,0
CUST_R35T6SMM4U,0
CUST_TGIWISGR2B,0
CUST_JG1CXZXMKR,0
CUST_24I2O29VXW,0
CUST_TQX72OCLPP,0
CUST_RGPBT9SDU6,0
CUST_FSF5GMWN3B,0
CUST_UD7J44RT3T,0
CUST_D4ZRZ3MORW,0
CUST_W1ROG6CEQH,0
CUST_PJHYV9GXEN,0
CUST_9HO6EM79AM,0
CUST_NRZL6ACOWA,0
CUST_VODQ2TB1DZ,0
CUST_9FLUC4NYPE,0
CUST_B4S6KLJ1RO,0
CUST_Q4Y5NZHLXL,0
CUST_Y3ZOV5URHQ,0
CUST_4LX5JR9Y04,0
CUST_LCZP1G2PCV,0
CUST_24KB12BX68,0
CUST_7O33KFIROC,0
CUST_EKW0953KX3,0
CUST_0B3EA2SQ1A,0
CUST_DG9MHMPOQF,0
CUST_GNNZFA7GRY,0
CUST_PSXMLCET0Z,0
CUST_TMLG21X3E1,0
CUST_QZI85R4CMS,0
CUST_PVJQLVRSTF,0
CUST_EF66TPMWPH,0
CUST_Q1QVR9JMHC,0
CUST_LICBI18S6S,0
CUST_UAPP7J7RXB,0
CUST_K6TG8V384K,0
CUST_9Q9EM48F6R,0
CUST_DK91AS3FWR,0
CUST_JEYTNCO177,0
CUST_GT2VHAZDR1,0
CUST_325ULFWO7D,0
CUST_7HEBK7BX2G,0
CUST_VLRQSS8WND,0
CUST_4KTG0JZEE8,0
CUST_HIEM41AWT3,0
CUST_GB6FOB71UG,0
CUST_9TFBM43Y9M,0
CUST_XMI9LFDMQ2,0
CUST_FZI93GVCC1,0
CUST_7EJ90FM1CV,0
CUST_VZ1T1T3AUD,0
CUST_6J0M98FX8Y,0
CUST_I2EEUF36NA,0
CUST_F4VVSI0BPD,0
CUST_8E4HENEV0B,0
CUST_L1SVJYB558,0
CUST_X4FEFVQS9Z,0
CUST_2N028P8ZF4,0
CUST_TVBJ558ZOP,0
CUST_CW7BW34DUQ,0
CUST_6Q450OSTXV,0
CUST_Z3719O6TWA,0
CUST_SKO8E8EVRP,0
CUST_0SOFS5IUGD,0
CUST_KGFWVOBLJL,0
CUST_UT4BDO4Y3Z,0
CUST_OZRQQE0PNI,0
CUST_01QXR0824F,0
CUST_6YCTUSUE8S,0
CUST_830PJ3U71S,0
CUST_RJX56JI885,0
CUST_JVO3DV1A59,0
CUST_A0HS6FAELT,0
CUST_5TFS488N31,0
CUST_CQAXDGE1K2,0
CUST_LUZ5EMCGLK,0
CUST_PS4GQX0XLE,0
CUST_R0P8OZRSCJ,0
CUST_J3MC1ALLTL,0
CUST_DAOY8MEQ6G,0
CUST_39J28E29M4,0
CUST_IWV7N4VKG7,0
CUST_5C5WTJZHMO,0
CUST_0D3Y40FOJ1,0
CUST_6BEJ2K9DE9,0
CUST_ZUJ4B9NRN4,0
CUST_GEAHFTKWT8,0
CUST_AMZU2SM82E,0
CUST_KN1EW617TZ,0
CUST_4JN1USGCYO,0
CUST_2DU9JWUXD3,0
CUST_MWVJ0OKCZX,0
CUST_XE49LBSZOP,0
CUST_BTP0830V0M,0
CUST_TQJFZ6EW6Q,0
CUST_KHUE85FBOY,0
CUST_893I7I1O14,0
CUST_1HUSLXGUZ2,0
CUST_88PCRQV5IH,0
CUST_UJIE5BCCMA,0
CUST_QC9G6A1591,0
CUST_87PYWLA8MK,0
CUST_16BHAXHWIV,0
CUST_K52STKC1MO,0
CUST_EM1ZNMVFNZ,0
CUST_WXUTGZR708,0
CUST_8HA89AM5XN,0
CUST_Z5YMA7UJZY,0
CUST_975SVEQ72T,0
CUST_A0OX4O9KDB,0
CUST_U2RN44UJS3,0
CUST_E1M3BN1YP3,0
CUST_CU30NF7PDD,0
CUST_9XF9MXS33X,0
CUST_E4BVRD1CTF,0
CUST_W0NPPQV07H,0
CUST_62DMNJO0LE,0
CUST_L0H9CFEDXA,0
CUST_VDQZ735AOF,0
CUST_V9RG5RO5ZA,0
CUST_55M8E8ZZ17,0
CUST_TEA8345VBZ,0
CUST_8OS1URJGDZ,0
CUST_2JEEM85RAT,0
CUST_LQ2931BO01,0
CUST_97K540ROZ0,0
CUST_3Z4CTTE4LG,0
CUST_WI1EJPFXHN,0
CUST_82XUFVBJKU,0
CUST_TRW3M9HHUB,0
CUST_2Z0UBLCIOU,0
CUST_MYXMDBG0SR,0
CUST_102KWMWMJW,0
CUST_X1PHDNXTB4,0
CUST_UTTCJTBMUH,0
CUST_3SYIKTYWHQ,0
CUST_3IJ7TR5GFV,0
CUST_9BKE62N1KF,0
CUST_IKFM5BINFK,0
CUST_MUUZQGXJNB,0
CUST_Z3PBWC4FY4,0
CUST_J3MKEIAOW0,0
CUST_7MHCMK292T,0
CUST_1TZVU321Z2,0
CUST_CHRTSDPTT2,0
CUST_ZG2MOXQYD8,0
CUST_931YW57M6I,0
CUST_OF1YG3IR21,0
CUST_0GF5Y5SFJ6,0
CUST_DM0PMB5PFG,0
CUST_YI1Y46TMH3,0
CUST_3ZB01YFEHP,0
CUST_AQPIB1T2A1,0
CUST_K6FQ0K3HKJ,0
CUST_H1MXAPIGWG,0
CUST_3200SWXVM2,0
CUST_JBFRIKOOMI,0
CUST_LGO333A9TG,0
CUST_ILD30WAVJT,0
CUST_5IAB7QYEF2,0
CUST_6Q00SFKY0Z,0
CUST_MGIC9KGQ7W,0
CUST_2I5LMLE0FC,0
CUST_4V2Y8EQB2R,0
CUST_5R5CASYO28,0
CUST_Q727W19CV6,0
CUST_7Z2V539ZR3,0
CUST_TMQI9HLR89,0
CUST_DJLSGRCZXR,0
CUST_0YLKOXI98K,0
CUST_V7UHH7L8P3,0
CUST_GLG7JAYK3X,0
CUST_IFYDLTGU0L,0
CUST_LI9IZKWOYR,0
CUST_0CU7FTYKSR,0
CUST_4XURGTGC1L,0
CUST_POKC6HT3VM,0
CUST_H6NWL4LSZ4,0
CUST_JEOFYZFGA2,0
CUST_J8Z34JGS0Z,0
CUST_RD3AKXIZOY,0
CUST_XKCZS4BCVE,0
CUST_YOVVQWI6MN,0
CUST_T8IA4899R2,0
CUST_W5L272138Y,0
CUST_FV1SGIAW2S,0
CUST_2JC2AJMSXO,0
CUST_2F4YPXSGBD,0
CUST_VR42GUZWN7,0
CUST_7017MJDXMQ,0
CUST_KUIPRY64A5,0
CUST_TKAW6G0TJB,0
CUST_DTWBQVR9NG,0
CUST_95BXTWUPG2,0
CUST_Y47UXR7670,0
CUST_E3QR5PCSGP,0
CUST_WQGZX5DAK6,0
CUST_ZMMYPFRNSB,0
CUST_1BUTYH712N,0
CUST_8UPUA1CJYZ,0
CUST_SJR4HHKIG7,0
CUST_RBZFG87037,0
CUST_FOOTGK5NZ0,0
CUST_LOGUSL8I8M,0
CUST_J9PT7HEY9G,0
CUST_8GHML6EI2S,0
CUST_RW1NL6256O,0
CUST_9B8S44REYN,0
CUST_SRBMN6IFCL,0
CUST_4G4263ZC3O,0
CUST_C1ZZX00SBJ,0
CUST_2Q5KPAAOJR,0
CUST_M9Y5WNDKSP,0
CUST_JI0BBNGQQ5,0
CUST_HCV7QLNG83,0
CUST_MI3UPVM27B,0
CUST_BXAZCBUEMT,0
CUST_W840X60YBQ,0
CUST_BPDIXSG4UR,0
CUST_AU5CII1KIO,0
CUST_Y80H7VKHQT,0
CUST_8PLBSALXZK,0
CUST_2Q6CCNXO1P,0
CUST_GY2B8F5AC1,0
CUST_I728UJHVS8,0
CUST_RVELK2IGPT,0
CUST_KYESUGAWP5,0
CUST_T833IBWES5,0
CUST_RTYT5XQGTY,0
CUST_K78EBEKQLH,0
CUST_ZMXNT3OMXZ,0
CUST_ZRM76LBAVQ,0
CUST_0N82YK6OR0,0
CUST_LQ8VIAA1A5,0
CUST_1ZSPPMXJP4,0
CUST_NM036N6OPI,0
CUST_6801TBPMGG,0
CUST_VI7UC7JRR3,0
CUST_3VP0BS3KME,0
CUST_WEMD15FFO9,0
CUST_1TMFYZ0BGD,0
CUST_75HEOAAMA1,0
CUST_UB56PFPJEQ,0
CUST_QVWKIWXQKK,0
CUST_FMADJ0DKI8,0
CUST_ZG8YEM0COK,0
CUST_XAL3XUP5RI,0
CUST_A0W1NCA3U6,0
CUST_OBKQ24XXJ6,0
CUST_67Q5L4L6HV,0
CUST_HQKCSAGASV,0
CUST_VVGL0D6E3W,0
CUST_CUDZH8E384,0
CUST_F9KQ7VJP1U,0
CUST_O0YO03IEU2,0
CUST_342Q380EZY,0
CUST_BQB1M20E0W,0
CUST_KW55KTBB2D,0
CUST_DU44NOMXY1,0
CUST_DI840YMCXF,0
CUST_R6L2E4TT5Q,0
CUST_EXAK4EWT59,0
CUST_0QXLFHV943,0
CUST_N5FI5PDJ27,0
CUST_QF8GJ499WA,0
CUST_XX38GD6MWE,0
CUST_ATE1MMR0MX,0
CUST_B2886HX3X6,0
CUST_PSC9YCL80A,0
CUST_BAMMG66OX2,0
CUST_UO1QTVGAO3,0
CUST_ROGA50DYHF,0
CUST_UJ23F4AJK2,0
CUST_A7ETCBE1KQ,0
CUST_JQ5FF5UYIZ,0
CUST_TLKPPSLJMU,0
CUST_UCR5ON6YIR,0
CUST_G9X1LJKC65,0
CUST_AUM0PY5ZXL,0
CUST_FIAOIK8XG3,0
CUST_PLLM2APADH,0
CUST_8R4ZCXR424,0
CUST_YUTFDJAT1L,0
CUST_F7V7NF163L,0
CUST_0IZCHGSJMD,0
CUST_K1GFJDDKKW,0
CUST_BYOJYPUKDK,0
CUST_41XO76IXNC,0
CUST_IOIK49KCU8,0
CUST_F0DNYVQNIG,0
CUST_SDHRTXLZLR,0
CUST_M8HK4SQR7E,0
CUST_ESKO14BIOD,0
CUST_39BMW9QL0R,0
CUST_K5CI3162JI,0
CUST_9I8MXC610S,0
CUST_64EK7OSFDT,0
CUST_YPH1C4SCHG,0
CUST_0PAQ3VZRTJ,0
CUST_TXILCK7AIQ,0
CUST_X3CFIOPAW6,0
CUST_GM02B2L1IG,0
CUST_BYQD20RD9J,0
CUST_QWICWL8L53,0
CUST_GIRS57ENGK,0
CUST_B6NFMIGXSR,0
CUST_N8YSC6T090,0
CUST_PZM88WDTEK,0
CUST_ROD7468B2Y,0
CUST_HXYZCUMM6L,0
CUST_AMKZ2PHGQE,0
CUST_N1KYACEMQH,0
CUST_J4SJT5S1O8,0
CUST_BDTR7Z8JQC,0
CUST_3YTXY900Y0,0
CUST_G6VYYNQ4Q8,0
CUST_8GO44G9EGD,0
CUST_JJCMOTO1KP,0
CUST_V9UMSPL1HS,0
CUST_5HSVX4DVOT,0
CUST_51S2PMLEAM,0
CUST_YFY6OPPZ0E,0
CUST_7CP55QNUYJ,0
CUST_ZRXM6VP2RU,0
CUST_3XTOHF20CN,0
CUST_8LONQZGXGG,0
CUST_1W768XX4ZW,0
CUST_J6DA6VMTY4,0
CUST_N5ROQ15NOE,0
CUST_RUG92SO84B,0
CUST_P0WOEBSN95,0
CUST_SAQCM8NIXJ,0
CUST_08CE3MHDJV,0
CUST_KSRM2TN3DR,0
CUST_BLIDJ0UYXP,0
CUST_8YDIBXN0CH,0
CUST_WVROJCQDHN,0
CUST_MQZLG10L6H,0
CUST_ISSUWUJ7TZ,0
CUST_2BWBYWJ5BP,0
CUST_GC1NQ2FQR2,0
CUST_JYYBWWJ9IQ,0
CUST_7ZKGH29N5X,0
CUST_N6BD3BKQ94,0
CUST_IIGL7E8JDD,0
CUST_JXV0FDYGYJ,0
CUST_N9G0UY32CN,0
CUST_X7O2Q0JFHT,0
CUST_CSOXEU8CS8,0
CUST_TYW2AF9FDV,0
CUST_N6UXOA4RWI,0
CUST_LCVBM3O1Y2,0
CUST_JO3RXCC61V,0
CUST_PHX0DBWFTC,0
CUST_RIONTNLABY,0
CUST_YUQAPZ06BJ,0
CUST_YNN6UFUZCN,0
CUST_T8K7M64HN4,0
CUST_6TVCNG6GT6,0
CUST_NS0TXARV3G,0
CUST_QZA0ZSQ2B9,0
CUST_0CI04Z0TTM,0
CUST_NKONT1LPV5,0
CUST_EL7B07C7T8,0
CUST_TTJ18WEJFK,0
CUST_6SH82DJ65H,0
CUST_S2S9U3Z0IG,0
CUST_2D0FWFIVSZ,0
CUST_9OEAZ830PB,0
CUST_6BIDS3VHBJ,0
CUST_4RSFQV9J4Q,0
CUST_MTFMBUP64P,0
CUST_E04ANP90B7,0
CUST_HIDVIUWRWQ,0
CUST_LMTNQYLM50,0
CUST_QJR5JM5WPR,0
CUST_3U07ILUQX0,0
CUST_0DRVAME753,0
CUST_AT1U6BT9A7,0
CUST_IESAK4HVA7,0
CUST_EJWZZ7QWH8,0
CUST_9NA3KWK5XV,0
CUST_BX01H9ROFR,0
CUST_VQIBVIW77P,0
CUST_2VYJSMBIVT,0
CUST_MCALFWY648,0
CUST_XWD6SSX868,0
CUST_2UK4SEF6TY,0
CUST_ONFP4TSE5R,0
CUST_DCPFJPT2NW,0
CUST_0L86KSJ5YU,0
CUST_FDD2POZVE2,0
CUST_PGPT1YV62G,0
CUST_NPIVY78R00,0
CUST_BSEP6FLBFB,0
CUST_OX56267CXK,0
CUST_OSKD5V9LNH,0
CUST_RZ3LQHK8VP,0
CUST_4Y7U572O4H,0
CUST_RI1V54MY62,0
CUST_JTO3WYKJ29,0
CUST_L2D94JM1DX,0
CUST_0TWF0K0FXH,0
CUST_QDTUHL84QX,0
CUST_BGCOZP6WV6,0
CUST_A2B4CLEDWF,0
CUST_7E3NZUWI1W,0
CUST_JTQMU2ECKB,0
CUST_YL1HVWD061,0
CUST_LHKAJCSSQF,0
CUST_ZLD7O67KBA,0
CUST_9I78VRWBI0,0
CUST_1T95DD1O53,0
CUST_MTO7JSAMR7,0
CUST_67F1XO2UAR,0
CUST_GCRG0B21E3,0
CUST_KPRRYCI3BC,0
CUST_R7ABCZIBC1,0
CUST_5XIKC9WBLY,0
CUST_DLZ3HBV60C,0
CUST_KXIBNXR6MX,0
CUST_HL0HBWFO77,0
CUST_31XDC9N8OB,0
CUST_QPISCE9EUG,0
CUST_BWDKIF2V9S,0
CUST_NN1ZM5CCBD,0
CUST_VOB028CFO4,0
CUST_S1C8DYQJX9,0
CUST_DGID4OO7RQ,0
CUST_VCKTELENVW,0
CUST_JU7FOG6NIT,0
CUST_JS1Y2KRWP9,0
CUST_NGTZGEK8KK,0
CUST_JA49076BDE,0
CUST_1J36FTI80E,0
CUST_45NLMZQV13,0
CUST_4NTN6BUNB2,0
CUST_HICIN57QLA,0
CUST_1SJZA9U4IG,0
CUST_UB419598K3,0
CUST_7C22W7EPGD,0
CUST_RHFW6XJMPC,0
CUST_ZYV690ZWML,0
CUST_DAZ6VEUSQ2,0
CUST_INWPY3LL8F,0
CUST_FWWBOLXBP5,0
CUST_SHEOEHT1HL,0
CUST_3XOA83IZAW,0
CUST_FEK6RBL1GH,0
CUST_I66PE3T2VQ,0
CUST_MVGC2BIBVJ,0
CUST_OCZHLLZZIK,0
CUST_TXL4QL3CC5,0
CUST_U50RWC7V5U,0
CUST_B1Z4LT12K3,0
CUST_J7WS8IWU1B,0
CUST_3LAWORKV5X,0
CUST_Z1GC6T1IOR,0
CUST_GMB52I4S0P,0
CUST_K9EEKMK1PQ,0
CUST_8VL2WTYL35,0
CUST_863LDSK7LO,0
CUST_HC663SZCMH,0
CUST_4SBF7QUFUU,0
CUST_CBJKKNNOF0,0
CUST_47VWIPGR83,0
CUST_H8LQ7O0QM6,0
CUST_B1WGT5FXHE,0
CUST_VQFUYCYQTI,0
CUST_CUL4MBBNRC,0
CUST_C1QVWA8JX8,0
CUST_LAF016R7OZ,0
CUST_P0QKF0JXMC,0
CUST_JH8YYX2JQ7,0
CUST_PLXR2VUESG,0
CUST_GAB5M09IOI,0
CUST_8Y2LAPCQO6,0
CUST_W1CCT0AXC5,0
CUST_8Z9547XQTY,0
CUST_MJ2U54VHY4,0
CUST_KT7HTBFFY3,0
CUST_ZSANUM8216,0
CUST_XFZ94LI7T5,0
CUST_TL7XKZF0H5,0
CUST_OJNYUA6LE6,0
CUST_W8ZMKWATBH,0
CUST_3Q9HP6RTTD,0
CUST_MRXHDCUCH9,0
CUST_7GFWZKQ1SD,0
CUST_A0HZQ93ROH,0
CUST_1C8S511HEG,0
CUST_GV9BG461BK,0
CUST_BQ42R3GY0O,0
CUST_2FTNI4ZMDI,0
CUST_MQ2RG71C9I,0
CUST_DNRG7SZL0J,0
CUST_PTQSTFD6F8,0
CUST_AHLC4FPTK1,0
CUST_REKMW8BQVG,0
CUST_482N8JTGUN,0
CUST_XX211EGNI5,0
CUST_8P4VQCZMHM,0
CUST_LNDRMNR2HP,0
CUST_DZN0LLYUUZ,0
CUST_T756B03SKL,0
CUST_V60YSNFOCL,0
CUST_IJFU2QI90H,0
CUST_TIM5W6CQ8M,0
CUST_JGMZA9MV4V,0
CUST_MR5T6SCBKE,0
CUST_JHP6XIE7SP,0
CUST_V4I49NLDKW,0
CUST_HAMQSRW75O,0
CUST_5QH94P7HE4,0
CUST_M6OL76851T,0
CUST_I3Z10E184I,0
CUST_VXZONMSR89,0
CUST_XTS295RAIJ,0
CUST_1LEKJLVYBF,0
CUST_XPBRY2AV88,0
CUST_NSS6ZOKOQO,0
CUST_KGZMFYMIW4,0
CUST_YVKW099VTD,0
CUST_0ARY24HB2J,0
CUST_G1N6YV4X30,0
CUST_9QG4VHR3AI,0
CUST_TFQ1ZEVV3P,0
CUST_K07JILWHZM,0
CUST_KX9N53ZN23,0
CUST_W79V6BCIGD,0
CUST_YJ8G9S653R,0
CUST_4Q4ZOASKO0,0
CUST_7C7QC81TGB,0
CUST_H0J2PJAV65,0
CUST_E3XHKM6ND6,0
CUST_K1MIBN6QZ9,0
CUST_0H0BK26SVI,0
CUST_LZ4GEU9NJF,0
CUST_UAOQ9SVE81,0
CUST_KLXLRH89UJ,0
CUST_URHFUKI41E,0
CUST_LMJL2IX1XG,0
CUST_4U6MZBKUSH,0
CUST_4LXZLOR9VJ,0
CUST_7CJCPXNUBF,0
CUST_C8WU4TEYPJ,0
CUST_2TRUNCAR7A,0
CUST_RVKY4PL9H7,0
CUST_DO9EZ9ONOC,0
CUST_LYQKN469X3,0
CUST_DUZ51OYU4D,0
CUST_ET1GVRWELJ,0
CUST_SK82X47LUD,0
CUST_BX9TGFC3R7,0
CUST_ZOXAWRY8D4,0
CUST_CVQBBPZYGF,0
CUST_NRFHE8FP0K,0
CUST_XE1EWEBVCX,0
CUST_XROGN2M64E,0
CUST_B539CQHB51,0
CUST_2IF1WRCC00,0
CUST_QA636NTJ8E,0
CUST_UJ5XGB3SSZ,0
CUST_MAPRSH3ZEW,0
CUST_2ZOR12IOAW,0
CUST_7MGUPNCN07,0
CUST_11ZIXX5DJ8,0
CUST_0ZQ3FWJQOJ,0
CUST_E01MCI0V3N,0
CUST_8LVB8MQSU5,0
CUST_IQLOQ4D4KS,0
CUST_EPZC437I6V,0
CUST_FAZONSFSIL,0
CUST_O2AYFDTOVW,0
CUST_3DVT80NWB0,0
CUST_B1YWWG92F3,0
CUST_OI28R15XEF,0
CUST_1Z5O5ZAZUY,0
CUST_DPBSBZBD35,0
CUST_O84H7PVCS4,0
CUST_3QEVTN1KJN,0
CUST_JK1CJZ0ZSC,0
CUST_WJVEACLHU3,0
CUST_KUM3DKGUCN,0
CUST_UQ28UU1KKK,0
CUST_DUXZOAMQY4,0
CUST_WORYT3044B,0
CUST_64KXGT2416,0
CUST_0VECA9E2ZG,0
CUST_EAS5LXRHOS,0
CUST_M2472V9ETG,0
CUST_QVJQ7BZ412,0
CUST_GFSMKRZRBS,0
CUST_AND9D5M2XH,0
CUST_1AXG928N8R,0
CUST_A7P7FIZ113,0
CUST_9IRD1R362C,0
CUST_8UJPLAPM5Q,0
CUST_XRMUCC99V5,0
CUST_HARYMYIOVX,0
CUST_2YICK6OAOO,0
CUST_132K52Y84G,0
CUST_UBZCYV2I65,0
CUST_C6FZNJM59F,0
CUST_5E6XCX5H0E,0
CUST_4G7HLBSRR1,0
CUST_V580V2WP61,0
CUST_Q72ML9G8N5,0
CUST_3DBBT43C6X,0
CUST_VXZF5ONYOG,0
CUST_DXQ10D4D58,0
CUST_4XD0RDX35Y,0
CUST_SMRCJDY3DB,0
CUST_KB8Q4LAZAS,0
CUST_5MBRNKM4J5,0
CUST_82FQTME4YN,0
CUST_B8V94AIC1P,0
CUST_XVDK6HS017,0
CUST_9EEJ28ZLIC,0
CUST_P2WJI02OC4,0
CUST_P3ES634HXL,0
CUST_YG6RZD9RDF,0
CUST_OEQPBSZ2MB,0
CUST_8R53ZGZQQ7,0
CUST_GLFUA01EBO,0
CUST_YSJGJJE58Q,0
CUST_578IYECWU4,0
CUST_I09OG57I9H,0
CUST_UQ7W4QXZB1,0
CUST_E39PTG08E0,0
CUST_4WQFBDRBCF,0
CUST_5MM69TY419,0
CUST_SUAMX8BN1U,0
CUST_X5NS3LVH7X,0
CUST_V8POGFPQ20,0
CUST_RUHE8DAZ60,0
CUST_LUFJW2PBF7,0
CUST_5MQ6U2423X,0
CUST_XARWLVLT6I,0
CUST_DGIZ74PNHM,0
CUST_WFLI9MNDBF,0
CUST_B4QMUW3OEC,0
CUST_QFDQVWSW1J,0
CUST_BQ52WWLO83,0
CUST_74J2ZXRIZE,0
CUST_SRCMT61FK1,0
CUST_DP8LH15KSF,0
CUST_84Q4DE2WJF,0
CUST_WG4U4BAR0M,0
CUST_2I6HMG7CTN,0
CUST_ZWEHQKM8ZW,0
CUST_5GC0Y00DNR,0
CUST_P6VYDWHZH3,0
CUST_UEF64WLXY5,0
CUST_NLJC4ASUQ0,0
CUST_MQNWYT1XX6,0
CUST_495ZJRQSDG,0
CUST_CSJ3NKLV0P,0
CUST_WR9XQEADLY,0
CUST_SY5DIV5SF7,0
CUST_GTNLQ3OI62,0
CUST_YHK1LOMVNY,0
CUST_D20ZOB5IVT,0
CUST_SW0B6IO0GO,0
CUST_03HFGDZWPD,0
CUST_VVPWVBD9RB,0
CUST_SKKYCN5D3E,0
CUST_6U83OJQNRJ,0
CUST_5VU4OB59CF,0
CUST_56VMCXTKHW,0
CUST_AEOD9TZ14H,0
CUST_AIX80XZ7DG,0
CUST_UU0ZOJ9N8Q,0
CUST_44R2C3WMML,0
CUST_6Y7WKG1WM7,0
CUST_IC9VM60VEB,0
CUST_N4J3742MIW,0
CUST_MM5Y0Z0H4D,0
CUST_7AW0IAQ4X7,0
CUST_WGDBDYESME,0
CUST_X6EMNQN9ZP,0
CUST_6QG754J9HY,0
CUST_N11S9XY039,0
CUST_FSYBYDFLQ9,0
CUST_9R0EN0X8HM,0
CUST_U5APSBVIQ8,0
CUST_2ERTJEZU5I,0
CUST_Z4LG4AGWH0,0
CUST_7PK70SYH3H,0
CUST_C8L0AP0IUY,0
CUST_33IUIK6ITL,0
CUST_BJAKSOQ53T,0
CUST_D65GY4G4CY,0
CUST_7HMO67EZCO,0
CUST_5R1GVWG10Q,0
CUST_JK2JD5EOXD,0
CUST_70M8Z5J40R,0
CUST_Q6ZSVDBRX5,0
CUST_F2B5HCFEO2,0
CUST_VQA4ZEZBIB,0
CUST_MMLOB3EEL6,0
CUST_Y6OJIUT77W,0
CUST_TFBRFXFPX3,0
CUST_ANHVCYDZE7,0
CUST_AXLJJOPI7M,0
CUST_B4DF922EKP,0
CUST_3AJ77EUJBS,0
CUST_2K9XT8ZRR1,0
CUST_G9WLQCLHI0,0
CUST_V5N2YNZWG0,0
CUST_G4I01G2L25,0
CUST_5FPYEGX2OD,0
CUST_SXQMX493O9,0
CUST_NK2DTPB7I1,0
CUST_LEZV4ETPN7,0
CUST_C7EP64WR36,0
CUST_TKF5I1F0RF,0
CUST_MUQWLSDYXR,0
CUST_Z8Z2KYCZXE,0
CUST_EN3KYFJV1Q,0
CUST_91ML1XYRTX,0
CUST_8MO7SVUZ2Y,0
CUST_YJCKQLBMZ8,0
CUST_YXT2EJ3B9N,0
CUST_U6AGQLNCSX,0
CUST_NCWSSH2IM7,0
CUST_39HMUM8USF,0
CUST_ZD6Z0HEBP1,0
CUST_YMN80QBC5J,0
CUST_QISC1DE1CR,0
CUST_CZ7PA2FWG1,0
CUST_LFJ704ILSA,0
CUST_NEWH95UMXP,0
CUST_NZV38XSYG2,0
CUST_6O5ZTXYMTQ,0
CUST_CCXJETZNEW,0
CUST_QA6Y0ZQL2C,0
CUST_1FRCZEJERU,0
CUST_CPIMBB8HQT,0
CUST_BMH4XFZFZU,0
CUST_T2GAVJPLLF,0
CUST_VFSISFU7FK,0
CUST_N9QHPXFDY0,0
CUST_PA9IHUX7LD,0
CUST_WEX5PIXVWF,0
CUST_2G3PEDZSK4,0
CUST_VP9UYY9G4Z,0
CUST_WUD8RK7U15,0
CUST_0I91FNIDDF,0
CUST_6TULLCGC98,0
CUST_X32II9V8SH,0
CUST_CR1X4I0D6S,0
CUST_GFVIBCTUFZ,0
CUST_4WW4R7IUPC,0
CUST_83IY17KTPD,0
CUST_V6TVN0IXDO,0
CUST_V21CNJ6UIG,0
CUST_7WOOR2J6PA,0
CUST_J18KQ9RPTR,0
CUST_UOGPGB0RCC,0
CUST_D8EF2MHORQ,0
CUST_N5D9G477XI,0
CUST_0IFFY9JDAE,0
CUST_2I4Z0457IK,0
CUST_6PPM7MEX9G,0
CUST_ZK3NJ7NTQO,0
CUST_0JQF7010TW,0
CUST_06F289QHA3,0
CUST_ZFOMHOCUO1,0
CUST_YCM0CGO8NG,0
CUST_O963VR1YPE,0
CUST_ZPV6IHZ82I,0
CUST_G3D2NQO5J8,0
CUST_1FQ5OF38Y2,0
CUST_7OHVSZZFO9,0
CUST_0HQNN8PIXA,0
CUST_11CG7AQO8P,0
CUST_7069EO9ODG,0
CUST_T5J6V8D0J6,0
CUST_8KBEJPBNBY,0
CUST_T6OIPZ9X2T,0
CUST_F4XHJJUGQT,0
CUST_UR11E9JA18,0
CUST_UJ5BMKV28D,0
CUST_OQGKTD81MS,0
CUST_FVNSS64NZI,0
CUST_Q3U2TP3HNH,0
CUST_7RMYYL1HVF,0
CUST_OYYKN4AKWV,0
CUST_EDQYMF51JX,0
CUST_N4JGIO84BE,0
CUST_JGQ5BZBLPP,0
CUST_4OZWJQT06P,0
CUST_4SR8DU2V22,0
CUST_IEOSYC1Y3U,0
CUST_7EPVXJVVA7,0
CUST_3QQQYYAIQ6,0
CUST_OK57JYAFWO,0
CUST_CNHB1EMKUS,0
CUST_XOOALJCMFH,0
CUST_D36XIBMJJK,0
CUST_7G5ZSTARF5,0
CUST_JMWD69FVZC,0
CUST_4WY4CWA1Q9,0
CUST_LTVSLCVZD9,0
CUST_V8NKH4XYME,0
CUST_WXOA43SX1Y,0
CUST_7836JKTV0E,0
CUST_A30ZRTNNJA,0
CUST_90AXZF9X60,0
CUST_CJG9RGQGIT,0
CUST_S0XMLEG03S,0
CUST_2JWZEO6M1A,0
CUST_BX8N2PUM2T,0
CUST_YEITWFPYXY,0
CUST_KON0O28FJK,0
CUST_ZZWXUUOJCS,0
CUST_83066RNXVP,0
CUST_2C9RUV1ISS,0
CUST_P4LK2EGS2D,0
CUST_A0D6YK57RR,0
CUST_3KU2JO8S7R,0
CUST_G6SYIZI6W7,0
CUST_6JXVIFYYMF,0
CUST_KG8YRYLWAT,0
CUST_2WFAE3T7Q8,0
CUST_ZBRAN6IMD3,0
CUST_41HI9262W3,0
CUST_5FY1PQEYVI,0
CUST_G7TSH531KQ,0
CUST_X60Y08CE8X,0
CUST_OA7Q7KQKPT,0
CUST_B0PL64S63D,0
CUST_0CQ8G5KZAL,0
CUST_GKF0311AHF,0
CUST_OOEGMUTZF5,0
CUST_XYAP0CL7L8,0
CUST_OOWKYRQ5BN,0
CUST_VTWYOH77KW,0
CUST_WVFU9KK5S5,0
CUST_0M9VOHN8MF,0
CUST_0K9LNG8RF6,0
CUST_CE9L1HABYJ,0
CUST_IJEXXAJ31X,0
CUST_A1XJRL673Z,0
CUST_9IS72IYXJ7,0
CUST_IDIYLSOE45,0
CUST_8M5KSPQRRP,0
CUST_PRXO4V3PHM,0
CUST_RXLLY59RR8,0
CUST_9BGQURKTW0,0
CUST_PRXM9VN3S1,0
CUST_X6KZ2UBQEY,0
CUST_UH2CED6CSA,0
CUST_YAIVFVFS62,0
CUST_OQUKV4J7BH,0
CUST_BZTU2UV557,0
CUST_Z040K8YOAD,0
CUST_PH76BBS8GX,0
CUST_HMUQWKDWS3,0
CUST_S1C1SB1T0X,0
CUST_FOB55HV5FG,0
CUST_4GRX37E4CV,0
CUST_RN1H0HUR06,0
CUST_DXNCKEVBF5,0
CUST_FRMZL5020D,0
CUST_I44NWOYL2B,0
CUST_LPHEBF4UUZ,0
CUST_BUQQ925CIF,0
CUST_3JR893FEJU,0
CUST_CM1OCXK9QV,0
CUST_ENJ1HDULCH,0
CUST_ES0FIDQAG0,0
CUST_FEHTDE0L4L,0
CUST_3U05WSUVO6,0
CUST_2YFKEMN7R7,0
CUST_6XAQBGBNUH,0
CUST_RBKDAFYNN5,0
CUST_CW9JMDOT7I,0
CUST_KI0V75RBT1,0
CUST_RKR5BHAB63,0
CUST_H3I61V0NVD,0
CUST_EOBVSDR1S2,0
CUST_VTF1NTCEWX,0
CUST_QBGKSPDWME,0
CUST_GVN8J1XQQ4,0
CUST_FTHC6KB76E,0
CUST_1Z6TEB6Q6U,0
CUST_I98WA5F9F5,0
CUST_HNXMO70PIC,0
CUST_Z9R53WRXEJ,0
CUST_PNPTJDAH83,0
CUST_Z2YWTUB9EO,0
CUST_HROW68N3UJ,0
CUST_3TZ3UL2QKO,0
CUST_FCFXSUE4E7,0
CUST_25743HC5FH,0
CUST_RBVBTTBAGH,0
CUST_858O61V5W3,0
CUST_GCT1ZPZX1S,0
CUST_J6DC3YP4TS,0
CUST_6ZMKUSHWQP,0
CUST_2N3DMVUAJX,0
CUST_76W0UR1014,0
CUST_2RNRVPJFG9,0
CUST_LNPVZA0CZ6,0
CUST_AZ5X7PNIDF,0
CUST_BRZNQ7Z6G7,0
CUST_BJWY4DRLSB,0
CUST_ZWCEUM7K5R,0
CUST_KUQ35DCDZZ,0
CUST_6LDTX3ARB9,0
CUST_5UMSGC89BC,0
CUST_G9FOTOWKI7,0
CUST_E5FLCJWV6I,0
CUST_2GLJ4VXEWP,0
CUST_5GIHEJNL7J,0
CUST_IKLFCKQ3QA,0
CUST_HDKJ35KDFY,0
CUST_HL5ZKO66TC,0
CUST_JUGZFDICXF,0
CUST_71797ZNFFZ,0
CUST_SBTVJC2PR0,0
CUST_ZYP0MIYLQA,0
CUST_OHWU2TTTKR,0
CUST_4OPLU1JZLP,0
CUST_77WLKRQQX1,0
CUST_KR9ZQSZ1G4,0
CUST_SE8VMTKZZG,0
CUST_373KKI2FHI,0
CUST_VJ8GVTVD3A,0
CUST_TL1PJT1INM,0
CUST_MUFRVHISMB,0
CUST_S5DQQC4UBA,0
CUST_6TTY3E7N1O,0
CUST_JAH0PWHO09,0
CUST_PACNY6B78R,0
CUST_0NXQIAAZ8Z,0
CUST_N99LU96WK2,0
CUST_TAIYWEYYVS,0
CUST_BNXEC1O1VL,0
CUST_JB43PCXSTN,0
CUST_F43UODOQKB,0
CUST_7XE4H5K1D9,0
CUST_06F91NNC9G,0
CUST_O294WLOUII,0
CUST_E6QJ1MGZOA,0
CUST_BW152UKF4O,0
CUST_XB4QHXONEG,0
CUST_I39GQ1XGQL,0
CUST_K26YDCJ32K,0
CUST_HQSEI5P2ST,0
CUST_QRDAGZ14VX,0
CUST_Y8IPG5ZBR2,0
CUST_A2TAA3VDOZ,0
CUST_67WLR80XP0,0
CUST_AJWKFXWFH7,0
CUST_38TSH4CVTK,0
CUST_WYRFEEIPRT,0
CUST_0A69FY98WV,0
CUST_2RPSYBSDUA,0
CUST_RML38B4H8M,0
CUST_QYZV6J0KB3,0
CUST_NVDL4IX9JK,0
CUST_TVUY51JQQ1,0
CUST_R1C6UYQ9AB,0
CUST_O8J0P5JCP2,0
CUST_ZF2X196MTC,0
CUST_8HGINHY4RH,0
CUST_CRB3PNTE2S,0
CUST_MJ4VKIY1O5,0
CUST_OHBEDAD97V,0
CUST_GJXQMGUAJL,0
CUST_HD8UMZOP3R,0
CUST_S5I6BCQPII,0
CUST_XW8WWNKOPP,0
CUST_3XWB9QIPQM,0
CUST_POHD0Z7J0I,0
CUST_4RB0S33I41,0
CUST_CNVKTBUSYA,0
CUST_J4LYYKFI8Z,0
CUST_FWOQNT4WZH,0
CUST_9D5212ZINB,0
CUST_5PJIUTAT1P,0
CUST_5CM2DDL2MP,0
CUST_RQG9SDQZ69,0
CUST_G7YMXS8FIU,0
CUST_Y05G1UKVIS,0
CUST_4ZO8OR6GBP,0
CUST_LYHTQYHSAL,0
CUST_6RYESP57LY,0
CUST_3J8XMRNIK1,0
CUST_H8GZJ976K6,0
CUST_5EJH5C8QHV,0
CUST_3MMNE7MSMF,0
CUST_M6EUQAYNIG,0
CUST_Q23UK1VUOI,0
CUST_ZM6KXOT8V8,0
CUST_733CURZ2X2,0
CUST_DY96LU5SQB,0
CUST_185Q5UE6DD,0
CUST_CY7RUNOAE4,0
CUST_IWWG0ZN0G2,0
CUST_MA9O9W5WG8,0
CUST_IWTS762WWO,0
CUST_SPTUYRRQAF,0
CUST_ILF8JG7DHC,0
CUST_8LF3LDHK36,0
CUST_H2EACNA9RM,0
CUST_THUAG6RHUR,0
CUST_5G9YBRO3KR,0
CUST_19QYWFVC1I,0
CUST_SGLWCC6ER0,0
CUST_A2HIH55B7H,0
CUST_ZJIRQMOBVN,0
CUST_SRNP9NB9JF,0
CUST_92GCHCEFD9,0
CUST_G2XIV7W7SM,0
CUST_9HL0Y2S0FB,0
CUST_ZF46VD1AS5,0
CUST_WJRFQQAV81,0
CUST_88KGV6KK39,0
CUST_XNF11JEEBG,0
CUST_L1JJSRCRQT,0
CUST_J6PRLN2AJC,0
CUST_SG63P9YPWJ,0
CUST_2MGMJVO3WE,0
CUST_UNHE5LYASA,0
CUST_4ZNU5X1RLM,0
CUST_04X50AVSYA,0
CUST_Y7OE1XF8JD,0
CUST_Y04SPKPUS1,0
CUST_I16I8NO9KG,0
CUST_GYFMKJVTVP,0
CUST_4XKTSVOXAC,0
CUST_VCQCNA61Y6,0
CUST_BBKZ0UQ50L,0
CUST_AGOT4OUDRE,0
CUST_NXBEGQ1336,0
CUST_25TPO7JBG4,0
CUST_H46XF0772O,0
CUST_ZPUR8KU024,0
CUST_73N41KN1Z6,0
CUST_XL3W1E75GQ,0
CUST_XK05CH3UOD,0
CUST_4OZW16OIM8,0
CUST_6QHQBMMK8D,0
CUST_58DMZ128QX,0
CUST_I5THFEQRWD,0
CUST_AXILM7KDSD,0
CUST_CFTABSZQ06,0
CUST_37TSVZ0Q8U,0
CUST_RHSWDFVOXQ,0
CUST_R45RCKLB4B,0
CUST_E7KRRKTF5Z,0
CUST_HFN2A22V8V,0
CUST_A4RV54N9H6,0
CUST_68HXS1REV9,0
CUST_SPPO12T7HR,0
CUST_FQ13OQ2CS8,0
CUST_8WMC9LCEKV,0
CUST_IMNZL77KI2,0
CUST_ST6DJRGX1C,0
CUST_0L0F9R9PNX,0
CUST_N57XCMU40G,0
CUST_PK73DXZYCI,0
CUST_THZID5ETEE,0
CUST_XS5VIAIALS,0
CUST_AWHCSB0N3F,0
CUST_CFIJJ83WW9,0
CUST_3AOHDEYO5D,0
CUST_QHHHP9B77B,0
CUST_UN8Q0GF03Y,0
CUST_71OYKLCC63,0
CUST_6PJBZ78091,0
CUST_B80M55DLEC,0
CUST_LW72CY2A70,0
CUST_0DC37JQMBO,0
CUST_05ASEJNZ85,0
CUST_KRIV53GR11,0
CUST_8XX5EL8O88,0
CUST_9I3CDSECOL,0
CUST_B6BMK0VNPU,0
CUST_6G7P7J3IY4,0
CUST_73J36GY2IA,0
CUST_A5ZG1F9U0U,0
CUST_V73DUWKGMT,0
CUST_ZZY49197Z5,0
CUST_RVEVYI5S3H,0
CUST_8P5MNGF3N0,0
CUST_DNQ5IJRR37,0
CUST_SE381ZD4TT,0
CUST_6O8BC09VVC,0
CUST_Y1BGD04KTB,0
CUST_AR2NRQW3OZ,0
CUST_GW388I605B,0
CUST_D26ZAZ61KQ,0
CUST_TEDTB0D7AB,0
CUST_19OM6VNTKX,0
CUST_7WX18DG9T3,0
CUST_8Y5GYGTDPZ,0
CUST_PBM6R1LAMW,0
CUST_OJ5LIXYW5K,0
CUST_VONFSXGVKT,0
CUST_ND5XN1ZFUI,0
CUST_45N4RRZ59X,0
CUST_KT2N22SE3M,0
CUST_PXI09HUYXB,0
CUST_U4CC4NW4MX,0
CUST_KH2OEHASDZ,0
CUST_KU0F20VJNN,0
CUST_2QMCJQC9K5,0
CUST_LSBZ9CJ05J,0
CUST_U3G7DRG436,0
CUST_XJY7A3W9DA,0
CUST_0UASWRERFP,0
CUST_QBALQJSTA0,0
CUST_SZNRIQBMLM,0
CUST_JHJBJSP5FQ,0
CUST_DE66JSPXQ2,0
CUST_5MQY8VE3P4,0
CUST_QSKCAECIL0,0
CUST_N7Z2NHH1R1,0
CUST_U0J0NL3MFC,0
CUST_DZTTR3D88S,0
CUST_WJ0WFKJ20B,0
CUST_5PBHEUKUNA,0
CUST_JN0HEOHAWK,0
CUST_PR4248OXE8,0
CUST_8282KFXMS1,0
CUST_RQZW8TBKTK,0
CUST_QG6U5AGCFI,0
CUST_2A0EQ7D7M2,0
CUST_W1R0QW8X6K,0
CUST_04LML0S817,0
CUST_0NCPITZ9KI,0
CUST_XNJ6CZEWAS,0
CUST_Y3Q82J4NW9,0
CUST_E4F0YADGAV,0
CUST_1O8DF7K3N4,0
CUST_OTF1Y9BGGC,0
CUST_OMAGSX6PN3,0
CUST_DSXVEZNTB7,0
CUST_2PZC1HG5ZZ,0
CUST_7T8XF1PKRO,0
CUST_RIQYVJI07S,0
CUST_L7CF0JLS4F,0
CUST_GKCTH5NDZW,0
CUST_4N4GS2EIBK,0
CUST_02W8GFDNZU,0
CUST_IUFR1E26FQ,0
CUST_4LECSR33UR,0
CUST_XKJT0X4Z4F,0
CUST_6LFDGBH3BV,0
CUST_6OLIO4VOU4,0
CUST_LBKWUQ1IW7,0
CUST_KF8BJACVQT,0
CUST_PFYVP8X7A7,0
CUST_NNLADSQSPU,0
CUST_3E5VAKZFYB,0
CUST_QX15YQ7UFE,0
CUST_B76H6OIATA,0
CUST_JV8K2WYKAF,0
CUST_5HOM585L5H,0
CUST_BE79Z3FPGN,0
CUST_X5LNHQF5F9,0
CUST_D0KB54DXVY,0
CUST_MRAVME7K4E,0
CUST_BNENC4L07V,0
CUST_LTUSY9PSIO,0
CUST_HN06YZAR98,0
CUST_8MKZZ2X2B7,0
CUST_9C603ID6XK,0
CUST_CALTOFOOEV,0
CUST_KP7R6N8ZP8,0
CUST_5BNJUWJALZ,0
CUST_1WQO36LB5C,0
CUST_K0MR1WBMJ3,0
CUST_RUH8E06DPO,0
CUST_XGQM4Z7DNR,0
CUST_706K3WCJDD,0
CUST_XXUSR2UQX2,0
CUST_Y1TE4JF9ER,0
CUST_KVEUNUTXYS,0
CUST_3IENYS76UY,0
CUST_I4OCTAO7TP,0
CUST_KHG9VJ4GZM,0
CUST_LZ9W0AO6V5,0
CUST_7DZ8MS7UIL,0
CUST_O8T8EPQTS7,0
CUST_JC3B8XQ1M1,0
CUST_4UEL6DNPQU,0
CUST_DKV9861F3B,0
CUST_PO2NBZ4DVN,0
CUST_YIDGMOIRJU,0
CUST_VD0EHLY4ND,0
CUST_CNYS3YG1A3,0
CUST_PBPBCE4EZ4,0
CUST_O16LBNF14N,0
CUST_HRY205IY13,0
CUST_Z5WYGEDEM2,0
CUST_YL4IHKNWS3,0
CUST_ZG7MNCKQNY,0
CUST_JRWEUBDNGX,0
CUST_G1W916CAE3,0
CUST_N5JAL6QM90,0
CUST_X2HPN1KA61,0
CUST_HYWEBCK3TU,0
CUST_IC8MXPJ7VS,0
CUST_FPEI09ACW7,0
CUST_9K50R8NMYH,0
CUST_8LL4Q01M5Q,0
CUST_F5QOJ8AQKK,0
CUST_78ANPHP1EC,0
CUST_MRWY1WKQQR,0
CUST_JHXBY59Z6T,0
CUST_GC7G31RYIY,0
CUST_KP7YM20IB4,0
CUST_5C9K5VRDVX,0
CUST_38PY1IF1TD,0
CUST_ZHY9WQTURM,0
CUST_T4Q0X7AKJK,0
CUST_CRPZQ0LDYE,0
CUST_HIX2LO9030,0
CUST_6WXCNN5IBT,0
CUST_TH9DL3CYQZ,0
CUST_6G2GOV84KI,0
CUST_9Z3EPXQN0Q,0
CUST_G2CYTNA7JQ,0
CUST_X8H0FK73YU,0
CUST_3AV7PYI48L,0
CUST_Y307Y0XTC6,0
CUST_N5BP2LBSF6,0
CUST_M2NMJKBNRB,0
CUST_LIAPZRBTAT,0
CUST_EX96D3E1JV,0
CUST_B08UVJBFT1,0
CUST_93NZMN9Z4F,0
CUST_9VSEYHO40S,0
CUST_ZJM5F43MPT,0
CUST_1LAC4ECMC5,0
CUST_BHWYXIJPXX,0
CUST_353D4GZZPY,0
CUST_PZY2A5WN4Q,0
CUST_RC08WXZBN8,0
CUST_6YLKQRMYM6,0
CUST_OBX56XH61T,0
CUST_MK1FYBYQ2L,0
CUST_XRXVP3LMRW,0
CUST_7WDFFHH383,0
CUST_7LVUKBLVBI,0
CUST_BSIE8QKFBC,0
CUST_YCVKME4SI2,0
CUST_UELBQH4WNQ,0
CUST_DJGISBK7KT,0
CUST_E7V16BLDZJ,0
CUST_IIKI8PWDLK,0
CUST_JBN3OVZYUG,0
CUST_OOMYUMJXSQ,0
CUST_LY7FR56C43,0
CUST_XZOKF3E6NL,0
CUST_N8QEQ4BJAC,0
CUST_5TGRB2IWFX,0
CUST_9SZ7ORD5NC,0
CUST_PSK2GLKRZQ,0
CUST_SNXP4847KX,0
CUST_X8DAF26EFF,0
CUST_ZGKCG909JC,0
CUST_HF9LVWDLHY,0
CUST_FAVBQSUVCA,0
CUST_7UAUULOFR6,0
CUST_6KF0X9DLHM,0
CUST_Y57KELGAQ8,0
CUST_PDJOJ4SO8O,0
CUST_FHAFLZUVAW,0
CUST_FXEL4MZQ46,0
CUST_DC1VLEI31M,0
CUST_1C3YTS0NTX,0
CUST_NHG7KN883V,0
CUST_EC7YY3DIES,0
CUST_4SG986LKEZ,0
CUST_59RZP3UOG4,0
CUST_1PVI37UG56,0
CUST_3FNW7SPWDR,0
CUST_H2XH0DPW7V,0
CUST_4OSHAGI9QP,0
CUST_6QPS12WDQV,0
CUST_GZBLVTGC4A,0
CUST_NDV2OPNWT2,0
CUST_28YX2MEQYY,0
CUST_D6UJ7KNYVV,0
CUST_F5U27XJC8S,0
CUST_4X7ALNRX82,0
CUST_B4F3CENCZ3,0
CUST_F80YW04NXK,0
CUST_1SH7R387M3,0
CUST_OOB6CJE3UQ,0
CUST_EGCIQSGTO4,0
CUST_L0AMY38OWR,0
CUST_80SHAGVXGH,0
CUST_P46GFVUOL7,0
CUST_68F4WH87WF,0
CUST_DFA2FK8H27,0
CUST_QO7058SR5M,0
CUST_A5ODJZFRTX,0
CUST_Y0MR0RBE09,0
CUST_63TNAGY5R5,0
CUST_F411AARE2H,0
CUST_8U7G8K7FKY,0
CUST_5Q60AECZBA,0
CUST_T0C55M77GL,0
CUST_C8RA4F8QFJ,0
CUST_ZLYSLFQAFD,0
CUST_7YZUQIOMIM,0
CUST_4GIQ43861U,0
CUST_N4XBWUBXBH,0
CUST_K2RX20X1ZD,0
CUST_EMS5I6LNXY,0
CUST_GSPHL5DDUD,0
CUST_X82H1OZT3O,0
CUST_P1S0BPAIQY,0
CUST_F8TSGBOJKB,0
CUST_N8KJHSQ7GS,0
CUST_ZZ70QQ76G4,0
CUST_SW4QRNF0CN,0
CUST_OIUB2Z1DLZ,0
CUST_U6L1SRTZXP,0
CUST_411E2PRG4V,0
CUST_W7WB3DUKAD,0
CUST_4ZCDCN5XV5,0
CUST_90NX1NBHK7,0
CUST_CK4YIG0ZX2,0
CUST_KXWBDET72Q,0
CUST_0ZVO0GBCZ6,0
CUST_MH3GA6J3IC,0
CUST_SJ55B0RIX9,0
CUST_AYVXYJ7WO5,0
CUST_J437OGU6ZQ,0
CUST_7LPBEKGG2Y,0
CUST_TWVLV4ZUTJ,0
CUST_371D9P9EK7,0
CUST_VZFN89U7F3,0
CUST_D9MTJYQDVR,0
CUST_SZV8AOTRCV,0
CUST_263ZDN6DZW,0
CUST_ELPB1GFY1Z,0
CUST_XFFS383VOY,0
CUST_JDTVJZPSAS,0
CUST_8Q00SXJT7F,0
CUST_04PZIP720K,0
CUST_OGFB5DK2IC,0
CUST_IGMJVNCQEE,0
CUST_C8KWNAW3QN,0
CUST_FVCW2CMJW5,0
CUST_RSZUEBK6J9,0
CUST_SDCBYGOINO,0
CUST_NNDRF4EH8T,0
CUST_JSGUGFJCGB,0
CUST_GML3M4DZF5,0
CUST_EHK8SEEO85,0
CUST_69U6FP1WB6,0
CUST_NQHUBO4QMI,0
CUST_HMDBZOGZQQ,0
CUST_4U7142I2QU,0
CUST_8TPA6IY7U6,0
CUST_5G55GN8NKG,0
CUST_0BRALGWHL1,0
CUST_36BPD22FJ5,0
CUST_HTVK6TMHZS,0
CUST_DSO0EPVN14,0
CUST_0PB15S2KRW,0
CUST_UMDB60W88P,0
CUST_A0CXNM2ZBF,0
CUST_J4IICCC8D3,0
CUST_EYZ64M8X2Q,0
CUST_6JS3XTTSYY,0
CUST_LFJHEIRT5F,0
CUST_82IYP7I48H,0
CUST_6OMEGFQ086,0
CUST_90NYBE8YKL,0
CUST_QTP8WX83JO,0
CUST_C7Z7BO80IB,0
CUST_QEP09UB192,0
CUST_TS3NDPRWDP,0
CUST_I2X3SQ7BY9,0
CUST_I9UYJ66USL,0
CUST_OZK924ZXXG,0
CUST_N7PSUJXF6U,0
CUST_Z7E09F9UL4,0
CUST_D27ZSU1K6K,0
CUST_OJH9OAZ4GE,0
CUST_4PFYZW5FGF,0
CUST_BAQ7CKZE6E,0
CUST_QULE323RWA,0
CUST_UJNIH0MV9O,0
CUST_26W9IHOR9D,0
CUST_GMPLVOON1U,0
CUST_HAD0TX4UZU,0
CUST_TI7PJ6DHDA,0
CUST_G3AHV70KAG,0
CUST_FDCH5KBIOK,0
CUST_CCBLZ35FVR,0
CUST_93ESZ98GX2,0
CUST_MHRDBYZQOG,0
CUST_CTQA565I7A,0
CUST_2L38ZUULO4,0
CUST_9I55PS18O6,0
CUST_4HWM66QVKY,0
CUST_7QWRE62VPQ,0
CUST_1JKOF3FHKI,0
CUST_P0G9NL43GL,0
CUST_DEZ8IQKS34,0
CUST_EIGU1XIHQC,0
CUST_QIPUNH0G2J,0
CUST_JAHSE06Q4G,0
CUST_4HAQIDQJC5,0
CUST_AG43TP86YJ,0
CUST_RJVFBVZQZ8,0
CUST_3EYRJCOVEO,0
CUST_G3IZLBC3V4,0
CUST_49JCNP3LYR,0
CUST_I5COITY8GV,0
CUST_ZP7VQDJ1MY,0
CUST_YDW6SCYKVN,0
CUST_ZYYYYGGRAP,0
CUST_UN1OUOFWBF,0
CUST_EDAKQGZT8F,0
CUST_MMN8YZ3EAU,0
CUST_MR7TAHML00,0
CUST_UYZ4INP0TP,0
CUST_QMEMQSRV5C,0
CUST_D6R15KVAVS,0
CUST_EQJDYQP974,0
CUST_16561SYZTW,0
CUST_U3IV40WQKM,0
CUST_SXIOFS136M,0
CUST_1RM2BP1UN7,0
CUST_PHBQBYIX9R,0
CUST_P7X0076ZNN,0
CUST_A0MUI788X6,0
CUST_0LKJ0SBHYI,0
CUST_Q5C05ZA3JE,0
CUST_MITEUMERFS,0
CUST_EXWBVNP7Y2,0
CUST_LRGW72W0MS,0
CUST_Q1A8M667V9,0
CUST_YLSHT0QDQC,0
CUST_8UO77ZGPTG,0
CUST_5R4A5J42C3,0
CUST_KW81SN4MG7,0
CUST_TIRE5D6C7E,0
CUST_1SSZHNBQL1,0
CUST_HVQCJRL9JI,0
CUST_AC4NEI8SSX,0
CUST_R8XT71C9W4,0
CUST_2TGP5RUQGK,0
CUST_7WJSHU6INE,0
CUST_TX93GOTTYF,0
CUST_Q6X2SZILLZ,0
CUST_H1L8VROF91,0
CUST_IHDH6YV7TB,0
CUST_TL20AWBTZ7,0
CUST_WG1UZE5ZEV,0
CUST_11CLYC77I3,0
CUST_0M113B7W1N,0
CUST_ZP94B09C7K,0
CUST_F16W5UDPDM,0
CUST_XOM2XM6V48,0
CUST_SXIQRRN64S,0
CUST_XTD3P73ZI1,0
CUST_2A4EN5CV3S,0
CUST_Q7811WMA8X,0
CUST_MIBFRM5XVL,0
CUST_WMF3D50XX6,0
CUST_U15J743K0Z,0
CUST_KMP8N3M704,0
CUST_NQO8H39HQR,0
CUST_WX5ROD1O6V,0
CUST_QJ113HTCFB,0
CUST_UFY7VV2WKQ,0
CUST_WS4QVNP41C,0
CUST_RFL8ZF90P9,0
CUST_1UFDZV5O5Q,0
CUST_JNVMIO1WIA,0
CUST_WKCXGA23H7,0
CUST_E7ONM9M11E,0
CUST_1UNX1V5YJX,0
CUST_SIN6DHU5P4,0
CUST_3JVZU1WX7M,0
CUST_40J20QB5EG,0
CUST_WQMOUVBKGM,0
CUST_N3A83TLJ3T,0
CUST_0VLOQJI5RA,0
CUST_7114FP8N49,0
CUST_2PBOGJI8LB,0
CUST_W00274D0FB,0
CUST_LBGAX6EO1R,0
CUST_0CKT5QZLSS,0
CUST_SP8NNVGUSK,0
CUST_7FLKT8I2LL,0
CUST_C2MPS189GJ,0
CUST_3JDKXHJVQD,0
CUST_BKZXUDH2FW,0
CUST_2WKWPX4385,0
CUST_ZMW7XJN48J,0
CUST_8EZ829RCTV,0
CUST_YAUFD69OT4,0
CUST_YA38MN8T29,0
CUST_U6M568KVJ0,0
CUST_EM4M4NV9UZ,0
CUST_V4N75Q8KH3,0
CUST_4U9TNCL8YC,0
CUST_41RE98LMTG,0
CUST_ZQJHBRUA5B,0
CUST_C0FIP2L0NN,0
CUST_AKI3VIX6TN,0
CUST_ZW9S928RJZ,0
CUST_4TMF6QGQJJ,0
CUST_WX2CK2XW5F,0
CUST_25NEHUWIZN,0
CUST_OT04NAWXWN,0
CUST_A2IRKFW3OP,0
CUST_EFKWCND23N,0
CUST_T0KNII9BBE,0
CUST_U9UZ94U6XJ,0
CUST_3HW3C2H5ZG,0
CUST_O70TKQ6ZP9,0
CUST_ODYRVDKFUZ,0
CUST_LVJH9YVT8R,0
CUST_9ZCWBFX3PG,0
CUST_IWCK3BA08V,0
CUST_30B9XCUNGB,0
CUST_MSFF8IHM7K,0
CUST_2E8S1Z3PNW,0
CUST_IA0KM5U1LO,0
CUST_SDA1C7636L,0
CUST_OC3P3PW2KA,0
CUST_RRS7B5IM6J,0
CUST_MIJPW7XLMS,0
CUST_JCQKJT54FU,0
CUST_A1AJTRXDIY,0
CUST_S8WXBTQOJX,0
CUST_P33ZJTTBEN,0
CUST_FU8RHWUWSS,0
CUST_XT4E554KNY,0
CUST_16IJZGHZO5,0
CUST_Y4776VZ3MY,0
CUST_L7IIGUN6DC,0
CUST_J72087BMRV,0
CUST_RAMU06I0IR,0
CUST_T2M2FDJFUA,0
CUST_M4957477FC,0
CUST_4CRTT81FTU,0
CUST_8AU5M3BLX8,0
CUST_8S7YVPZTMT,0
CUST_EJSQOYGUNN,0
CUST_773LYWVXB1,0
CUST_XPFMHGEKIG,0
CUST_NQ63Q0UFHE,0
CUST_O8P6LV5TUO,0
CUST_HU0FSCW7P3,0
CUST_Y6GTLGKS6F,0
CUST_O31J4LFS7O,0
CUST_GHWQH7WQV2,0
CUST_G2O0TLHROJ,0
CUST_JM0E7YEFZ6,0
CUST_09TX69LHTX,0
CUST_EXQ1O7OS4M,0
CUST_GP3ZGK9K9R,0
CUST_NVMB0KKCZN,0
CUST_1HO290L9F1,0
CUST_9AHC78J5XM,0
CUST_2FVY9FZL2M,0
CUST_7ZES9OQ2NT,0
CUST_B5B98IGDBB,0
CUST_GWP2YMI0LV,0
CUST_A7ZYREM7N0,0
CUST_C9K9CZNNWI,0
CUST_V5WBD5F6FH,0
CUST_BFNRLIA3OW,0
CUST_5MWMDRME9O,0
CUST_6IWVNMXHTQ,0
CUST_QWWL50AWAW,0
CUST_JJBJPPOF9C,0
CUST_SQF7TZUYSY,0
CUST_QZ909LABMD,0
CUST_EO0NPLX42M,0
CUST_ZNXP1IVS2N,0
CUST_LR60RI3TQS,0
CUST_VNTP7Z2DEC,0
CUST_FINRSLTKO2,0
CUST_8XAPHUMAFM,0
CUST_JTQS1WPMAG,0
CUST_F3D679GP7H,0
CUST_JI8MZ93F7X,0
CUST_GW5FPJH3BR,0
CUST_UBQ3RHN30F,0
CUST_2V3XZN6Z8H,0
CUST_M96X9HFB9P,0
CUST_BSOELTF13M,0
CUST_2HE68TWTY0,0
CUST_FBQWVOCQ8K,0
CUST_0CIJVNE6S1,0
CUST_FY3N1RMNOH,0
CUST_OS841LJMN6,0
CUST_LHX6LIJBF2,0
CUST_2N5U61L5TR,0
CUST_17QOBUDZ5T,0
CUST_Y4D1FRR49N,0
CUST_DNW6H2L76A,0
CUST_67NXQLYKFW,0
CUST_4ASFUM286T,0
CUST_IY04KPIRI6,0
CUST_0E8QT766MG,0
CUST_GB8OK42U7W,0
CUST_7OOUR8EY9R,0
CUST_YB54PBI6VU,0
CUST_68AW9ZBRJ3,0
CUST_RAN36Q2L5P,0
CUST_UOFGY61PQ7,0
CUST_F8EWE6RHKH,0
CUST_NENW764WGK,0
CUST_LR2017ZWPK,0
CUST_O8P4DG5EAD,0
CUST_3D44B54CWR,0
CUST_B9CUQY4LYX,0
CUST_BP0SF85RND,0
CUST_STP4SQ28TB,0
CUST_1388UV5RQ7,0
CUST_NR5UEOGE34,0
CUST_7XNCJC1FGF,0
CUST_GDC58CNMPM,0
CUST_TZJ8EER9DX,0
CUST_XOYFJCZKRH,0
CUST_YISUJ4G2FH,0
CUST_2H64FDGF5Y,0
CUST_HVII092ZBG,0
CUST_RHOETQ44SV,0
CUST_RPG2UE9NOM,0
CUST_NB1SEMAMZ0,0
CUST_8P65QGYAP9,0
CUST_Y098PDWV65,0
CUST_W6S8P1N7P9,0
CUST_R5LNS5ZMAC,0
CUST_MI817GPW0Z,0
CUST_RKIY286EML,0
CUST_4YE0S2WBJ3,0
CUST_K1HZ1BBIJU,0
CUST_3QOR27LZLD,0
CUST_WNL2R73GN4,0
CUST_5R40QS832F,0
CUST_MV1ZECJY8S,0
CUST_1WB7VJWA1K,0
CUST_T1SQG2Q6C4,0
CUST_POEFPD258Z,0
CUST_NDFK2GV4IM,0
CUST_J34XLAM08M,0
CUST_Q6T94P558U,0
CUST_EN7RBAU1CP,0
CUST_SN0NL6FGJQ,0
CUST_0C3UABJW47,0
CUST_MO1D8XCGUM,0
CUST_3JK7JMOGQ4,0
CUST_VKTC8KRPQO,0
CUST_A2HYX2RBUJ,0
CUST_FGFDOLRZ1B,0
CUST_VW56F4H4H8,0
CUST_E15A0CG5K7,0
CUST_A60JYL38CF,0
CUST_TN4FSONUYR,0
CUST_19IMQL87HB,0
CUST_GXF9KDM813,0
CUST_OLAKT0Q563,0
CUST_X5PVN0MIHC,0
CUST_KG7SCLQ1Y5,0
CUST_L8T31IXAY9,0
CUST_K0Q2FSY4AY,0
CUST_OWAVMNOJS9,0
CUST_QK7ERF4P61,0
CUST_MBRZOI0QCI,0
CUST_D7NZVF1GT0,0
CUST_MAZ74DAXHG,0
CUST_JPP129YLOZ,0
CUST_9CH9TM1DIS,0
CUST_JUTE6VBOR2,0
CUST_WTRPXMYED5,0
CUST_KPVXYEYKUJ,0
CUST_RQRWV4IEV5,0
CUST_64VBHGJVHJ,0
CUST_HIPH8M70IZ,0
CUST_XM8WCX7HX7,0
CUST_4N3KMUPH5E,0
CUST_MGHSP7FG5R,0
CUST_S01FS214EX,0
CUST_SGP1P22WCR,0
CUST_NP6CMQ82C7,0
CUST_KQ19PBFTAI,0
CUST_NNZEXPBTIF,0
CUST_YPYYFEZPJ9,0
CUST_6WV8JPP7PK,0
CUST_ZWLE66G340,0
CUST_67SRJC3LYA,0
CUST_3C1MUS9NU7,0
CUST_7JY7KI5RTO,0
CUST_8G9JIP28YZ,0
CUST_UXHHJ3T2SS,0
CUST_0IDQ2YZIL6,0
CUST_7H84JKTP5S,0
CUST_8O6AEPV3DR,0
CUST_OHMWUNH712,0
CUST_YQ0VAJUO3G,0
CUST_C0PNHA528E,0
CUST_HZVG2WF7AH,0
CUST_QTHRLCDIJZ,0
CUST_YG4KIRIMCY,0
CUST_5UM8WKZUKO,0
CUST_XFS0JD533P,0
CUST_CIJRVJ22Y7,0
CUST_9ZV1EOS6BS,0
CUST_SWKL8AC36Q,0
CUST_V4QMPKQB1F,0
CUST_Z6KR933N7L,0
CUST_78G0AJK18M,0
CUST_6ZJYK0E9PS,0
CUST_C9RTQB0IMB,0
CUST_RXZ2CAW5FU,0
CUST_XG209F8791,0
CUST_1R4JVS8GJO,0
CUST_1NKDW5CBDG,0
CUST_IVEKCQVI6J,0
CUST_MLJOAMHNTO,0
CUST_BCK38E2NT6,0
CUST_9PZBZ93SJB,0
CUST_JYEWY0W0A2,0
CUST_EMGC8T4VJA,0
CUST_5Z8TCHQPC9,0
CUST_R8O87LV0TA,0
CUST_7XTRXQEVQH,0
CUST_XNQ6W1O2LL,0
CUST_115C44ZXHA,0
CUST_H9YUMA9111,0
CUST_3UMB17PC5X,0
CUST_HCO1EMARHA,0
CUST_AK9LLSKI4V,0
CUST_QWBP135EXE,0
CUST_ZXJ3AC0HP2,0
CUST_P3VC2QHMZI,0
CUST_OGP7UWSEHF,0
CUST_6X58C4TTRF,0
CUST_JAAACFUPXO,0
CUST_NBPK38QDQ9,0
CUST_WIWY5KDPD3,0
CUST_BGB6HIY07I,0
CUST_URAKXU9M6D,0
CUST_O3ORYDSA99,0
CUST_Z47OSYJRQ3,0
CUST_V3PYZNLX43,0
CUST_U275680REN,0
CUST_T6IKIJPQBP,0
CUST_RHTV45BG0J,0
CUST_8YUYVFAEJE,0
CUST_H3ZV3AR49L,0
CUST_EOJTZMKCRG,0
CUST_BGIOAUGBRG,0
CUST_696QT0RVCI,0
CUST_ZZ7Y5ZVAK0,0
CUST_9VTSAAVJ11,0
CUST_8EXYSM0TJ9,0
CUST_N2W4C25PRA,0
CUST_BLHIP9592D,0
CUST_TRRSWSL7D4,0
CUST_RHA7OPQ4CX,0
CUST_GM8M40ODQU,0
CUST_IIVW7FS6U0,0
CUST_WG69JFY6G7,0
CUST_M4Q04Y2TQ8,0
CUST_8QJ1QVJ6YK,0
CUST_Q4HLKFNOT8,0
CUST_02AHJ5FU01,0
CUST_94RFNLC779,0
CUST_DURZL11Z33,0
CUST_773RMMQBLK,0
CUST_4AFV1P3VHN,0
CUST_YPGP7A8Y9Q,0
CUST_LUXQBROC5E,0
CUST_JRJECIAFQ5,0
CUST_3KVK2QUAB1,0
CUST_PYEYFU0LFG,0
CUST_EBZK2CDZRS,0
CUST_89W94B44ZT,0
CUST_RVXSQAWMZ0,0
CUST_A7GAI3INKV,0
CUST_9FHVHJD238,0
CUST_FPFZD5DEMU,0
CUST_3X8J3H1R23,0
CUST_2UT16A43YJ,0
CUST_3GTF474E6H,0
CUST_JBGT0PZVMT,0
CUST_FU4FTWSB5X,0
CUST_U8HYYEP4JL,0
CUST_KSE4UAXHRI,0
CUST_3UCONN7AND,0
CUST_5F2NQJCYR0,0
CUST_15DWQDCHAQ,0
CUST_1HWACPKAN8,0
CUST_FBG4EVFQOT,0
CUST_IKZNHUYLGN,0
CUST_V9T50HMPST,0
CUST_KY1CZIVR2L,0
CUST_SUUWSW2CS5,0
CUST_UQFN0QUFV0,0
CUST_RFEIHL2B6B,0
CUST_3W3WJ8QVXA,0
CUST_3EV0R3IXAL,0
CUST_XZQSL4ADXQ,0
CUST_7H5F4NGI8D,0
CUST_GJAY6DDL0W,0
CUST_033MDQZO8L,0
CUST_K7JE2TB99O,0
CUST_4AZNQZC6NA,0
CUST_5JX9GA77V7,0
CUST_O8YUAULKW3,0
CUST_CLW3AALRFU,0
CUST_DTVS4UWY7F,0
CUST_X3NSRL5VNT,0
CUST_ZE21EQ5WH0,0
CUST_J2081ARURQ,0
CUST_O59R22JZDL,0
CUST_U3D48WUP1K,0
CUST_ZIX9N8T718,0
CUST_X9J7I7LAMM,0
CUST_70RVETWY27,0
CUST_YC822KP0AK,0
CUST_1P5A2AW935,0
CUST_6GA1ZT8U6H,0
CUST_E2SAQDCH9J,0
CUST_94I46TWS7H,0
CUST_EROVFH1IOP,0
CUST_1WEPA1YRF4,0
CUST_FMHQY6TIAG,0
CUST_XWHY6QIF7W,0
CUST_5EL72O6XKN,0
CUST_CTN5R6K212,0
CUST_3EPVIDQYJA,0
CUST_0BBOAFJ9E2,0
CUST_I32XQXL0SY,0
CUST_Z02NDRGBIM,0
CUST_ZROGZC6D7X,0
CUST_IYM40BW1NQ,0
CUST_9ZFCSFJHGA,0
CUST_PH8BF7ULJD,0
CUST_H50VKVTOKR,0
CUST_T057AVO4HX,0
CUST_4VAPX1K0R5,0
CUST_17S5JIYROZ,0
CUST_QMV3B631IA,0
CUST_XGXBGYY99H,0
CUST_33TXM79CTA,0
CUST_PY6EJRKAXE,0
CUST_3UYQVLV1M5,0
CUST_IJSDNVVLJ9,0
CUST_KEBYN75OLF,0
CUST_U4JHXVCWEK,0
CUST_1J0PX1U2DU,0
CUST_143ZJGT7L2,0
CUST_S76J8EKTLQ,0
CUST_B3N5G6DJU8,0
CUST_UIRRRVIX11,0
CUST_HLD8K8WQLT,0
CUST_135R3PIPDB,0
CUST_GP8WR4TLEV,0
CUST_G28KYHPDBZ,0
CUST_B3CXJL0LX5,0
CUST_YEY6JM7UYU,0
CUST_ORGMGZEKG4,0
CUST_KCD7PMQ8HI,0
CUST_JY39BET3RA,0
CUST_46N0RZZGX9,0
CUST_WULRTHIJGV,0
CUST_Q7S0PX50YQ,0
CUST_YU0Z7KMZKI,0
CUST_MBUY3V38O8,0
CUST_5GYVW715B8,0
CUST_7FQB4HBHSH,0
CUST_7MKFFS40KT,0
CUST_RYZBEPBUT2,0
CUST_IIF9H9AMY3,0
CUST_BVMFQUPECD,0
CUST_OJU6JT39WA,0
CUST_AX74C0GRK9,0
CUST_W7YMM847XX,0
CUST_MB3A8CJ1MR,0
CUST_4XKHSE9YQO,0
CUST_4DFZJQER6V,0
CUST_EUWWU27UJT,0
CUST_B0B2GWGPF6,0
CUST_J4HKOJ598H,0
CUST_YVD956K61Y,0
CUST_PYDRJNYD58,0
CUST_GI7A0QVF27,0
CUST_B6UW8V63EV,0
CUST_XT8262HNKD,0
CUST_AJNF4NNTIH,0
CUST_3BHKX8PK72,0
CUST_LV8O3W5WUS,0
CUST_CGXYY0BKHA,0
CUST_LAG7I04D75,0
CUST_3IEXL3592E,0
CUST_OAEY2R7OJM,0
CUST_5B51XEIK9R,0
CUST_9Z6BT243EP,0
CUST_KBJD2UFZ64,0
CUST_APYDCZX2RW,0
CUST_9ETONTBWMY,0
CUST_EO9B3VRL6M,0
CUST_JKAI1SSBN6,0
CUST_BGQQK1O97P,0
CUST_PVL4VPFBC9,0
CUST_U61Z9R5SL5,0
CUST_403AN94ACS,0
CUST_2T2ENWQSUG,0
CUST_N8P52JTCES,0
CUST_MO696MFZ3J,0
CUST_ATISSNAYPC,0
CUST_HCIAVJ2DQ4,0
CUST_L3DEDN4CMK,0
CUST_VF4PSCLK8N,0
CUST_0TJGE46JDY,0
CUST_4UOTIBO62H,0
CUST_IQV8Q6NU99,0
CUST_WHGIPBAR4X,0
CUST_JH6DSPBOKQ,0
CUST_Q4LSPTRYXP,0
CUST_YNAE1I9YEP,0
CUST_JIQRTEKOJA,0
CUST_LTJRZ6BE66,0
CUST_YTEOP6GRX8,0
CUST_JNGZX0SZVU,0
CUST_1JENQ7JMTO,0
CUST_0BVAS0EZ2J,0
CUST_RAYCZ91Q1M,0
CUST_LLNATMS2AV,0
CUST_RXODG9MZ48,0
CUST_RZKJ385RUF,0
CUST_3IB4Q3I4KN,0
CUST_RT0USO5CHI,0
CUST_8PKBP4OZTX,0
CUST_HAX7YLKQZV,0
CUST_KQN3XPJJ6U,0
CUST_K8IC911M03,0
CUST_8UBQPOTRM1,0
CUST_7W1UYERY6E,0
CUST_1Q0W134J6B,0
CUST_LB8DHPDJCW,0
CUST_WS6Y3M6GZG,0
CUST_TOIAOPRX6L,0
CUST_CC1WI4742J,0
CUST_NZCSJ7UMWT,0
CUST_8I4ZNF2P3X,0
CUST_0LBEPNJMPS,0
CUST_IOUI1RVQ2L,0
CUST_K9LD7E4UFU,0
CUST_AQWHPVMQKV,0
CUST_YQKKTJXUPM,0
CUST_XRYRHQHDVJ,0
CUST_S8GLF1RZZD,0
CUST_QVPSSOWR1S,0
CUST_YB92NVNOKG,0
CUST_JMC4QBWHS5,0
CUST_K0MP19M0N3,0
CUST_EIMU1V39IU,0
CUST_CEFW2MYFJ2,0
CUST_751V5F63BF,0
CUST_NJJUFY9RXB,0
CUST_OG541YRMCP,0
CUST_C2H0E8EX6D,0
CUST_MJ1JCYC1U0,0
CUST_K0KVVDK5IV,0
CUST_WNLBFF2M9G,0
CUST_9CPXST1X7A,0
CUST_QWFDBG0UI2,0
CUST_D1F7NL6S2N,0
CUST_KSX8FAEW8Z,0
CUST_3LV4YIWN45,0
CUST_TD0FPAQ6F9,0
CUST_U1LWSB7F1Q,0
CUST_GRXKJZQHAO,0
CUST_38TJ2SFJFA,0
CUST_CB9GV50H5Y,0
CUST_YL7B1BM43Q,0
CUST_I5NIGT6P6C,0
CUST_ZAH0ZO1NKP,0
CUST_KFE1KQPXBG,0
CUST_7N5BQ0Z2OF,0
CUST_88P276K31W,0
CUST_867VEEEY2J,0
CUST_Z66KZAKI8A,0
CUST_KVXFV10X2V,0
CUST_E7NSJVGYFH,0
CUST_7QYXKL8E8X,0
CUST_VVTSBEATPK,0
CUST_ASVRO8BR1G,0
CUST_G5V16489BI,0
CUST_FT3QVT75HL,0
CUST_LPCJMEUNKH,0
CUST_7LJMBSOR0S,0
CUST_8CXCP3XSS3,0
CUST_10MKRBJECD,0
CUST_Z84XTW0D43,0
CUST_1ZBV0FQL6E,0
CUST_5BMXHEAA1U,0
CUST_QMPFAFTBKM,0
CUST_K1SGNAZSR2,0
CUST_HQ1DZ15A6Z,0
CUST_IQDLD6CMG3,0
CUST_EGFJE0X6AS,0
CUST_D7G4S9EKUL,0
CUST_IM92ZT7RMD,0
CUST_BWIT5R5V11,0
CUST_5WEQ8JDFOG,0
CUST_ROFMA5Y0KJ,0
CUST_DVDF1Z070I,0
CUST_ZLWHAOGJLS,0
CUST_P1LU0BCHA1,0
CUST_JZYK5R2O7V,0
CUST_DVD4CVPZHV,0
CUST_REX7SS9HAS,0
CUST_FZ9EYH762A,0
CUST_W1FT2L235Q,0
CUST_BWXJK71N6C,0
CUST_65QXQCD1DN,0
CUST_1XXMCHLITW,0
CUST_V02Y1GEJPR,0
CUST_UR7O1A1XW7,0
CUST_YENUK8LCC2,0
CUST_GHS88COUX3,0
CUST_SR2U2Q294S,0
CUST_ICRUCWBCL9,0
CUST_GCED0M5WV5,0
CUST_DEN0YCRCBX,0
CUST_1BC8KML6BV,0
CUST_UQEYBGLGMV,0
CUST_HM9WFBYY4W,0
CUST_FIYFWALUX3,0
CUST_V04JR40YV6,0
CUST_UYIB136YH1,0
CUST_1F90N9Y7C0,0
CUST_D942DBR1UT,0
CUST_UUQYN5KO4B,0
CUST_2X95LXW7C7,0
CUST_GXXGTUJC0A,0
CUST_7KORAYQHMH,0
CUST_JJOI6X20RP,0
CUST_07NLKQD72O,0
CUST_F6CMTL2GLV,0
CUST_6F46NSLQ4W,0
CUST_I9ZWG9U04B,0
CUST_1ZX2R9KZW6,0
CUST_RRSJZQYCIY,0
CUST_QTHGUX6K22,0
CUST_MUEJWP46KJ,0
CUST_BNCQ1I4MS4,0
CUST_GW0CP6O5LG,0
CUST_1XC342RKIA,0
CUST_119FFAAHBK,0
CUST_3PR8Q25BYM,0
CUST_1HQDSDX67W,0
CUST_VZ9ZL4QGVN,0
CUST_FJP7W0FV0V,0
CUST_UCV6EBZP8E,0
CUST_37L3NKRODZ,0
CUST_UQITMG4EDS,0
CUST_ZEZ0JJBS4S,0
CUST_8P91I8N8JU,0
CUST_2W8Y3QQG5U,0
CUST_DOZGHSFCF9,0
CUST_4WGCZ25YF8,0
CUST_9I425ZAFHC,0
CUST_WEEIU2U2B3,0
CUST_5ASPLOJZ9X,0
CUST_E6JWL7QIQ6,0
CUST_OTMTIU0RZ9,0
CUST_B75K266LZ5,0
CUST_Y53W0HLONZ,0
CUST_Y2BNS0RY70,0
CUST_GPF8F1XC0A,0
CUST_JI6I8QTBFV,0
CUST_2DU7I48I6W,0
CUST_75BYCGFSAE,0
CUST_OXUDA3EHTV,0
CUST_NZ1XZAQF1P,0
CUST_BS73UWSCUW,0
CUST_RZB71ZJWI6,0
CUST_EWV5YDMFO4,0
CUST_8X5JUHT7G6,0
CUST_YP1EGIWQB9,0
CUST_ILI6JA0FUE,0
CUST_FYYSZBVJJP,0
CUST_WOIZJRW5R6,0
CUST_UM4QGS3NSA,0
CUST_T82Y9X4IBE,0
CUST_3HC2OWTHWO,0
CUST_OI53KWHS9N,0
CUST_XE0H5C907X,0
CUST_8N10QN1C7T,0
CUST_6FM4S5NPTJ,0
CUST_JVV4RD6O2L,0
CUST_TTUAWXK11R,0
CUST_4VGG6P9WEB,0
CUST_8E6S2W91VT,0
CUST_3WSX1GKQR2,0
CUST_2CM87CAZ15,0
CUST_1Y6IBPTBPZ,0
CUST_8WB97EEHFR,0
CUST_SKI13YE04X,0
CUST_HRHRTIYWY4,0
CUST_5WI9ZHPNJR,0
CUST_2CCACNP39Q,0
CUST_OMV1PPLSU4,0
CUST_LEHPDPOU8Z,0
CUST_38PN4TPZS7,0
CUST_M2VAL1BRYZ,0
CUST_S8TE5CDQFH,0
CUST_9VBPOP7KZO,0
CUST_PVH0E2F4RJ,0
CUST_HXAA3QWPE8,0
CUST_5IN5ZCORBM,0
CUST_057ZOCK92Q,0
CUST_RUFJFHLKQD,0
CUST_7WA826NH1L,0
CUST_1X6AAD62JF,0
CUST_MW794MBKEX,0
CUST_76VHPEHM8G,0
CUST_54HCBV2WFN,0
CUST_YXIQ42IKU7,0
CUST_51XC5UNHXX,0
CUST_MGBXBX0ZZR,0
CUST_6IUX7327Y2,0
CUST_3BV8SIBWJY,0
CUST_CWBFOL88GC,0
CUST_AVMV49PKEO,0
CUST_CNYZTC3YJO,0
CUST_ATG1SPC4MV,0
CUST_0X85IYY7C7,0
CUST_D9805UYLFD,0
CUST_MFO33WKJHI,0
CUST_ADYN84MRMP,0
CUST_K23HWON5F5,0
CUST_29F03TWCCQ,0
CUST_UV3O6TLSME,0
CUST_0NU8WLEP82,0
CUST_IPYATC3L40,0
CUST_JS2OSK9L7Q,0
CUST_GCD77DEGI9,0
CUST_9V10LXQ9TP,0
CUST_6TXZ6F6LIG,0
CUST_BUWTQUUBT9,0
CUST_VT7Y2EQI7X,0
CUST_LYHHRPABBB,0
CUST_C20SI3PMQC,0
CUST_712IWPR66K,0
CUST_4POCQCYQ6V,0
CUST_P0L7PS0VBC,0
CUST_YA8B6WHDCN,0
CUST_P0EVYNITZ8,0
CUST_XEJSOU23WU,0
CUST_9J42JFSBO6,0
CUST_RR0O62GYIY,0
CUST_FPBLKK5VD7,0
CUST_K30KO62BFL,0
CUST_Z4EO04J0FU,0
CUST_G99CFP27DN,0
CUST_C5S43R4O9F,0
CUST_1CU3FB2HCI,0
CUST_0XQZN7I6D4,0
CUST_9UH5IV3VA7,0
CUST_OKXU983U8T,0
CUST_601F6AWKNE,0
CUST_ZGYU6HZY9H,0
CUST_TKKN4W4ZAF,0
CUST_0SA4OA12R2,0
CUST_8PI8T10OM5,0
CUST_YLHCZF2SAT,0
CUST_IYCQ6TFOAP,0
CUST_FU5UR16G89,0
CUST_RWGBPDOJ51,0
CUST_3SVWJB4ZJD,0
CUST_EKWUPYWLJN,0
CUST_JG84HLL8D1,0
CUST_VMXCG1E3TF,0
CUST_MATUY8PQ6Q,0
CUST_C3KIXRB0DG,0
CUST_TOYTG6AHPD,0
CUST_BRFTRKP1S1,0
CUST_6S766FX9CL,0
CUST_K3RQ31NS7Z,0
CUST_T5XMPUH3KD,0
CUST_QA17R31RXX,0
CUST_NKYARXLS85,0
CUST_5L2U72KWMI,0
CUST_0QICBOHLP7,0
CUST_C11BCBZWF6,0
CUST_56PC2DYBHW,0
CUST_B360YO0H1L,0
CUST_VSK1Q0Q7C9,0
CUST_6LV2REFVXP,0
CUST_PSV69EECJG,0
CUST_T28XIA93IH,0
CUST_TW1INT4GTO,0
CUST_K3R1XESFAM,0
CUST_0N9M6QSAAT,0
CUST_S7RU50XGPQ,0
CUST_21473TG3NX,0
CUST_SOJJHX8RCL,0
CUST_5DNLP2928V,0
CUST_UVGWANQ44E,0
CUST_FNSNOI4EE1,0
CUST_0NZDOIO5NN,0
CUST_J1JRFOI1OU,0
CUST_I3H2RZFCQU,0
CUST_94RTAIDWTP,0
CUST_CVF50OJIVQ,0
CUST_QF09QMN0K8,0
CUST_RWANBZNHRZ,0
CUST_RY9PPT5IZV,0
CUST_WT2U8T40M8,0
CUST_RBEOQJK0HQ,0
CUST_R2E5WO4ZZH,0
CUST_59T56399HX,0
CUST_RHXC8DKPB6,0
CUST_MY1NLQPK0W,0
CUST_BGDDTDC3I9,0
CUST_961LVHP9OU,0
CUST_VS8H49BTFW,0
CUST_Q0CCYZE9HD,0
CUST_IUHG5HLQPK,0
CUST_YBC30YCILQ,0
CUST_TFM7ZA9V1O,0
CUST_BSSNZ7UZ6R,0
CUST_9NZ83BFSX7,0
CUST_2336PMWYBK,0
CUST_716YTREX0V,0
CUST_O9SALB74WX,0
CUST_RXPQMWA4I0,0
CUST_H320ZALRR5,0
CUST_A3L85QG4P7,0
CUST_GJ902R8ELW,0
CUST_AKUR3T3KR0,0
CUST_ID1E7BZ4MG,0
CUST_38QJOFL040,0
CUST_BBXTSN2CSV,0
CUST_17VRU3RXOK,0
CUST_4ELNF58KON,0
CUST_RHTGIHEGJ8,0
CUST_C8PODMTFIW,0
CUST_6J9CCEOHNX,0
CUST_I44OKBSJ1L,0
CUST_DE6MFY24F3,0
CUST_74T1OR8UFG,0
CUST_RFYI1I464F,0
CUST_OP5GCQBDKZ,0
CUST_CVL3J27JI1,0
CUST_EFGAV3YP26,0
CUST_8VQEOO9RGC,0
CUST_O92CXMXRYN,0
CUST_D484U1PEXL,0
CUST_PVZ1RXKCRC,0
CUST_52G3YKSJ50,0
CUST_RI8J9VHDNP,0
CUST_C2ZB0C4ICK,0
CUST_7MH9BMGHZ2,0
CUST_Y90OSL47BG,0
CUST_9Z05F9XQTD,0
CUST_5SEVKZ1SJW,0
CUST_H3AL6NSSJQ,0
CUST_M2XSB4FXQO,0
CUST_AZCIQ6DP2P,0
CUST_9IZXK06V1K,0
CUST_XJ17N85SA0,0
CUST_CWG27OSPI4,0
CUST_IQNAU8JGO5,0
CUST_BTN1S0HSLI,0
CUST_VDEZQ5BK2I,0
CUST_NOBQX14IBO,0
CUST_8Q44BBGA2D,0
CUST_DAPA6KCBFU,0
CUST_CEZ3JA2Z4J,0
CUST_IQWB4AXXCO,0
CUST_G9BUQLDW47,0
CUST_RP8FR9HW93,0
CUST_R66ZUZI877,0
CUST_0ZCUDDRNI1,0
CUST_9452QNV8CD,0
CUST_K7I3A7XR9K,0
CUST_6QTCEMFPNI,0
CUST_XO6R5LOED5,0
CUST_YOA4NPA46E,0
CUST_USBYMXIKNN,0
CUST_EHRN77NQD6,0
CUST_56LD3YDDUM,0
CUST_KFXBQERZ4L,0
CUST_MX935ML149,0
CUST_G1VXPFOKMU,0
CUST_K004910FHY,0
CUST_NFOXWZ9L1Y,0
CUST_D0GLSMYTWT,0
CUST_I8WKUZPWFU,0
CUST_RKLVYEXMRG,0
CUST_KGPCB9M5KK,0
CUST_ZPZRBDRUT4,0
CUST_F1ZIPWCMXF,0
CUST_COV6D4NMWA,0
CUST_9A18ZABUQQ,0
CUST_ITQ7JWOV0U,0
CUST_TGECM4NNHY,0
CUST_6GFAQPCFSB,0
CUST_1XISKYL9CO,0
CUST_ARR4J58J6B,0
CUST_UTLTSXFC6N,0
CUST_I6ERCDTJ84,0
CUST_LYYG9E8QBQ,0
CUST_QCT8AKKV92,0
CUST_ACA26Y04NA,0
CUST_35OS8CVJLJ,0
CUST_ACSL9QB1MV,0
CUST_LMKEU2ODWV,0
CUST_4K4NCL114N,0
CUST_KERU7ROO98,0
CUST_TQTTON12IX,0
CUST_MGJS9QCABB,0
CUST_FVNNIOVSWX,0
CUST_VPIMBV1Q1L,0
CUST_TBF8P81L7O,0
CUST_0APZOTAJ09,0
CUST_1ZK803RR11,0
CUST_5TS426DMEU,0
CUST_N30287RYDA,0
CUST_W6KCDEU44Z,0
CUST_BYFJQYS9VD,0
CUST_E27S354QEV,0
CUST_88W38RMFHQ,0
CUST_M3GARLIU8N,0
CUST_7ZC9ZYVWVV,0
CUST_7LIIU63BH6,0
CUST_OQUUJJH18Y,0
CUST_L342ZL476J,0
CUST_Q0TVXCUW9L,0
CUST_KGV5PUBSXM,0
CUST_DREXNJDZGX,0
CUST_7YEOLZA4AP,0
CUST_6EP1CO3R62,0
CUST_XI6OVEAEKF,0
CUST_MOE9XHLX4S,0
CUST_QNFJEHWSPX,0
CUST_HSINO7YTLZ,0
CUST_29FE6Z48HI,0
CUST_EPVCNNCMRZ,0
CUST_1VPYJZ97OB,0
CUST_L2Q3RDS5MY,0
CUST_YESY77R03N,0
CUST_CZNH05GTFX,0
CUST_XIMJ77EV37,0
CUST_J51FYRGB48,0
CUST_6A1IU8S3DD,0
CUST_1179GH260U,0
CUST_NP8GBKG5Y8,0
CUST_M3WES6F7VR,0
CUST_DTP9N4FNHK,0
CUST_TEG4ZD9WGU,0
CUST_K9SJT1V1PQ,0
CUST_NLVBVMDBB2,0
CUST_DSPSO8IDOP,0
CUST_JUZ63R33FB,0
CUST_TCPPY9O7ZZ,0
CUST_G5IN2WNI4E,0
CUST_GFTX36HSPT,0
CUST_PA4K6YKJG8,0
CUST_5CANEOWPS4,0
CUST_44A674DMAJ,0
CUST_Y2033QR12L,0
CUST_66ELFFRNTC,0
CUST_1BSP5FRK1A,0
CUST_1N7L12BZXL,0
CUST_WRNWKLT2E7,0
CUST_HBJMOXHXD4,0
CUST_QZ4QD4VQ33,0
CUST_LJ6J64JZSG,0
CUST_T58YIPQQA1,0
CUST_Q6M8LE8N8F,0
CUST_RR6R2NTCVU,0
CUST_RQLDKR0FH7,0
CUST_FH4LAKSRAL,0
CUST_O9EE2X20KN,0
CUST_1MLTFDDPRZ,0
CUST_83Y501N39W,0
CUST_L35EY7LEYW,0
CUST_K43YF4EP65,0
CUST_PNQ62JV55R,0
CUST_NWN01W8LPC,0
CUST_4PGYQINQUW,0
CUST_XKSO99HXG8,0
CUST_7AZZ5S74YL,0
CUST_QM6AAKF5QV,0
CUST_7J54PX7VVO,0
CUST_RH2AL6EBCK,0
CUST_2DFV15CRY9,0
CUST_M3AE4G5O3Y,0
CUST_TTSM27UBP9,0
CUST_WQEJOLS3VU,0
CUST_AYHNIEFLXH,0
CUST_X3NBBH0VJ4,0
CUST_F3AEKTX3WL,0
CUST_A1C5OJ5KEQ,0
CUST_C0ZSY44FEV,0
CUST_7CYN6ST2P5,0
CUST_0DFE3OL5VB,0
CUST_BW46E4SUB7,0
CUST_M4WWEWQBYQ,0
CUST_52S2VR2MIZ,0
CUST_7UOZDE075H,0
CUST_ZIKOU894D5,0
CUST_SBJ8LIGZYY,0
CUST_41IL7PVBM4,0
CUST_O1TD5M00LF,0
CUST_HNR6NDS307,0
CUST_2ZV0MNIDYQ,0
CUST_MYGE2OYUCA,0
CUST_AXQUZHN6WR,0
CUST_05NBI2BZMN,0
CUST_4EAO9ZT4FO,0
CUST_OFM7APE2YG,0
CUST_0BONAQ6WNZ,0
CUST_3NH0KEGDVP,0
CUST_7RDJW21JH3,0
CUST_KW1UTFCI4W,0
CUST_50KO42FDD9,0
CUST_GZF0Z7Y7WA,0
CUST_UJ4W1KX91S,0
CUST_OC19UT0NB7,0
CUST_QCWAH55O9Z,0
CUST_ONN764QQF4,0
CUST_RH7OSZY1R2,0
CUST_5AK8ZTVJKH,0
CUST_Z59G8XJL0C,0
CUST_86EDTHCVJ3,0
CUST_U0VY87KDFI,0
CUST_TTYWJGB1Q4,0
CUST_ZYC3A05J8J,0
CUST_HCZD2UVEIS,0
CUST_ZJC3P3R8CH,0
CUST_4KV4L9Q1LF,0
CUST_RW7MR62TXO,0
CUST_1HH0W7NWCF,0
CUST_KG01R9PKLV,0
CUST_4B0SKMFRTB,0
CUST_NE46U7IYM2,0
CUST_FTZH61HNW3,0
CUST_L0VAFIXGME,0
CUST_RCL4RP929B,0
CUST_G6VOQ9XP0R,0
CUST_XQZKIAM0OX,0
CUST_M0DAEZICG3,0
CUST_R9G0N243VM,0
CUST_XIBR33L86W,0
CUST_PS40LO24RT,0
CUST_GGFLJT7AJU,0
CUST_ZFQV2BTGAB,0
CUST_XMOH0FOPEP,0
CUST_IS6JIM26FU,0
CUST_YAWVO8NM5X,0
CUST_ZEP4UJ9Y3G,0
CUST_N7TVE8UOKN,0
CUST_BE5KOHQ4GT,0
CUST_BOGT0IFF1R,0
CUST_8CYP6XVQUD,0
CUST_ZXOTZC83S8,0
CUST_P62CGOKS9E,0
CUST_0IRCXEYJQ3,0
CUST_OSKTEUTVQY,0
CUST_QUHIHTJA2K,0
CUST_NKPOQSODRN,0
CUST_GEY4LCQNS7,0
CUST_PEK9JFEX1C,0
CUST_MCQPY0OBIL,0
CUST_8DLUDE8TXW,0
CUST_JG30M071Q3,0
CUST_1FJYAGW4C7,0
CUST_FNJUTLEWC1,0
CUST_JZ2VQEU9J3,0
CUST_H8IN5G5Z8D,0
CUST_DJAJIQLWB2,0
CUST_JX39AZU269,0
CUST_GHI5GL3CMR,0
CUST_ESAONVR5NH,0
CUST_WH8DQAXG92,0
CUST_BK7SD9N0KC,0
CUST_NN5HZNV9VU,0
CUST_1TAINB06IO,0
CUST_WMCV3FZ0U7,0
CUST_7O6OXY12W7,0
CUST_EICQ187PGM,0
CUST_0I6P9TKNZG,0
CUST_JGUQVF6W7I,0
CUST_02MJRWM2Z5,0
CUST_G73NCR7HJL,0
CUST_XNGT9S9J7U,0
CUST_II66MV32UI,0
CUST_QN71QOA8B7,0
CUST_YXNDXHO26Q,0
CUST_GY3QBPYF16,0
CUST_9QRCY6ZPQ7,0
CUST_KB9UVSVFB6,0
CUST_SD1HJT8NKJ,0
CUST_8QDI0YP2VI,0
CUST_Y38Z3LTXIN,0
CUST_O5IQFGFHGM,0
CUST_TL0NJ9S5W0,0
CUST_YKGIQWB1M7,0
CUST_Y5SF5VBHVF,0
CUST_RL7JSKMZF1,0
CUST_5MG8WB0F1H,0
CUST_3HRA8Z37CB,0
CUST_6KL173AVIW,0
CUST_IQO0VLVI2K,0
CUST_001SJ74K0H,0
CUST_1TC6SJS59F,0
CUST_RU1S6XWM3Z,0
CUST_T9GV5GTQZK,0
CUST_4N73T18S0C,0
CUST_XUWAXFY0ZR,0
CUST_FVQ8PFBBGO,0
CUST_19JL6M1I21,0
CUST_2H39SVG3KL,0
CUST_92XXP6QSLW,0
CUST_1D6LGSC49D,0
CUST_4TVOZNVLAV,0
CUST_LAJ07RDVBI,0
CUST_OFPGHFAF7F,0
CUST_5TU8VXDXDR,0
CUST_DD5IJYXW10,0
CUST_9SE46KEYH6,0
CUST_XYYANQL88V,0
CUST_TYF0ED6E9O,0
CUST_QF09W9NNGD,0
CUST_SLVVKWMRDE,0
CUST_VQKPJCWJTA,0
CUST_5EVH23Y8Z3,0
CUST_3LGIXPZN65,0
CUST_RVI26PO7J3,0
CUST_FMLUYOADLC,0
CUST_6F9V9R5L4J,0
CUST_EMP52J74PH,0
CUST_BS1NIWMI9Q,0
CUST_PGVURLFXSP,0
CUST_8MSXPLYE1Z,0
CUST_S4SYME40H4,0
CUST_AZV9Z6TVEM,0
CUST_1MWQFM0NKG,0
CUST_AX29K8QP0L,0
CUST_V488A1HY7Y,0
CUST_TFMVZ0W41D,0
CUST_RET473CRHR,0
CUST_4HC09QKUWL,0
CUST_A5662CMHIV,0
CUST_GHD2AUE18A,0
CUST_74LN42J53K,0
CUST_9QMOJK1GSW,0
CUST_HIAVTHFSPG,0
CUST_NKDSK7QNX6,0
CUST_2HO3EIVXEQ,0
CUST_WPKKAECGZR,0
CUST_9Y9OFA8PO4,0
CUST_40ZV90L53X,0
CUST_7LX5CYOSRE,0
CUST_6Q28WK2AK8,0
CUST_E2GP4011JG,0
CUST_OFS3INLGPR,0
CUST_KH0EFOT5Z3,0
CUST_VGL413WV0Q,0
CUST_YONEXMSBJQ,0
CUST_OJN9V8V525,0
CUST_EFYH5SWOW7,0
CUST_90EX6MRTNO,0
CUST_8HLHC8B7J8,0
CUST_I1OQHG5U6Q,0
CUST_RPEIGBESE9,0
CUST_QY5HKUFY3A,0
CUST_2PN8L0VUWK,0
CUST_PD5B2V725C,0
CUST_6CI9BWFEGR,0
CUST_1TWSJEV6NU,0
CUST_30Y5QTRF6C,0
CUST_DWWCAPAPKM,0
CUST_62LK7DQMT3,0
CUST_G9ZVFK957V,0
CUST_1UW7M6ETXM,0
CUST_XCBLKZJIB3,0
CUST_P07QXHZT9Q,0
CUST_M2S9GXW9P1,0
CUST_QZUPQ52KNI,0
CUST_6VBP9S30BL,0
CUST_SHNFBOQ8QY,0
CUST_PVOV1L9LRN,0
CUST_HMGO1120IF,0
CUST_GSZB3IONII,0
CUST_XFU2B86TGH,0
CUST_L7FZ4F9G5G,0
CUST_08YOAAADDG,0
CUST_TZND29M7ZW,0
CUST_98NMCQW7EC,0
CUST_VR299QDGMN,0
CUST_X7YY19VPWK,0
CUST_QHSD38T4OY,0
CUST_CN4SHH7DVL,0
CUST_12G01WOGNZ,0
CUST_U11GUAVHD0,0
CUST_P1VLMBK63W,0
CUST_87VVO1GR62,0
CUST_SEXQS4EZTT,0
CUST_KFKPA9PVUB,0
CUST_JG0COO5AO6,0
CUST_2EWQZAZRSE,0
CUST_MB74WHVUTR,0
CUST_PIZ9QV0FB1,0
CUST_BAHLBFY8OF,0
CUST_RLT5TM2YHN,0
CUST_PNA7WBI4B2,0
CUST_39UALH56WF,0
CUST_5VP5H0U4M0,0
CUST_6N48LT2QS0,0
CUST_LX8Q5SIRZQ,0
CUST_835DAME3IK,0
CUST_SJUGBXNPU5,0
CUST_9PT554KTYJ,0
CUST_D5O95YJU0C,0
CUST_0O8TN6I791,0
CUST_PZNMI7UURS,0
CUST_M4GXP37NLI,0
CUST_OIICPX2LVK,0
CUST_FLTW1JAEAP,0
CUST_ZES3PCI8CV,0
CUST_E0LTKIEN8C,0
CUST_FQJVZFQYUY,0
CUST_6I49ARK8JP,0
CUST_E3WR8WTYRS,0
CUST_QH7WDJAWAG,0
CUST_XYZW9DECJ9,0
CUST_311HAV89A6,0
CUST_0GOO2BUFB4,0
CUST_L1WYF9G4FX,0
CUST_7PEP4UNJMH,0
CUST_E0Q5L454L2,0
CUST_OLMVAP9QRL,0
CUST_SLNH18NGXQ,0
CUST_UYR3OQLNBC,0
CUST_W18DBCXD9L,0
CUST_1UZCVL4XF1,0
CUST_MMJC05QDO2,0
CUST_YPTJO7IHNI,0
CUST_DK5FWKEXIX,0
CUST_FVRACSI9F2,0
CUST_4EH82ZG1A4,0
CUST_AY08CS7G9V,0
CUST_2NJI7RBRKE,0
CUST_ICP32APW2Y,0
CUST_HFTDA4ESXO,0
CUST_QJF2JDTREC,0
CUST_PWVQK7CA5Z,0
CUST_84G8JPOZY7,0
CUST_E6L5J2VTY4,0
CUST_0WAXT0URRM,0
CUST_MG69EJQF1U,0
CUST_HSK7GMHD18,0
CUST_F2957Y1B6L,0
CUST_O01JGWXG4O,0
CUST_NAOSC6TVB0,0
CUST_R7TR6KH0PH,0
CUST_SBZ4RMCJW5,0
CUST_UN9JD7FV7C,0
CUST_Y79TZ0SKUZ,0
CUST_G7RUFRK8FP,0
CUST_PFM1VJAPA6,0
CUST_3V18BIDQ8F,0
CUST_69B8M9UEJ2,0
CUST_KRXQCW81AL,0
CUST_W626SFP04M,0
CUST_GUFTGLIO3T,0
CUST_CMYHMZ5937,0
CUST_CRX1S5I3CF,0
CUST_BNOFJT26C9,0
CUST_UN5I98ZN4N,0
CUST_AIHXB45QVS,0
CUST_153AL4MLNE,0
CUST_VQEJNCFXEN,0
CUST_JFTWNP9C94,0
CUST_YTK0IGM8BW,0
CUST_3SL47VMDS9,0
CUST_FSNBB7C2PL,0
CUST_GQH3M4PZX5,0
CUST_NXH8BAODK0,0
CUST_37JPDI5G1R,0
CUST_G0QPCKEG0E,0
CUST_9N399ZX04X,0
CUST_YXRZL7SAU2,0
CUST_U2OAC30DQ9,0
CUST_OV6TO3REYN,0
CUST_XECOT8HYB6,0
CUST_YM7H6TBHJJ,0
CUST_FS1CLY68C7,0
CUST_GMZBR4GE8P,0
CUST_WP73ETWMJV,0
CUST_BYYRN87HUF,0
CUST_R3Z4RIDQ1S,0
CUST_SK328F86DX,0
CUST_P2VVPB5PS4,0
CUST_6G3554HO6O,0
CUST_I10G46I40B,0
CUST_2ABH6JO2PK,0
CUST_IWHE8KQZI6,0
CUST_9KEE8ENCJK,0
CUST_COXEFTRG9U,0
CUST_7JNZRU954X,0
CUST_QWMB71ACDT,0
CUST_85G6C7NZ42,0
CUST_SQ9ZAN0W14,0
CUST_OARNSE856F,0
CUST_NBL8QDN0PH,0
CUST_6SR8EXU0KE,0
CUST_YXMON0E5IR,0
CUST_6M3K7EJR5U,0
CUST_OVFH4W5JRM,0
CUST_RZNBB4T1IK,0
CUST_XXSF90HGYP,0
CUST_818JZEIQU9,0
CUST_A7EFWTIMEL,0
CUST_9NNMTULMN5,0
CUST_CG18UOM6FL,0
CUST_V2TZCKP5T0,0
CUST_7K3KFS8KN8,0
CUST_9Y27F4ATNY,0
CUST_UC4ZP466ZQ,0
CUST_FDIG2XV3KM,0
CUST_8FEQPD3JE9,0
CUST_YLCQWENKIV,0
CUST_7Y7P4NV60A,0
CUST_NV2794DW84,0
CUST_VIQ1311KDY,0
CUST_3983QZ3UUU,0
CUST_YOR1LV72UK,0
CUST_YGY9BT618Y,0
CUST_CB24CCCGKF,0
CUST_M6NN244G9L,0
CUST_M4RWWZOIYQ,0
CUST_IVBX86PZYN,0
CUST_4RCPC4YTDA,0
CUST_Q7C700UOZA,0
CUST_U6QJ4OEKAA,0
CUST_A9VR1ARH2Y,0
CUST_830EQZLI0L,0
CUST_1RYG1U2WSH,0
CUST_TJHFI069B1,0
CUST_4R0KB1IFQV,0
CUST_PLC3KECGP7,0
CUST_4ENK3DEEYT,0
CUST_46P9UAZOU7,0
CUST_5WQXN3V2PJ,0
CUST_7TESOM73M5,0
CUST_S9DZRU7HSA,0
CUST_P7DT0BVC6V,0
CUST_IMXZO7E9YA,0
CUST_JVHHU5ZANT,0
CUST_98XW1VIJ28,0
CUST_OJZFOMZL1L,0
CUST_5QOOGBHE1R,0
CUST_W7HV4CC04M,0
CUST_TBLDR6TYFE,0
CUST_H54CRPCPYL,0
CUST_IN1JQLMU5K,0
CUST_5YOYQZX475,0
CUST_NONPKXKEUP,0
CUST_6AGL46ARXL,0
CUST_LHKT5ET2NL,0
CUST_MVI9ENVNZM,0
CUST_QU1OIGZM4E,0
CUST_NTR8T2OMLY,0
CUST_YOAUBGV23Q,0
CUST_4VGQ114CID,0
CUST_P2ZS064T8H,0
CUST_SRH1JK9GIT,0
CUST_X4OA4GV0ZW,0
CUST_6O6G0JTSJ2,0
CUST_WLK05U899T,0
CUST_Q1XQXJJVWG,0
CUST_FC3ISQQZ8T,0
CUST_JZ803FI4S4,0
CUST_8TK295EIWW,0
CUST_OKHTC9CQND,0
CUST_2N1AI1335C,0
CUST_ZPOCXSS32T,0
CUST_OSF2YIZ4MK,0
CUST_BZ067G6JR2,0
CUST_YPRYTYDRQN,0
CUST_FBHVRMN1M1,0
CUST_E0XWSABM6W,0
CUST_TYV2KLHA2P,0
CUST_LGD9QCK5WY,0
CUST_MK1HAFBPUW,0
CUST_5L5FRKENNG,0
CUST_7I8QKJT4DC,0
CUST_8K0Q5W8ONV,0
CUST_J3D3H889EW,0
CUST_SSMAPNUFQT,0
CUST_D00AW45R41,0
CUST_44VJFOEMNS,0
CUST_5TPFB94ZB7,0
CUST_FBAEGW5PBB,0
CUST_MIY93NTEUM,0
CUST_4QF2I8OV6U,0
CUST_N02VMIQHCO,0
CUST_O6D0URLCE4,0
CUST_KNPBXZTV8F,0
CUST_M3CSK5YDEC,0
CUST_5N9BTLP94T,0
CUST_Z1QMLNHJON,0
CUST_30DDAZG0SQ,0
CUST_VTBYGVTSFQ,0
CUST_53G4ZPLEC0,0
CUST_7RDWBZJOCS,0
CUST_A1UTJU25MH,0
CUST_8KEHP1NWS0,0
CUST_AGQ9Q4MQL6,0
CUST_FCSAN60HJP,0
CUST_CXMM3QE4PS,0
CUST_D5NJWM1UWU,0
CUST_V0EH3VWWOY,0
CUST_9W4F9PRO92,0
CUST_RK2GMO4TBU,0
CUST_L3Z088CPCE,0
CUST_Z2WKHBMH7X,0
CUST_Q1LR1P10RK,0
CUST_2T5HESJZ56,0
CUST_FNYEK9FACR,0
CUST_244YHEBVVQ,0
CUST_W5W0N71099,0
CUST_LB82URFHX2,0
CUST_CF6ZVV5DKN,0
CUST_T0VTISIOCL,0
CUST_ZGB2R5PXIB,0
CUST_SPMRZDMITF,0
CUST_HWW67E8TJC,0
CUST_E5SHJ3VDU8,0
CUST_3NB6KLQLC6,0
CUST_HAPI0WC16F,0
CUST_RARNXQOWFY,0
CUST_R6YQC8L1U1,0
CUST_T4C1LWKT2L,0
CUST_KZ4ATW8PA6,0
CUST_VVQTXUQRDD,0
CUST_ECG5YE6MGK,0
CUST_UI5RGTDTB2,0
CUST_N2ELPMT061,0
CUST_4P1XF16FQ7,0
CUST_1LCRMLVHIT,0
CUST_RCM3BMATXY,0
CUST_5QUBZTBFOQ,0
CUST_MVTZIWFFW3,0
CUST_DI67492NOL,0
CUST_PBZHTNKD5X,0
CUST_B51BYPGNP6,0
CUST_JO1C32KKR9,0
CUST_2L2VUVB5QV,0
CUST_6J6W86T7KN,0
CUST_VHY09USR0P,0
CUST_KCMMK1IYRE,0
CUST_8VOXNFBQYP,0
CUST_O9Z2B3DTSK,0
CUST_N0XUO9P7X0,0
CUST_6RRVCJ7BZ4,0
CUST_ZKBSPY1RSY,0
CUST_FASXG9L191,0
CUST_TIIWZCAOWD,0
CUST_MIQL19LJWC,0
CUST_6PCJSIDUIR,0
CUST_PLXQ81L3G7,0
CUST_T5IEIX5D77,0
CUST_T1F7NPVT6O,0
CUST_ZNQYUX3KBA,0
CUST_W8X6RDMIPE,0
CUST_46O9LD6YUO,0
CUST_MMYTOWQ87G,0
CUST_LETHDQ3QZY,0
CUST_R9VYGS70PZ,0
CUST_CRATGBHSBP,0
CUST_1214CQN1N9,0
CUST_1MUTRTAH5C,0
CUST_EUDOW1UL8P,0
CUST_V3HSRT3TMI,0
CUST_D19VC223ZQ,0
CUST_Y19OJGB77Q,0
CUST_3SQR83XGV7,0
CUST_FR6B4UAGHK,0
CUST_3KAE0OIP00,0
CUST_LVN1O82U4U,0
CUST_U5WMBWRPWP,0
CUST_268HHHWZHJ,0
CUST_1JQQG33HZE,0
CUST_XMQAUB6XDE,0
CUST_1JU19PEAC6,0
CUST_190BLWRCU2,0
CUST_Q3DVREHC7L,0
CUST_RYNJL003O9,0
CUST_OL3Z078QLV,0
CUST_6SFC2FR49D,0
CUST_LEX4BPOULG,0
CUST_41UOPYG1UB,0
CUST_4TYHZYYNO6,0
CUST_783CE8UHR3,0
CUST_DPDOYCWIB2,0
CUST_M8CE1TFGFU,0
CUST_HW7ZRVN8BY,0
CUST_U0QBPGB93Z,0
CUST_8I14QJ04I0,0
CUST_T487W83SZQ,0
CUST_IWHF90TQUF,0
CUST_OGBRZIPPNO,0
CUST_TGYALUOUMH,0
CUST_ZK7PYXK7OD,0
CUST_MNKM1WN5J4,0
CUST_87BIGHJHA9,0
CUST_K5FOT4MHKB,0
CUST_2X4310B27H,0
CUST_OLD2FY19FP,0
CUST_Y1JQNIS2IB,0
CUST_2TC99MXABD,0
CUST_8F8ZC13O37,0
CUST_9GIGL5U51K,0
CUST_3GBZZ0L87Z,0
CUST_44BT52ZYAE,0
CUST_ECUGWVZPP7,0
CUST_Z8N2QDYPPH,0
CUST_FI9NHIIVWJ,0
CUST_MGJAMVO1CX,0
CUST_FU9B6SNNGW,0
CUST_GJV8A0X2GE,0
CUST_ILC4GGYNC9,0
CUST_QA0J8LY3AA,0
CUST_1AFTBIAYIX,0
CUST_O1RL17Y2IM,0
CUST_NTXZFUI5VO,0
CUST_1GJ4E357ZJ,0
CUST_C2QI0MZEYT,0
CUST_LCKKMWOR9F,0
CUST_YMQIA1RE7A,0
CUST_X1KRIBCQSQ,0
CUST_XBWF14FS05,0
CUST_EETKWHCILI,0
CUST_0MGLE68RQL,0
CUST_XNGAEW15FP,0
CUST_Z8HJDD9RJY,0
CUST_9C0SEWF9AF,0
CUST_64D81N0DDO,0
CUST_V6TGM162MO,0
CUST_4LHXDZHEMA,0
CUST_U1DTEFZW8M,0
CUST_16EI0JS61J,0
CUST_4DYRBHQUNG,0
CUST_YET6VAR9LL,0
CUST_7OAO7A9X5N,0
CUST_JWKDQC8NMJ,0
CUST_4JKCFT2UX4,0
CUST_EQNDHAYAY6,0
CUST_NJ14YRB6FU,0
CUST_PTD9SZEEZ1,0
CUST_97XAUSUJON,0
CUST_MV67O9E9ME,0
CUST_WOZ805G5HI,0
CUST_8NORK0UWKJ,0
CUST_QFZVXYUTHD,0
CUST_56H18OWKSN,0
CUST_GJZGPVE4R4,0
CUST_PHLOM8WNU9,0
CUST_NUN7JFCT67,0
CUST_VTS98H6NR4,0
CUST_J5GQM7BJV5,0
CUST_H02F92IW8X,0
CUST_LISMVSW2N0,0
CUST_TXK1UJMMX1,0
CUST_015FSOSLTH,0
CUST_Q3HLF2UV5M,0
CUST_44PYZFKQYC,0
CUST_VFZ4P7CS5T,0
CUST_DHRG9BM2DX,0
CUST_QIJE7PYB0R,0
CUST_TLZK6SM68Y,0
CUST_5ILX1U0ESN,0
CUST_GF0N25Y6O1,0
CUST_VI6RYSY8EZ,0
CUST_T0BOMVKJ7P,0
CUST_JMZQX55PKJ,0
CUST_CNKJTE47DP,0
CUST_I4DOJRC2EH,0
CUST_QDJAJUUB0G,0
CUST_AK3H34FTV4,0
CUST_DJBIO9W7TI,0
CUST_DP5T92D8SM,0
CUST_60F1L0FC9R,0
CUST_PV3USCIJBH,0
CUST_448Z9LLTQA,0
CUST_ULCP50UNX5,0
CUST_YNUB4SGDYB,0
CUST_8Z2JLGV3SK,0
CUST_OSLMT1PXY7,0
CUST_CTDKHG684H,0
CUST_YCGLE1Y039,0
CUST_88KM48V4VC,0
CUST_B0JKC4T5HY,0
CUST_KA0VISRUAO,0
CUST_UW8E49KLUA,0
CUST_1MQMPRF9IW,0
CUST_68QQ48YFDM,0
CUST_DAGEHWGHDK,0
CUST_QEWUV3VLK3,0
CUST_HQZ0TC9RHT,0
CUST_OWQ3WDNCP0,0
CUST_F1A98RXBEM,0
CUST_UVB8PLY1Q7,0
CUST_AFPAQKKUCA,0
CUST_SBH4C55W3I,0
CUST_45DLY06KA5,0
CUST_FNS5E7CCZH,0
CUST_QCIQU6WF91,0
CUST_4KI9A161VY,0
CUST_Q86JPO2141,0
CUST_TAIQYDLFN1,0
CUST_IC2E55766E,0
CUST_0V1YDYNPT9,0
CUST_POKWN8Q80L,0
CUST_V5OE1LV585,0
CUST_YU2VD4WE2Y,0
CUST_KKD7KQWXGT,0
CUST_JXGZTA9O0F,0
CUST_PKYYWRNUST,0
CUST_ZRJBY3RWIT,0
CUST_84744AL2AF,0
CUST_02Q0D9UQY1,0
CUST_VLT9WRKF01,0
CUST_FRB66RAKZG,0
CUST_WLG0WIPY9Z,0
CUST_J9FR149P1Q,0
CUST_EBHUZAPS9G,0
CUST_3K6LVL7K1B,0
CUST_Q56XBHXGLP,0
CUST_HJA00N4NL3,0
CUST_8SJEYNUROT,0
CUST_64O01FT10Q,0
CUST_79NG2XI363,0
CUST_7BLC15AE5X,0
CUST_1HSORFZ6RM,0
CUST_GKOQIN4YVU,0
CUST_0TGNEFWT82,0
CUST_EAKPKQRXQQ,0
CUST_TCDT4LDLJV,0
CUST_ZH0DNULJOL,0
CUST_GXD4AYAL14,0
CUST_X7872C8SCS,0
CUST_A57TYOWV8U,0
CUST_XTTXXWXJCO,0
CUST_PEQZP5O1PS,0
CUST_7QGHXKHH12,0
CUST_Z8E2SCY0CM,0
CUST_8QC7ELCMJU,0
CUST_19W465IDCG,0
CUST_A02VMV1QBF,0
CUST_P6MYUEDENW,0
CUST_1MDGRM51KA,0
CUST_XCQTZJ08MM,0
CUST_61EQ2HDWHN,0
CUST_U8PNX2IDMX,0
CUST_UKHTYCIRCC,0
CUST_PX3P55374P,0
CUST_8J7QPJURK6,0
CUST_BQUUY7YO4V,0
CUST_UEFOLV5J6J,0
CUST_KCN8S8WD42,0
CUST_XZ1ABQ4NZI,0
CUST_HSQDO1OT6P,0
CUST_0IGZNK0D6I,0
CUST_ZGSG5664S7,0
CUST_73B8656E75,0
CUST_HSV1A0JRLF,0
CUST_W49Z65DP7P,0
CUST_8D159LM2LJ,0
CUST_W6F3SK93WG,0
CUST_0TKQCNJ62I,0
CUST_EB3FI1X6TC,0
CUST_RJXRFAN8YS,0
CUST_534UQBYSW0,0
CUST_AYSVG4GSER,0
CUST_976HCBI4EG,0
CUST_380XVQB2LJ,0
CUST_U0CGHUWHG4,0
CUST_OYO9RJWOL3,0
CUST_Z9B1S3KB41,0
CUST_RGOWYBAVO4,0
CUST_S02X9OJ8GW,0
CUST_TSP6MKNJSC,0
CUST_7ELOLIYPOV,0
CUST_2BTR8KQPK1,0
CUST_QEC8YT6QWD,0
CUST_5KRBDJQ9OF,0
CUST_QLNQ104A5T,0
CUST_MR0MCL6UYV,0
CUST_XTG6BHAQ5E,0
CUST_ID7JIF0BFV,0
CUST_QWMB9PXUFJ,0
CUST_SKWFM5K4TA,0
CUST_8JG604T9RM,0
CUST_7DG44DMIL5,0
CUST_4YAP4DO0XN,0
CUST_K3AV94ZJQ1,0
CUST_HQVZF631V0,0
CUST_J2BJ3EDJQ6,0
CUST_4MOCWVG3WR,0
CUST_U489G3QTFB,0
CUST_SKF5XE3FTS,0
CUST_M9PMRPBBLC,0
CUST_3D4XV5IV57,0
CUST_SCP7MMJSDF,0
CUST_U73D6J3G1I,0
CUST_U5OO13AOH0,0
CUST_S0RTE71AB5,0
CUST_8MOR68ZZQC,0
CUST_FYUNS418Q7,0
CUST_QZYIL5YTOT,0
CUST_8R54LH38P1,0
CUST_OHB8RC1R94,0
CUST_MWXGWOCIK4,0
CUST_YLHGZYOQJD,0
CUST_BSWGRWT1GL,0
CUST_AOHTXXQKD4,0
CUST_FM6YCHJ37L,0
CUST_GJVGK4GOFJ,0
CUST_4IQVD55FXM,0
CUST_YDOCOKBB8X,0
CUST_1M1OGBBHU4,0
CUST_EA5JESM648,0
CUST_GAWR560N70,0
CUST_BBA9FGZ672,0
CUST_DBODM8GTLV,0
CUST_BMWG7N809C,0
CUST_25LABXOGMI,0
CUST_PTWHXLHPIQ,0
CUST_3FYLVWXPTV,0
CUST_Z6E39J82RE,0
CUST_U7O4VNOCDU,0
CUST_NUSWJ4I71S,0
CUST_S7ESRXRN9Z,0
CUST_U1C1UAWTFX,0
CUST_QX7FVPUZP7,0
CUST_S70R6M771Q,0
CUST_1HK86DRT0D,0
CUST_BUCDL1RUFZ,0
CUST_UKRVS3PFPX,0
CUST_MNROFMVN81,0
CUST_1UWMWCIEU1,0
CUST_4PD0HEKV7H,0
CUST_1C9IHKLG63,0
CUST_Z62JT3ZB9C,0
CUST_30KMDMY1GS,0
CUST_QWAN29TZ63,0
CUST_AQNMPSLIKX,0
CUST_ORWMZ9GBE0,0
CUST_LO2VDFF7RT,0
CUST_3E7APBTKRR,0
CUST_PGW88PIXSO,0
CUST_G4C1VGFLI1,0
CUST_IC7BKFGDID,0
CUST_8SYOIH8XLT,0
CUST_OZZN9X2CII,0
CUST_MTJSFW3ZMS,0
CUST_E4FBNSXUIP,0
CUST_SYMQ7PXZAZ,0
CUST_15OQ4KO0AM,0
CUST_E5YBBKU6R2,0
CUST_XD7HRT638C,0
CUST_C8SCHLGDU3,0
CUST_FGCFFO3U7L,0
CUST_I02V9HPV91,0
CUST_6Z33I8EHT4,0
CUST_2EY9DV5BK3,0
CUST_HR9UOOE6NX,0
CUST_7BFYCUW9E6,0
CUST_6Q2HC8RIAY,0
CUST_ABODWPR29F,0
CUST_Y29U9O52E7,0
CUST_AC4B5OA2LM,0
CUST_3WJAVTC292,0
CUST_5WVB5EMKV3,0
CUST_FA25CBU77H,0
CUST_58EKL7MDHD,0
CUST_1UAMDFRDON,0
CUST_1CGRGTDH6Q,0
CUST_5D79FZ5HL2,0
CUST_A2MBBFK18E,0
CUST_10L1IAYMLQ,0
CUST_C0ZE5I9HS7,0
CUST_L1RX1MEF9U,0
CUST_O5ZL7LLE37,0
CUST_UC8BE3NTVU,0
CUST_1WA358XM15,0
CUST_OUFFO3TOBZ,0
CUST_RV8SHR5WWS,0
CUST_0CTCN3RZN2,0
CUST_X0WEX1PDC7,0
CUST_HTEGTZN252,0
CUST_38TPQAEIZ4,0
CUST_ORAI0VHZAC,0
CUST_I2V1U23PJG,0
CUST_DX3J3L1MBK,0
CUST_7QVVQV1HMT,0
CUST_OPX47YN79V,0
CUST_EE0L2ZDE2R,0
CUST_B1L5QRF7NE,0
CUST_6HZ9HZITY1,0
CUST_MR15ST2QMK,0
CUST_L4IXQ0AV68,0
CUST_BSH8KM0RF0,0
CUST_H9R9L060IT,0
CUST_I33BOPVOE0,0
CUST_508XEBR3FA,0
CUST_H08TJ4ST1Q,0
CUST_2O6WSC9AFU,0
CUST_S78UKPHBUI,0
CUST_Q6PB490XI1,0
CUST_JJJECKQ3LJ,0
CUST_QKU82ELORU,0
CUST_H70FCM1FMR,0
CUST_P2IMRCE2MM,0
CUST_7NASXF2DJU,0
CUST_HWI3O8CLV0,0
CUST_23HVYBPQY5,0
CUST_WJHLNMBBHF,0
CUST_GHZPWKBAQI,0
CUST_M1TIS9VE33,0
CUST_DHKHO8TWFP,0
CUST_OI3V5PVNDI,0
CUST_2K6WGOUM3D,0
CUST_S32A8TOTLJ,0
CUST_Q1387BIBG8,0
CUST_1SCV6V02HE,0
CUST_Z3438VEP4D,0
CUST_EFL9PMBH66,0
CUST_9ATEMYYFHO,0
CUST_PP37YL6UDH,0
CUST_RQHDY10195,0
CUST_2L46AFNDCJ,0
CUST_149HYI17N4,0
CUST_6FO5BJI9ZG,0
CUST_GU60RDS67R,0
CUST_AJ9OIMBSLK,0
CUST_6GH7759VLX,0
CUST_Z0IGYT4QW1,0
CUST_KZ9BN9P4HK,0
CUST_5F3ULT2IY5,0
CUST_ASEVDALAXE,0
CUST_1OOE8PI4SW,0
CUST_94D8PMY9AU,0
CUST_YE7QRMFOTA,0
CUST_8H3KINVJXB,0
CUST_P4EZHEJ5EF,0
CUST_IQDLQ5O70J,0
CUST_8DHJJMIV9Z,0
CUST_6KDCEQ1RPJ,0
CUST_XJFV098C9I,0
CUST_325X1EN5D2,0
CUST_SNIAYO5YQP,0
CUST_21CEL9T3AB,0
CUST_OU5KVNBY8M,0
CUST_ATQQXQ8IBM,0
CUST_YGEF7DEZKQ,0
CUST_P4GTC59ZFG,0
CUST_Y15WEBK883,0
CUST_WIL2I3BG57,0
CUST_DCPPSQC0AP,0
CUST_1D8W7UJ8UB,0
CUST_FE1R4TWOGA,0
CUST_5K8YIXH4XZ,0
CUST_VREPQVIVXM,0
CUST_XOUXEOT773,0
CUST_1413RWTCZH,0
CUST_6Q8733U10C,0
CUST_O16C4OZQ66,0
CUST_AALPNYLSNZ,0
CUST_PPOONVX8Q4,0
CUST_QE46LOLTGY,0
CUST_2BC61R9M6T,0
CUST_ZUU1HGVTH7,0
CUST_D7IM5I0V7P,0
CUST_RSHV5KMXZM,0
CUST_VD3W8MAMK6,0
CUST_FITN8IXMNV,0
CUST_DP7S2D9CHY,0
CUST_XTLJJT9W1M,0
CUST_WT8DOC79CZ,0
CUST_2A1TV4IIE9,0
CUST_U8GLQM7M6Y,0
CUST_DW6W1S2QXX,0
CUST_BU4Z05VMF9,0
CUST_DCNZI5R0IN,0
CUST_AYG6TK8BLH,0
CUST_S4G93FYNRI,0
CUST_RQJEQ3GTSG,0
CUST_PWEYT92DIS,0
CUST_LLJIT668HB,0
CUST_32K3DD2U3S,0
CUST_AUD0K6XOMS,0
CUST_3HLHKLLMAT,0
CUST_1X995C5ZO6,0
CUST_5JCHBHNNWO,0
CUST_IJPTWLGUBR,0
CUST_KESOZWFJY5,0
CUST_8JWX5S3O2N,0
CUST_MZ2SH2CDXF,0
CUST_INO52B5RC4,0
CUST_OWITE0QB9Q,0
CUST_I9GN2ZCWVH,0
CUST_I0V6C4JADV,0
CUST_STQ8ATF8H6,0
CUST_XOMNUTDR9G,0
CUST_BK1ZUG962A,0
CUST_9TWP2D2SUB,0
CUST_WHF1PWZDP7,0
CUST_4KHWEMJB71,0
CUST_CGJFXQ5TSX,0
CUST_I4Y1C1PX0V,0
CUST_YX1W50N9X8,0
CUST_0K0NG1VWWQ,0
CUST_QL1613H0VX,0
CUST_4VYEFBVX80,0
CUST_0C2E3ULN6N,0
CUST_6ROV49WGXF,0
CUST_HOWS8SCCEB,0
CUST_AA829AAZ53,0
CUST_DP2WE116T6,0
CUST_2DN5G52AVX,0
CUST_PCNP1DHJ1N,0
CUST_5NLVU3GVV0,0
CUST_T3NKWEG7DI,0
CUST_XX64ZHKC1F,0
CUST_3RSC1CRNU3,0
CUST_FVLW97BDBY,0
CUST_X34HXV0NIY,0
CUST_4VY25YR7CW,0
CUST_QUBY9F4F8D,0
CUST_OKP9HD6GQD,0
CUST_9AD8R9PUNN,0
CUST_9XJCTQJL88,0
CUST_5A61NYUANT,0
CUST_JPFFHWO1TU,0
CUST_J944SYRBO6,0
CUST_4B1G8QEBUN,0
CUST_H1AYZ3S0OE,0
CUST_2ICN5IH6HV,0
CUST_5XV0VMJYDF,0
CUST_7PP6TWQX9N,0
CUST_3CGMR8YPZ2,0
CUST_MFDXT13H63,0
CUST_42XUE2T2AX,0
CUST_KV4BLJWNTX,0
CUST_C5JS7S3U78,0
CUST_26IT6N5CH2,0
CUST_7PN20GOWC9,0
CUST_M5V4XY3XM2,0
CUST_99X77TKZU7,0
CUST_6VO73E3CKT,0
CUST_6N80Z0SLH8,0
CUST_QRF81KUOK9,0
CUST_SJG7N9MBM9,0
CUST_6KKBYVDHKO,0
CUST_046Y1CX355,0
CUST_Q7X15N2ZYV,0
CUST_13QEU6IR90,0
CUST_87J36TQMZ8,0
CUST_G8UJQ52MWD,0
CUST_OLSIQXLOI5,0
CUST_B3UAJW9OMJ,0
CUST_8IKDWMQ5OV,0
CUST_OCF80O2B60,0
CUST_0FPFKL9QC8,0
CUST_5D82C5XZ72,0
CUST_HL2DFWNK81,0
CUST_HBC5P05ZFM,0
CUST_QBPST1C96K,0
CUST_VJYAYKGJC1,0
CUST_27GT7ZQSZR,0
CUST_860TARFZZZ,0
CUST_P4BTTUB4TQ,0
CUST_8OGSWR9JVC,0
CUST_414YIEEK3Y,0
CUST_7HQLW7OUS7,0
CUST_4O6UI4GKYY,0
CUST_D1IL3AHXOL,0
CUST_5LYC550ZU4,0
CUST_4BD89FYPIL,0
CUST_E2QW4F73LT,0
CUST_DC6GF8IMFE,0
CUST_DBOXZBPAEN,0
CUST_AEH61CT7VD,0
CUST_2SQH0BCWHP,0
CUST_TS8ZPTUVSJ,0
CUST_9P68GFSYYF,0
CUST_89WX2YDG51,0
CUST_BSHNTYOCRC,0
CUST_W7DE5BE4K6,0
CUST_EJGODX6W82,0
CUST_V5X8YCXKSE,0
CUST_QRLZ32EXSV,0
CUST_4POP6ZRPBT,0
CUST_JZ2C0RN8X3,0
CUST_IT1FSYRLNQ,0
CUST_0AS2GNNXNX,0
CUST_GYSYNWLLTI,0
CUST_91F03CBNLJ,0
CUST_P5HHUJX1QI,0
CUST_K8KX4AWXNE,0
CUST_06ELKFY6XT,0
CUST_1E1YQN94R6,0
CUST_SKMAZGZHOB,0
CUST_VNJXCWRSG8,0
CUST_XG2A5E5UDZ,0
CUST_0RSRWPH3B4,0
CUST_JJ33DBAZ3Q,0
CUST_YAYQP0QRFN,0
CUST_MPLLNUCEK3,0
CUST_ANZT0F8D3E,0
CUST_3EPWZCRT66,0
CUST_ZO27DM69BQ,0
CUST_AGTDN5OH8S,0
CUST_FVYQ3V3TX5,0
CUST_OIU038VIWQ,0
CUST_YLMGIBI76V,0
CUST_I020K7ICKV,0
CUST_6ERIAEDQYL,0
CUST_QQNQC1K6XE,0
CUST_6RHP4MCRM7,0
CUST_W3RQWBAT4X,0
CUST_95HOUXS8YL,0
CUST_722J60JM4D,0
CUST_0TEZGZD48Z,0
CUST_WQEKSLV3QH,0
CUST_TOH82QP3IL,0
CUST_G8V2QZ3RFT,0
CUST_R15KV9E3PD,0
CUST_WV7BTGJ5BM,0
CUST_73WM5LDQAK,0
CUST_PFA1XUO62M,0
CUST_45BK9L2OWV,0
CUST_617D6QX6DJ,0
CUST_ECCHTZRP83,0
CUST_79CSARQ80B,0
CUST_UG34QQ5OHZ,0
CUST_GLLS7DRRYX,0
CUST_DXX8XDMLV5,0
CUST_6OSLEJNXAV,0
CUST_QFPNONOVOW,0
CUST_QEMO4I73AR,0
CUST_JO01VHNCC5,0
CUST_1DIC9FIA8B,0
CUST_OEL40Q30AB,0
CUST_DT0543F0K0,0
CUST_U9YZCY7CEQ,0
CUST_PSWF24344U,0
CUST_LO1VDP8QP5,0
CUST_BFK0SXPR0W,0
CUST_OESOYMJPXJ,0
CUST_QP2HWAVD2Y,0
CUST_NYZIVNQQUG,0
CUST_R2GL4UR4MK,0
CUST_19AR3XPXXG,0
CUST_IG1JOVLZ1V,0
CUST_ZKMT06SPSO,0
CUST_9XAEVT4BOP,0
CUST_WWQ4NAD9YG,0
CUST_WTZ80NQ6SU,0
CUST_F97AYB56E8,0
CUST_OKSUH79CY7,0
CUST_GYGL35QJET,0
CUST_VXKE7OMR2S,0
CUST_4PUOXZDAN4,0
CUST_KPULEB2QUZ,0
CUST_RSE6Y0FZ8U,0
CUST_XNTTXSOYQY,0
CUST_LQ0YDOTCX1,0
CUST_YR7C17C9MD,0
CUST_WQQ37N4V2D,0
CUST_SOKJR9JWMR,0
CUST_ZYEVRRE10W,0
CUST_BIQ73FDOPN,0
CUST_J8FTTOB5Z8,0
CUST_PFE9IIGHRH,0
CUST_QTABVMXHTA,0
CUST_WO54S1WPIV,0
CUST_N1NGIIJKUX,0
CUST_5KZDII1CA6,0
CUST_FU77VVW8KQ,0
CUST_H8UX7RKAN2,0
CUST_BYA1V825LA,0
CUST_NCRD3VLTLR,0
CUST_C8U27U6P41,0
CUST_UWCXLXX2CN,0
CUST_FHUXFXE9EJ,0
CUST_7NWTUZIAHH,0
CUST_X3Y6NUO1MT,0
CUST_IPEESHQQZQ,0
CUST_PF5X3M3KAF,0
CUST_QYACS6JQ29,0
CUST_R3MC7KSQDQ,0
CUST_VF096A9D5P,0
CUST_CRVID0QAL1,0
CUST_ZCHHYOEF4L,0
CUST_LWLYSN5AMW,0
CUST_AIX7NAEQ9I,0
CUST_M0THSTXT15,0
CUST_03W7T8CPT8,0
CUST_MJP6MGJS1Y,0
CUST_OJ560WSYXM,0
CUST_A6FN93NMJE,0
CUST_9OFKJ9T7P3,0
CUST_9J9O64LT0M,0
CUST_OO4USSUK49,0
CUST_SPLEUEC7G7,0
CUST_XO3O9NLDSY,0
CUST_34IY1ZWWTG,0
CUST_98E3DXCL5G,0
CUST_TB33DUZ8V9,0
CUST_4NJVJ8AROM,0
CUST_3L8N4SIQFH,0
CUST_N5Q2AL9ZI0,0
CUST_0H7M8Y10ED,0
CUST_38QZVQXW68,0
CUST_SYM0Y313NO,0
CUST_UU2LQ3T1GT,0
CUST_R74H7X9HEX,0
CUST_XVA6ZHCUK5,0
CUST_9JDNUY3D9Y,0
CUST_70SBF6699E,0
CUST_EN9IOTS36H,0
CUST_ZA87DP28LK,0
CUST_E8UKXACKP4,0
CUST_EAV7FM20B6,0
CUST_PDEIUUA6YJ,0
CUST_OQY8VVI40X,0
CUST_L47BELTN3X,0
CUST_XM7NAHDL24,0
CUST_PXKBVGTYIN,0
CUST_412SJ6A4PL,0
CUST_MO0G7S23KJ,0
CUST_0EN7YXKWWW,0
CUST_6XROF9D2IN,0
CUST_NCVT5F6XV7,0
CUST_F8PV668EDU,0
CUST_6HL8H8FYCV,0
CUST_80V6B3HDTF,0
CUST_0GY6Z6Z4XA,0
CUST_Y6TTXOJE40,0
CUST_C5L8GOGEVP,0
CUST_FAOQKJXF6B,0
CUST_LRP0KM7D4S,0
CUST_IXSW14HTHA,0
CUST_EOVRJKH8T8,0
CUST_R9AVTH2AKP,0
CUST_3IRJAQI2AI,0
CUST_8C7LXWJLRU,0
CUST_2C5342JHOI,0
CUST_K5F0GYPFT6,0
CUST_DZVMGZ0ZMG,0
CUST_BVP9CCJTUD,0
CUST_HLEVL9UJR7,0
CUST_UDCLM2CL83,0
CUST_E4JGSPVZSX,0
CUST_5BOPYV44ZM,0
CUST_K9IIUZ0Q8D,0
CUST_LP9ELCW7O5,0
CUST_DX6TKUW5AJ,0
CUST_CBQLKEG276,0
CUST_BKOA3Q2O59,0
CUST_NMJ33ZLQ7T,0
CUST_UB98HON68P,0
CUST_B3CP7ZD35X,0
CUST_4P75CQ4X6G,0
CUST_T2ST6Y0B17,0
CUST_VRZDBV0DY9,0
CUST_BJCFGWK5M3,0
CUST_TUL1TV62I7,0
CUST_6O81FMDKUF,0
CUST_CE9K4PYZO8,0
CUST_M1DHEBUOA1,0
CUST_A4L6MM1FVO,0
CUST_SDKHZOJ6RK,0
CUST_GOVXSTY6A2,0
CUST_P616I7V62P,0
CUST_O3BGCZIRNC,0
CUST_7ZNL1O6EZH,0
CUST_14FACJKYB1,0
CUST_JBOO001QQS,0
CUST_3SSULODPCU,0
CUST_LQ36LCXPBH,0
CUST_TQCQCJUN25,0
CUST_ZXVB07VOZJ,0
CUST_9LKKMHXY46,0
CUST_MO0FM33ON6,0
CUST_00ENU1L7CA,0
CUST_YOXB6EI7FB,0
CUST_WFB74A9PLG,0
CUST_75UYKM6R0D,0
CUST_W6OX8H6UVK,0
CUST_GS0HPHZZNC,0
CUST_BRC7NOYQ4C,0
CUST_BBJE280WPA,0
CUST_OUVP95Q0HU,0
CUST_5V2ZORQ23Z,0
CUST_XZTTRU0SJW,0
CUST_LVCD9WBFEG,0
CUST_YMBBCX0WAQ,0
CUST_N23Y89K8KZ,0
CUST_U9H52BH5RQ,0
CUST_T5PMMX9S51,0
CUST_MIDQCMM13C,0
CUST_E939PEN2OH,0
CUST_0V8K8PQIYE,0
CUST_J23E4I1RFE,0
CUST_0ZXJ9L87OA,0
CUST_UKI9RPSIJS,0
CUST_15JN5V8LPH,0
CUST_E1HKGMF9R8,0
CUST_Q88TU8UJLK,0
CUST_KZD6ERTXP2,0
CUST_YTS5SBDDOQ,0
CUST_3KEBILA91H,0
CUST_T81HVKURJ3,0
CUST_AQCG9VFVHB,0
CUST_CXCFGQ5MDZ,0
CUST_MUYURPCWXK,0
CUST_PTV6AV11YA,0
CUST_GFB7RHT6GA,0
CUST_F685HVOVGF,0
CUST_M90WPC1PO4,0
CUST_J13TB4PVB0,0
CUST_ZEYNAV2R2X,0
CUST_46USJ85C5C,0
CUST_ZCRLTRQ74S,0
CUST_AN71FVRTMW,0
CUST_ZM7DC516OA,0
CUST_5P12ARPSQ7,0
CUST_6EEPU7X9UT,0
CUST_4UIA1Q3V6A,0
CUST_ENJMQ6HATN,0
CUST_S4J53UT05N,0
CUST_MZ2IKCR681,0
CUST_RFXGPCIYLF,0
CUST_IWL1XZ535D,0
CUST_ZE99A1NEX2,0
CUST_C1RMCR8YFT,0
CUST_L1DC8SG1ZG,0
CUST_KG4K6THGG1,0
CUST_V37RT61RWH,0
CUST_5RTNHNEFS9,0
CUST_YGDY6U1M3I,0
CUST_Y46VOY55JC,0
CUST_3AHJD98VUC,0
CUST_HW98O7RJEF,0
CUST_QLR16R5EGI,0
CUST_EX4QKI4YOY,0
CUST_YE8HVJJUJV,0
CUST_CSIT4H33MS,0
CUST_MBS9NNMO81,0
CUST_6PXM1006C3,0
CUST_U2FQNL458C,0
CUST_HFKHEAL0AB,0
CUST_VXISO5KQ9U,0
CUST_3F8FOH2HF1,0
CUST_VWT2FDS27Z,0
CUST_IQAMI9R6M2,0
CUST_PXRDIF873W,0
CUST_QEGOQFBFPB,0
CUST_6J3MO1OUOS,0
CUST_4SU7B6MP7A,0
CUST_50E1V9628D,0
CUST_BQSJ8LHFOH,0
CUST_WB0WKX2J2G,0
CUST_XXB7XWIAVB,0
CUST_3X1D6I0CQB,0
CUST_A4X8YOPVR6,0
CUST_4H160UEEH8,0
CUST_0GWXYXZDX8,0
CUST_RKRFEEY714,0
CUST_3VYFBVZLE3,0
CUST_UH8PVNI837,0
CUST_J4XQVEVD02,0
CUST_T2M6ZUCF10,0
CUST_NV6JMJHTEP,0
CUST_CGTTV11UQO,0
CUST_5ZF2EL7PB8,0
CUST_QT9UG6RTEH,0
CUST_3EPZWCCUWE,0
CUST_5LQGJT96AV,0
CUST_B2B7LMFTJH,0
CUST_LQBAUXUE2V,0
CUST_HPMSD751ZN,0
CUST_XER6EFG7G2,0
CUST_KSGJ6WVZML,0
CUST_M33JISKAMX,0
CUST_MUNGVN0PXX,0
CUST_4UKPSC334H,0
CUST_6PL383XRZ7,0
CUST_5CJ2XPX9UO,0
CUST_I7KYQVP49L,0
CUST_M6A0WF51S7,0
CUST_OX48SY4FWT,0
CUST_2O5M12KIR5,0
CUST_ZQR12K8ANQ,0
CUST_GXLGL97YWL,0
CUST_TJC6JRCSCR,0
CUST_GL4IR25EC2,0
CUST_XL95X7RC51,0
CUST_6XKSI0V3N5,0
CUST_66UQ3KYUR9,0
CUST_XDIZUPXELH,0
CUST_QJCHDJLR28,0
CUST_4O91BKHSR5,0
CUST_7UZQUSJ3XH,0
CUST_X1ZAL0ZH5V,0
CUST_XWGQ83USEC,0
CUST_7ITCCBFYYS,0
CUST_JFFKZHAKVC,0
CUST_FMW5ED67HG,0
CUST_9K9HYU90XW,0
CUST_DDKCFUXQMI,0
CUST_ZSJUZRBU14,0
CUST_3HG16VBX6Z,0
CUST_FUVQ8VMV1S,0
CUST_BPVMP84VIJ,0
CUST_D9P1W5N8O1,0
CUST_97ZL2TSMQH,0
CUST_YR2Q27ZEQP,0
CUST_WUESR67REX,0
CUST_M97CQQ52G5,0
CUST_K3EFJBSFXH,0
CUST_LWOOPZ9P1G,0
CUST_TTEO6HJFXV,0
CUST_ZL7UE851F2,0
CUST_5P9QDNU4FE,0
CUST_OWICESJAKB,0
CUST_P3N3A87PLO,0
CUST_OR71LZTYVS,0
CUST_TWV66DV2JN,0
CUST_G6AEFY24UR,0
CUST_2Q8RWV9O6V,0
CUST_O9JGTLBN1E,0
CUST_A8H075FMEM,0
CUST_GOOS9R8Y83,0
CUST_GHP2LWXGYV,0
CUST_AIC8M82JEF,0
CUST_29TR0EK73D,0
CUST_EJRKRATUM8,0
CUST_Q10M7SLM6C,0
CUST_95M6DNTLT4,0
CUST_K2IVEKCL9N,0
CUST_WSIFAOBZQ1,0
CUST_XC2EKPP3GD,0
CUST_WJ0SNLUDRV,0
CUST_56ZCJDNR1Y,0
CUST_0XDJ8J4CWM,0
CUST_VDF5Z54594,0
CUST_S2SJBBRZNL,0
CUST_AWJZ7VTXX6,0
CUST_PXC1S5RM1L,0
CUST_1PI42G23OQ,0
CUST_AT58VUNV1F,0
CUST_TECSKA750O,0
CUST_VQGZ3AZJIE,0
CUST_TPR9YUQNTB,0
CUST_MY4H0KKMJY,0
CUST_GMC8VRPUQ7,0
CUST_4BHW6G0SAC,0
CUST_IG417LIXK8,0
CUST_2RZXVSHK3A,0
CUST_2PV7E5JV01,0
CUST_UOK2NYR6ZE,0
CUST_Y4XPH1HHAK,0
CUST_CGQ8H8L89H,0
CUST_2HQRGBQDOJ,0
CUST_4VWMOWYGLR,0
CUST_U35O6XZ1HA,0
CUST_LGGKPHWE6S,0
CUST_9563Z0R36H,0
CUST_NK92X7Z48U,0
CUST_KANAVZPWFK,0
CUST_64NMKZ1OHS,0
CUST_NOKBRQ882J,0
CUST_BCQ575CD42,0
CUST_K2SO7SUKBM,0
CUST_EQHABZVQZC,0
CUST_RM4APX45VI,0
CUST_TTGKYIZSTN,0
CUST_8MC3NHSEPG,0
CUST_GCJPAHLJNB,0
CUST_P7FJ6JY05P,0
CUST_K8NW45935Q,0
CUST_Q197QQ82YS,0
CUST_BSJJVRMJP4,0
CUST_1U08AYCXLI,0
CUST_WBAW50DEWM,0
CUST_VQ23H2NL8B,0
CUST_MSG7ZSWCGR,0
CUST_WTVBQBCGCB,0
CUST_3JNLTXUP9H,0
CUST_TMK3CXN9D5,0
CUST_LA0S3RLO1A,0
CUST_T5PKV78OSA,0
CUST_U4M8XPOV4U,0
CUST_99HL08K54M,0
CUST_JOQZ8NGP11,0
CUST_34DEQ5DB3H,0
CUST_LYXED80ZMW,0
CUST_PS3EEPVEOV,0
CUST_48R4OHDE24,0
CUST_7WBY13PEAX,0
CUST_XE2IGULYY0,0
CUST_22E05D5XD2,0
CUST_L5LBXYJR65,0
CUST_C2CXMZYK6U,0
CUST_JBK5H51X5Y,0
CUST_42MNICEPMD,0
CUST_7Z7MUEQ0E4,0
CUST_8TKY8S4F88,0
CUST_LS5IHM00L2,0
CUST_RDYFAQJOT5,0
CUST_J0ATVD3UHM,0
CUST_W6P9XINWMK,0
CUST_2SVFKUXX23,0
CUST_FNV1NS1782,0
CUST_GE4BHDA1GE,0
CUST_VDIZ3F58BD,0
CUST_XZWOISGETV,0
CUST_698NUG38GF,0
CUST_O07T8CDULG,0
CUST_R57LKX70JT,0
CUST_59OO1O4XX1,0
CUST_WZSNUITGU1,0
CUST_JI09O7YXW5,0
CUST_5BQB8QWBPF,0
CUST_G1VLTP8YC3,0
CUST_M3OSLA87FR,0
CUST_BHT3F0PDU3,0
CUST_1A0V62TJN0,0
CUST_KUS4F5MHX6,0
CUST_LL737NOPYK,0
CUST_1O008TDJM8,0
CUST_6XZPKQ0745,0
CUST_URVW7HGEZ4,0
CUST_R6FZM8I053,0
CUST_64DCLTFYP2,0
CUST_YAHWVGYFRZ,0
CUST_M7JXUYBV7J,0
CUST_EMR0Q718T4,0
CUST_NNN337W13S,0
CUST_994Z944KVY,0
CUST_ABCFW25G2L,0
CUST_I9MKOFHP7F,0
CUST_GRUZQ94WBA,0
CUST_3K2JRDBSMI,0
CUST_YQ2H5IMKR1,0
CUST_GZVBMTFTGO,0
CUST_GCWA83AN2N,0
CUST_TIIZ57VBUE,0
CUST_3553GXWB6D,0
CUST_IX5KJZ672H,0
CUST_MZNI4M6G93,0
CUST_O0DUFXUOFQ,0
CUST_0AUJMAXC4Q,0
CUST_AQNEQKH96U,0
CUST_KX8Q4HBTQG,0
CUST_XDZOS5GM3E,0
CUST_IXK38XEKJX,0
CUST_ZTABAZ9718,0
CUST_95UHZJYOGL,0
CUST_19ANKR1DFS,0
CUST_VH0T5IM61D,0
CUST_PKF4324U5R,0
CUST_WRT15EHS60,0
CUST_L74ILEUUX0,0
CUST_UYIATXA92Z,0
CUST_JHYK1R893P,0
CUST_2X4RPA86HO,0
CUST_X887YAVDA9,0
CUST_683R05XQHE,0
CUST_UT5WE9D4CU,0
CUST_VX2U8RZ0L9,0
CUST_35K3RBVPXY,0
CUST_PZTYP710IU,0
CUST_7ERO2O8V65,0
CUST_G9GEQN4U5J,0
CUST_TT9XGGW2EF,0
CUST_BXMQ8T7C9O,0
CUST_XL10SD7A61,0
CUST_OA0391ZWL6,0
CUST_MQXLDK8OVK,0
CUST_DDNQOQ0PY6,0
CUST_YV9DS8W87L,0
CUST_8VT9AE4KHP,0
CUST_N56BBPEEFK,0
CUST_ZX4PW1FWH9,0
CUST_40LLFUP3HT,0
CUST_9FN501WQ00,0
CUST_J3DP0L55GU,0
CUST_U61GC5135Y,0
CUST_6OJG8QSMAY,0
CUST_72Q27XQX37,0
CUST_FRY5GRXSIB,0
CUST_ZFZFYK5PD5,0
CUST_WQ82RPZK0J,0
CUST_024QU1RG3U,0
CUST_H8I1Z86ZXA,0
CUST_IJEU62Z8TZ,0
CUST_E63EUPOOUP,0
CUST_JHXAMZZE2P,0
CUST_DACJMZIG8B,0
CUST_AE06K41EF7,0
CUST_Q7B5YN8QE1,0
CUST_9K91K0ZE1I,0
CUST_W75OBNIF3W,0
CUST_XVGNBGWIGX,0
CUST_EK8AW7UK9N,0
CUST_8BECXTENIB,0
CUST_ZCGXONROOU,0
CUST_TD0JQX9NQE,0
CUST_NIO7I6UNV4,0
CUST_J9V5IVUWK1,0
CUST_LLX7S0NH61,0
CUST_ONSXICN9L8,0
CUST_5UIDP071T5,0
CUST_IPP7O4CS8B,0
CUST_HRWXFX4708,0
CUST_IROH77PJ81,0
CUST_5NYI28QA8M,0
CUST_7232JZ271Q,0
CUST_XOTS6T0HGT,0
CUST_82KZB67K2J,0
CUST_AIRYUC8T4A,0
CUST_RSFGCJKE1B,0
CUST_ZEC0QRHJSH,0
CUST_D5JUW4UZ95,0
CUST_PTC6QWVWUX,0
CUST_GBS0I3YE3A,0
CUST_FUJ1NZLFMF,0
CUST_8GL0YRWZA1,0
CUST_LXNPRC25NF,0
CUST_X5ZVHORXCT,0
CUST_1QH4V6LJAB,0
CUST_JKHZBP7QJ3,0
CUST_JOL9OU2EUQ,0
CUST_DH7AEIKVVI,0
CUST_3EXMGBLQOG,0
CUST_PZ5JBILKWL,0
CUST_VKVC94E8GN,0
CUST_D0KT7J0FL8,0
CUST_NVLJVF7X3S,0
CUST_6I9LNE3ME4,0
CUST_DHA4DGDI9V,0
CUST_H675VCS38S,0
CUST_8F1TI3Y7TY,0
CUST_DS29MV3OVB,0
CUST_2JL2VVT28X,0
CUST_BAQ88YGUCQ,0
CUST_V8ZKBVO05R,0
CUST_JHWG5HBQVG,0
CUST_42ZIX5QF4T,0
CUST_B419M3G56D,0
CUST_AYGST4IETT,0
CUST_1UCQMRE10J,0
CUST_3LVVHA65K3,0
CUST_RBEHW5QEOF,0
CUST_IVSWPYAH0W,0
CUST_W3KQ47SZI8,0
CUST_CMK4A67OT7,0
CUST_XDTREFJOQ5,0
CUST_8GVD599AGU,0
CUST_OHJFSA3MYR,0
CUST_74ZN1LCOSQ,0
CUST_9L8MC4CBZN,0
CUST_DB0Q0IP672,0
CUST_NEYJFDGUS5,0
CUST_78YF1ISFH1,0
CUST_49R5GFT44U,0
CUST_M3VZKVP9FX,0
CUST_9H1R33RFV6,0
CUST_MDMRSCND4L,0
CUST_PJTSX02WEU,0
CUST_TD56J3ENIB,0
CUST_LJ40H718X5,0
CUST_RVXDOL2QPU,0
CUST_15KU5Z820D,0
CUST_DFVGGQJWPB,0
CUST_HIAZ44KJSA,0
CUST_YF7619PW6N,0
CUST_FSWY4WU429,0
CUST_9H6GD00A4D,0
CUST_KC1FNOAM7Y,0
CUST_HFYV6J8T6U,0
CUST_4S4KX7ZWSO,0
CUST_CECASV1UVQ,0
CUST_KL3ZFZLKAJ,0
CUST_SN9N1BKII5,0
CUST_M4EH3AE15B,0
CUST_YYLHJ2E2U8,0
CUST_MUF0VKYJG6,0
CUST_ZD69YFM4XC,0
CUST_6KXIJNXH59,0
CUST_3TR7A2C580,0
CUST_3CYNPNBNFM,0
CUST_TZ6K8VZJSU,0
CUST_H51ZY80TSX,0
CUST_HVL143HRZJ,0
CUST_ZG88S2NXX6,0
CUST_YIKTJ8N0VM,0
CUST_R3RLZ2FQRU,0
CUST_CFDN4URVQY,0
CUST_2GVSB09W5W,0
CUST_2636LRLLJG,0
CUST_KE78A6PQ66,0
CUST_1XBQPLK4TQ,0
CUST_CGJSL9N3II,0
CUST_6FS5OI484R,0
CUST_G29A9UAZLA,0
CUST_VFHGPKTF4J,0
CUST_30QORJC351,0
CUST_J7O3K2WK72,0
CUST_SW2Z9ELADT,0
CUST_8SCT8XXQGH,0
CUST_D679OZ7N0I,0
CUST_WUV7TPKOTB,0
CUST_8M05GNQABA,0
CUST_MVGAFTSIN9,0
CUST_I3OWQVRLGZ,0
CUST_4MSXBN4D8K,0
CUST_NS0GSGOILA,0
CUST_RBJ6TDEAAA,0
CUST_RXC38SGECC,0
CUST_5YFS6AV29Q,0
CUST_MXPXNPTL70,0
CUST_0KL5JY26MW,0
CUST_GOFONK920G,0
CUST_S41321TAB3,0
CUST_G7BE5X3CEQ,0
CUST_9ZVC0F5E2A,0
CUST_FJPYY9B26B,0
CUST_5DISICD0UZ,0
CUST_LBBW0IJ1P8,0
CUST_FUUERTJSGZ,0
CUST_C4NZ3TMBFJ,0
CUST_UX1ND5NO22,0
CUST_L52SXA2UQU,0
CUST_DQYURS43MD,0
CUST_06X40LV7LJ,0
CUST_RKQFS1DT8F,0
CUST_JGIPV1BYCQ,0
CUST_2QJ2JCN1PO,0
CUST_4DPR8XI1Z4,0
CUST_WXQY91KHWW,0
CUST_PXAU960VB5,0
CUST_B24JUF4GE6,0
CUST_1RPYTD1HWS,0
CUST_2SPDTXHN6N,0
CUST_ZABMAURGG2,0
CUST_IZ13PP310O,0
CUST_Y7CGBI2S9H,0
CUST_8FPA1TW8CR,0
CUST_0XXGGVL0KT,0
CUST_I7M3E341O9,0
CUST_0OEG6FM69K,0
CUST_IN3SG0OG7M,0
CUST_A7XBEP7XZV,0
CUST_4O228B48KQ,0
CUST_WEZAXVDI9M,0
CUST_Y6CBBUGU3V,0
CUST_011EHT4901,0
CUST_QE4XC26OHJ,0
CUST_XCJYPCVYWI,0
CUST_2RL31HRBMH,0
CUST_JCKULQ08Y4,0
CUST_BYWI5J00YN,0
CUST_RDYOVRNNDZ,0
CUST_Z3JX00QY6R,0
CUST_72CVW2GF4H,0
CUST_GG8CZ7V6AI,0
CUST_7A2ULSI07G,0
CUST_94FG6IOD9H,0
CUST_DCR7761AF1,0
CUST_W67M0U7RG0,0
CUST_WDJDJTS40X,0
CUST_THBGGFCQWS,0
CUST_Z8LM5QXTHL,0
CUST_EWG72E150U,0
CUST_NFUZEM7EOK,0
CUST_3WGKGQ1ZXV,0
CUST_86WHOY0YQJ,0
CUST_8XP54N7N3Q,0
CUST_0YE12TVNKM,0
CUST_MK09ZBE9WD,0
CUST_1MWDV9JY08,0
CUST_JGVQYD4WIT,0
CUST_DT6VP40AF6,0
CUST_4IR8DBIJJD,0
CUST_EFK5F32JPG,0
CUST_X0YJJH9VG6,0
CUST_AOA0LDVKP1,0
CUST_GSY27VHIQ4,0
CUST_OD24EOJW5Y,0
CUST_LJ26YQV8V2,0
CUST_MPYZ99NSN8,0
CUST_9Z5406AJJH,0
CUST_GZQYNKN097,0
CUST_C0KVVSRY4C,0
CUST_BPUJL511V7,0
CUST_QSK73TPJQ1,0
CUST_K0Y2KSZAUT,0
CUST_25WIHJG2T1,0
CUST_YBBLGTJOTI,0
CUST_L76HQZXX2H,0
CUST_01JHO1W6UP,0
CUST_WHV15E0RG3,0
CUST_COTI69IXQA,0
CUST_YB2DGUUDPK,0
CUST_BB3LL72VWO,0
CUST_94X6161ESS,0
CUST_DLAJOC5B5H,0
CUST_AMGKF35VVJ,0
CUST_S7VQ4VSOXS,0
CUST_R282IJLNS6,0
CUST_VZGXT1TITC,0
CUST_BAZMXLW4F1,0
CUST_ASF1QSTDLW,0
CUST_HQ4UT5NAHW,0
CUST_BQJXFQH01M,0
CUST_Z46EJAKW98,0
CUST_VFIE0GLHCG,0
CUST_HY3NH7EGKZ,0
CUST_QHIWRZMLWR,0
CUST_N4DIC1KNT9,0
CUST_FKTD4PTXT3,0
CUST_6PU7K9FIYV,0
CUST_R4VGV4FOCW,0
CUST_UYHF8K4TYJ,0
CUST_2IMBJSOIQ5,0
CUST_NNTCPZMGQH,0
CUST_QEQNL5BE4R,0
CUST_43X3KLZ0IU,0
CUST_K80IF18BKI,0
CUST_N6XLBDHEN4,0
CUST_7XMHI0CE8M,0
CUST_MTTHJXXN9S,0
CUST_CD2UEINGY0,0
CUST_LXGOFGYFAV,0
CUST_BTRXZC4IPE,0
CUST_FHKOSDOVJH,0
CUST_0XDHA4ZURJ,0
CUST_MX2FWLW1P1,0
CUST_10LBOUYUHX,0
CUST_2YUGQZTWEP,0
CUST_0B6X2BQ4KA,0
CUST_G0YOHHUFN9,0
CUST_LUZ7F9B012,0
CUST_GFAV40KMOQ,0
CUST_Q2TKV6X6MW,0
CUST_VJT8R726B2,0
CUST_2FD60KSW9X,0
CUST_Z8QVLNJ0CA,0
CUST_TTP9Z31H6J,0
CUST_3PR8KN5VOD,0
CUST_20XM64FB1G,0
CUST_E0UCI2UMNJ,0
CUST_P70AUYLS4S,0
CUST_4M079HWT04,0
CUST_J9UXIWY4CL,0
CUST_3H2C5NPUXK,0
CUST_M0PJOQEFMW,0
CUST_PO68LTH6RV,0
CUST_QCR65MMWCT,0
CUST_U15UXAKB2S,0
CUST_1MJC3J8N8J,0
CUST_QYK4RQ0LW8,0
CUST_HIUVL9M2UP,0
CUST_VT9O5X2V1O,0
CUST_24DHMUS7SH,0
CUST_UKX2K251AP,0
CUST_YX4TTVSQK7,0
CUST_R4ZWXWK0WT,0
CUST_1M1759VI7G,0
CUST_IJUDRKU2M4,0
CUST_EUS49H536E,0
CUST_HG2KWXOVR8,0
CUST_9PUFRE9T4T,0
CUST_RDWULKY0EE,0
CUST_IWRCFKSX7Y,0
CUST_V6BTPMW64B,0
CUST_AW6L3ZU9C2,0
CUST_OUMSA647NJ,0
CUST_7Z4L0XJ251,0
CUST_TCG2HWPWMB,0
CUST_GLW771CC36,0
CUST_Q6P92BEX6K,0
CUST_UCV8M4CQBO,0
CUST_C8OM8ZOGMV,0
CUST_V8HZCONEGK,0
CUST_DGLLN2TR7E,0
CUST_AY97W7QJUK,0
CUST_WO87ZEMT14,0
CUST_5H6EY9DAKN,0
CUST_49YXZUIF5T,0
CUST_840U4FQ5Z8,0
CUST_2OT7PB9WO9,0
CUST_Q7AVVFOSXQ,0
CUST_BTP1AU90Q3,0
CUST_VGS197BJYK,0
CUST_IAF9EIN766,0
CUST_XD3A1EVURG,0
CUST_TGGJQISCBD,0
CUST_BB1NRI0W1O,0
CUST_I5D3OYBG56,0
CUST_5E1JGDCC8G,0
CUST_N6U2TYV3TZ,0
CUST_XTWEGR7TRM,0
CUST_H1TSY1U61X,0
CUST_WU34Y70TNI,0
CUST_78JI5G9BIB,0
CUST_LN5UN29K3Q,0
CUST_7ZN247HN0O,0
CUST_YJ5HAEEKUT,0
CUST_NREZUHRVVJ,0
CUST_T7SD5UGYSK,0
CUST_60W5JT0Y8P,0
CUST_3TY74FYN2Q,0
CUST_2DKDMI8TFH,0
CUST_K8L6YWKUUS,0
CUST_P1DCF81OSX,0
CUST_P5ATXMUW0S,0
CUST_405Q16LJPP,0
CUST_S6EOLY0KK7,0
CUST_MYGM67TL95,0
CUST_H6251RV69V,0
CUST_V2ZPTPFPYX,0
CUST_2NLERUE913,0
CUST_ROTB0L08LH,0
CUST_S044E87PLN,0
CUST_LHD1DYIUQM,0
CUST_WQO17FIPH2,0
CUST_RANM7AXX2L,0
CUST_XUJJ7FK0KK,0
CUST_LJ1WKH3JEJ,0
CUST_K8MXS114HY,0
CUST_D29OKEEKUF,0
CUST_VXZOJNU4HD,0
CUST_28T1155NAR,0
CUST_U978ZBNNDC,0
CUST_M5PFG1MDG6,0
CUST_G8QNQKL8GZ,0
CUST_GIM519E577,0
CUST_JNJ59YQKFO,0
CUST_ASRRROZH43,0
CUST_ROZZOQNC5S,0
CUST_U8ABHOC4NI,0
CUST_U422U22G8I,0
CUST_23MFGRSS5G,0
CUST_KBB63KNHVQ,0
CUST_79YVC0VRYO,0
CUST_37R9T9YYIH,0
CUST_Y624NUJGYV,0
CUST_715VCMNK8Z,0
CUST_TULEFGFL8M,0
CUST_LY5M75ADO8,0
CUST_F7PBF1H95W,0
CUST_Y4ZDC24KS3,0
CUST_EBHARYTRYW,0
CUST_UJRMLU0J25,0
CUST_UMD0KPDMPS,0
CUST_TUJDYWBYE4,0
CUST_L1WSLOIXQ5,0
CUST_XB8F8BT93K,0
CUST_NIRZYRGBS0,0
CUST_EXYLYDDHJZ,0
CUST_UOX4QV5V8X,0
CUST_XMVW31CTJA,0
CUST_5H7YN2MI1Y,0
CUST_5MEITV1K2Y,0
CUST_K01K75LSJJ,0
CUST_O2L3SJYM9H,0
CUST_T3YD49VEY1,0
CUST_YDZ3NLS1G1,0
CUST_ZZV0TEV1DY,0
CUST_WMFMWGJXAA,0
CUST_KS18S9D2N3,0
CUST_QX89S782XI,0
CUST_22YJAUVD9R,0
CUST_6L7WELLYD6,0
CUST_JA54X9V26S,0
CUST_5W0UKP0G1Y,0
CUST_TUY00IF2EB,0
CUST_T7EE0VUC35,0
CUST_CSFWKJ237I,0
CUST_434RGU7B5K,0
CUST_WCKHXC7DJP,0
CUST_590RTDF58L,0
CUST_RX957ZSRNV,0
CUST_YN8ITH4ZOD,0
CUST_QZXF7LGE7B,0
CUST_B0PBO2SC70,0
CUST_2X7V1PQ9N5,0
CUST_2ZTVC1KAJM,0
CUST_VU2HP36G4W,0
CUST_9GZQNHIYD2,0
CUST_0QA0NBUB7Q,0
CUST_MXWNOA1QFK,0
CUST_477C50L7GR,0
CUST_L17BXXYQRO,0
CUST_TRE3YUK4LH,0
CUST_OGYZUR54UR,0
CUST_IN34E0VYTM,0
CUST_UA2SUJSWYM,0
CUST_IPBTOQRZVQ,0
CUST_L0QYXPQI9A,0
CUST_NNFUCUXNST,0
CUST_5U8R667QRH,0
CUST_TJ61THTOLQ,0
CUST_62ESKKVREJ,0
CUST_TXT21VR91A,0
CUST_GQXBHMU5N8,0
CUST_7RR44ENBVC,0
CUST_OAV1UFJT9D,0
CUST_7Z0ATRB9KO,0
CUST_1VOOIV4FJ5,0
CUST_CRCZ2YQ7PU,0
CUST_TNPORGPJ3F,0
CUST_0ZYP2CB2ZK,0
CUST_H0V5QJRS3K,0
CUST_4J3CV1HQDM,0
CUST_BFE05I9WYE,0
CUST_FILLDUGG10,0
CUST_DKE1FVC42J,0
CUST_WJLMKMGO7D,0
CUST_Q5024EXOAS,0
CUST_QMM8KPIRVG,0
CUST_RFWCPIYFZW,0
CUST_9OQSAUIUUD,0
CUST_64MI6IZBFO,0
CUST_7J705SFQFA,0
CUST_HR3V4BVW3S,0
CUST_KXOIUETLYG,0
CUST_YNJWSA4TRK,0
CUST_C909QU0WA0,0
CUST_J8OV8552BM,0
CUST_2RP4KBKJJG,0
CUST_EJ6Q7TF3K8,0
CUST_O8VRVZVQ3A,0
CUST_FMMMKS6E5O,0
CUST_K9F2GQSXQW,0
CUST_75UCNYY77Y,0
CUST_FGRYY1Y000,0
CUST_CX4310D4IT,0
CUST_U6GRPC06PP,0
CUST_MY474C91L7,0
CUST_W8YKBLFCOO,0
CUST_8K8EL4H3DL,0
CUST_BE7KVI888H,0
CUST_NO4XD1EY39,0
CUST_QC3HG5054M,0
CUST_FD31J50YF4,0
CUST_NZ0OSOR36B,0
CUST_F6UD82GLFH,0
CUST_BHBQICDQEE,0
CUST_19U7T2DMSF,0
CUST_VU4KUVU2EF,0
CUST_BWJJERHG22,0
CUST_KRXFGM2MUJ,0
CUST_DMQBUF6N0X,0
CUST_2NUVJVOUEG,0
CUST_BOUX3FKT2B,0
CUST_7CIEYACBGO,0
CUST_WKV4QHL9EC,0
CUST_R3X8TVUWBZ,0
CUST_I5ZDC2KIUC,0
CUST_K9TMOZ9D30,0
CUST_82TBQDW1RW,0
CUST_GMNSSHSW5Y,0
CUST_8UFDD7JNJO,0
CUST_1ZTP9KTT7Y,0
CUST_56H6FCFLPA,0
CUST_EDC7F7O2UV,0
CUST_O3MDENW1RM,0
CUST_O5P0PS34RK,0
CUST_96YRF4TNWW,0
CUST_3B7G1BPWAG,0
CUST_KV205QUI38,0
CUST_XLA63CUCQ9,0
CUST_UWH69TKTMZ,0
CUST_LCAGD6ZBUM,0
CUST_7MRD0PX2IZ,0
CUST_R884YQKRBA,0
CUST_288XCVB953,0
CUST_GTK43ND7I5,0
CUST_FS99M0Z9S6,0
CUST_01JNFNST52,0
CUST_Q0KOIMDRPF,0
CUST_LOEU2OMZXC,0
CUST_MQ45F84KW1,0
CUST_CXQMB4HDWM,0
CUST_YV22113Y2X,0
CUST_JGBVG0DJKK,0
CUST_8N2HCOS5P9,0
CUST_ZF27LU3TYZ,0
CUST_46TIWYEM81,0
CUST_BM415SF0UD,0
CUST_4OB1WNKP1T,0
CUST_IV700C49MC,0
CUST_DTAWIVK1F2,0
CUST_456JEJK6W8,0
CUST_32IUM95W15,0
CUST_YR9FHLMI4O,0
CUST_HRPA3HUI7F,0
CUST_84WUY0YOF6,0
CUST_9J26EAQC5W,0
CUST_QVSABI6SFC,0
CUST_Q4RU5365DJ,0
CUST_P328ZV7SJ8,0
CUST_F54TYBRLX7,0
CUST_CIFMSQLIV2,0
CUST_JBOODMQFVW,0
CUST_Y89IJ5Y2GI,0
CUST_3WFDDFMSWS,0
CUST_JEHXU9U4YM,0
CUST_Z170TU14MK,0
CUST_FFRJ9JMJL0,0
CUST_KJBTF1AYJT,0
CUST_GYHOM73U57,0
CUST_ADXBPQMKHV,0
CUST_BVWHD7I0I4,0
CUST_OMZXD61F50,0
CUST_00F5Z329Z9,0
CUST_O07SSZ19F4,0
CUST_WIIAWGLM7M,0
CUST_1GKCBW1MK5,0
CUST_5UWTV91HAC,0
CUST_P6OHZEC2PB,0
CUST_9F01B10OO8,0
CUST_ZATPUFYDXY,0
CUST_B6N71VHLSQ,0
CUST_1A4USSRE9O,0
CUST_PVX9VSF1VB,0
CUST_42M1XFWN8T,0
CUST_FFSD2V85WB,0
CUST_CBJCPIDQQ0,0
CUST_VWNJOAHEY0,0
CUST_LB6YZXBL2F,0
CUST_XLPNXC1XNH,0
CUST_ML8I6H7R6M,0
CUST_CHSTDKCWGO,0
CUST_QUQBHKH0K1,0
CUST_JPXV1CJ9YS,0
CUST_8UFQAM8QTC,0
CUST_T5F7KVE87N,0
CUST_JJICXMEU6G,0
CUST_UF3S8R9681,0
CUST_SFKY0PAT15,0
CUST_LIPZBTXPVE,0
CUST_QI4WRI4BZG,0
CUST_ZXJ69UC8FC,0
CUST_FANV7GT9GH,0
CUST_397FTJQUGB,0
CUST_O6ZNLTNZHQ,0
CUST_D2VOTM5Z32,0
CUST_02KEHR48PZ,0
CUST_YUCL1QD69O,0
CUST_ONPK41VHOQ,0
CUST_UTCK161B3R,0
CUST_8IFW4QUQXX,0
CUST_7T10FD8T0Y,0
CUST_MYX5M3A5T9,0
CUST_N1TEF8Y8DD,0
CUST_7EDYBSMCXL,0
CUST_JPSRK19UST,0
CUST_5YJHL3XWQE,0
CUST_J1ZDJ1MWA2,0
CUST_AS6TCKTX5G,0
CUST_UJC76E9AX0,0
CUST_67Z7KQHIOD,0
CUST_GL5TF7ZXY2,0
CUST_UM7IWXAV0Y,0
CUST_FJ5SWOHRHY,0
CUST_TQXRL9TRIP,0
CUST_TQ0P0MN6XF,0
CUST_A922S6XTQZ,0
CUST_V3QIDFFIMW,0
CUST_CJHANQJK0S,0
CUST_TNQQ3MZGHH,0
CUST_WZ0CO777JK,0
CUST_9AMUSM8UZL,0
CUST_5FVEMZ57DL,0
CUST_R9YGB9L0BX,0
CUST_RTI6TFPNX3,0
CUST_U49HR1HGC3,0
CUST_9RZMMB0IN8,0
CUST_FNLS8XRAFO,0
CUST_ZSVZ5JEK0T,0
CUST_35RQRW1S92,0
CUST_KHPT60HE1B,0
CUST_3FT7VX8HFO,0
CUST_N3B5GUAJ9R,0
CUST_95D9IVJ8F4,0
CUST_UZLYCJZ8WR,0
CUST_NZ0CNWW4YV,0
CUST_S1NKMVCMJ0,0
CUST_FH37IU65R1,0
CUST_WORVZBFYEM,0
CUST_95VPC8L1HP,0
CUST_O34F0I09SI,0
CUST_KD0UTZS7WX,0
CUST_E5A2PNBHHI,0
CUST_S80SK6MSY2,0
CUST_G15DLGKEVS,0
CUST_43V4G153EM,0
CUST_7KFP0CZKL9,0
CUST_UTS7LRYS28,0
CUST_XNGJFD7OM2,0
CUST_8JKRQJ1CPL,0
CUST_52D38M0071,0
CUST_LWX4WHXJ90,0
CUST_838BNNN2YM,0
CUST_LJCUNGAUC4,0
CUST_988M8Q1XYM,0
CUST_74ALB2BCT2,0
CUST_G29XMKQ5TP,0
CUST_PST7EZ4V0H,0
CUST_K87AAO4B3R,0
CUST_4PZVSJU573,0
CUST_0QFB4CXJFH,0
CUST_JVSAX97BTJ,0
CUST_TL1XYOEW5M,0
CUST_SD8W2KC2LS,0
CUST_AJNHLLJGGF,0
CUST_V3XYDL6QC9,0
CUST_YFPXQRKCHG,0
CUST_W2FFC3O64Q,0
CUST_WOQQUM9KY3,0
CUST_S9596MPGEF,0
CUST_QJKO54D7T3,0
CUST_QSD58DJ03Q,0
CUST_L2KN85M0RS,0
CUST_STKISTZ0KF,0
CUST_KIOBPJ4ESD,0
CUST_BP1I9TD3Z5,0
CUST_FS52SQ1M5D,0
CUST_SHU2YY2VTI,0
CUST_76FPSDSIB4,0
CUST_80XUFYGTVR,0
CUST_WPT9V8OU03,0
CUST_AY08TE6WKO,0
CUST_5PK50CIA9A,0
CUST_HZQ8CW9HMD,0
CUST_DGWZ5AZG9P,0
CUST_CU3I3GN5US,0
CUST_P8XOA30KQ5,0
CUST_J5CUYALEZH,0
CUST_I2EQC5TGCM,0
CUST_7ZCPE9G8E2,0
CUST_S4142Y8X5H,0
CUST_F9LA2PUTQ7,0
CUST_041Z88IGVC,0
CUST_Z2D4MOS4PF,0
CUST_F769I5K98D,0
CUST_HUIZH7F6WV,0
CUST_BT5GGPJ14Y,0
CUST_TN732QGEK4,0
CUST_8H1395MEM6,0
CUST_2K505BW5WX,0
CUST_RF52SRD6P8,0
CUST_AD7AHVZYVY,0
CUST_S7M1O1BB86,0
CUST_15DVATQ1GN,0
CUST_5AL288SUSJ,0
CUST_512BH1SWBO,0
CUST_1BWJSYXCFE,0
CUST_WSPS8JIAOI,0
CUST_M5NCDZ49B7,0
CUST_21ILCIFTVK,0
CUST_FIJ1982ZQA,0
CUST_XTUACH3X8H,0
CUST_VPFPW35WG7,0
CUST_IIWK7U5X2X,0
CUST_AP8HVUIURT,0
CUST_ZA7S8OTC88,0
CUST_9XU1NLYIM8,0
CUST_1NXWO9GHC6,0
CUST_635D43KDY9,0
CUST_88XH0CVWMQ,0
CUST_3RN01RI5I4,0
CUST_90ATW9XVF0,0
CUST_WQYBI69ELK,0
CUST_QAZDT0VOUH,0
CUST_UYGLTJ4Z5R,0
CUST_OELCYWUDIJ,0
CUST_KU1026JL7V,0
CUST_XFK2K75XDF,0
CUST_AWSY2P0EZU,0
CUST_D2WEVR581Q,0
CUST_JLLN78T8FB,0
CUST_63EVXKZ7PY,0
CUST_2NBO08910F,0
CUST_GGOHGS0J7O,0
CUST_GMX6M8TULA,0
CUST_T3F3L3B0MA,0
CUST_MHF7E34A0X,0
CUST_KT4LBBNWAB,0
CUST_JAAJ3K6E45,0
CUST_8QXMUSNGI0,0
CUST_H3HSWQ2BR4,0
CUST_1JCF9J1WUK,0
CUST_DXQ9MN1OU1,0
CUST_2QS9VTZKVN,0
CUST_2OV56T4OKE,0
CUST_4PQ4JY3FS3,0
CUST_ECRQ73V0AJ,0
CUST_VYVAZAQ6WV,0
CUST_LEG4IT1WNE,0
CUST_3X62H0SLYC,0
CUST_3SYU5ITN3Q,0
CUST_6YY1RLEM93,0
CUST_NJISLXQZ6A,0
CUST_H6U4JD70CL,0
CUST_CDXEREGPAU,0
CUST_QQZMCMOBMG,0
CUST_3TUQ0OTG0B,0
CUST_4IVBGGRD05,0
CUST_E0XV0HX2GJ,0
CUST_7BQDURI8CQ,0
CUST_D24WJW8P2Q,0
CUST_WQQHOFRBI1,0
CUST_8BD9563KIM,0
CUST_MFO1IY0RGY,0
CUST_2NTT495NYE,0
CUST_XCW68AEZQI,0
CUST_M1DXOOCWKT,0
CUST_FEQADGPOR8,0
CUST_KKW01LUXA8,0
CUST_GNPMSQ75R2,0
CUST_ULYOFAXI27,0
CUST_YWEKW9JLBV,0
CUST_SO6NQLYE71,0
CUST_HM0Y4YIRD8,0
CUST_52H5763IK4,0
CUST_OMS36AGE12,0
CUST_8KRLFVNZXW,0
CUST_7YO7E8D0A9,0
CUST_D64QYQOWSE,0
CUST_P5J2CE1HCM,0
CUST_K45VQO8H5T,0
CUST_03SHZ04UHJ,0
CUST_2BA53LJ8ZK,0
CUST_I09G7I3WEJ,0
CUST_PXNBU4JKGE,0
CUST_TPSHJ4S6Z2,0
CUST_IW36O0FV9M,0
CUST_C85L4GY1CS,0
CUST_3IL8S90RKH,0
CUST_3OXYZXJQIT,0
CUST_P3TKFU6UNZ,0
CUST_SVOQZDMVEA,0
CUST_67LX4CROWC,0
CUST_K8RQHBN103,0
CUST_Y503RUZ9AW,0
CUST_65U4Y8SL0U,0
CUST_YORO2JS2P6,0
CUST_NP5D045O3R,0
CUST_1QCLTBJ10V,0
CUST_YMVWGPB37J,0
CUST_SMI0RNGL5J,0
CUST_IOE7DDKJLR,0
CUST_22SN725U70,0
CUST_04VIKTPR6K,0
CUST_FQ42IQ1IHG,0
CUST_VR296GYF3W,0
CUST_H02A1NYL7W,0
CUST_X586NY8UXN,0
CUST_WK3943AMR5,0
CUST_ZZ9JPEABQG,0
CUST_SNYMIZP145,0
CUST_OCGINGQHPG,0
CUST_MQ2F9Y2Z59,0
CUST_D4UI1YQC7Q,0
CUST_2GS0S22V0Z,0
CUST_4W0N2L7251,0
CUST_SIJXW4OB3X,0
CUST_40QQBC78PH,0
CUST_CR5XCCNSHL,0
CUST_ZHW7PB2DHB,0
CUST_83Q0XQV987,0
CUST_34VH7B2JNI,0
CUST_XPF3UPTPDJ,0
CUST_LO31784PU7,0
CUST_9UF4MZ6YJU,0
CUST_FFETQMK7P9,0
CUST_CUKWU4G3Q4,0
CUST_2CE6HIF5F6,0
CUST_9KYGVLPNFS,0
CUST_AAQ1QUL4FG,0
CUST_BQ74W4FXHT,0
CUST_KU3WKKZFL2,0
CUST_MLN3TSQKEU,0
CUST_XH59IGCXU5,0
CUST_W9FYJQTO3F,0
CUST_MOCJEATNY5,0
CUST_AVXQWAJBQO,0
CUST_T9KWY60CYU,0
CUST_UPDVG84Q9N,0
CUST_FEGWR69RU4,0
CUST_G0EHJI5K3A,0
CUST_6GPU8GDMLD,0
CUST_UDAIF3ZFR5,0
CUST_KBD7EBY9SE,0
CUST_LZGIQ993B7,0
CUST_K5VF1ZJH1C,0
CUST_NSNYAEFOWB,0
CUST_MBVSP0PQ0R,0
CUST_4BWCXDHH5X,0
CUST_MP9OTO29O1,0
CUST_X9HM4N9BSR,0
CUST_BDKMKZCUTP,0
CUST_II4QLISIKK,0
CUST_K5KOXWZSUZ,0
CUST_4FKMLZZKW1,0
CUST_KP00DDEBQ6,0
CUST_K6FUZZSONZ,0
CUST_8H84K3VBUY,0
CUST_QFJOY3HQGL,0
CUST_SBPAFKX7K5,0
CUST_YGID04B1L5,0
CUST_IYR5BVBML9,0
CUST_IFAZAXUQA2,0
CUST_E1HPHVKFEC,0
CUST_6EWJBLXDP9,0
CUST_U2JFA3YGR7,0
CUST_KPL17I5W8F,0
CUST_TUH1WX5UMS,0
CUST_SOH1FR5O0N,0
CUST_JX4GKO3DF4,0
CUST_CV7MUUS7YT,0
CUST_ZQID9759MK,0
CUST_9NKW8C1Y83,0
CUST_X1MFIH8G6B,0
CUST_EHYN45SDA8,0
CUST_9SE2F2QSM5,0
CUST_K2KLNEZCGR,0
CUST_XVL73P4YNZ,0
CUST_CPLBKQIF7R,0
CUST_GOCWCFST5S,0
CUST_OXAFMNAUS6,0
CUST_CBYAEDWJIH,0
CUST_ZGFVGSWRPG,0
CUST_T71ZIBSTPO,0
CUST_YUD3Z4Z179,0
CUST_MED3QZYWXC,0
CUST_E1TZXZTWCF,0
CUST_MZ8V2R8BPR,0
CUST_HA4GHXAY9J,0
CUST_EGUHCJL4PJ,0
CUST_E78F06ACDN,0
CUST_1D2ALRYAC7,0
CUST_AN8HBRY2LM,0
CUST_LSYBRNJRE5,0
CUST_K0PTFXMD3G,0
CUST_8P12NJSVJE,0
CUST_6A4LDKXOOE,0
CUST_YGRX1Q7D4O,0
CUST_G00LQFTVVG,0
CUST_ILLPXHXIN5,0
CUST_A2KNX25Y9J,0
CUST_38DTM4FTET,0
CUST_701M9P641D,0
CUST_W94DQ9F8NS,0
CUST_VX809R947R,0
CUST_XLZOOSGJM1,0
CUST_11W5EH8UG4,0
CUST_CQW71B6W3R,0
CUST_FTB9CP8CKM,0
CUST_ATUYZIG9HH,0
CUST_WN6ARVCKOX,0
CUST_PGRYPKXBJJ,0
CUST_CYJ3L1Y6XH,0
CUST_DZFZYGQYQG,0
CUST_ERCA2NMIQ2,0
CUST_KEXHJUKI0D,0
CUST_2ZOG03V4K6,0
CUST_PH0BXIF0JV,0
CUST_UD4ENCFFK8,0
CUST_91IBRH54VQ,0
CUST_ILKZNX55PF,0
CUST_ONZX834C0F,0
CUST_NKH9RLGKE6,0
CUST_VGRQ5XYALI,0
CUST_EVKXNHZMRG,0
CUST_03OSY2Z4YM,0
CUST_K609M0WW35,0
CUST_1RCE4GUXMK,0
CUST_BBGAX20Z3O,0
CUST_Y6AOL9IKDY,0
CUST_UCRJB9J2HD,0
CUST_40XUTPFFWW,0
CUST_VJ1CDDFCF6,0
CUST_MVOSKRPB5X,0
CUST_E0DY41HBLA,0
CUST_C8Z5TC9PW5,0
CUST_G3HXM9R77G,0
CUST_KW4L7H1J3O,0
CUST_SV2J65NPEB,0
CUST_G83UXHP5DC,0
CUST_BORR4YGGB2,0
CUST_T3E7KL5V0S,0
CUST_6YK15BX1Q0,0
CUST_PNFVTAAYSI,0
CUST_WQEW2Z64E2,0
CUST_EPMEWVKRO6,0
CUST_KJCPVMAQ62,0
CUST_9WL2ABKVBA,0
CUST_HZSDRD2P9Z,0
CUST_O210QQHI6B,0
CUST_Q1A25GBDE2,0
CUST_4H6NUM9E9G,0
CUST_BC2FJQ0X4J,0
CUST_45XPYXM6N0,0
CUST_35A3NXR662,0
CUST_VOELWD8WWR,0
CUST_Q5UFJ5Y9VJ,0
CUST_AE93NI3YRC,0
CUST_DXQDG4HRYM,0
CUST_W1BVJU14RK,0
CUST_J4RA677PJB,0
CUST_N7BQLBJZ6M,0
CUST_4ZL7QCBXDF,0
CUST_QICH1ILMWS,0
CUST_LX6T1TZXY5,0
CUST_PODLWRLCQ8,0
CUST_UISHVLPOBA,0
CUST_QVC9ID7RHD,0
CUST_NIEX7GK5CZ,0
CUST_K1J0AH2B0W,0
CUST_XLYX5OFW70,0
CUST_4JG97CIM6A,0
CUST_QNBKMQ87YN,0
CUST_A44WE1A1F2,0
CUST_FTQCFXTHGF,0
CUST_AC1BACQ7UO,0
CUST_68JJE6V8XZ,0
CUST_UAOW5QA1ZH,0
CUST_OWYZK4F2BB,0
CUST_8ZX8KXLKSH,0
CUST_NCLE9A5DZ5,0
CUST_E5CW54J48J,0
CUST_A4ZS7IA4FN,0
CUST_GD254X0L0J,0
CUST_3N2KZ5XNDR,0
CUST_RR35VHS2AM,0
CUST_GRZUBLINGJ,0
CUST_IDQRP2V0P9,0
CUST_ZQX653PWXI,0
CUST_IG09F0XD06,0
CUST_FG8DJQWLT7,0
CUST_DWZJYQYNA9,0
CUST_OJJ7YD5GII,0
CUST_I6ZSMPGPYL,0
CUST_T0VIRINC53,0
CUST_E6MZMGCG51,0
CUST_SIVWB1469J,0
CUST_9G9LCSL6Y1,0
CUST_NPQ15VPQWD,0
CUST_FMF3G4CPLV,0
CUST_7LRI05VTEX,0
CUST_AA39HIF9AZ,0
CUST_2YOZTTGG2E,0
CUST_R21II5KKVK,0
CUST_WAXS1ENL0Y,0
CUST_4D7RE52XRQ,0
CUST_IU365FI32N,0
CUST_7KOEW2BDDZ,0
CUST_A2J93B8HTX,0
CUST_4SVD39V9HD,0
CUST_DT6RO2CJLJ,0
CUST_6RDHEHP2NZ,0
CUST_6BIYOOOKED,0
CUST_NVJCA709ZR,0
CUST_O4UFCIEB3I,0
CUST_6O5961YTIP,0
CUST_KUPOD7E723,0
CUST_F5L79SWBHW,0
CUST_8E4YH9HC4R,0
CUST_DF4NCRN7ZS,0
CUST_PX68QKCR5B,0
CUST_3CFRT5OIT2,0
CUST_M8ZR4PDL2P,0
CUST_9RPY5HDLN5,0
CUST_D6ZQ1XQJ2F,0
CUST_4U9UJGRH2S,0
CUST_6ZXK2L4VVQ,0
CUST_X34YG1MBB0,0
CUST_G7T6XHYF00,0
CUST_Y9AP57XVQJ,0
CUST_FFCK1VRNLU,0
CUST_IBUSPXRHJ8,0
CUST_LRMTIXEB3E,0
CUST_MITPV6NLEJ,0
CUST_I8KU7KYA7N,0
CUST_QGA0OXDDOS,0
CUST_9ENQRKK2YN,0
CUST_7NIS3VDJ29,0
CUST_9ZTFFFYUDX,0
CUST_QNWWV43IGE,0
CUST_0DO0L3TOLU,0
CUST_FE1UQAWQXN,0
CUST_OA5P6H7FXJ,0
CUST_HHV19DIJFT,0
CUST_TVCDM92OWG,0
CUST_VR2EUCHJNW,0
CUST_X6Y6X3MJFX,0
CUST_O8S1SP6TFM,0
CUST_DE3E9IN3OZ,0
CUST_PSQZ17OZ0B,0
CUST_03JDI72HIQ,0
CUST_NZ90Y9LFB2,0
CUST_OCS0KNFG9T,0
CUST_PI2GBJ4E7B,0
CUST_JVOGL69PF8,0
CUST_EJ0ESNMZLE,0
CUST_K104R47NM2,0
CUST_UCYI4V7JB9,0
CUST_O22FG40IXJ,0
CUST_7G2UDQPUBA,0
CUST_4F9RBFFEMR,0
CUST_155PEABBV0,0
CUST_NCCNNGIX28,0
CUST_II58FDLN9Z,0
CUST_ADHD3I2LV1,0
CUST_4ELW7V1OLS,0
CUST_N078W3B43C,0
CUST_R9I8OIT3WU,0
CUST_080HD529JY,0
CUST_7N0FNZVS8A,0
CUST_Z0VXJNBICA,0
CUST_TPX0MRFT5K,0
CUST_1RXD26ML09,0
CUST_YR21517FUK,0
CUST_2JNB04NCNL,0
CUST_HWNZ2ULEMF,0
CUST_53YZX9POAU,0
CUST_GAQUPPNJ8L,0
CUST_95CSZU1U34,0
CUST_BYZQN68YCB,0
CUST_25D9DA4EUD,0
CUST_AEMI72WK9T,0
CUST_5IM5OHSMMM,0
CUST_WEJ0CIFVHL,0
CUST_OGM1M8XXNX,0
CUST_DOHBU869X5,0
CUST_5KHG0IS4SU,0
CUST_CXXLSA11W0,0
CUST_TKFASKJOQ6,0
CUST_ISGW0GO8ZK,0
CUST_57HL7QDDIT,0
CUST_WSRFZX6QNG,0
CUST_AY7BQKKBIK,0
CUST_MTPGLSMD74,0
CUST_E8I061KVGS,0
CUST_5DS5KJBEL5,0
CUST_2PKF8XT2EP,0
CUST_6I60MR6EK4,0
CUST_RUF48IMIP8,0
CUST_SWM5GBJ861,0
CUST_QBVD3RZ8A6,0
CUST_3H3BAYCZHX,0
CUST_8IWTTVW9PE,0
CUST_LTKXGTLRGU,0
CUST_DBMMTD9JWQ,0
CUST_Z3F7IRLOTU,0
CUST_CJHCJ5WC05,0
CUST_CICJF2YCWT,0
CUST_7DNU4B1LBP,0
CUST_HSEO6BQSUF,0
CUST_RLVPUUX0YI,0
CUST_DN2IG21Y6C,0
CUST_UHPSXILT2J,0
CUST_EG36Y5RWNZ,0
CUST_Q342JLXLRK,0
CUST_T7BUISN1YC,0
CUST_U2EJ2XD4OP,0
CUST_PQPTJ2HGSQ,0
CUST_TI5RJAGMUO,0
CUST_HGA7ETGYVI,0
CUST_V4PVQ1WDAD,0
CUST_OOW2Y4LSZ3,0
CUST_50P5PRJMX7,0
CUST_71Z75CPNS8,0
CUST_FBEPWL5M5W,0
CUST_GTWRPLU4GE,0
CUST_7A5T46CKV6,0
CUST_U0FN0PSYII,0
CUST_JXRXEF4W1Q,0
CUST_XFQFD9ZLY1,0
CUST_U5V5ZFDP04,0
CUST_059DWHEUHO,0
CUST_JQFFNS4G2M,0
CUST_F7EVL1ZC1Q,0
CUST_4TD99E46BL,0
CUST_WTJKZMN88P,0
CUST_2KQYG59I1C,0
CUST_C5T5M5WCKD,0
CUST_AA1I4XDU1N,0
CUST_BNQ6DXFXA5,0
CUST_0X2N8AWIA2,0
CUST_ZMMUR66VLL,0
CUST_FBZR9UZKHH,0
CUST_5APV7QDXY7,0
CUST_TS5N3KUBL3,0
CUST_7MXIP6CRDK,0
CUST_N10KJ9XF8L,0
CUST_3SDP080ZND,0
CUST_Y6CBU2NBO9,0
CUST_U07GR9VG9X,0
CUST_D2ITUL8ISM,0
CUST_CK23D17SRO,0
CUST_WZP9BVQLAM,0
CUST_N4IKYQKXOH,0
CUST_FCUAFAZDHG,0
CUST_YM8FPTSM4Q,0
CUST_1ENEGE3NEW,0
CUST_9LPSEUJWP4,0
CUST_L9W7HNDJTR,0
CUST_2721S70ZLY,0
CUST_B97ZRSI22P,0
CUST_925B40W25K,0
CUST_7SQUP2VS6Y,0
CUST_EI5C0LHWZ7,0
CUST_T4926HL0FP,0
CUST_X5H1BWGVJ5,0
CUST_0BUONCSO2Z,0
CUST_AK7NQPHCED,0
CUST_Z3VVDG8VCL,0
CUST_B3178TFQCI,0
CUST_E4MTGDK1EC,0
CUST_QWFQSS5QE2,0
CUST_4LX0IIWF4D,0
CUST_0FIIJUB4WX,0
CUST_VW2BGO6M20,0
CUST_V9D8UHMNS4,0
CUST_EX1A02LAHH,0
CUST_7R0W6PMU0A,0
CUST_I708FOCJT1,0
CUST_Y118A7ZRSX,0
CUST_B6BQTZL13R,0
CUST_5UZHE8N30S,0
CUST_OBKFRXUOOK,0
CUST_VBSLWRORV4,0
CUST_3D54QTS4AS,0
CUST_YELKTD4NN9,0
CUST_MWFKASBG6C,0
CUST_JTHT2K2F97,0
CUST_8X4KPNWLG4,0
CUST_ST37BQXN86,0
CUST_HIU1SGDO2K,0
CUST_137QCLEPVR,0
CUST_806PJ7N4LX,0
CUST_ASZBF03EWL,0
CUST_NVNCBR0IQ9,0
CUST_F684E9BF38,0
CUST_WIRLXIEDS8,0
CUST_3R9VNZQ231,0
CUST_GL1JWIMBCW,0
CUST_6CC40K58PA,0
CUST_1ZNIIIO0HV,0
CUST_R2ST3NG2G9,0
CUST_3JDFHWJD3O,0
CUST_29Y8SWJ5LN,0
CUST_S5Z9SXSOL2,0
CUST_Q21RCWN5ME,0
CUST_VL94SQEEPK,0
CUST_N10XFC015K,0
CUST_T47XBI9GON,0
CUST_NX6SS96LQR,0
CUST_2ZCPFU6NAK,0
CUST_VFV0PQIPPB,0
CUST_R07IIBGVIM,0
CUST_RVTNVAL39B,0
CUST_U3BZ7ZSC3T,0
CUST_1ERVA73AUM,0
CUST_CGQMIZO1AW,0
CUST_UJZQS0KRUL,0
CUST_6JE8EI5ZDV,0
CUST_8XBCZQA02W,0
CUST_AKX0UIF8VO,0
CUST_AER9YOP5EZ,0
CUST_3GK30IG23F,0
CUST_46Z5GBBHMC,0
CUST_Q710R95XY7,0
CUST_DCLGGBEY0A,0
CUST_22LFXGMI0W,0
CUST_120L7GH8B7,0
CUST_ASA1ES3EHB,0
CUST_SK1VC8QYB3,0
CUST_DZKTM7JAU0,0
CUST_YJHJ5PZ93C,0
CUST_24PMX88KI8,0
CUST_A7DYL1SOAL,0
CUST_7GWCFL13TI,0
CUST_MP2BRHZ1H7,0
CUST_739E02LN0H,0
CUST_TNP8PLB8ET,0
CUST_XMWAIAU9V7,0
CUST_FJOGQ1XT7X,0
CUST_Z0OU6IHYJ2,0
CUST_510DL40U38,0
CUST_WD6POJM11K,0
CUST_23CRNWSNR3,0
CUST_EAMT0031R0,0
CUST_PFE2PFZ0EA,0
CUST_SZRG0G61K9,0
CUST_0T7JT3DZ8P,0
CUST_S7P9UROLX1,0
CUST_55TH0K9HX9,0
CUST_O127476YM9,0
CUST_O3IRM25E96,0
CUST_GZT4EISD8K,0
CUST_H2DTUDJPWG,0
CUST_M7YY9UIY0Y,0
CUST_UFFK324ZPS,0
CUST_94KCEV6ZY5,0
CUST_STB44LYNC2,0
CUST_XAKBFMT9SM,0
CUST_FNA4ZGCRNU,0
CUST_TE8665JW90,0
CUST_8AO1JOIYCY,0
CUST_KXTXWI0XIN,0
CUST_6T7B6ZV2OM,0
CUST_KAN9JROVCZ,0
CUST_RDQBFC9ABY,0
CUST_ICN8LB28MM,0
CUST_N0QN7D1674,0
CUST_TIJZX87B8E,0
CUST_TMW89941OL,0
CUST_9FFAPZR2OC,0
CUST_ZF4RUWR3RU,0
CUST_28DGY11FM3,0
CUST_M2LCSREOF0,0
CUST_P937OSGY3Y,0
CUST_EZGSCHR4XD,0
CUST_7P5QFAGPG3,0
CUST_S7JBS908GN,0
CUST_E9R4P782VF,0
CUST_8U9CYH3OQH,0
CUST_GOW4A7HKDK,0
CUST_YCWS91GJXR,0
CUST_6B7X2UMZWI,0
CUST_PPW55QH58H,0
CUST_89U8VR1RQT,0
CUST_I9SD79AB49,0
CUST_SVLN4GMU4W,0
CUST_SVYBECE3DI,0
CUST_4PTCLNOI5U,0
CUST_68TCH941WH,0
CUST_23RUS3EK3M,0
CUST_M8102Y195D,0
CUST_7JP2HN7DCB,0
CUST_R6T0EWTNH2,0
CUST_LSZCNFXUBN,0
CUST_26XPAD1Q7O,0
CUST_ZDOCS17EC2,0
CUST_WD3C7DYK2Q,0
CUST_QOIE95W1N2,0
CUST_RBY8X5KRD0,0
CUST_4XW4FMCBIT,0
CUST_N906AWFTOO,0
CUST_D2SKGX3MC5,0
CUST_3BEE1SD79G,0
CUST_PNTI956LXD,0
CUST_BJ09DIKV9R,0
CUST_EZA4QJIERK,0
CUST_93BLHZJK9A,0
CUST_7J9SZB0N2Y,0
CUST_86R1TSSJZ5,0
CUST_LATOXZKFBF,0
CUST_ZGQUQNCDLV,0
CUST_H0RVIZ88VJ,0
CUST_T27310S9RO,0
CUST_TPDDPGAZ9N,0
CUST_7FFJOB4Y8N,0
CUST_HL313NWS1S,0
CUST_SV2KXA4DCK,0
CUST_V7ZZB7JEU4,0
CUST_JOW8CGSOY7,0
CUST_OE12KV49GF,0
CUST_I6SEJJ63FK,0
CUST_2IT65Y92KW,0
CUST_MKA168IF9Z,0
CUST_FSR8M70DMI,0
CUST_0FQSG9DN1P,0
CUST_BXS2K0D3CH,0
CUST_EMUTIN1LAF,0
CUST_RPRJ8C3IM2,0
CUST_6YTZFUMPQQ,0
CUST_AUWDXNFA6P,0
CUST_P7WC7JZBNG,0
CUST_ZX86H0DSC5,0
CUST_Z534QE03AN,0
CUST_SWC7YK5QOK,0
CUST_X6V3WB79V1,0
CUST_LBDZMSBTA9,0
CUST_BPRKLL80WI,0
CUST_QCDSU12OKQ,0
CUST_XZ5JZEKY8X,0
CUST_JL2QLZFEFW,0
CUST_Q5DCNAAXKX,0
CUST_SKLW205XCI,0
CUST_G1M86XUM3I,0
CUST_LEW5INHVDO,0
CUST_L018KCI6JB,0
CUST_GMKOLU75F8,0
CUST_FGSWB7R456,0
CUST_RJ0FSHU5SG,0
CUST_Z37TGT6EBL,0
CUST_IZGHC5LR2L,0
CUST_RLXUI0YKLK,0
CUST_4AHVS7TCJM,0
CUST_P2UVTA456M,0
CUST_CSAR8H0VF7,0
CUST_735TZWXSO7,0
CUST_KF9OM8HSYT,0
CUST_HRM522IDM1,0
CUST_GDY1NA63L8,0
CUST_SMLDKWDZ13,0
CUST_6TRFTN7J2F,0
CUST_724PK4T7AM,0
CUST_KSB80DR7RC,0
CUST_WKGPQNY7HA,0
CUST_GQDUXPRPJU,0
CUST_T730Y6649E,0
CUST_KUVOJCQ1EE,0
CUST_H44EYF5WHX,0
CUST_H1OR1V9D2C,0
CUST_4IWD1PUYLJ,0
CUST_92Y18ZWJZE,0
CUST_GDDGLBKYOB,0
CUST_KFATLXNPQN,0
CUST_O073HBE4D5,0
CUST_BNG48QWQGX,0
CUST_O696XT9JEP,0
CUST_5HP2842DX6,0
CUST_W8UIVYYVMK,0
CUST_3IWCY8IRQP,0
CUST_1TD4TH8J7W,0
CUST_48NAHTIHOX,0
CUST_2E2R7XI7IL,0
CUST_P0HUV1ZJDP,0
CUST_16PGMJ11UM,0
CUST_42GF2DHEYR,0
CUST_1P40UY8FGY,0
CUST_4XTUFAIPXN,0
CUST_6DKN8SOYBX,0
CUST_9I0H09BYOX,0
CUST_RGL50BQ15C,0
CUST_RBMXJ2042M,0
CUST_HP175OTVS5,0
CUST_YQX919A0VL,0
CUST_AUSHY300KZ,0
CUST_8LAOBEV36R,0
CUST_SOQWPTGSRG,0
CUST_7YF4Z4UAIA,0
CUST_E4UX8GJVJ7,0
CUST_SNUU2RQLY2,0
CUST_I5BSIPV4SQ,0
CUST_LEF59B0A2V,0
CUST_WMNVFQKFO1,0
CUST_XNFSS6R4RN,0
CUST_OAXEUSP0JO,0
CUST_SWJABF667N,0
CUST_2061M6IG18,0
CUST_AUAMWEP92S,0
CUST_EZ5DV8EQ0I,0
CUST_1L8XUKXK7C,0
CUST_386DHX2X0T,0
CUST_4EDLLAO3VJ,0
CUST_QZ3EWCPCTA,0
CUST_UIPFPXXY46,0
CUST_WOJQS6C1UU,0
CUST_GX26VCRC0P,0
CUST_G8MZTREM5V,0
CUST_KL0B5DEW6J,0
CUST_NFU4ZIB40Q,0
CUST_334R46A28X,0
CUST_HHFI5QSJR4,0
CUST_YOJASQ4O17,0
CUST_XTC5404VZH,0
CUST_F77HX0HM9X,0
CUST_OZ56TONARL,0
CUST_PNUFH1G5VD,0
CUST_XYI7J4DKFC,0
CUST_JPOO5PH0RD,0
CUST_QC3SPLY525,0
CUST_SOS9XLCLBS,0
CUST_PLAC9ZF181,0
CUST_64ARG4OAIA,0
CUST_S3KHZYSZYJ,0
CUST_QQNOEGNI6L,0
CUST_68T13TT44S,0
CUST_X33LG99GVJ,0
CUST_JMDK0W80YE,0
CUST_4919QWYY98,0
CUST_1TVQ0IU7LP,0
CUST_X9GVUCP2P2,0
CUST_RNNSS0URCR,0
CUST_6ARYQ783Q5,0
CUST_3LTNECX9XK,0
CUST_WAB6N1UQQM,0
CUST_R0UJIOBO0P,0
CUST_U20OPZLG1V,0
CUST_QF6CRI5ZSP,0
CUST_EEB8CKTHES,0
CUST_8HBWN7WLYF,0
CUST_UJ4ZBTP3K8,0
CUST_HJLIIJWUCF,0
CUST_I6JPBI6NAI,0
CUST_0147C8FUIX,0
CUST_Q7SBNIUNVH,0
CUST_TPC7OZA5F8,0
CUST_QXHNBYA0Q0,0
CUST_BFR7PEPY8T,0
CUST_4P70TLVNPA,0
CUST_QHIIT8Z4G9,0
CUST_DG5J4G7VOW,0
CUST_7400YKH16B,0
CUST_X264BM4D7E,0
CUST_5JMK3ZSS0C,0
CUST_NY08GEVDL1,0
CUST_J11IW01BJH,0
CUST_1MAXY0VPIT,0
CUST_VAUAGWVSGU,0
CUST_UIDTF28BX4,0
CUST_TCZL3UT0V8,0
CUST_YZUO8XGM9Z,0
CUST_W30OPXA83S,0
CUST_XU3O3AJIFN,0
CUST_BCKSCM7XV2,0
CUST_S7NSYZJBDO,0
CUST_Y6JZKW3ZQA,0
CUST_RV8M70JZJ6,0
CUST_3X16DSAL30,0
CUST_38EQGZYA1V,0
CUST_Q5KW5S3KPR,0
CUST_USN5TJ5DEZ,0
CUST_X4407E3Q6E,0
CUST_SYQ5NAYEIE,0
CUST_Z8NUCVY6BV,0
CUST_9JOF8TZYMX,0
CUST_2T3D0HKOZ8,0
CUST_FRKPNBF3E0,0
CUST_BISRD79A1H,0
CUST_3WDBFXYQLZ,0
CUST_NOX7T94XWA,0
CUST_8Y9PB7UWPV,0
CUST_10VRVM4QCQ,0
CUST_P7CHJ08472,0
CUST_W25CH4K08H,0
CUST_UQNXOACHQS,0
CUST_4A4XEMV5MG,0
CUST_3IABY1M5MO,0
CUST_II5TGEQG33,0
CUST_A81WFNYJNV,0
CUST_TRWE3AKWVG,0
CUST_WM1WTKBHX7,0
CUST_O0AH2AEUR2,0
CUST_P9QHVDM1ME,0
CUST_LT437KS9LN,0
CUST_WKBH3446FE,0
CUST_UFBFZHD43M,0
CUST_CXGXW3T94Q,0
CUST_HP4U7CX2OA,0
CUST_BSQ3RCZMRO,0
CUST_IHR9OESI4R,0
CUST_1ZM417IWX3,0
CUST_9D2WIPF1KU,0
CUST_WZF9R603DQ,0
CUST_0VMO61S4KZ,0
CUST_1D0LHUNYIM,0
CUST_5T0CBO5PGC,0
CUST_AMN25JFEV5,0
CUST_MQ3V53QDUL,0
CUST_2LB9D4GRKA,0
CUST_LXFF8IY6O7,0
CUST_XVRVIFSYOT,0
CUST_G2TGW1AGBE,0
CUST_BN8IJP8P2H,0
CUST_AM340P21A7,0
CUST_NR3G1TGN2K,0
CUST_76S7Q9TWBA,0
CUST_ZAF4XFSJFJ,0
CUST_6R5BMRXC6H,0
CUST_XLL6T4MUSU,0
CUST_0K0ZAKJ74L,0
CUST_CQGDT4NOW3,0
CUST_EU4EJZIMXL,0
CUST_860463AA2C,0
CUST_A3F2R17TW7,0
CUST_KJBP78I84I,0
CUST_064DLRADDJ,0
CUST_YKJS46ZU5Z,0
CUST_5NVTR14PU0,0
CUST_YB4409I060,0
CUST_PX4VL3IW79,0
CUST_SSMR0HNZZH,0
CUST_WM5S5Q6AVR,0
CUST_9MX973V81M,0
CUST_Z3JBYOB2HT,0
CUST_GTTF7W8FHP,0
CUST_4PH5GG8TUB,0
CUST_PJD7XF2BTC,0
CUST_8TKWZTSB62,0
CUST_YL5DCBFWYU,0
CUST_FAI9CABZ0N,0
CUST_0POAKGM43R,0
CUST_1XAJI1B6PP,0
CUST_2GXN9SYHBI,0
CUST_CF3AGOIFZG,0
CUST_A31JW1KAF7,0
CUST_LVZYGKQLYQ,0
CUST_KXMW6EK7K3,0
CUST_3AS2LMURFS,0
CUST_X24IL915U8,0
CUST_QI8BOHKYAZ,0
CUST_04ZTQNDMIN,0
CUST_GXBHGVVRSH,0
CUST_OTO82VA5XB,0
CUST_3PI29TSB8X,0
CUST_19S88F97IU,0
CUST_88LWZ8HJBD,0
CUST_FM0FYLP4X9,0
CUST_TRSK9A0RV3,0
CUST_6UYBV5NSPG,0
CUST_1RA18YN86R,0
CUST_VYOYAYUAKH,0
CUST_W73P6V3QOE,0
CUST_GEDDMH0RIP,0
CUST_3354AU637L,0
CUST_VUAIE07869,0
CUST_ZTEOSRFVDY,0
CUST_ULLHLGGW0C,0
CUST_9HCDBCAWUL,0
CUST_H7N646YDPN,0
CUST_K4N6F5V9ZU,0
CUST_WPETAL9EFC,0
CUST_CLBZI1JYHX,0
CUST_LVPYXGDVVD,0
CUST_LYNDB3MW6K,0
CUST_NYTKZW58T6,0
CUST_JKR2A26GG9,0
CUST_FCN6QW7SZH,0
CUST_ETSK9IWXFO,0
CUST_QTOI3HHTAO,0
CUST_8C8XLK8PBO,0
CUST_2WOERBCDH9,0
CUST_PBK23MXY87,0
CUST_17SKC9GNNV,0
CUST_763E9LFD5X,0
CUST_VVLUF9M78D,0
CUST_8BZDZY5ZQO,0
CUST_DO8PAKEUYA,0
CUST_TIU1Z8BKE4,0
CUST_29Q3VOERMF,0
CUST_JU49ZN9J9Z,0
CUST_HPAQAGGONK,0
CUST_N46ODJLW99,0
CUST_8ENI0PHUW1,0
CUST_XNO014FKXP,0
CUST_ZBN5HLQ8RI,0
CUST_ASRU2WSNBM,0
CUST_BZ7V76R99Z,0
CUST_RCW2CQ8J8B,0
CUST_21KRH3ZHTK,0
CUST_R9OFEADHHP,0
CUST_MWTNWBW3L1,0
CUST_PW6EZ8SS46,0
CUST_XC57AYWQ2A,0
CUST_1XRFUTD0W5,0
CUST_FGIHW61QKT,0
CUST_O8LTI2YTD2,0
CUST_OLM6QNV6EK,0
CUST_SK7ARFALY2,0
CUST_MHFHZ9U23L,0
CUST_S8Z0J3A7KA,0
CUST_QG1XOMMWTY,0
CUST_LBZWKTEUHG,0
CUST_9KS6MISMVX,0
CUST_JV8CC10CRP,0
CUST_F45229CSLA,0
CUST_NKWEZVLR9V,0
CUST_IEQYWR6JO6,0
CUST_41NUTOLE6K,0
CUST_BVRRHGJAEA,0
CUST_3B2KNV015W,0
CUST_8ZY0BRQ1U5,0
CUST_ZLFCT9TTJW,0
CUST_86ZB2I31JB,0
CUST_W97UJJ201S,0
CUST_PNQULWKMQR,0
CUST_JGROM8UA7M,0
CUST_OHEP71BM1H,0
CUST_FHGAOHTVOV,0
CUST_Z5HT1GLZQ4,0
CUST_HSZB8KN9GW,0
CUST_D4IRPEAUYW,0
CUST_Q2O7TKW6P8,0
CUST_6YU04T8OXI,0
CUST_KWDA4F25K2,0
CUST_FDHVKW31DC,0
CUST_F8YKIPEN5R,0
CUST_1JROQVK800,0
CUST_TUSDWDIUA6,0
CUST_WTRWEGFBCF,0
CUST_PRGS5ZG37H,0
CUST_4581N89XOG,0
CUST_4WCB021S0G,0
CUST_29F5O81G4W,0
CUST_1DVG7XX9US,0
CUST_RED1EAJMII,0
CUST_8XCCV0MIW4,0
CUST_IS3CEWIRZQ,0
CUST_CRPEZ6FRWI,0
CUST_JQ3QV4UHEJ,0
CUST_C04QGUVF2V,0
CUST_4AJ01T9P3P,0
CUST_JJRS10VGYE,0
CUST_HJXQM1A1SW,0
CUST_WGB39AEJGI,0
CUST_QBHFQIEXIV,0
CUST_DCD2P9WR69,0
CUST_OS1E5P2KYT,0
CUST_CEMM40XEWC,0
CUST_QZTH8H2LMP,0
CUST_12MFVM52ES,0
CUST_PWBBTNRXNH,0
CUST_0WHPNNJ61G,0
CUST_RG0G2G6VGN,0
CUST_987C4T79B7,0
CUST_E5AHKW6NMO,0
CUST_4NOWXV5MG3,0
CUST_BU36ISU7I4,0
CUST_RBUPOAC0XY,0
CUST_FSGEPSWJB1,0
CUST_O2Z6SBD4V0,0
CUST_YHADJEM7ZX,0
CUST_QMIGL4ZQFP,0
CUST_V3GEYV8RNW,0
CUST_KC5MKSR5AN,0
CUST_NAR9ULWO7Q,0
CUST_JQCUU8UTHY,0
CUST_X0CZ0V84JY,0
CUST_TOZPSS6B1V,0
CUST_NSD3JK827S,0
CUST_67M1FR4NMT,0
CUST_OI3H71DZUC,0
CUST_QZH32K22AM,0
CUST_3JAPPF4KQV,0
CUST_86FYDU5IBZ,0
CUST_N7CCN7EW6D,0
CUST_XNJXN1BTPR,0
CUST_S5S1EE5UOB,0
CUST_6RB8WZZZI7,0
CUST_1GW4T3YXTY,0
CUST_EOY5E71H7H,0
CUST_R32IR4XH8J,0
CUST_1KMJGGYJOB,0
CUST_M04Q8DKKH4,0
CUST_6LGRC0HE74,0
CUST_2FQUGQFW5A,0
CUST_DWLQ2VATH8,0
CUST_X461J6NDK7,0
CUST_4BOGG8U1JJ,0
CUST_IIV96VELEL,0
CUST_ALI1MJ5PPB,0
CUST_3GJVMBLAP8,0
CUST_NE6SD3B1EY,0
CUST_FDDSJQKI6A,0
CUST_K4VFSEGYB4,0
CUST_ALXCSKM19D,0
CUST_UJO5K8DPII,0
CUST_JC3EHZAWBP,0
CUST_GRWJ17TPER,0
CUST_YHFNEY27R4,0
CUST_WFRJAJRTMG,0
CUST_QYGD73KLF7,0
CUST_4AVHH7LWA6,0
CUST_IR6NNBTNSD,0
CUST_ZX1MPM660R,0
CUST_OTMIN36VLJ,0
CUST_E50AHRDMB8,0
CUST_731UTFQ6C0,0
CUST_CU990O7O85,0
CUST_YFLL9KOB23,0
CUST_X751JLP16Z,0
CUST_0ORTD41SWM,0
CUST_8ZL4RS7RTX,0
CUST_STX5A32W4W,0
CUST_CFZQ84C5GN,0
CUST_E2ZBY839X9,0
CUST_4HTVZCG22P,0
CUST_GPP7GM7BYS,0
CUST_XNNJBTDS7Y,0
CUST_1ZBHSQNLND,0
CUST_VSXGXHL025,0
CUST_82JGBB2V19,0
CUST_DV0M1I33RE,0
CUST_6HQQ281YCX,0
CUST_E8KZA3P00A,0
CUST_4HO3XEANT1,0
CUST_7X27GVCGEK,0
CUST_LBUWD30P0T,0
CUST_3VNMRK5KA8,0
CUST_XHII0K6NNX,0
CUST_85632VCFBL,0
CUST_E4FXB4XEA8,0
CUST_SZ51P73IQA,0
CUST_QXD1D2GDB3,0
CUST_6IVG6LORCX,0
CUST_CTGKHBK06O,0
CUST_ZCGA39RJQ3,0
CUST_SHK5GCB4MN,0
CUST_KVZJSGXRXD,0
CUST_VOM2GKO1XJ,0
CUST_MB4N3HEKEN,0
CUST_37MYFZSBPW,0
CUST_KC2DGJV2X5,0
CUST_9E7LLYXFYA,0
CUST_LB8FV3BS1U,0
CUST_3YST16G48C,0
CUST_6N2M9ZH6TD,0
CUST_LQE7AYGW4Q,0
CUST_LMHATTNB3Y,0
CUST_YTMQY7TDN2,0
CUST_U4M7V11LZ6,0
CUST_ILHBUPSEEZ,0
CUST_C2FYSJOQBN,0
CUST_4ITEIDJSXG,0
CUST_FGRG6HN4OW,0
CUST_LGGY1KYV9D,0
CUST_Y1F8QK89RH,0
CUST_2URK94BWC8,0
CUST_6N3A8SYOWH,0
CUST_ELQNEEUWK8,0
CUST_748C5DN5L2,0
CUST_TDPCK914XW,0
CUST_17TENZSAVW,0
CUST_KKWCSSDSFK,0
CUST_MDCWP6A3JG,0
CUST_L7Z229JV30,0
CUST_5D810S9Y0L,0
CUST_H4ASLBB09H,0
CUST_W0VNAPEYOK,0
CUST_SS532HJSBF,0
CUST_PX3L1VMOS4,0
CUST_DMEXOFZY8I,0
CUST_255BH4VD01,0
CUST_11CHAY4TYA,0
CUST_G0YEDUWS5T,0
CUST_IJ0ZVB2M6R,0
CUST_Y847R0A7TM,0
CUST_CX9432UMZR,0
CUST_DXT98LOD2K,0
CUST_TH5CA1M51Y,0
CUST_W3L20J7X74,0
CUST_C2D9UCORZ1,0
CUST_DVHUHY2ITM,0
CUST_QXMM4I36JJ,0
CUST_LGJ3355YUV,0
CUST_WBQ6CM3AH9,0
CUST_FDCUBEZE2U,0
CUST_LLQ31SFWWN,0
CUST_H8XCG14OCG,0
CUST_OD5IX7PJ80,0
CUST_G722IS0RH0,0
CUST_1PBSH6FTLC,0
CUST_PZL7G1M704,0
CUST_LYTE3RDY65,0
CUST_NHZPKP093W,0
CUST_5Z2Q745S4G,0
CUST_7SS8YC3X15,0
CUST_39SLCVCMH1,0
CUST_DFTUDU0RD7,0
CUST_324C5Z10U3,0
CUST_8BMMJMZLK4,0
CUST_KS8NCJRY29,0
CUST_USDKLYHG5L,0
CUST_J5ILAOUX5U,0
CUST_Z5LD6SWOH0,0
CUST_LXKG2RRBES,0
CUST_QDGSVOYTBU,0
CUST_6VIK9ULJJF,0
CUST_D0AOV54LQH,0
CUST_13LU7ATAYI,0
CUST_F9HZLHBTRO,0
CUST_4EZG6LWF80,0
CUST_TPNN7IQCXH,0
CUST_XL4CC28DSC,0
CUST_Y4Z2HIV4A1,0
CUST_3FRR5EDCEK,0
CUST_CHYGKJLGYE,0
CUST_QO8UL15MHZ,0
CUST_7B91ULLKSW,0
CUST_56E2UWYZV6,0
CUST_15DU6H4MV7,0
CUST_QODH1367TD,0
CUST_FIA66IM2JH,0
CUST_72UXFWTF1E,0
CUST_TOLVC6WEKP,0
CUST_JGP5BLR9K9,0
CUST_GOH0133PCO,0
CUST_2IBC2EYC6V,0
CUST_2VKAVN8X2X,0
CUST_N3BTCA0FRO,0
CUST_2GMYF3PISZ,0
CUST_F2T3DH7C8C,0
CUST_E3HER726HY,0
CUST_GJ9MKZYG00,0
CUST_CLXNSHVGIM,0
CUST_WHLUV7RFFQ,0
CUST_7LS33MW018,0
CUST_CJG5KL3XOJ,0
CUST_HM44FJZJZD,0
CUST_XELE8UU0OM,0
CUST_XZ4AOKCDSP,0
CUST_OTZ6ER1W7D,0
CUST_MS3JLR34BC,0
CUST_NSSY3CMTWK,0
CUST_HZMITGLADA,0
CUST_V3ZM9YACUM,0
CUST_X5PZCEGK0N,0
CUST_8JSWKMKSLD,0
CUST_630F1P3V5O,0
CUST_MOFCJ42D5N,0
CUST_LQIAW18S20,0
CUST_UZXCMQHQIY,0
CUST_NLK6DXPNTC,0
CUST_IUBWR7E8NG,0
CUST_EC9FV10LIT,0
CUST_KP0J8S2G7S,0
CUST_JSW8V2AB86,0
CUST_JHJTX6BBD3,0
CUST_WOCOOB7TXK,0
CUST_VBKTU97CKN,0
CUST_4T1JBFMS93,0
CUST_KZS4HKCQJJ,0
CUST_I9XIPLZP66,0
CUST_ZWQMR6SXH1,0
CUST_482L455G8V,0
CUST_ODWCP4UJ4E,0
CUST_MASYQJ8D9N,0
CUST_0HJ0XL82YS,0
CUST_XUBBJ4M2O3,0
CUST_Y4GHEQ4JNT,0
CUST_DLYOX2BJ0U,0
CUST_VY46KH4P3T,0
CUST_G5CLUZ0DLW,0
CUST_X1XSXRGDKI,0
CUST_LQ8IJFF3E9,0
CUST_HGKKHCYEJ5,0
CUST_7RQUSTCAN8,0
CUST_9O0KLYU15O,0
CUST_4SZL6FH5V3,0
CUST_7YQUX4SSQP,0
CUST_KKYHN4T5IK,0
CUST_D3CVUSRXAZ,0
CUST_8LBRD2X3XF,0
CUST_WJMNTGZUGW,0
CUST_CNJGBG1PG0,0
CUST_WU73WTIUFJ,0
CUST_A3W9WZCJQR,0
CUST_AVTJOZ1PKC,0
CUST_XII2DOBJWA,0
CUST_U4B5VT9153,0
CUST_Y50RPIKG0J,0
CUST_LTRN6B5S8L,0
CUST_6WFRF2C5HW,0
CUST_6Y050TLVX4,0
CUST_591SMPTY51,0
CUST_SLL1TAJKXU,0
CUST_MQAJ9FM2KZ,0
CUST_CJN1AXK3F7,0
CUST_E6VTXK6DCX,0
CUST_0XEN6RNR8H,0
CUST_FJ4FMPCV56,0
CUST_K6XQQ9QL80,0
CUST_TIYUU46MJU,0
CUST_42WSEU1YUK,0
CUST_QCIPJ6FQZF,0
CUST_88YW11SV0Y,0
CUST_XCYW9GYM4R,0
CUST_ACOM6QCG75,0
CUST_C01FMFF37D,0
CUST_0ROJJCK31D,0
CUST_YU429ZIEXR,0
CUST_R1Z5W1NLLZ,0
CUST_OSW1MOWNF1,0
CUST_F6R46YJ9E5,0
CUST_HM913ZYXPQ,0
CUST_TONZB71723,0
CUST_P7TQ7X2FF4,0
CUST_PV2AQYTA2V,0
CUST_YDH1LYKSI8,0
CUST_WH7X8ONMK1,0
CUST_TERN51LSJG,0
CUST_HQYSWOFN4O,0
CUST_YPBL52C65R,0
CUST_6LEYREV14E,0
CUST_MTTZJEI7TW,0
CUST_8EX1YR1TNZ,0
CUST_TY13FIWYAD,0
CUST_CBC6EBWAVH,0
CUST_9XRB928UAB,0
CUST_SOTIGZR75P,0
CUST_2WPDCHFTB5,0
CUST_N98C6FXXUP,0
CUST_PNCQW2U9LK,0
CUST_413S10YPG8,0
CUST_2LOK5QU0Q6,0
CUST_F9G2ZON5LA,0
CUST_39W2N913FN,0
CUST_A6OX64KOBF,0
CUST_5OO5V01ML9,0
CUST_Q3JQ5SMZNO,0
CUST_4H870OSEV8,0
CUST_QYTAB9PAY2,0
CUST_FFEU3K3T7G,0
CUST_9ZDWT31SC4,0
CUST_HE4FRK44DP,0
CUST_M249I1EFB4,0
CUST_IOT5E4C82B,0
CUST_ODSRH68QTP,0
CUST_532IEUGIM9,0
CUST_TSRNCUCE0I,0
CUST_DBTBLZSV3N,0
CUST_H6UQLL7ASW,0
CUST_A2EN2EW1FH,0
CUST_QFVOWNFZDE,0
CUST_IM9JAU2F4R,0
CUST_6MAMD9FMJN,0
CUST_8E06XMST9K,0
CUST_1QA4X0GB5W,0
CUST_5LBCEQRXKM,0
CUST_TPY2LD0N9R,0
CUST_PO5LFL2HIJ,0
CUST_GK8SA4W0XI,0
CUST_Y5NA92O7VL,0
CUST_PCXUAEFBIY,0
CUST_STDQN8BVJR,0
CUST_L7P5QZY4B4,0
CUST_4VFBJY5F0T,0
CUST_80OBF7GWHW,0
CUST_DZA31TTZ4K,0
CUST_O0VR6ITIUC,0
CUST_UZLF74G7JY,0
CUST_JSV46G7EEQ,0
CUST_0HZ1A7ZNX6,0
CUST_FX1O5LR5QL,0
CUST_MPR8V4S8QU,0
CUST_WWIDZLW2NC,0
CUST_WLX0LSRR0B,0
CUST_NPT41YGM5B,0
CUST_X38VUBERQS,0
CUST_9F2R70T8ZX,0
CUST_1AGYRRTZY8,0
CUST_T1VLMV7QBF,0
CUST_SKSFAYJ7JX,0
CUST_9DEVIIG0WF,0
CUST_4QA21YIO2W,0
CUST_DPX5H9K8LD,0
CUST_PP23S7USLR,0
CUST_YFGPGUBOOV,0
CUST_OF46K8P06L,0
CUST_L1I82O142G,0
CUST_97TX0NAVM1,0
CUST_J4ZZUHXO88,0
CUST_1NTC0QAMYL,0
CUST_AKQ1AJYE11,0
CUST_7Q8DYWTWEB,0
CUST_RP39WK7G6R,0
CUST_OOSHWE90O7,0
CUST_9Z7PADZVIY,0
CUST_VGV52FCOO5,0
CUST_XWRU3SJ2E7,0
CUST_T4L33O5I5Z,0
CUST_WP1OH3UAUQ,0
CUST_QCOE2QB26H,0
CUST_M9LVEN9ZPV,0
CUST_YGBTTNPY7G,0
CUST_IND88FIKBJ,0
CUST_IQCKDXO34Q,0
CUST_GLXXZ4IGM6,0
CUST_MBIG24PXMK,0
CUST_JE6ERC0SR2,0
CUST_UGZYPQT6QS,0
CUST_T1SZ58MX6X,0
CUST_JNMWQ898ZC,0
CUST_DNK4008NDF,0
CUST_KAD9JO02FT,0
CUST_H1K8KO6VZ2,0
CUST_8ZPOJHFENN,0
CUST_421CZOGYWZ,0
CUST_MBO8G2JXAN,0
CUST_U8DLS1CW1Z,0
CUST_JHV2PQ9TZK,0
CUST_WQG7737F8T,0
CUST_SVAKRDWTOS,0
CUST_8ZN77AC0GC,0
CUST_RF1MWG6IPS,0
CUST_99HLUNOZIY,0
CUST_TXWBARXE9G,0
CUST_HSYRAGKQUW,0
CUST_ZWBYZQKEN3,0
CUST_DRL15IJVNB,0
CUST_MYVT45CXUF,0
CUST_D8705MLKPX,0
CUST_V7QEFTHA4T,0
CUST_INJHK9E0Y5,0
CUST_JLIUIP65CX,0
CUST_M15NVE2N4J,0
CUST_QWXFP3DSRE,0
CUST_U2DIL4N71F,0
CUST_UKIQWK4PFO,0
CUST_WS4MHG38UB,0
CUST_Z9KUCDFPLX,0
CUST_79YSZTMIH5,0
CUST_HJ0VM0XE9F,0
CUST_BSWMR26RXR,0
CUST_84DECBNL7H,0
CUST_95DNJLKU6R,0
CUST_4XSLXS9908,0
CUST_21BJ3GB11Q,0
CUST_5W6TXFNLIG,0
CUST_T1694EQ0GY,0
CUST_OCX2JC2B42,0
CUST_QCNW88BW6H,0
CUST_1B1BZLDRSA,0
CUST_CX663V66AI,0
CUST_2LJ0B1FWZ0,0
CUST_4SRC5B2KKM,0
CUST_ISCFD2WM4D,0
CUST_Z1OH31SWWK,0
CUST_D01MPOM5UI,0
CUST_0MASB63ACL,0
CUST_8ZKSWTO4X9,0
CUST_0APNWKA7C4,0
CUST_5PPSLQHW5M,0
CUST_IXOQN1SQ0A,0
CUST_R6Y2ZMLGST,0
CUST_OQZVYZ0YA7,0
CUST_QBZCYLJRHZ,0
CUST_GFE9TBPYK5,0
CUST_09XDZ7S82S,0
CUST_610Z3AF94K,0
CUST_VOB6Z22LGI,0
CUST_NS0HR1A422,0
CUST_ZVKU1F4P4C,0
CUST_B5P5P0QZTP,0
CUST_SPXXZYK5LN,0
CUST_AY1CS47IGV,0
CUST_1D1N6PPWQ4,0
CUST_IRVECL1VAB,0
CUST_5BPA1SYOLS,0
CUST_B7O445MU5D,0
CUST_3VAR5ZPIXT,0
CUST_462M19X94C,0
CUST_63KK58JX9C,0
CUST_6HS2SAMI8B,0
CUST_SIOBJOCCSQ,0
CUST_7S92W2JIPE,0
CUST_WJLWMCP5DP,0
CUST_6BS5A4Z4MS,0
CUST_9RPKHJGJ0N,0
CUST_SECPFUDBGT,0
CUST_DBBKHZFCUR,0
CUST_C0XI858LNE,0
CUST_O1AHM0GN0B,0
CUST_DLREK79JDH,0
CUST_N1HDZ82IA3,0
CUST_HB1T2LWUA4,0
CUST_9S6KPV2H0W,0
CUST_R1W0BCD4CM,0
CUST_X86ZK0NK3L,0
CUST_JLT9EEI2TD,0
CUST_DZOIHG3XSB,0
CUST_T4DMF64KNU,0
CUST_7ZXCBSYOAS,0
CUST_V3ILS5MN0Q,0
CUST_1FE9QF33DU,0
CUST_82H04UHCGN,0
CUST_7SFP2W7KZN,0
CUST_J4RR95FNYZ,0
CUST_RGS1VWWT08,0
CUST_WYM4S2RFYB,0
CUST_JLITKTC2PO,0
CUST_3M64CO0IL0,0
CUST_FADWJOE7JO,0
CUST_SNPDCYCZ34,0
CUST_98TMUX7F1D,0
CUST_NYV3CME5PJ,0
CUST_WZOZCSOBHB,0
CUST_6OM5HVFB2I,0
CUST_9LDE0Y4IKN,0
CUST_FWGQP0Y4EU,0
CUST_WLWT6G5JL1,0
CUST_NISWUNQXQK,0
CUST_0F6CQTJFMK,0
CUST_F2SZ0CYIT4,0
CUST_9MPTQ34X0I,0
CUST_NM4R3DNXP6,0
CUST_MCKEAGRFFW,0
CUST_8SMJS8389X,0
CUST_CEKXN6NLDS,0
CUST_TFUN1VBL6S,0
CUST_UA00K9F0UT,0
CUST_MAEEP5PBTQ,0
CUST_MUCCYMQK7X,0
CUST_2S3TY6KRAP,0
CUST_HWXAP5698U,0
CUST_1ABEHRSLGK,0
CUST_BBQM8FUOGW,0
CUST_HP0JRK4I9X,0
CUST_UV46PUH1J5,0
CUST_JQFJJRNT6U,0
CUST_2LIY0EYMK9,0
CUST_0N0TF0M11R,0
CUST_E1SZE6JDD7,0
CUST_B0LK0DGPHR,0
CUST_HCK2PS86KM,0
CUST_5SYNRGIP7R,0
CUST_GZ0VOM7DA3,0
CUST_UQPOJ5SB3K,0
CUST_NDA267J9Q7,0
CUST_H8ZYENPLLH,0
CUST_467FI7CLB0,0
CUST_QXZDQ1BLJE,0
CUST_E2C82351I5,0
CUST_JAOK1CC7VE,0
CUST_P39LXJRB72,0
CUST_9T27AABN2I,0
CUST_S9TNBUWJ09,0
CUST_BPT2CPJWCG,0
CUST_VHEQLFWQ2B,0
CUST_CJ7NE1IEZT,0
CUST_3GXS42OH36,0
CUST_QKN2X69HUE,0
CUST_TP93R5F279,0
CUST_ASDW7OXXID,0
CUST_ZRUIF4KGD0,0
CUST_F9BBCJLB7W,0
CUST_EEC3A6LGZB,0
CUST_K6519R3MTS,0
CUST_DXK9UFTORF,0
CUST_K7LC0DK9R6,0
CUST_CLSDYSJYUG,0
CUST_KCIDTY4QZV,0
CUST_TORH8U9Q87,0
CUST_LJXUZ36WVE,0
CUST_YKN25C2302,0
CUST_N8R4H91COV,0
CUST_CR25IUCKVR,0
CUST_1LO54W0NSB,0
CUST_UDENFP47RQ,0
CUST_E9T1BZE8ID,0
CUST_WYBBY6T881,0
CUST_3VZA29VKLO,0
CUST_H3MJWDYTCR,0
CUST_505ZDXAHZH,0
CUST_HGUTRDETCY,0
CUST_2K4SHHEZQS,0
CUST_TIRJON38XT,0
CUST_KHHW1JNR5M,0
CUST_I90R6TDXJL,0
CUST_PAT7Y5X7K5,0
CUST_H3QVMVYI2K,0
CUST_9WWVDWPKGN,0
CUST_KOLZPKZUC6,0
CUST_0QKRCXW4XO,0
CUST_WUIS6HYTVD,0
CUST_4388832LI0,0
CUST_95ALBJPP4E,0
CUST_SRL94HP3NX,0
CUST_POWCGQ96D8,0
CUST_U1VHK9IR9E,0
CUST_12L109C7N6,0
CUST_0UDL60Y064,0
CUST_XRQSAY3GE6,0
CUST_VL4LTI8S3Q,0
CUST_MQLQ3K8K62,0
CUST_Y60V8GNH0X,0
CUST_AV2PA4UW90,0
CUST_9MM2E7PWLF,0
CUST_KJJQMKI0DB,0
CUST_0DY2M1SXU4,0
CUST_170JVRHFWL,0
CUST_G6AMKT677P,0
CUST_17GTAR7F8S,0
CUST_6DIZ8IR4EP,0
CUST_CACKJYTG5Y,0
CUST_EP6I1ZQT2G,0
CUST_K69X7D7YF1,0
CUST_JL3NSNK34E,0
CUST_S09XOZOZ0G,0
CUST_N175V36LO1,0
CUST_C7CP1HFUKY,0
CUST_1XA8C7JTHQ,0
CUST_JVSNSDA6W1,0
CUST_7PW37TJ1KQ,0
CUST_B5Z2QBAYUX,0
CUST_IAWFQHB77B,0
CUST_DQZKMFCFIS,0
CUST_4O5ZOW6GSP,0
CUST_SM3JYEW4PT,0
CUST_Q30FR9GZAX,0
CUST_26ZQ2MOQ5W,0
CUST_JDV0DB05FW,0
CUST_R7POPUFB4W,0
CUST_YIPNOVSB3Z,0
CUST_N6DIXLGWKX,0
CUST_52APCHWY3F,0
CUST_XBOSAQRWJL,0
CUST_B38NEESS27,0
CUST_4TPQQZNB8R,0
CUST_UBWQBS1OBB,0
CUST_G1LU64ED3B,0
CUST_WC8NMZ8J21,0
CUST_K76TRZA6IO,0
CUST_ZE99480XG9,0
CUST_M1U9S8GTWY,0
CUST_TKAQ8WRR7Y,0
CUST_ROAX63LVSE,0
CUST_IR53FEDX72,0
CUST_0S4X5ZQ7LJ,0
CUST_M6AUIBCDKB,0
CUST_OQWHBL5PDD,0
CUST_V3BQX5X623,0
CUST_26H5STYW4O,0
CUST_6GR7GBVR8T,0
CUST_XAYIB9WFW4,0
CUST_RD7E23JW6N,0
CUST_04SP1UXAUP,0
CUST_OOV1TQF0DR,0
CUST_RAL23QGWCJ,0
CUST_IT2A151EJU,0
CUST_IGCZWFJCMF,0
CUST_KR1I7BZN9N,0
CUST_DJ7I2GSRNA,0
CUST_T0T4UZDM13,0
CUST_0OYUUPCXHD,0
CUST_LIIV05YAYU,0
CUST_JEBE2YUO7W,0
CUST_YOTMIS2E4J,0
CUST_WCR90U50UV,0
CUST_LTUX65ZLJ9,0
CUST_MAR28JA7W4,0
CUST_HOXZZ8KAZS,0
CUST_1L9WY3T258,0
CUST_LEDJ8PYIGK,0
CUST_4Q25Z35SHL,0
CUST_PSHD166H54,0
CUST_YGT2BI8H4N,0
CUST_5NCPE8CSDC,0
CUST_KAEKF09NIK,0
CUST_7XVFJY03L0,0
CUST_FXWQ5XJB0W,0
CUST_4N6H4JGGDE,0
CUST_51JLG3YYBY,0
CUST_0ZV1ZRBOAO,0
CUST_PRB2XOCR6U,0
CUST_6Y5EQVTR1I,0
CUST_8AAO030ZKZ,0
CUST_C1IRTB61QI,0
CUST_L4U4FAM4QS,0
CUST_16ETU7BA1P,0
CUST_Q32ZXNR5JH,0
CUST_L3RQCWQ3AX,0
CUST_S1W9YG4FYU,0
CUST_0Y7CPG9413,0
CUST_AWMZ63H4TY,0
CUST_AD8UDWMDAW,0
CUST_BMLLXB74QA,0
CUST_0HMVSXVPF0,0
CUST_U8PKQ62V07,0
CUST_B70D4CZBBO,0
CUST_UC81L030IY,0
CUST_GY0U4V0KTB,0
CUST_NFSZH101UG,0
CUST_BJXFD5T40X,0
CUST_05BW3NZPQH,0
CUST_IFHWVKII1O,0
CUST_FBGX6N45LX,0
CUST_UGGM3YGUOS,0
CUST_GAFTPTXQCH,0
CUST_WXQAY6H9T1,0
CUST_HKB7YPP7BM,0
CUST_N1BKUE882J,0
CUST_SXFAOGOTC1,0
CUST_1RPUXGUEOF,0
CUST_JGDL8JTZTF,0
CUST_GX5ZFAGIU0,0
CUST_Y9YAA2C21N,0
CUST_7M8Y9PUBW0,0
CUST_A1YTF7J2A5,0
CUST_EDGU9Q33Z9,0
CUST_I7ZDWD3G0W,0
CUST_9U2YNM9P9X,0
CUST_VWZN3JKVYG,0
CUST_8H2RYBJ5AM,0
CUST_1SWM12O2U4,0
CUST_ROXX48Y8IP,0
CUST_UZTFK3DNEL,0
CUST_I62L2UNEFN,0
CUST_X7GEKVI3IO,0
CUST_JVB5SQ3B2U,0
CUST_RH90B8RKPE,0
CUST_9WCMS3CMHN,0
CUST_JAB64J75QM,0
CUST_XWS4C96O3R,0
CUST_HMQ8J3MN2Q,0
CUST_I7I6CA7U22,0
CUST_BKXM8X8YQW,0
CUST_L4MGYK7GFW,0
CUST_DX3RONTJC1,0
CUST_3SMJ3VJP07,0
CUST_SYF1TXYO62,0
CUST_GJXDBTMWBB,0
CUST_R8OCGT9SI2,0
CUST_O1S94DGFZ9,0
CUST_U4HMG8EJD8,0
CUST_ZVONAJN36N,0
CUST_11UMTNJT6M,0
CUST_VFNG5UNHU1,0
CUST_O6PK3W4NTK,0
CUST_FJFDW8YCTJ,0
CUST_HTQQCQK7XA,0
CUST_ODW0FHNJZM,0
CUST_Q8Y72WU1F0,0
CUST_66K9RHKKI4,0
CUST_KN3Z0BDHFI,0
CUST_CLELVBPFO6,0
CUST_XCE1J6O45N,0
CUST_RXA5GZRAJ6,0
CUST_OG3CDIHY38,0
CUST_1NO2DOS6AG,0
CUST_1XZAZKSNLC,0
CUST_GE74I9L227,0
CUST_J5SFFI5B4W,0
CUST_0Z47QOPI41,0
CUST_DVBVA3SKPT,0
CUST_XH4CEZ1Z3C,0
CUST_WVQ8A8TW1K,0
CUST_I2QJG1GMXA,0
CUST_3PAT4JXU7T,0
CUST_K0TN9BFYWG,0
CUST_F5WBOECKCV,0
CUST_CVA1P4C1DZ,0
CUST_VGMU76P7U9,0
CUST_6Z9KGR7CJH,0
CUST_F0LGAC7N2I,0
CUST_3TY2BSN2KR,0
CUST_G8YJPINMLP,0
CUST_FMVR69QG4T,0
CUST_8NH7FD6BJV,0
CUST_4VA8OJVN4S,0
CUST_I83EG5APBR,0
CUST_NAXMSZ9F0Q,0
CUST_5J3M2WSA0V,0
CUST_KB5425OB9R,0
CUST_F8QI2RKQKT,0
CUST_EK9BVTCJSG,0
CUST_RSIXXBCMPT,0
CUST_FDNGPIQNBH,0
CUST_Y2JSUY70ZN,0
CUST_89EIWIS5UV,0
CUST_WKZ4RMI3DF,0
CUST_E5N2BE0G9K,0
CUST_0VHJO9H4U7,0
CUST_9EAP2JBYY4,0
CUST_YJU7LJGP7H,0
CUST_MM9BJOC2SS,0
CUST_GN2UT9US56,0
CUST_U6YFYWYNFJ,0
CUST_DC3SM5SG41,0
CUST_JKS2WA3GX1,0
CUST_9CD8GEE8C6,0
CUST_RFERWQB5CK,0
CUST_TBLXQNEL8X,0
CUST_I7IDEADC53,0
CUST_42JKBI5HUB,0
CUST_KID629I73V,0
CUST_57JUCNW39B,0
CUST_B9V2GNWCKF,0
CUST_5KCM2MIVJO,0
CUST_VQ4ODRDU20,0
CUST_2YTJQALZKB,0
CUST_I8G33O93J9,0
CUST_BJXNLOIW1L,0
CUST_QLZDPCKMQF,0
CUST_KNGZBUCED2,0
CUST_I622Y0DH82,0
CUST_FQLBAZS50D,0
CUST_TLMKNVOHPN,0
CUST_KW1TYTIRFH,0
CUST_DFVCFDV65E,0
CUST_8FIIHQIY0X,0
CUST_H0YE0Z51A4,0
CUST_ZJ345VXY92,0
CUST_P2S4MNQB38,0
CUST_AZLPY4EOC9,0
CUST_QDB2S8DLO1,0
CUST_FN4N2IE8B6,0
CUST_NRV5RHR16K,0
CUST_EXAY628RDP,0
CUST_ZVVMSHPS0J,0
CUST_RJCBJ0N3C9,0
CUST_0288I36N8J,0
CUST_CKFO7BNX6O,0
CUST_8O8C0IJ33E,0
CUST_0QK3ALDBD4,0
CUST_FZV38BP93X,0
CUST_KZR78KWHF1,0
CUST_T83L3JJFSC,0
CUST_QXG8FOA59L,0
CUST_4YFABVPPG6,0
CUST_NPKKVXPGCO,0
CUST_3BQZH01YRA,0
CUST_4GSN5KUF40,0
CUST_QM0HT1D9HD,0
CUST_7SJWNR6IRR,0
CUST_CQBNOST91Q,0
CUST_WSF1ZF67QB,0
CUST_286B2F546L,0
CUST_Q6CALTVA3E,0
CUST_Q69ABBXL6I,0
CUST_G96BHXRJT5,0
CUST_CHX1GQ4FB3,0
CUST_VAGH1IK9B9,0
CUST_A0Q0OG8Z1Q,0
CUST_LOJ4EALKDL,0
CUST_5U9WU6C4JV,0
CUST_8ZWV4HQGPV,0
CUST_33T1BGBQJI,0
CUST_HW9H0OEZ48,0
CUST_8RV17W7L43,0
CUST_TPB3QIFX5U,0
CUST_S0O3EVMMUN,0
CUST_F7IVRQLGKR,0
CUST_PGGNFSCUOP,0
CUST_J4EXXAP90K,0
CUST_FX7ZQW9XAO,0
CUST_RJOB8BRHZP,0
CUST_XG0USXLO15,0
CUST_P9DZDIK70E,0
CUST_GE42T40YMR,0
CUST_EE7E0IBAAR,0
CUST_EXB2IIK2LR,0
CUST_47J1T1IZLH,0
CUST_P2FV9ZW1FQ,0
CUST_4I5SF91P45,0
CUST_KZFPDNVMY0,0
CUST_CGYDIAWO1T,0
CUST_UKMBZ8UH5W,0
CUST_SVBXKJA58C,0
CUST_8U9GTRBJNB,0
CUST_5EDV19RAJ8,0
CUST_CZBNTYZQMO,0
CUST_3A8LK5DIP7,0
CUST_OWNO2YUX7Z,0
CUST_K8LIKRX3IZ,0
CUST_87OI9YJ5MR,0
CUST_KVFE3DAFCV,0
CUST_PMM4S7UJB2,0
CUST_QCK8R9T9SA,0
CUST_ATA7Q64B9M,0
CUST_1KKH2OVWIK,0
CUST_POW0G53QZZ,0
CUST_TC6ZMDGBDR,0
CUST_QJ2M6EESC0,0
CUST_O34NY8WTO5,0
CUST_APSDI8TUJL,0
CUST_UYHJSLTAPA,0
CUST_Q3PHVCZNWB,0
CUST_FKHQTME3JI,0
CUST_LU0CUOGZMK,0
CUST_VBIR4K1WDW,0
CUST_Q7VSPVRWE3,0
CUST_E0OQ6O39AQ,0
CUST_7LJPGOXEZP,0
CUST_7U6OT4Y58D,0
CUST_S4TSGCGPOX,0
CUST_X23RSV1561,0
CUST_9T7CL0R34V,0
CUST_3SDMVQQ7KP,0
CUST_B5ONNLUOYO,0
CUST_NW38QZCYF7,0
CUST_A8K3NTIDVD,0
CUST_RU8JSJDPA4,0
CUST_PJQQ23QK67,0
CUST_05BPE1QCJE,0
CUST_GSH3C1FD75,0
CUST_BNNHYFZ1HD,0
CUST_ECZG73CWWN,0
CUST_NOOULKK481,0
CUST_XAO6KNHM9P,0
CUST_U4DJTWDSE3,0
CUST_F44H4H64WI,0
CUST_L2UOZTQ1O1,0
CUST_VYYK04GRU2,0
CUST_SESDK3D0FP,0
CUST_G2J10DNUUA,0
CUST_VGDIUJ4DZX,0
CUST_4W2ARV39NO,0
CUST_IAOMO6JTXL,0
CUST_IR682COSJO,0
CUST_QPTH7Z1FFY,0
CUST_SWYHHPN90C,0
CUST_VO9WLQJ0T6,0
CUST_7MIBVWQKWJ,0
CUST_IGLEOKQ0TO,0
CUST_LVRXOY1U3L,0
CUST_72I2ECS24H,0
CUST_4OLM1OJPLN,0
CUST_LKWZS97EJE,0
CUST_UUNBRPLORA,0
CUST_LGYFWSW8JR,0
CUST_6ZJ3E6T34J,0
CUST_RYHJNMJ95V,0
CUST_OHZSV15H3E,0
CUST_QTG7KBERQW,0
CUST_DTABWDGCMC,0
CUST_URRXRYWEJ4,0
CUST_T9Q1NZSCXF,0
CUST_4BBPB2LYOS,0
CUST_81S8NVVHZ3,0
CUST_W9UZYIDZUM,0
CUST_5XTYMPKKFA,0
CUST_G9MOLO9T7Q,0
CUST_13GD7I8SKJ,0
CUST_DOWJEVNVHM,0
CUST_WLKEND30EE,0
CUST_1EG52ZCUL2,0
CUST_V5DA6RKPE7,0
CUST_8JPR8HSIMO,0
CUST_L1XYT4GG06,0
CUST_GVTCHSNSAK,0
CUST_V6N0ENLYYS,0
CUST_CZZAORTUD1,0
CUST_AQW5XG8HQM,0
CUST_U5TMWRZKFJ,0
CUST_730C4UKWZB,0
CUST_1RBE3VVPI8,0
CUST_G0VYEMV1JZ,0
CUST_KI6J30KOWE,0
CUST_2F72NBL912,0
CUST_46II4ABYT4,0
CUST_ESZ1MEBYJF,0
CUST_MINP90CQ75,0
CUST_SHQG5QWBJB,0
CUST_VC3ZS9S49R,0
CUST_U0EWH846EV,0
CUST_H2WZALJEC0,0
CUST_YKC9076GRI,0
CUST_W9D7678WP3,0
CUST_I3DPR14Y4F,0
CUST_IZRP5BU3KG,0
CUST_ID17VGAFTM,0
CUST_6UCEUAEVMB,0
CUST_IFSU00BKT0,0
CUST_A4FB0S4M5M,0
CUST_6W8SUV3SU9,0
CUST_U5VKQ2KDGE,0
CUST_7SC1E1ERSV,0
CUST_AB4JF6GRVK,0
CUST_KP6LQGULQN,0
CUST_F785QJCTPQ,0
CUST_DIILSSWNU7,0
CUST_736R1GS70C,0
CUST_U2RHR9RL71,0
CUST_Y4PUDXHMJR,0
CUST_I255M43XGP,0
CUST_ICBJSCFLGP,0
CUST_GDIGKV7SN6,0
CUST_UX86DMJ531,0
CUST_RKWXCH21HD,0
CUST_THUK5MJS61,0
CUST_6SVDZF7VDM,0
CUST_UDLZQFXK5K,0
CUST_1SFCYLNU2P,0
CUST_NQBUGKP2EU,0
CUST_FYFO5O4KDD,0
CUST_756LXY2COB,0
CUST_WXK4IR2E66,0
CUST_YVZK6PA3FG,0
CUST_6LZDIEV72I,0
CUST_8L4Z9HB17X,0
CUST_A1739EFNMS,0
CUST_PVEOK93SU6,0
CUST_16KDYFXZQ2,0
CUST_YQY43HQQA4,0
CUST_JPQEZYTKHL,0
CUST_YHKKXUV6FC,0
CUST_G4TTN8CT13,0
CUST_G332YD0VQA,0
CUST_E5H4H7AYYM,0
CUST_NTQM238J30,0
CUST_TXGVJTG9TQ,0
CUST_J2CTY9CIK8,0
CUST_TYMYXU1M1H,0
CUST_TJTEVLB13D,0
CUST_YCBQWWOG80,0
CUST_I379L0LXPV,0
CUST_HZI16JZVUH,0
CUST_FDTLVK2L54,0
CUST_IIZ03MUB4K,0
CUST_OVLR0H0GWM,0
CUST_AIOUXIH857,0
CUST_DMO2P0XPNI,0
CUST_FKHI6K6Z38,0
CUST_AAIWQEXA3X,0
CUST_0MFJMEVN25,0
CUST_2SGQYXJI3P,0
CUST_PLT20970V0,0
CUST_7PQ6WZYLQ9,0
CUST_6HGRKA05DO,0
CUST_4ONIWFMTX0,0
CUST_LG0W8VGAR9,0
CUST_JN8NSIOFHN,0
CUST_79GCI55OI0,0
CUST_A8NAAOOCOJ,0
CUST_O563BTIE0R,0
CUST_CNMX2FQPVK,0
CUST_PDKOFY0GA4,0
CUST_ILRS20L7XU,0
CUST_7BDN0NAJ39,0
CUST_VRU6XP7RZX,0
CUST_BPOH7HUGBZ,0
CUST_JIL3ONLQU5,0
CUST_21XSEN0MR8,0
CUST_11J20EKD6G,0
CUST_MIFMQK9G76,0
CUST_81HYQ56VL2,0
CUST_9YKCT77IVY,0
CUST_86QHIHWS35,0
CUST_QSTZUUFP3K,0
CUST_7Q4D3Z9K8T,0
CUST_KVXNT4N265,0
CUST_NH332WGHJ9,0
CUST_AIN8TTBDI7,0
CUST_MNVLX3WD8P,0
CUST_5IEK3HMDKZ,0
CUST_VOFS2W7B2I,0
CUST_Q6T5VD5BWS,0
CUST_4SL2YEDAVX,0
CUST_A1H1GH926P,0
CUST_UPDL8GN7XY,0
CUST_DYEOWVQ2ET,0
CUST_I2X9NP61Q3,0
CUST_F3G5SQ7SFN,0
CUST_YH3UI9C0G3,0
CUST_NX5BKLOGO8,0
CUST_7JY2O46214,0
CUST_V8P8X0HML0,0
CUST_PYY641KML0,0
CUST_BP70VCKVD8,0
CUST_SJIDBJ6M69,0
CUST_LM8WNW636Q,0
CUST_961VNEICMQ,0
CUST_DDGFRPNZ38,0
CUST_V6U1TH87RW,0
CUST_Y2PQ36M8WL,0
CUST_RMAXD8LMH7,0
CUST_69EEEYKUOW,0
CUST_F6KMTM1CEW,0
CUST_K74LY1V3DI,0
CUST_X2XPM7Y1GM,0
CUST_YOKZDFA7IQ,0
CUST_CF2GE4CKQG,0
CUST_BS13HPWMHB,0
CUST_0AR3Q33NXI,0
CUST_79RYEC4X6J,0
CUST_W5E83J2O6X,0
CUST_SRAYO236XZ,0
CUST_DLHHYD0FSD,0
CUST_NIDH5E7V03,0
CUST_582AL8KW2P,0
CUST_UOYPLL4WVH,0
CUST_ZGTLS9IOJG,0
CUST_M3JYIDF07P,0
CUST_TGVL087SB3,0
CUST_UO2KTSST6U,0
CUST_W29AWXKQXC,0
CUST_9M1REBHWM2,0
CUST_YWAV1119Y5,0
CUST_WT3WXPC0UG,0
CUST_RV9UDY7XEI,0
CUST_11S9JFXT53,0
CUST_JGX845OAXS,0
CUST_PBRACYNHZB,0
CUST_PZMWOIG6BU,0
CUST_C4MLZZBPAZ,0
CUST_9421NXCVHA,0
CUST_TNQE6GHUBV,0
CUST_5TZALTJWMM,0
CUST_OJYLJW20FN,0
CUST_9KEWCH7FHB,0
CUST_OXTSJREIGE,0
CUST_Q07TJW22ON,0
CUST_JC9TL0FYDG,0
CUST_6NQ2NQOSG6,0
CUST_N4M0T6CIAF,0
CUST_16H7CL9YZG,0
CUST_2XTTO2M4RZ,0
CUST_2QDTEA7P70,0
CUST_CFWME5YJC0,0
CUST_I0QKGQRESK,0
CUST_PC12LT29KJ,0
CUST_P9RUTP4P6M,0
CUST_SNIDG7P3LI,0
CUST_UDZ3XY4XTD,0
CUST_GMZSZBYR1I,0
CUST_QDOTZACI79,0
CUST_AT8YZYM8N7,0
CUST_7PZPH3DZDD,0
CUST_O9HO60RZLO,0
CUST_X01WJ0EKYK,0
CUST_VR8ER5A8B5,0
CUST_FHYQVA6DEA,0
CUST_SVLHWTTPZE,0
CUST_ZYTSREVIZY,0
CUST_R2XWGX5807,0
CUST_EH47JK21RY,0
CUST_EPZLMUCWYH,0
CUST_QGEC70JKUX,0
CUST_MAQPRT85UK,0
CUST_076S8QGDM5,0
CUST_UQ5BNB5YO8,0
CUST_VL36VXHPW2,0
CUST_2U9CD41TFD,0
CUST_G6C378QDPL,0
CUST_NJJ501K16F,0
CUST_BMB9PUWEIX,0
CUST_A1LHL3CASE,0
CUST_UJBMYUT949,0
CUST_3GK3K4EVNN,0
CUST_STZCKCOTCR,0
CUST_PPX3KTBG5T,0
CUST_ZQ7DBSYYI2,0
CUST_V7FAO0OTZ7,0
CUST_MWVHUKCEBK,0
CUST_NB0BQSJ8TE,0
CUST_R5UI4CBYVV,0
CUST_9WFBBEX4VK,0
CUST_PC0COZ195V,0
CUST_Y1MOGNFF2C,0
CUST_RLBYOAAHXH,0
CUST_U41IDJ4FEE,0
CUST_SBN3EJITP4,0
CUST_PBKXFSJFLJ,0
CUST_ZFSHWPEHCZ,0
CUST_7NR0RAJ02H,0
CUST_XU13TX5UUH,0
CUST_KIF4FOC9KL,0
CUST_NQAIMV2WR2,0
CUST_UHIFQ8YFXL,0
CUST_4LQMIB3ELY,0
CUST_ERNIYWU93M,0
CUST_QXHWAGVTDZ,0
CUST_JP3LMBIK71,0
CUST_YQ7F17IGGI,0
CUST_VLWHL8AM7S,0
CUST_XWIDLK9T78,0
CUST_JO3J7GQXQE,0
CUST_352EV5F33Z,0
CUST_CFUKN3PL02,0
CUST_QQAMZO7IBW,0
CUST_WOJNOVE56D,0
CUST_QJ1QBQS1FR,0
CUST_HQT49JSW5X,0
CUST_J0LDFTRJHF,0
CUST_S8U3YSDIRT,0
CUST_5U2048F7E1,0
CUST_6T6P4B4O98,0
CUST_0WOAMSBH0Y,0
CUST_2ONX85GEDF,0
CUST_07OU4XE2NU,0
CUST_YC1RRAUTNR,0
CUST_E1G0Q18GJR,0
CUST_00OPMK137W,0
CUST_ZSCWEBO1GG,0
CUST_F2GSTDC1II,0
CUST_BIW3WBZSRS,0
CUST_UEGB7EY53B,0
CUST_EHOJQT1P8S,0
CUST_KMW9I63Q84,0
CUST_UU2KILCWW6,0
CUST_K7UK3KFRE2,0
CUST_09R92G5R8X,0
CUST_I8I8SUG2PY,0
CUST_ND33YNRVAP,0
CUST_VCXYNX3J3L,0
CUST_R4GM3RXAJR,0
CUST_MGJX782EQO,0
CUST_EUWNYHKJTC,0
CUST_F4NTO5P9UQ,0
CUST_C78BZ257I1,0
CUST_2CEH1Q48KY,0
CUST_WF4FEML8OL,0
CUST_4J42HYHV29,0
CUST_IWWHU68KHN,0
CUST_H60H4O7DYC,0
CUST_ODREB94F26,0
CUST_6C9M76OFD3,0
CUST_AAFM6DN6XL,0
CUST_WHQD725BGK,0
CUST_P2J9L241R5,0
CUST_DYPGQMOAK3,0
CUST_2BPPNOE6B0,0
CUST_V70CZAF569,0
CUST_KVOTKOI01F,0
CUST_OP1966QE92,0
CUST_2TPZHDIPN8,0
CUST_Q1GSJ8B7DV,0
CUST_899J9CWNUT,0
CUST_Y3LDW2YQSJ,0
CUST_RBYUBY8YPK,0
CUST_29RSM00DSE,0
CUST_10Z9FEAS1K,0
CUST_RRXXHEF134,0
CUST_L376XVH05C,0
CUST_D1C94AY8CX,0
CUST_ZH4RBKAS6Y,0
CUST_OHRMX8MEHX,0
CUST_DI2N6O3WJS,0
CUST_KVTWGY0O01,0
CUST_XAIC480TR3,0
CUST_15MB78ZC0E,0
CUST_686XUYE0G0,0
CUST_Y6AW4VWBXU,0
CUST_A8DVMZV078,0
CUST_B1DZA3XRQG,0
CUST_QRK3WGQ4SV,0
CUST_YWI0XK7L9K,0
CUST_BQFKNGVIMH,0
CUST_GG0CTEKNUZ,0
CUST_8LOUL72RJN,0
CUST_1PENXL16SB,0
CUST_DJSH54FEVX,0
CUST_59A796ZSN4,0
CUST_KSR44Z9QEL,0
CUST_51NRQE39JD,0
CUST_NIKO0XI6EK,0
CUST_G908ZHF8YH,0
CUST_8FGHG9COLD,0
CUST_KJIY2E0LLM,0
CUST_XE1NPVOD41,0
CUST_OZ2J1XGYW6,0
CUST_0GP85W743H,0
CUST_RTKQI3A5LY,0
CUST_AA7B2OAQUG,0
CUST_UVVZXSU2TM,0
CUST_LME3ONTCPP,0
CUST_7QH0OJB84A,0
CUST_LTAJRSI7HS,0
CUST_567PLKYKIR,0
CUST_QQ5B2WMXQL,0
CUST_0GT2MFBAW8,0
CUST_UJALNS6AHJ,0
CUST_GIN31WYW9Q,0
CUST_UXL9X1NITK,0
CUST_5XQFOGOUUW,0
CUST_9PUTX0CEOL,0
CUST_FQI12J84DQ,0
CUST_JUJMXLCPCY,0
CUST_6LM58AK4HW,0
CUST_G68FYAHUOL,0
CUST_WH7O6D2YE9,0
CUST_85FSDG6FFT,0
CUST_MVMGKE75A4,0
CUST_7ZBYK0DYQD,0
CUST_0JS4C5DE48,0
CUST_6TT5H7X998,0
CUST_3RS7H62BNT,0
CUST_SADGJEEV4I,0
CUST_5L54YCJ1RY,0
CUST_DMWQB19N2M,0
CUST_GTVC0XLS90,0
CUST_YH9AZ5H1BM,0
CUST_UZN6OSUW9K,0
CUST_CQKZVW7D30,0
CUST_ANA7F70OLP,0
CUST_WBTP47TFM3,0
CUST_ZZ5S5KY97P,0
CUST_L89UDEGIVB,0
CUST_RHA8DANMU9,0
CUST_UW2K9XFGVD,0
CUST_FVLOOA7R3J,0
CUST_WFZ6U32FZN,0
CUST_I9F96BT84W,0
CUST_5VVZXRMFC3,0
CUST_HVKG69WYW8,0
CUST_A5CHXNUEHU,0
CUST_NHCG2CKB6X,0
CUST_92STVR460P,0
CUST_O1U6L60W4I,0
CUST_JWT3Z85YAB,0
CUST_EW79R1P5JF,0
CUST_DISZQBVTLT,0
CUST_W4LWBFE0JV,0
CUST_X2AKLO1JF6,0
CUST_LTAZARU7UM,0
CUST_OMPZN5L6WW,0
CUST_HHDSH4BYG1,0
CUST_EQO7PH6TDP,0
CUST_SIHY2Y7V2K,0
CUST_7YAF4Q0X8S,0
CUST_OQQZMX7UZD,0
CUST_SJ6GMF17ZL,0
CUST_YSAHVI59RA,0
CUST_7LBHC3NQC6,0
CUST_RDLVRQDAIT,0
CUST_4OZGNQ8GPL,0
CUST_2ITOT7MQ6F,0
CUST_LNJGLKIIGP,0
CUST_8TM1ZUQMLP,0
CUST_LUYTA2D5IT,0
CUST_K38DRLX9FR,0
CUST_NMDPVKELBQ,0
CUST_6RL02WG1C0,0
CUST_PMQAV44DWE,0
CUST_4GLLPA42Y2,0
CUST_VWBG6W2800,0
CUST_TO4G4NQZIN,0
CUST_PSCFTDZ16S,0
CUST_6N21DUA9FK,0
CUST_B8H0YQ87TN,0
CUST_YDLFY9JAJS,0
CUST_IK3FGKS368,0
CUST_CFO5L70Y8T,0
CUST_DA8NXVQ5KU,0
CUST_XHEG7QP0Y4,0
CUST_H3SOK3K24I,0
CUST_ATYOT0ZQTU,0
CUST_LWF6KVUP6B,0
CUST_662JDP9JUZ,0
CUST_2XVVVC17JI,0
CUST_E55PYU715W,0
CUST_BK54R0C103,0
CUST_BUI1BG2035,0
CUST_W771T3ZTT7,0
CUST_UA3M0XOTCX,0
CUST_JV1XEFPKEA,0
CUST_HXYNIOPQMV,0
CUST_VFLH2DZRFJ,0
CUST_FXAWJ8BMVC,0
CUST_10IXIINY4D,0
CUST_1NGIAAGNT5,0
CUST_IX2IWE6EMV,0
CUST_7E3RPCPFLP,0
CUST_KGJINIZGHF,0
CUST_JVELMDII6T,0
CUST_35684J8IT5,0
CUST_5VRVTWHS7A,0
CUST_UVP108NPC8,0
CUST_YY05K10TMK,0
CUST_PYCG3HXH16,0
CUST_ROPRS0WSZ7,0
CUST_AQY1H66ME3,0
CUST_TDNNRBHZ07,0
CUST_FGGOBIVZL5,0
CUST_8GIFDDXZON,0
CUST_OZ4FG7UBYQ,0
CUST_FZQP587MCJ,0
CUST_RKXSQ1VG0W,0
CUST_1APACFXKEJ,0
CUST_6Z3I9Y98JR,0
CUST_4JBY4MMW9E,0
CUST_I5PZKOZA78,0
CUST_2GGUT5XC7J,0
CUST_1BER4BG4ZI,0
CUST_UYTGBAYGTN,0
CUST_LRVSNF8IKG,0
CUST_NR0L0G92LO,0
CUST_N4KY9FQTU8,0
CUST_TIBTEV187K,0
CUST_U8GZQYMNWY,0
CUST_IEQQKMUL7L,0
CUST_D9GY4VFCXK,0
CUST_Q0WIPEUZ5B,0
CUST_DHE0W47LRJ,0
CUST_5BJ3F4VJDN,0
CUST_IJALVTV8TG,0
CUST_2WPR0SVJXQ,0
CUST_KGUV4CDF6B,0
CUST_XLMOTE0Q3O,0
CUST_0TPMYHP984,0
CUST_2D60Z2QJ0T,0
CUST_KFCH9OJSXS,0
CUST_3FEQV40ZBB,0
CUST_TQ6NWW4XO5,0
CUST_O0IZV4VY1D,0
CUST_QZJEMK2KKY,0
CUST_VOBU4X6ONY,0
CUST_S05PZHQ6NA,0
CUST_26CCKDDHIR,0
CUST_WTBA89TSOC,0
CUST_SMUGFM7IAG,0
CUST_TD8L328S56,0
CUST_XQS38FVSSV,0
CUST_W55TN9JZ8Q,0
CUST_QP0BC5X2DO,0
CUST_OIIQRI1U5X,0
CUST_EYWJU1298C,0
CUST_BHPI96HTEX,0
CUST_YCVSHPEH8V,0
CUST_P4162M0RWR,0
CUST_S10LXCOGZB,0
CUST_9T7TNC3H95,0
CUST_YJ41ZQH9WW,0
CUST_AGCZL6Q2FC,0
CUST_L6GERRO3SK,0
CUST_DQVJTGH1RU,0
CUST_FXIN6D4NNL,0
CUST_HCEPQIZE3B,0
CUST_ZZ654UIXLC,0
CUST_1PNXX9F97W,0
CUST_F3RMFPTLCT,0
CUST_2BD6DF58Y2,0
CUST_GFJCZC8UG9,0
CUST_HKJGBLYSH2,0
CUST_BQTY9RN4G4,0
CUST_38OK2TMOOA,0
CUST_Q5JQVM4EJ7,0
CUST_RAGNM5CTQ6,0
CUST_WNEP1D21LU,0
CUST_6AO8SLVFC6,0
CUST_Y59J2YB7XT,0
CUST_7XQ2RMJ1XK,0
CUST_E78GGPMIFP,0
CUST_K077A6UJET,0
CUST_BHZYRHAFCD,0
CUST_FMP087NWTY,0
CUST_PIGFSXDTX5,0
CUST_ZBFZLEGQZP,0
CUST_JWIK5SOK8Q,0
CUST_5QBM5JUGT3,0
CUST_O48F9JK841,0
CUST_ZZXFDADCKF,0
CUST_UZICH6XXSB,0
CUST_PVBKZRSBUO,0
CUST_2NA6P4ZXLW,0
CUST_LZ3TT6HVI3,0
CUST_GM7LVG9BQG,0
CUST_ZGMSWCBJK5,0
CUST_BPK2WLQJ8Q,0
CUST_1OZNFWK1KG,0
CUST_1OLP5H2SRE,0
CUST_X0ATWA68V7,0
CUST_BULUBV6IOM,0
CUST_R20DDOP1V0,0
CUST_4TU9N3Q79T,0
CUST_5FG1D95XVQ,0
CUST_VP1KLOOYL1,0
CUST_MOL9AP3L90,0
CUST_KW0FKQM32I,0
CUST_10TOS9HAKR,0
CUST_0JKTQRS033,0
CUST_K4R7S0I5ZA,0
CUST_G6THE6S111,0
CUST_G94EHH9SWZ,0
CUST_AJPMY2D19I,0
CUST_DAAAJ4AV2Z,0
CUST_O0SHUD3TX1,0
CUST_9K65IEWAKU,0
CUST_OJ2HQUU5WL,0
CUST_MAEW9O1CJ8,0
CUST_9XWZ0Q8FOY,0
CUST_2UJ5T8XNLH,0
CUST_N42S8EOC4B,0
CUST_P15DSG66JO,0
CUST_8VL66HFXRD,0
CUST_PG03WWT09N,0
CUST_5RFDQ8069Y,0
CUST_QQ4AEPW8Z8,0
CUST_K09N9JHJ48,0
CUST_IOZXQAM8VQ,0
CUST_4DLE8GGNTG,0
CUST_QI5KYCL3DA,0
CUST_6W2AGWYQSP,0
CUST_01RWW6SCOD,0
CUST_JUFNNL48MZ,0
CUST_9HEGUD9T5U,0
CUST_VWJ5D9TSVW,0
CUST_W2OWE7U2US,0
CUST_1YUGN0Z0M8,0
CUST_N8BNH9ESZM,0
CUST_R0XIFD0QMQ,0
CUST_DR68ZDSQPB,0
CUST_J8RIAJQKYS,0
CUST_92FA64FY16,0
CUST_VLP0IEHUTX,0
CUST_198X6O950K,0
CUST_IMCS2ZXQ6W,0
CUST_X8SYLX97ZG,0
CUST_0ZKEYKCKO7,0
CUST_WOA969HF2T,0
CUST_UJCBFHGFH4,0
CUST_Q6D1AUS0MP,0
CUST_QXF9DIJN5S,0
CUST_TULLS226ZZ,0
CUST_QNAW8ADD76,0
CUST_F5272IL2JN,0
CUST_9I52PD6SYA,0
CUST_LSXLVAKW95,0
CUST_P1QO2B86D3,0
CUST_1OMFCA7GD2,0
CUST_GBKMZG15VR,0
CUST_C1KG4KE3BT,0
CUST_26ZZQ11RPO,0
CUST_H5U9VHM02W,0
CUST_MD6RYUIRKW,0
CUST_XOJ2ZNVX89,0
CUST_AKJ7NQOXIS,0
CUST_QT4Q0NCM5T,0
CUST_E077VPZHVR,0
CUST_BAU0ELKTJU,0
CUST_VWCM9N2C4J,0
CUST_SP9UIKLSPO,0
CUST_1L22HFLGW4,0
CUST_G7YWK12WVB,0
CUST_L7CBS5CGQD,0
CUST_UJLOLRPDY8,0
CUST_3CXD73E0F3,0
CUST_Y8GZLBZ4OE,0
CUST_CC4UR4DSYI,0
CUST_Z8PY7XM8LI,0
CUST_EMQQ18ZDWH,0
CUST_317TAEEKYN,0
CUST_R0WV8EQVFG,0
CUST_77ALTOEE3M,0
CUST_QRVBJ6EC76,0
CUST_XUIM7B6ZOP,0
CUST_O4G83WBCYH,0
CUST_A5HF15KPUK,0
CUST_GDKN1TA8HE,0
CUST_1VC8VL6WFQ,0
CUST_R7KSD2CJ6N,0
CUST_BS6XHCZ2PQ,0
CUST_ZS1VG86ZCZ,0
CUST_AO1YNC5CBY,0
CUST_FL3M8QL1KG,0
CUST_RQJ84SZ7JJ,0
CUST_87J8KTSF8R,0
CUST_3QFCFC8GNX,0
CUST_BLKV05P9NM,0
CUST_GEPG938RZ5,0
CUST_4XATVYRJF4,0
CUST_OFXQ00L9JX,0
CUST_818AJLWM92,0
CUST_SW581BD4H0,0
CUST_12GXJFGRED,0
CUST_KMRLNC4X67,0
CUST_47Q1F9KE5K,0
CUST_VRV5J4B606,0
CUST_RXU9JPO6EB,0
CUST_UEBHPBFEBJ,0
CUST_XHD5L91OJ2,0
CUST_NGPIZTUGCQ,0
CUST_602UEM3PHW,0
CUST_CQ9CS79ZWN,0
CUST_34D7YEAJU5,0
CUST_142BAXAVCW,0
CUST_OJPU3TCFEG,0
CUST_9L74YVG5MO,0
CUST_OXEZAFHG05,0
CUST_FVZPZPJ4XB,0
CUST_W9Y983E74Y,0
CUST_1MZSQKQ3AL,0
CUST_LEBN2NU869,0
CUST_ALON87A9BZ,0
CUST_FPYQ39O26S,0
CUST_ZJJG4I149A,0
CUST_9XI76VM4ZI,0
CUST_XXL7TS1LS5,0
CUST_B9BL0FZNZM,0
CUST_5CMJBAVTWC,0
CUST_L0ZZAGX8GK,0
CUST_YZOR2VZUJY,0
CUST_8PQU7A5XIH,0
CUST_0FAMJD9R2T,0
CUST_O2EH443YIM,0
CUST_I1U9P35DIY,0
CUST_T3OHXLZZEY,0
CUST_SE70UBF2OX,0
CUST_X53M3SUP7L,0
CUST_459PW1Q5L2,0
CUST_786RR7OWU1,0
CUST_YTU7E7078D,0
CUST_13FZ2UK1F4,0
CUST_PLS3RE0TVW,0
CUST_87PPCX1BWQ,0
CUST_ETC52YY59U,0
CUST_U1N5DBVCF0,0
CUST_XRQBZWUCA1,0
CUST_X5S58LMBUI,0
CUST_3TNU24CUKA,0
CUST_6HZQ85XJK0,0
CUST_HYS6Z0E6Q3,0
CUST_NHTUR4XF5Y,0
CUST_00XSXH0QZP,0
CUST_NYTXBAUBAW,0
CUST_X5A9GL5IP9,0
CUST_VNFBX8V3UE,0
CUST_AIOO2K795Q,0
CUST_DHBU777Y4F,0
CUST_1OS088F71X,0
CUST_TGQZOMUIHV,0
CUST_EJLE7CYG98,0
CUST_8KD2RDCY5I,0
CUST_0JNTSFOL2X,0
CUST_PJ7ZYRRX81,0
CUST_NOEV4IRPT1,0
CUST_SKYL44D2WD,0
CUST_3GO238M04A,0
CUST_OBGNSLEDJU,0
CUST_7IQX5I3CU9,0
CUST_O2IB2ONEI3,0
CUST_0ES5B2P7MR,0
CUST_M29JK59F92,0
CUST_F9EAWS645E,0
CUST_E5TA22SYKQ,0
CUST_UV4Y44JINE,0
CUST_4D2ZOOETQP,0
CUST_WW7GRNE9AS,0
CUST_TBUXI024T5,0
CUST_5698DKNEW4,0
CUST_CQ9GYUKIRO,0
CUST_6SFUPCYAPW,0
CUST_XLZA8D18SJ,0
CUST_Z82EIQ0JNU,0
CUST_1DDYD74EFM,0
CUST_X6PSG444QZ,0
CUST_XUP8V2UZT3,0
CUST_0ZEDID81UZ,0
CUST_7ONUK59MXU,0
CUST_OQ3R5O814R,0
CUST_1QEYOF5G0Z,0
CUST_P7FFJ2TK4P,0
CUST_DW5QLHY47C,0
CUST_OE1HXTWQP1,0
CUST_EKFEQP7V8H,0
CUST_OUPU9TYL43,0
CUST_L16PFCBU6W,0
CUST_AF3H0YFWX6,0
CUST_4S1YKWYE64,0
CUST_5JLLZYSFIY,0
CUST_EL4USG4P0G,0
CUST_X975GL4O9Q,0
CUST_K6HRESW6GZ,0
CUST_UPH43GDAXZ,0
CUST_JWGVU9GSCR,0
CUST_MTFG2L3T1C,0
CUST_LKNVGGCUAP,0
CUST_I03KL3KIFZ,0
CUST_9C95F1308S,0
CUST_LGJ2JAF205,0
CUST_ZZI4DNBX4D,0
CUST_GFRSR5UE2D,0
CUST_2HPSRP23GD,0
CUST_S5ES727RUR,0
CUST_YT8LZVR2ER,0
CUST_4183Y547QB,0
CUST_94H0SBVHM4,0
CUST_PC6X5OGARS,0
CUST_RQH38RTWZ7,0
CUST_XRR4PG90IO,0
CUST_E24MK09VIW,0
CUST_00FAN3CEZ4,0
CUST_LQCFF0FOQX,0
CUST_GKCYOJ66C7,0
CUST_M0EI0R3OFC,0
CUST_OW62ZIPVRI,0
CUST_QQ6G4C6OMD,0
CUST_313XQTZLQ3,0
CUST_0WYNUJBO46,0
CUST_OVGE1294P1,0
CUST_2PQ77LXCKX,0
CUST_IEO958S4TD,0
CUST_CBUQFD3AJ4,0
CUST_YDJI17CVAM,0
CUST_VKSRKYNQSI,0
CUST_1FT7V34OK0,0
CUST_D91VUJ3ATM,0
CUST_2L6NNSS406,0
CUST_IJ5E19V20S,0
CUST_N0Z6WTJS14,0
CUST_I0ZXMJR3PB,0
CUST_4BHTTZZOTH,0
CUST_9YMIE7J3PA,0
CUST_GXNM3ZGL4I,0
CUST_4WE4A5FXHR,0
CUST_CUD84NB8RQ,0
CUST_5N04C04SWL,0
CUST_BKUDH2L3DT,0
CUST_U2MQ9AXYX8,0
CUST_C0904CVN5E,0
CUST_P56HW7WRMR,0
CUST_PJ8NTVJ75O,0
CUST_EL4FEUFY5T,0
CUST_JS6FN93UGR,0
CUST_6J1F85X30P,0
CUST_BDJEIK8J4J,0
CUST_IJDY8H60G4,0
CUST_3CSCIWBTVU,0
CUST_807YMM7QEX,0
CUST_P8YCSJ28S6,0
CUST_SW4RG6SCY1,0
CUST_65BLT2CQPI,0
CUST_9FUVN7Y7VA,0
CUST_SZT9RPXSCC,0
CUST_O1WU3VX3N7,0
CUST_DBTYXV08T2,0
CUST_SQ2GO320KV,0
CUST_13KH7UJSLM,0
CUST_S8X2MGIDSH,0
CUST_55W43DBUOU,0
CUST_KW12K5ERH3,0
CUST_7H43QIWS4T,0
CUST_7N1IV2GJWJ,0
CUST_3GOF3ALLH2,0
CUST_PMSM2FKV1S,0
CUST_EM0WKREK9S,0
CUST_EL77QXF0BP,0
CUST_GF117MI48T,0
CUST_5HYOV2VS7J,0
CUST_JLYQX3QPBM,0
CUST_JZXXU7XYY9,0
CUST_WQMTH1BSWW,0
CUST_NR0J74LIHX,0
CUST_OZ96HDTXGN,0
CUST_EMC33JR4RO,0
CUST_E0L4CDWAVF,0
CUST_2DUX1LKDPD,0
CUST_C7ZA8A12M8,0
CUST_LZ65M79A6U,0
CUST_4O0787AA6D,0
CUST_4EUF01UZLT,0
CUST_LW4NGEB3IA,0
CUST_JPPFKK9IBC,0
CUST_XI3LOYJNYU,0
CUST_N27NCHWCVI,0
CUST_EDL6XTN3Y0,0
CUST_B2OVTKIN7N,0
CUST_858923YM1O,0
CUST_4SSYIA4VPX,0
CUST_Q4NH7OD958,0
CUST_G7I8DQMQDQ,0
CUST_WD7ZVJMW95,0
CUST_6J95G4URZS,0
CUST_73KWC6TDVO,0
CUST_L8X45O6LBI,0
CUST_97P44A5QTU,0
CUST_U01IZ3D2DL,0
CUST_1G3Y6MX1AH,0
CUST_WOELXAO8UO,0
CUST_PBXFGA07E2,0
CUST_KHD5G5RQTM,0
CUST_95SXZ09QSC,0
CUST_765PASIH7V,0
CUST_5DVNBO9ZVR,0
CUST_SKP1CIRKCE,0
CUST_FVNA9SZV8Z,0
CUST_3HMTXBZBGR,0
CUST_U70CO5FSVC,0
CUST_QVSXZP4IKT,0
CUST_QFZLY7U23V,0
CUST_VQ6Q9NPZSL,0
CUST_VN11JYNZBD,0
CUST_ZR0UXP6E1S,0
CUST_R95DB0N7CH,0
CUST_XEC1Q0T0EH,0
CUST_48QQCM5DKL,0
CUST_1VTMC11Z41,0
CUST_DOJDC9KGMR,0
CUST_SODCHNF9DR,0
CUST_I2X956HY2L,0
CUST_AHWJMSNPHX,0
CUST_ALA6SJGAD3,0
CUST_U8TMQB9DCA,0
CUST_ZDGP8M6KVX,0
CUST_ZJ3AX3FR0E,0
CUST_U117DA5C20,0
CUST_BXD44JBLIK,0
CUST_KY1QPBDA2S,0
CUST_6SPHKCR6HD,0
CUST_VDU9EO3QB7,0
CUST_6EABIIMKMX,0
CUST_L857FEAJN7,0
CUST_KN2SCUCWXW,0
CUST_RF2WY5APX0,0
CUST_TLUOIEBKGZ,0
CUST_UM2XN0PUWN,0
CUST_KP1J76XGL5,0
CUST_X19K3VNR06,0
CUST_U98Y0FVX3Z,0
CUST_XM9DSDYOT3,0
CUST_E7A5P7J0FG,0
CUST_RB2C5M6Q4B,0
CUST_58XSFTDQK3,0
CUST_SCS9XBDC80,0
CUST_KUGI5AAKK6,0
CUST_PUK9EGN5E9,0
CUST_S3H2919DPI,0
CUST_R5W6VUMYC8,0
CUST_T7BJ89N0Q5,0
CUST_UUW2IXX91L,0
CUST_LQEDG3JLVX,0
CUST_8RVW5AO3O6,0
CUST_MH65HR4T92,0
CUST_71OG42T7IH,0
CUST_5MLCFKCR0P,0
CUST_5ZGMLY3WPT,0
CUST_2SCT59L538,0
CUST_AZT4BW00F6,0
CUST_62AUAGXSKF,0
CUST_KHHD51AGU5,0
CUST_CHBGOK4RNC,0
CUST_O889EHKTBK,0
CUST_C4HLXIQBB0,0
CUST_36BWQSKYFZ,0
CUST_89FX69VO80,0
CUST_8TV32AYW1E,0
CUST_M2SMXYD2LI,0
CUST_MWRL92UV03,0
CUST_SMVRKUXCNQ,0
CUST_J5PN7BZTTL,0
CUST_2UK48UPQGQ,0
CUST_URPDHY3D2F,0
CUST_K0G4O7G3WL,0
CUST_RWD5JK6TQA,0
CUST_09DL93TTOO,0
CUST_4P985L1I6E,0
CUST_0DQOI98KLU,0
CUST_GXOPH75MS6,0
CUST_66YT7JL1K4,0
CUST_5H0S3IC8VU,0
CUST_3DPMEK8JIP,0
CUST_VNCSYYLJVQ,0
CUST_SD08QOLRE2,0
CUST_WMKYH9AYX5,0
CUST_TFS85CB4DX,0
CUST_EPXSH26FET,0
CUST_2YHWUX91FX,0
CUST_AKGF3Q998M,0
CUST_U56NUT1HG4,0
CUST_3TTWTC35NB,0
CUST_WA82M6TXTJ,0
CUST_P0E75RWLLT,0
CUST_69DO0985T7,0
CUST_J13CG7A79N,0
CUST_IFITQ1VN1Q,0
CUST_K2VW2VBIIR,0
CUST_4GXKBWV4VK,0
CUST_1OJ51VIOKL,0
CUST_LPV02PK8IZ,0
CUST_SYSC1WMTWK,0
CUST_XNTB2OU799,0
CUST_E0XNLXFC6Q,0
CUST_UMA58LKFSR,0
CUST_GBXZLUUPZY,0
CUST_D8BDGEX0IG,0
CUST_M46OOWHK35,0
CUST_D6VPW7C6YN,0
CUST_SKVX93H03E,0
CUST_EOKJPU02VR,0
CUST_OVZ40NFFMF,0
CUST_12XSW96A7C,0
CUST_3RXVBAZ5C9,0
CUST_IS4SH8BWGA,0
CUST_WYQ0SO4XM7,0
CUST_BEEMYW64EU,0
CUST_6YMLDWZFYQ,0
CUST_HEPIWMBULV,0
CUST_BE49PYBDAP,0
CUST_W80STZXUKT,0
CUST_FH1M1WHOG0,0
CUST_WWPTBQMAAI,0
CUST_YXF5D6ONLD,0
CUST_8RV25LU64T,0
CUST_DAKICE6EB6,0
CUST_BTK352DUVC,0
CUST_6NMUTY091Z,0
CUST_Z7MHZ2TNPW,0
CUST_SLS9UXWICO,0
CUST_5O0L1C0YSI,0
CUST_293LIUPFV0,0
CUST_7SS6NLLGED,0
CUST_DHE1R3Y8PA,0
CUST_RFZZ2PNJ5B,0
CUST_KR9G5I84V3,0
CUST_YM2F9SWZSW,0
CUST_Z65AYLDIQI,0
CUST_TIL05NSCBA,0
CUST_KNJY4TYNEH,0
CUST_OV8J8LJW2A,0
CUST_PU7056QYEG,0
CUST_R4T720Y7SU,0
CUST_8WE5DURJGE,0
CUST_BBPCFHT8J1,0
CUST_JMYL2PLWC8,0
CUST_40J18SUTOT,0
CUST_T5J6P2L7Z8,0
CUST_IEHIAM0P0D,0
CUST_CBQPDWHN22,0
CUST_TBSI3ZX1VJ,0
CUST_GVZHL8A633,0
CUST_GSGVEHX6A5,0
CUST_Q439K765WE,0
CUST_LLKZD0IPBM,0
CUST_JN7FVMWFG2,0
CUST_I7YZI0M9YI,0
CUST_LUZIFYC3G0,0
CUST_Y1IKGLG2BS,0
CUST_LZI8VCXXNI,0
CUST_VWVNIRW4GZ,0
CUST_ECBV1H48Q6,0
CUST_26M848VFWB,0
CUST_9O5T2DQ41B,0
CUST_4OBU2IM1E4,0
CUST_97EAZGNC1D,0
CUST_J6FQQ2XLYJ,0
CUST_G3B6A7ZG0R,0
CUST_J7YFB4E6UD,0
CUST_V7GM5QASR6,0
CUST_BET19FJ5DE,0
CUST_JQA1ENJXOC,0
CUST_Q7H6BWDWM6,0
CUST_TB5GLWFXNY,0
CUST_W9AN8ZMWHX,0
CUST_LUQCTJN4WE,0
CUST_RU1YMWBYRQ,0
CUST_44JQG0CJGY,0
CUST_2HE041VI03,0
CUST_9ELI9O3OLR,0
CUST_XNK719F6QJ,0
CUST_6M32VQT519,0
CUST_F8RROPF6DR,0
CUST_BP0D7MJFJT,0
CUST_X4D4RVU0TN,0
CUST_RS5SXJGTBI,0
CUST_HEUVJKHXEN,0
CUST_NDTGDK9N58,0
CUST_XKOSHIB96R,0
CUST_FWYQ2LXQS0,0
CUST_WB1543JA3U,0
CUST_X7OILSRP16,0
CUST_7ZJ76X56A6,0
CUST_4XV2P93LLY,0
CUST_2VB18O5N5K,0
CUST_MGMJLLV9U6,0
CUST_OF7QMVD6UY,0
CUST_6A98HHIBV9,0
CUST_D5UO4FZBCG,0
CUST_G8KT380C21,0
CUST_41HOMTB859,0
CUST_X1L2EXEIY8,0
CUST_0EM7IVFSFY,0
CUST_LS969L3H1M,0
CUST_ETW6FWTDIK,0
CUST_W0U8XQEMBX,0
CUST_E014O39RAU,0
CUST_6W5XH0W754,0
CUST_5B89Y044RW,0
CUST_B53SHJZ3YT,0
CUST_C0O3JAG9VA,0
CUST_OR5BH5AHIT,0
CUST_W172PEIW44,0
CUST_68B9O7FUMO,0
CUST_MTHV69RPJW,0
CUST_TWDFKUVSQA,0
CUST_J7KOXZS0MT,0
CUST_4LM0WK7X78,0
CUST_0SS89VHOAC,0
CUST_AB15YDEYR7,0
CUST_CUSWHKBX81,0
CUST_PKAE17KLE1,0
CUST_D3JX5NDIKS,0
CUST_7JHSB8LS33,0
CUST_W306I62IZ5,0
CUST_4OEHI1GNWZ,0
CUST_4W4ID5DXXU,0
CUST_5ATX4VTY4D,0
CUST_M4ZJUBU3OI,0
CUST_P0604J9FE3,0
CUST_84RH2LMKTG,0
CUST_DRZY7EATON,0
CUST_T9QYHTKE00,0
CUST_0564I0KVPI,0
CUST_URNXB6TK1M,0
CUST_4WYQMTQAWZ,0
CUST_Z336MHAKXM,0
CUST_XLHV0QFR0G,0
CUST_SF7YZSY6HB,0
CUST_TZWLE8OKDW,0
CUST_RKUISPX6NS,0
CUST_ZHCH66D1MX,0
CUST_XBOL6G4IKH,0
CUST_JRK0MEX44B,0
CUST_KFT5H0KBMT,0
CUST_SI054UVZ1I,0
CUST_HSS43K09MJ,0
CUST_ZP5RL0P3DP,0
CUST_LGBSGBLWE3,0
CUST_X9NPMLP7A3,0
CUST_BWEAK7ZEQ3,0
CUST_UTXBOHIPJ8,0
CUST_YSVKMQKP6W,0
CUST_T6AGZFZAYA,0
CUST_GK6HBNTVLT,0
CUST_BXPQ3DUNLE,0
CUST_3VCLQWUJEM,0
CUST_O3OHWNP84Y,0
CUST_YM42E7UJWT,0
CUST_54QB8DM9YG,0
CUST_1PIPYTAH2A,0
CUST_NOCP8IJUF8,0
CUST_3EMV3GDSRM,0
CUST_8UI6XCKXDB,0
CUST_7XJNQVETKM,0
CUST_6217KK06NA,0
CUST_1FFEBGOS1Q,0
CUST_VPZYUM0OMU,0
CUST_4DMT8YKXSN,0
CUST_1FJP0L7YPQ,0
CUST_1L8705PGGS,0
CUST_XX4PN8TVRI,0
CUST_AABH2D9FCS,0
CUST_76LRB8IS8U,0
CUST_RFWZN5BIL0,0
CUST_9GK96RL776,0
CUST_4252HV9QGN,0
CUST_P1XUMC3FYC,0
CUST_BZ8MOQR730,0
CUST_FDQZGPSO2X,0
CUST_2EVFW3KH2H,0
CUST_X6N8C6B0KB,0
CUST_QRRMKG82YK,0
CUST_FBYFZVRF87,0
CUST_92C903ZD68,0
CUST_V7WYWS552I,0
CUST_R3Z41TBYRD,0
CUST_F8G4GYCI9T,0
CUST_0EZCGY72KO,0
CUST_0252ATNQTK,0
CUST_FYW825IEPP,0
CUST_KCOISB9RLP,0
CUST_MLCLK21XR7,0
CUST_PFMCVLSY25,0
CUST_4XZBS9WON5,0
CUST_FMCJQZ07VS,0
CUST_GC1UL9YGOB,0
CUST_GF3MECX4WL,0
CUST_ML9E3ICODJ,0
CUST_632TQG7ZXN,0
CUST_WD70L4IQRG,0
CUST_JB65AL7WVC,0
CUST_N34ZW69GCQ,0
CUST_0BEGI618CN,0
CUST_HH3K8UYFBH,0
CUST_3W7G7HK6MQ,0
CUST_Q1UIMCD9BN,0
CUST_7MS92CA685,0
CUST_G27G6IBADY,0
CUST_WIX15NF919,0
CUST_SUS06443C5,0
CUST_JGZDIJHFID,0
CUST_9UD5QQ7XTC,0
CUST_V7Z5CDGY55,0
CUST_N56N9BXGAH,0
CUST_A857M2QSXE,0
CUST_UIJZ8SBGOS,0
CUST_UBM0GBDYLZ,0
CUST_HRJ6UKST42,0
CUST_9ZR1MCA8UD,0
CUST_IJR7TN6TX5,0
CUST_Q8Q7INEDTE,0
CUST_42OT5PL0NW,0
CUST_Z713146QMP,0
CUST_H4VHLJ0TN3,0
CUST_YIFGWTJGYK,0
CUST_NCWKOA7LO9,0
CUST_USJ3HMH367,0
CUST_MQO3UGTI5T,0
CUST_GOT26NXWBD,0
CUST_EL3NBBYI1U,0
CUST_4N3U376NYG,0
CUST_ZVFEE73LB9,0
CUST_U88JJZZ5J2,0
CUST_JRK8FYU2O1,0
CUST_Z08U2O4UG6,0
CUST_AWLUN5N1JI,0
CUST_EXBIQ1T03X,0
CUST_FLWNJBEC65,0
CUST_FN64EA7DA8,0
CUST_90IAS7WAE0,0
CUST_5CLTGZTD7I,0
CUST_5NY3O0X5B1,0
CUST_OPTSXQB7UF,0
CUST_LAGGRWJXT2,0
CUST_4OM7LSERXP,0
CUST_0BCZOAZVPI,0
CUST_G356HLGPKU,0
CUST_GIC29MGI50,0
CUST_JMLQLWTJEQ,0
CUST_XM5ZM2C1E1,0
CUST_TNVCV7ARL4,0
CUST_SXGLDPXQVH,0
CUST_I3GQ4TTYCR,0
CUST_DJB0AGUFTL,0
CUST_D0BYT1930V,0
CUST_5LXWHTF6JE,0
CUST_HHQEZICN8E,0
CUST_CZIV0PYPEJ,0
CUST_BLFAEHAUPX,0
CUST_7RJLATUYQB,0
CUST_PFVUAHHYDM,0
CUST_CWUGW6CSEX,0
CUST_N1ZP8AG52R,0
CUST_6PGJEFPEBY,0
CUST_NSNA0M4GLU,0
CUST_CAG83I2CQ7,0
CUST_SRAFPICRKM,0
CUST_EFXGGV3XVB,0
CUST_HRGO73U061,0
CUST_3AM01CUQTK,0
CUST_OXIDW6BQ3I,0
CUST_1KGT21FULF,0
CUST_KV96BNQ48S,0
CUST_K7X0ZKOZBX,0
CUST_OW8812OIV5,0
CUST_Y2G1UIQDG1,0
CUST_7FQ4BJJIY8,0
CUST_QQVDQZ5TKC,0
CUST_VFQC3OUHSA,0
CUST_938NW054M1,0
CUST_BAUYJ7B4PD,0
CUST_4NBQ6E2SVR,0
CUST_RLD20E3YHF,0
CUST_0PFRLV2H8M,0
CUST_IBL4A00PY8,0
CUST_ZMH6M2H4U4,0
CUST_RN3GJOUKMA,0
CUST_2KSVMGEPP1,0
CUST_NT2MZWAEZC,0
CUST_PJE2DTZFXD,0
CUST_UP1KAM7QIM,0
CUST_AUL2S6ZG6O,0
CUST_GILYBZTNYS,0
CUST_RSFCYL2JVD,0
CUST_7AE5VBJPT3,0
CUST_BH8TBCTJOP,0
CUST_2V43GNDA9E,0
CUST_O8B1AKC74D,0
CUST_UI6A5E10SK,0
CUST_TSJYJUL55D,0
CUST_Q27GHT29HG,0
CUST_JB2G06RERN,0
CUST_VOP31ZFU7I,0
CUST_9N7MWVVOI1,0
CUST_VQK4GMF2AR,0
CUST_XLL0J8BUCF,0
CUST_2PO28M0MW1,0
CUST_FMGG6QOWEM,0
CUST_RBLTSVJWKM,0
CUST_IPU4G5JXBI,0
CUST_LJXDH1876R,0
CUST_X0XWNYK454,0
CUST_4B5VD672NE,0
CUST_5ITF2YM0CJ,0
CUST_ZU39DJ8C6N,0
CUST_LZQLQDNKCS,0
CUST_T9V1UBIPX3,0
CUST_EIONIXXPI9,0
CUST_NJIYR6SGFM,0
CUST_3VFGBL1W1O,0
CUST_2U5YIIYYT1,0
CUST_BWPWLZK6PG,0
CUST_PSVCYAQT13,0
CUST_B82JFVCO2X,0
CUST_H523QNSXOX,0
CUST_AYF6J5I5XJ,0
CUST_ZMEDC31OLL,0
CUST_BMP514X1RH,0
CUST_JN50KVN880,0
CUST_6G2Y82JXPO,0
CUST_JWEE0TS1XH,0
CUST_BLVX8KOGO5,0
CUST_3TSSG19ID4,0
CUST_OR6C4NY44D,0
CUST_VOATJLGIWX,0
CUST_HNYXKUAISE,0
CUST_HE7HK8GT89,0
CUST_88ISNEVNAC,0
CUST_306U0IK5G5,0
CUST_AQHMJLPXFO,0
CUST_8I4E5695PM,0
CUST_MTHQ86W0B6,0
CUST_8BYFCDPKZ6,0
CUST_K7R5JKPAL4,0
CUST_CTSE8W83DI,0
CUST_26HUABI8ON,0
CUST_Y58HDB4K35,0
CUST_MTQ2FBBAYQ,0
CUST_GOS6YYNJKJ,0
CUST_0LKWEZI22B,0
CUST_B5XX5QNHKR,0
CUST_9OOMSBIUGG,0
CUST_ZV6Q9BY27F,0
CUST_DU6YBNVPGA,0
CUST_TJODUW98J6,0
CUST_HA9KLOVC3N,0
CUST_QBWE77GTNP,0
CUST_YRWLSTJV9U,0
CUST_EX6OCDQY3T,0
CUST_F9DROXL6VR,0
CUST_ZJ7ENI6ALV,0
CUST_1LUHJ2AYUI,0
CUST_0LCPX4R0BW,0
CUST_EM70WBNF36,0
CUST_U0GG1515CM,0
CUST_30ZAY6DS1M,0
CUST_15XI4Y283Q,0
CUST_H46E9SBMUV,0
CUST_WJWGOA81HJ,0
CUST_RN40SBC4SM,0
CUST_SK0AG1WCL9,0
CUST_PYO15N84OZ,0
CUST_DDSH8UIZ93,0
CUST_QIJV3Z57YN,0
CUST_XI0P4PXJ05,0
CUST_CE1JW5EBPX,0
CUST_V7AYZCL8LT,0
CUST_ZOC6B4WQNG,0
CUST_0Z63D72VSY,0
CUST_U6V5L915ZA,0
CUST_WL1912J6GZ,0
CUST_NEH3M51KVP,0
CUST_QIQVWIN3A5,0
CUST_F9CAYOGS6Z,0
CUST_3IE2TX500Q,0
CUST_UHE2PPCOYX,0
CUST_D08PE8VQCE,0
CUST_LXWL4RL9ZU,0
CUST_4XAVGXMI25,0
CUST_PYDU1UKB1B,0
CUST_1H8Q0Q2Q5V,0
CUST_P8B1WKD9YW,0
CUST_HAGGVA8YS8,0
CUST_LQC8KMIRMX,0
CUST_2XI6N3NOV5,0
CUST_BD3REWKSWS,0
CUST_0O99LLE087,0
CUST_W42DRUX3QC,0
CUST_A4O5PBJ3FO,0
CUST_OBZCEQW5WR,0
CUST_4606UC8PL3,0
CUST_Q58ZAFFYPR,0
CUST_4BO4CMQINX,0
CUST_N39LDHMSL7,0
CUST_Q8J8888F2W,0
CUST_1EGN4C6CJI,0
CUST_3O784QC5BJ,0
CUST_IFDITBIJMT,0
CUST_SFNOC2MK4F,0
CUST_QND1LVF5HW,0
CUST_QYPV6AXSSC,0
CUST_OR8UYG7ETK,0
CUST_1YWKVWLGDU,0
CUST_MJZXF03SUG,0
CUST_LZ8YHRZ0NA,0
CUST_W5ZGQACV63,0
CUST_Z6Q4B09A1Y,0
CUST_4NUC6CU0VS,0
CUST_WTT1FVAMVX,0
CUST_PPNBDD5725,0
CUST_LL5NCFPHP6,0
CUST_STS4M06X9Z,0
CUST_5O9JY54159,0
CUST_RU7TOFPLJV,0
CUST_8Y9WMFVIA0,0
CUST_FJKOLLD1UD,0
CUST_URHWLYKNFR,0
CUST_LNDGNP09J4,0
CUST_GXT64MWPAN,0
CUST_HGVAWZ51X8,0
CUST_HQQ00NG6R5,0
CUST_JTMEX6AFUG,0
CUST_TYQZSEI9YP,0
CUST_8MY8PZOSGN,0
CUST_YD4MBZKXX3,0
CUST_RXZIBEEI55,0
CUST_SYTWLUOOAE,0
CUST_C9M2NRE3YO,0
CUST_UOE2Z0SDO2,0
CUST_7L12E2UN5V,0
CUST_C4O8R8BNHQ,0
CUST_4MGYBPZMLF,0
CUST_4IPH3HPEYE,0
CUST_P7IRH1A0W0,0
CUST_O0DUPFBLYF,0
CUST_W131CYOPHR,0
CUST_M9QKOFOD1W,0
CUST_ZYOA6F4R08,0
CUST_4JXLXRDUXN,0
CUST_ATZR774108,0
CUST_9H89NOW28Z,0
CUST_MIZ2ULTOYZ,0
CUST_T5UOX8D4HU,0
CUST_HRAISSR8L5,0
CUST_WL0JNMKMKL,0
CUST_WT9CEP2J7S,0
CUST_K1SAFYOL8S,0
CUST_NSQZBNE4QF,0
CUST_L4OSDDA2SC,0
CUST_2S950NJNYP,0
CUST_5VVFVQH3LW,0
CUST_F3L6GWL4SG,0
CUST_XLS2TCMZFO,0
CUST_EWPJSXQZAL,0
CUST_K4J19UU0HW,0
CUST_9400VJDTNZ,0
CUST_GOMX4GAOMB,0
CUST_1JWQ1AWIF9,0
CUST_RNAB6SHMHY,0
CUST_UP4BP94R53,0
CUST_YPTHHFHBD9,0
CUST_KG6081J6FX,0
CUST_I4UDORI8SK,0
CUST_1P68EIJTVJ,0
CUST_1773P2J7E0,0
CUST_R7G1KDXB3E,0
CUST_IHSVZTPKGD,0
CUST_P2G9ON6M68,0
CUST_VZZYJXMXJZ,0
CUST_1P7UQBTL9Q,0
CUST_KM2GS4FX0E,0
CUST_4G13P0LMSQ,0
CUST_00LCDCSX3B,0
CUST_B4OM5P48MT,0
CUST_I80WOB1J37,0
CUST_AKFJ1GLR4O,0
CUST_U600YWPFM1,0
CUST_3GWOPS7EUW,0
CUST_RV3DBAAEA2,0
CUST_G9J0S3Q7GY,0
CUST_DPPZRKCK7J,0
CUST_V4BRF01V8N,0
CUST_OD10AU1DLY,0
CUST_LGK6UX3ESL,0
CUST_445YYRW1AK,0
CUST_882AVOVWQ6,0
CUST_67J2KNL1Y3,0
CUST_A71MWGSNB8,0
CUST_7DBHCJO66T,0
CUST_2BL598DBM2,0
CUST_S1YBAGVZBT,0
CUST_J685TDYCZH,0
CUST_PDTMO7RE3U,0
CUST_4OXG6AQ1MX,0
CUST_6BD95TPO9Z,0
CUST_92P7DZ4GLA,0
CUST_J2GZ4QZSZ5,0
CUST_G0GXR0IZ58,0
CUST_H2JPQNNT1B,0
CUST_XU3CWRUOW5,0
CUST_RS8C0OSFR5,0
CUST_X7ZKJQUB5K,0
CUST_EJLB0K7KAM,0
CUST_K55YLBE70M,0
CUST_MHU5DBGRA8,0
CUST_OM4PAOI4Z5,0
CUST_BOMVXIKWYB,0
CUST_MQ8NHEBLHM,0
CUST_YIX33FPBWP,0
CUST_OHLI95Y8SM,0
CUST_JOIZH59MHZ,0
CUST_QQ3US603TA,0
CUST_F20KEA9SHA,0
CUST_D9WRL99IQA,0
CUST_73RNXE2KIF,0
CUST_LU9EZ3OA8G,0
CUST_EP6NYJ0LWX,0
CUST_IM866JFG0M,0
CUST_VX1W5OSMPD,0
CUST_JYPGWKLLO2,0
CUST_1O5RPULRFH,0
CUST_YMXO0QS93L,0
CUST_7M51XF4XNZ,0
CUST_SHJQB0LKZA,0
CUST_QQWOKCW1H8,0
CUST_IYLPCX6Z7B,0
CUST_PQULPV1W16,0
CUST_QY5GU1UHHK,0
CUST_LQL6XVYT6U,0
CUST_C9DQGAGUNU,0
CUST_H3D14XXX9N,0
CUST_ZGUV4XZ9IU,0
CUST_I0GRK4M9MP,0
CUST_SXD45OMV86,0
CUST_QJWYO1PH0D,0
CUST_C2NFBBB38V,0
CUST_UR6QNSJ14M,0
CUST_X8XBB9V275,0
CUST_TX2Q41EFT5,0
CUST_U5M6T35VK2,0
CUST_A9SJY358L5,0
CUST_9ZA4X6A0F3,0
CUST_AFNANQUSYZ,0
CUST_0FXMV8UDPH,0
CUST_O5NOH0M3Z2,0
CUST_639Z9LKBDE,0
CUST_4Q35UGR2LD,0
CUST_7I7AQEVS00,0
CUST_T1BTG705JO,0
CUST_C4Y267W58W,0
CUST_P3GIK31F6D,0
CUST_SF8JG0X3WQ,0
CUST_PMTGP5HIUH,0
CUST_IQVYJFPRX0,0
CUST_0MZRZNOMQA,0
CUST_0C91MNKF9X,0
CUST_RW93GJOZ5K,0
CUST_445U88B211,0
CUST_N5LHCCA5HK,0
CUST_OK934Z440K,0
CUST_2FK40PUXVC,0
CUST_MERAO9QN0Q,0
CUST_SGBFYUAZKE,0
CUST_VKMDPCL5KN,0
CUST_NE1VU3OBGJ,0
CUST_FDYZ9MDE1Y,0
CUST_3XUTGMN45J,0
CUST_9Q7ZL5PZ6O,0
CUST_X4ALBGSFS3,0
CUST_CLRJBL3BL7,0
CUST_DXJGRBGZM0,0
CUST_M9A84ZK3H3,0
CUST_9UN4LUT7T2,0
CUST_GH66389HD3,0
CUST_3PABWYA78U,0
CUST_YX17EHZKOG,0
CUST_Y7DT8NK957,0
CUST_PDPBHJ0ZY7,0
CUST_SJTF2AGZ2T,0
CUST_4AUMBUOUGL,0
CUST_KBB87BK2M8,0
CUST_42UTFMV3SF,0
CUST_8LK7ZGWOEX,0
CUST_MW1U4CK0DU,0
CUST_4LPGQM1AQ3,0
CUST_RTKR7H8KS5,0
CUST_EQUAO5GQC0,0
CUST_Y9XUHEXC2N,0
CUST_R35J6QBYGE,0
CUST_K8DV40C3LG,0
CUST_BF8YFGY3LK,0
CUST_4QQIVEW9RU,0
CUST_SDKQHTUVZX,0
CUST_0XKDAH1KRF,0
CUST_GT94FXB7J1,0
CUST_B7RIY4YQDF,0
CUST_UCRDRCYKVC,0
CUST_YBV2FHLBU1,0
CUST_0YDWWVICKH,0
CUST_WJE3DKAXLO,0
CUST_NMV41EMBVJ,0
CUST_ZTF482B0Z7,0
CUST_1GTWUGCXKR,0
CUST_KG7F5WE215,0
CUST_DFPS9MNCMA,0
CUST_TCJGU2RR86,0
CUST_9K2MUMVY39,0
CUST_U3PN3I2UK5,0
CUST_DWGMQN2689,0
CUST_X2CRS6XKP1,0
CUST_FOKHAW4B0H,0
CUST_39XF00ZHN9,0
CUST_EZU23D5EC6,0
CUST_O31EZCSWIC,0
CUST_PN45D5Z26J,0
CUST_RV1BUR7RFO,0
CUST_ZGD2A1ONE0,0
CUST_C4BI13YBY2,0
CUST_VUBE79SOEU,0
CUST_0P6NZA4MWX,0
CUST_2XIU9JN85Q,0
CUST_AW3JSIUU7T,0
CUST_KQ50LFNZ25,0
CUST_UG3DJTGNXI,0
CUST_NCJMAOTNHU,0
CUST_PI9NZAYF3F,0
CUST_WU7W8JNV2J,0
CUST_N4IQOAX84S,0
CUST_01DTSO3FTP,0
CUST_NKY3E8PC3H,0
CUST_L6RLZF86J6,0
CUST_05THRPNNQ9,0
CUST_78BL25WMUP,0
CUST_Z1GSO7GUVW,0
CUST_IXD5RFAEXV,0
CUST_WRX3DDH83B,0
CUST_E12WTH0MT8,0
CUST_35LDAS7V70,0
CUST_TGSU6L2O7V,0
CUST_ZCNP3LN18J,0
CUST_Q0YBG1RULZ,0
CUST_8R6ZNGBJJN,0
CUST_2G1ST1HHFP,0
CUST_9CC9FFCUP1,0
CUST_66LBBWPT84,0
CUST_SBRAV5OFE9,0
CUST_2D3LL52DTR,0
CUST_LNN05405LT,0
CUST_7CGWJNV5EN,0
CUST_0WJ45H53C0,0
CUST_L29LL4IBSN,0
CUST_UIDTA4YV7E,0
CUST_HP079NUHYW,0
CUST_D19A1QUC04,0
CUST_44XSRXUS6N,0
CUST_38SO3RHBBE,0
CUST_M8EANONFL0,0
CUST_HFLQHN00QJ,0
CUST_BCZI6CDI7J,0
CUST_L13GPMFN39,0
CUST_BCWM6W73ZM,0
CUST_3FX9YB4C5L,0
CUST_FUY32PF34O,0
CUST_UPON38WITC,0
CUST_P4W727RVR5,0
CUST_MLBXK8NDMW,0
CUST_16ZK6KH90Z,0
CUST_RGP7NWB1P2,0
CUST_2KJY0OW0RB,0
CUST_V57LMVG4PB,0
CUST_FBKVX297TL,0
CUST_R9XECJII5T,0
CUST_C4QJIRV9TA,0
CUST_P6UAO52XBZ,0
CUST_J7EA28CXF6,0
CUST_XZ5NESM4QS,0
CUST_XH109E5NNU,0
CUST_C3Y3WSMHTT,0
CUST_7IHCQP7LGD,0
CUST_QVX2DXTDWB,0
CUST_N56E9DUI4U,0
CUST_BO22K8Z06V,0
CUST_OF6OUX55VZ,0
CUST_DCOKYPUQZ2,0
CUST_AQE0VA4P9E,0
CUST_LQDFFEH7FX,0
CUST_88V5BE90WG,0
CUST_BC8USGG6CE,0
CUST_AWMYANFLI7,0
CUST_EL99UMLDTN,0
CUST_45Q5LOJM31,0
CUST_J9SH9GB04M,0
CUST_FY992U4J05,0
CUST_3ZJVI0ZTY1,0
CUST_7YTMO86URM,0
CUST_PXYIP1E6SJ,0
CUST_ZD4OOX9TR3,0
CUST_OQKWXRX36D,0
CUST_FKCCIRFQH6,0
CUST_IJXQQ5CW53,0
CUST_LSI9T9OPNO,0
CUST_LZ5MQOXI45,0
CUST_6X4YBEZU2L,0
CUST_ANH6CYY8XX,0
CUST_0UXB4B8ZAZ,0
CUST_IZR78AW1ON,0
CUST_PEZU21GSZJ,0
CUST_P3VS1XYN1D,0
CUST_HNXLKNRO8V,0
CUST_C4NCHWH4WA,0
CUST_BG8J1I1FRX,0
CUST_KL5Z7MOWBI,0
CUST_QDQLCRA979,0
CUST_TS9ZBB57GO,0
CUST_L1DLCXGD5Q,0
CUST_JF009JERU0,0
CUST_NB5IBK4QXU,0
CUST_M6CUKS27F7,0
CUST_PRJQIQDH74,0
CUST_XLKQ8PIAU4,0
CUST_87K221CFLE,0
CUST_8GKWB1F83C,0
CUST_1UMNU1MZKQ,0
CUST_6IHAPH10K8,0
CUST_83KL9MN1SX,0
CUST_H90HXEJ31V,0
CUST_H9XEU4EEKC,0
CUST_G87ER6CTTU,0
CUST_NCJLGLXDRG,0
CUST_EX6KTSTD6P,0
CUST_0TZA2XPSS1,0
CUST_BND9TWMEA7,0
CUST_49T9EBMUU8,0
CUST_1BS2KDD589,0
CUST_RJATOLEBVF,0
CUST_JJ4498NDU9,0
CUST_OH5U86X78W,0
CUST_3A8JNE2CFW,0
CUST_5KEBCHV9C3,0
CUST_VZ37XJ7KDQ,0
CUST_GGLQ00DYTO,0
CUST_Y0JSEJBK61,0
CUST_WZEFYKFS2D,0
CUST_UGJSJ1TTCH,0
CUST_LZ9GF9VM9L,0
CUST_37Q8EZEV9P,0
CUST_4UBKXY8JBY,0
CUST_G3II3391MB,0
CUST_MZI0LW9KB0,0
CUST_Z97TAF4LW0,0
CUST_B102VCLSNA,0
CUST_P4G1D7FX5H,0
CUST_YGZ3BOX5XO,0
CUST_I5NV4SK3QH,0
CUST_P6SW2ZGXO5,0
CUST_DS4Y046ERD,0
CUST_6HU9PBHCKV,0
CUST_QK027VZM66,0
CUST_RDXTWPOE4P,0
CUST_MAQJFT72EU,0
CUST_1ZLKTZ95QJ,0
CUST_VQEO2N7520,0
CUST_9YE6DJYDII,0
CUST_TVLQOCHNMJ,0
CUST_FADSKIQU5A,0
CUST_PSK4YK8HMX,0
CUST_G3ZIWJZ84P,0
CUST_364E8O1AXC,0
CUST_4OTU340H8F,0
CUST_4GOH32RADV,0
CUST_2NOSO0YI9X,0
CUST_HZ87IQN60I,0
CUST_4HHZMHMN0G,0
CUST_C4RGTFN8HX,0
CUST_W1Y1V9Q4KX,0
CUST_KIVPLXR5TB,0
CUST_MTWS4UKS6A,0
CUST_X075WKBR1X,0
CUST_HDBKUKRACG,0
CUST_CBFDSW8KLH,0
CUST_MQMBHFA84L,0
CUST_OUOXOKCI22,0
CUST_A26W2FMQ3E,0
CUST_MCO37W88L8,0
CUST_8QJ9WCV3BQ,0
CUST_82K48V7VYH,0
CUST_Q3P0DE9KDA,0
CUST_YF8JEP0TZ9,0
CUST_Z631LST3UO,0
CUST_UCU3WH094V,0
CUST_7WS0KRYFZG,0
CUST_2OK3WC6XOR,0
CUST_2U4OA2BUC2,0
CUST_PNVCHO6KS0,0
CUST_TDBVA1BEPW,0
CUST_N9S3BGB0WP,0
CUST_39ID3CUBT1,0
CUST_GI2I7X4WFU,0
CUST_94W42SRKIN,0
CUST_RTHOX0J0FE,0
CUST_PJW40AVNR7,0
CUST_SPB6TT3V4V,0
CUST_PYLH9CGVUY,0
CUST_IOILDZVABM,0
CUST_1PJQ0YMCX9,0
CUST_IFMK87VTXQ,0
CUST_ZS0XUFDHF9,0
CUST_U3WYOFGLDZ,0
CUST_66XS7W9K6X,0
CUST_SUIF449MK1,0
CUST_6P8LDGB0DW,0
CUST_3SBLZZ2LWG,0
CUST_6RXOF984H4,0
CUST_7LW4FOKCYG,0
CUST_79BKY0VWOL,0
CUST_07Q07Y23JR,0
CUST_6JSA1TIBYB,0
CUST_2J3TEAOBIR,0
CUST_LBBBODZXAR,0
CUST_0ZS5GHA54J,0
CUST_3MP54M05YB,0
CUST_NF6T45QACA,0
CUST_J2KEB7MNZL,0
CUST_QMY0VT06TQ,0
CUST_XJY7QC1HOF,0
CUST_U58QAJHRFT,0
CUST_IU4T29YPVG,0
CUST_5ATZCZ66DN,0
CUST_DRDPULVJHD,0
CUST_ZRT4478XDT,0
CUST_EJCF2VFCFM,0
CUST_7IK8CB7BSR,0
CUST_Z3VW4F3ETH,0
CUST_A31L68LL9I,0
CUST_PACL7VVO8H,0
CUST_IE7KIFDL9A,0
CUST_K5H7RXQHQD,0
CUST_BM8IHBSA6U,0
CUST_KV4GVEEBW6,0
CUST_20ZJVBXE7K,0
CUST_2UHR39F1TH,0
CUST_YS3YJJGS06,0
CUST_A95CCTQYI1,0
CUST_3425FWRYLD,0
CUST_UJKLRELBM2,0
CUST_GPQVB20R4V,0
CUST_QWG8TFR39S,0
CUST_FG63ATDWFW,0
CUST_UNJH928U0B,0
CUST_WSK3E2NAFR,0
CUST_AV15AMQCZX,0
CUST_DWCQ52PBWH,0
CUST_XGBXBX4RWB,0
CUST_MAI5YJGJ7R,0
CUST_1Y81652ZBI,0
CUST_3R4B9U5TCG,0
CUST_Y8F3V30U2G,0
CUST_12YDX9SUNY,0
CUST_F8V0ZNLBUM,0
CUST_F1W6VNQADQ,0
CUST_891M6LZ7XR,0
CUST_3P24RZ5X4W,0
CUST_ZK7JPXOYKD,0
CUST_2YBGX22O2B,0
CUST_M5GWFF0057,0
CUST_RC21C6EYFW,0
CUST_ZGC2Y8WNMK,0
CUST_DUZLARZSOC,0
CUST_1W1SA7DYBI,0
CUST_91RGCKAM32,0
CUST_6JLWUFAONS,0
CUST_TKF1I7Q0F3,0
CUST_YDMRT0VMRJ,0
CUST_2U17VKQMIX,0
CUST_OUSFU1E8K6,0
CUST_7LAS8F8KNK,0
CUST_F8PFAJMOTF,0
CUST_QLDHN5SGKJ,0
CUST_IWAV6BISF4,0
CUST_SEV04BATIW,0
CUST_U6GUVVEK0P,0
CUST_V38Z7ZTOUR,0
CUST_YGOAKK4LCP,0
CUST_QD1R8LOV4B,0
CUST_W6NWTDVQ51,0
CUST_T840VF9JW6,0
CUST_HHZJH39Z47,0
CUST_FCATV36WZH,0
CUST_PJREVRH35B,0
CUST_OQ6T8L9X1A,0
CUST_19S9H2VIC5,0
CUST_O6CL03V772,0
CUST_HNLLMXZ179,0
CUST_S9C7HQRGBD,0
CUST_RRFDRK4NCW,0
CUST_VS94S5LW16,0
CUST_FCIQV5NNDB,0
CUST_FTH0FKDFB0,0
CUST_VWQNAC84YR,0
CUST_MZ1S1DX32R,0
CUST_YCZNFZVG6V,0
CUST_0K21FSZAEL,0
CUST_QLRRANQ5BQ,0
CUST_OLCFRL7JYU,0
CUST_1OX2I2VGVU,0
CUST_W57TWS6AJU,0
CUST_S2DTWYBXV1,0
CUST_8K7ROBXQ7Z,0
CUST_1Y4U9C9L4C,0
CUST_M7RRRXDI4D,0
CUST_6PT5XO9FAR,0
CUST_O5LQ41ISQ2,0
CUST_3HWAVOAWA3,0
CUST_KY87ICHOJH,0
CUST_F96QSO9NK5,0
CUST_YRJNFGXVHC,0
CUST_YY2ZL2WWA5,0
CUST_C1CGK7YYB2,0
CUST_T6XGNDTOLY,0
CUST_2COBJLZP9K,0
CUST_K4T327H6VU,0
CUST_UW2F6K8GH4,0
CUST_E2HXV48RPH,0
CUST_LAZN6MSBHL,0
CUST_9HSMTZ2CZX,0
CUST_1QXQD4JYNG,0
CUST_RNQCQLGZ33,0
CUST_E4CNBBFS8M,0
CUST_GMZQNO7DBF,0
CUST_3KWRWKOC6U,0
CUST_ESYNS00U70,0
CUST_2VALOV62KM,0
CUST_LMLI00U7ZO,0
CUST_BHSX6L1WOV,0
CUST_F984R11X8M,0
CUST_24VBZYTRZI,0
CUST_L0L8PDE57X,0
CUST_1939V3R1GC,0
CUST_P21F9X1DYE,0
CUST_UT620Z6E0Q,0
CUST_ML56TWO5RF,0
CUST_T8IMZEZ9JD,0
CUST_E5VW51EZRD,0
CUST_BT7GUMMJLC,0
CUST_PGC494VJ4X,0
CUST_UK9EM50XWU,0
CUST_HH4IURGMVF,0
CUST_26TPNA94YL,0
CUST_Z6UG0OGT4G,0
CUST_DJVJA0Q9EM,0
CUST_1BPL2AXU3F,0
CUST_FK3B2N6UKL,0
CUST_QL3CFYKH2E,0
CUST_HEPFSDSR3C,0
CUST_1OP6VQGUEC,0
CUST_OR68CMH1TC,0
CUST_T9GR4PIH1H,0
CUST_U8QPRD6TY2,0
CUST_8LUNCIDE23,0
CUST_GVFZDHU992,0
CUST_D9DQN4E4E6,0
CUST_4DXCQD3KEK,0
CUST_2KP9NJI4HV,0
CUST_HXFZHFF9G0,0
CUST_EHLMAIYPB0,0
CUST_2FYM2E9KIP,0
CUST_V291MG0VGB,0
CUST_SK43PY8VJX,0
CUST_NOLSVDHAE1,0
CUST_NKG255C7O0,0
CUST_IXFDMWKFIS,0
CUST_W72SAL0F39,0
CUST_TXAB0CMK2L,0
CUST_OXAXW6R0K7,0
CUST_77855V6SKR,0
CUST_MGFJTE1PXN,0
CUST_U00C37RK4A,0
CUST_E9D87G05YT,0
CUST_08AZ9IXZKL,0
CUST_4QJEXHO1P1,0
CUST_3PFZ4R6LJ7,0
CUST_Q19FV0DYTY,0
CUST_EYRDWZ6F2U,0
CUST_WYO9KL7KJH,0
CUST_VHWUOMLPBD,0
CUST_ORV2G24DI6,0
CUST_7OOK0GB9BK,0
CUST_1C6VFVRTE4,0
CUST_SMZHQ9MNTB,0
CUST_NVFQ3TR2SS,0
CUST_JNR732WL0Y,0
CUST_VHFAZDFC9J,0
CUST_6CNJHXA0RI,0
CUST_X1JKWLZRAT,0
CUST_6YTUFUHEHT,0
CUST_XN5JWAZ28W,0
CUST_3YAEQRQADM,0
CUST_9NWP9T3IFW,0
CUST_6PL1FC5WSV,0
CUST_C7BIO51K1P,0
CUST_PLOU6R9G77,0
CUST_MD1XE0NALE,0
CUST_DEIU9LYRHA,0
CUST_S7CT6UX1AN,0
CUST_MO96RT43WU,0
CUST_Y2DRALZY01,0
CUST_8WA2M29G7K,0
CUST_82KUNNHMUY,0
CUST_XDG9FLXZMA,0
CUST_OXTUFIMAS7,0
CUST_AL4OUGP04K,0
CUST_6ZAP97VJ99,0
CUST_ECL22TZDWO,0
CUST_D2W6LUSDGZ,0
CUST_9JMZWDGEH7,0
CUST_YJNDU2YP0I,0
CUST_6LB2DLOOQW,0
CUST_6OEZQNID0D,0
CUST_B8LL76Y47X,0
CUST_ZE4UVX5YET,0
CUST_SH3P46U4Q6,0
CUST_DIM1EQZWE9,0
CUST_TPOC0GVF8J,0
CUST_XKZEX5EOZ0,0
CUST_L5K12524LI,0
CUST_65CPOILDS5,0
CUST_CEJUVPJ8P4,0
CUST_7TGWMABC08,0
CUST_NE7FFV2AFQ,0
CUST_7ZBNAB9KYO,0
CUST_OSZ94IBNX8,0
CUST_M9F7P7OXA2,0
CUST_3F4JDME4LH,0
CUST_OBO00TIGHP,0
CUST_10VZG9AHEH,0
CUST_7CWJ9HEMYO,0
CUST_U3NUEQE0JE,0
CUST_YWVRGQN07S,0
CUST_FGED0IM9C9,0
CUST_0VX526C4NF,0
CUST_XQANH55Z64,0
CUST_WJX6S10J5G,0
CUST_S8HZ2QS7UN,0
CUST_UXBRTUEFGH,0
CUST_XFB3L7T7RF,0
CUST_FL3FIJL94T,0
CUST_F7BO5K2FQH,0
CUST_4I5O8ZKU35,0
CUST_ZJLHFA920Q,0
CUST_J6LTE5ELUX,0
CUST_DXD8YMTQ0S,0
CUST_1NMJ8BNB11,0
CUST_T3A9KDEPWT,0
CUST_1O2J6ZOFU8,0
CUST_K0THUJ79W8,0
CUST_DZ1UXDPR8D,0
CUST_IHUT4YOY67,0
CUST_K5IFQ3FC1W,0
CUST_I291P2H69Q,0
CUST_2LNXQWE124,0
CUST_ZYTB1ECQVP,0
CUST_LVSADI477F,0
CUST_O8P72LPZJA,0
CUST_1VUYLIB7BL,0
CUST_C0X8ESG6EW,0
CUST_6WTKMCI1C7,0
CUST_FPR94T302P,0
CUST_5JPE9CV7M6,0
CUST_Z2D4IXVIGI,0
CUST_4Z4ISV9ZCD,0
CUST_TVBYT0B0V3,0
CUST_LYJZIR1CJ8,0
CUST_XQ1EUEE1L0,0
CUST_HGMHDXOCP2,0
CUST_OPKXR6PLDH,0
CUST_SBLFXZSXY2,0
CUST_6N6CQ5OO0S,0
CUST_JVEB3EJOJ8,0
CUST_8LJLK5LP7M,0
CUST_I67E2SEHO4,0
CUST_PL6UOGKK9L,0
CUST_1IVN9OBBK6,0
CUST_IHRGSTVCRB,0
CUST_B4G3A7DK4K,0
CUST_LBA05E9WLI,0
CUST_TGXGQZ2ECR,0
CUST_N638XC5N2I,0
CUST_7M9GKAZCZL,0
CUST_K00F3LV7FE,0
CUST_2HD9YOKLSN,0
CUST_RKGXGQ9H07,0
CUST_XV5JKFON3W,0
CUST_REOBLH3O57,0
CUST_LMXR6S3JV9,0
CUST_S1GKPISAQA,0
CUST_8Y31D84435,0
CUST_1C05UUZHBJ,0
CUST_RA96STZ1KM,0
CUST_ZXMPVHWH0S,0
CUST_VRIA8V89VW,0
CUST_PKF8BP41CT,0
CUST_06SFVZ62L1,0
CUST_ED80RZMVOO,0
CUST_QD3X19AMPC,0
CUST_BXD0FT9R4C,0
CUST_OM4MEYG9PO,0
CUST_MJOS819LOS,0
CUST_45ICL2I17F,0
CUST_6RXMPKXOND,0
CUST_ZYAVWXWZXD,0
CUST_TNOJNS3OVY,0
CUST_MOQN3PSDAO,0
CUST_WHSQ6Z2YQ4,0
CUST_XD27XBIOZ8,0
CUST_FVQ14NHPXL,0
CUST_F17AEB0OWK,0
CUST_ODR5MLU1EC,0
CUST_YCP10W121A,0
CUST_XRIE1OJC49,0
CUST_M5TW5TTHZI,0
CUST_EUXC0W51MF,0
CUST_0KGJT4O4P3,0
CUST_CG9ZLXHL4E,0
CUST_928PBC9ID3,0
CUST_G5MTYIH4PR,0
CUST_F20EXWE1AN,0
CUST_A0Y9DO3W1U,0
CUST_QF1S2W84S8,0
CUST_04NUONGHVU,0
CUST_TXJZDOCS9K,0
CUST_R265K7P4R3,0
CUST_WL72B7J92F,0
CUST_06B4ZII19U,0
CUST_VJ29B99N9H,0
CUST_B343XU9G6W,0
CUST_FCQTDO87OS,0
CUST_G1N7GYG0LS,0
CUST_0JD1C5H1FR,0
CUST_FYIQB0K8SY,0
CUST_VHEXDRYEKF,0
CUST_A6OKL7Q0ZH,0
CUST_Z46NPL2PFJ,0
CUST_6CYXPXYMJ5,0
CUST_WE660TFBDW,0
CUST_B5ZVRPQNV0,0
CUST_XNP7BLY4DZ,0
CUST_AONFJ65TD6,0
CUST_MS47WA7GWL,0
CUST_IFHUOFAO1F,0
CUST_WL9ZBXYW4S,0
CUST_9XBXP56NK9,0
CUST_JMBK9RXXEB,0
CUST_A8HZ0YAWSQ,0
CUST_V0WDJK1U7L,0
CUST_2B5D9MIYCM,0
CUST_3TUN0YGABO,0
CUST_AJ36BXI9RR,0
CUST_KYFPQFWJMM,0
CUST_X8P8WZVCRE,0
CUST_KSS71MV0PK,0
CUST_WC13NXBTWI,0
CUST_W0MWDAGJXB,0
CUST_QFT1LA6ZS4,0
CUST_GO3J2NBQWW,0
CUST_9R67LJB6OK,0
CUST_HCK5CGJ9YL,0
CUST_Y44NTRS8TI,0
CUST_JH93YML948,0
CUST_4DMK4Y7WAQ,0
CUST_BIN0I4CO4B,0
CUST_1K7ME6KI05,0
CUST_IHCQOVZAS8,0
CUST_G43L4D0022,0
CUST_587D981QAQ,0
CUST_FA9HPJYNR7,0
CUST_6BIMOQYEBM,0
CUST_85KNPPP296,0
CUST_I2JELWKW7B,0
CUST_8LL603981J,0
CUST_HITPVZR29S,0
CUST_2EQML05P1D,0
CUST_UWGPMBEV1J,0
CUST_OJVU289PB8,0
CUST_AYEQC4WLAT,0
CUST_MUZND6RLOX,0
CUST_0ITPXFMJ5K,0
CUST_KQM0236XSP,0
CUST_RJXHXV0C6Q,0
CUST_GFW8SUU3J8,0
CUST_SYVO0E1CZ0,0
CUST_69Q2VOBK4J,0
CUST_FTUVUSMUF2,0
CUST_MY0GHGV31C,0
CUST_28F5E6VRQ4,0
CUST_YYTJC2DJX2,0
CUST_65U0H4BLWR,0
CUST_RZVGVDM7ND,0
CUST_R2CDULM0WQ,0
CUST_9G8YVD0TBN,0
CUST_X5KAHSJGV1,0
CUST_U5XQOXL15F,0
CUST_WU351N9FSV,0
CUST_U21LIPRT57,0
CUST_ANTUK7N6MM,0
CUST_HCO9X0ULYG,0
CUST_AVCYIM0SQF,0
CUST_SO5ZWI8KTH,0
CUST_ZUYSJ9QCEC,0
CUST_3NXGDW1I1S,0
CUST_ZLWA5LOMVH,0
CUST_EY7GA5IV21,0
CUST_5KQU3IEJUX,0
CUST_9OT744K4QJ,0
CUST_3XG196TWFO,0
CUST_BSOS39IHZ6,0
CUST_LWO569PHVG,0
CUST_6D4KBI0760,0
CUST_NU67JE6CDQ,0
CUST_KJ4URGUB7B,0
CUST_SPEQ9GG094,0
CUST_P9QQRXM4BI,0
CUST_S9MDWF5K3D,0
CUST_ZEJPQP4EQB,0
CUST_9YXM24X3W9,0
CUST_YC9SCQ3QBY,0
CUST_NNHU2YQL01,0
CUST_297G0R4NHN,0
CUST_EQ86BJO4DA,0
CUST_FCFSPR9IKI,0
CUST_N3OQS9AAED,0
CUST_CPBVXA6V03,0
CUST_VFZECN1VSF,0
CUST_ITO32841M9,0
CUST_LYSAYOH5D9,0
CUST_P4W9BPZV4X,0
CUST_0HXIATYP7S,0
CUST_D6DBUUEIXN,0
CUST_JIJWVZXYTI,0
CUST_QW7FY50G9I,0
CUST_YK4VV0VF1U,0
CUST_304924OLDY,0
CUST_TKWEE5UCPH,0
CUST_I25S4N9VC7,0
CUST_9YRHX9OD7C,0
CUST_UOX94UTR5J,0
CUST_Q4RI2DZZB4,0
CUST_J80WS4UG7O,0
CUST_68NDTC3LR8,0
CUST_9SWSAOP3H7,0
CUST_ODRR545RZC,0
CUST_V7TK9PD4EJ,0
CUST_TPQ333HZ14,0
CUST_JL6KMIWC1R,0
CUST_1NR3FBB8VS,0
CUST_U5FLEEU0FB,0
CUST_4LPT8U0UHI,0
CUST_ZFN22Z9Z8R,0
CUST_O93QJF6720,0
CUST_Y9UOFYXEDH,0
CUST_T0HUUBB7IC,0
CUST_711JPZOERK,0
CUST_95UUETR7B9,0
CUST_QC80CR2ZZX,0
CUST_RM0V5C8PIJ,0
CUST_2EK9CQWL43,0
CUST_XSPXNL7WSZ,0
CUST_U64V4Q91W7,0
CUST_SM8WF5KVSL,0
CUST_1TELH0ZE2P,0
CUST_142OJRHLUV,0
CUST_SAAQZMMECU,0
CUST_DVMHF0YNEN,0
CUST_XU2W5ZO68A,0
CUST_S42NSNL3VO,0
CUST_NLE47VLVR2,0
CUST_ECD6ZD86C6,0
CUST_ZJCY8XW6LE,0
CUST_TL8NW7WCRL,0
CUST_Y4V7YX6Y46,0
CUST_T3BG2O0OLV,0
CUST_7HBUJFO7I6,0
CUST_BZABN6WU9J,0
CUST_S25NN0S3BZ,0
CUST_LTDH6K4W8D,0
CUST_CX8DLHEE2F,0
CUST_4YBXSFSCJX,0
CUST_VQ0NIO3TR9,0
CUST_X04M8W3HZL,0
CUST_R102GO1Z9K,0
CUST_N3CHOJETY3,0
CUST_M93MANJUCW,0
CUST_VH7IY13X3K,0
CUST_CMNB6QDN1M,0
CUST_GUTUHQAW7A,0
CUST_IDBHY4AUIX,0
CUST_R5EZ3L2OY4,0
CUST_3S1G4DNIUO,0
CUST_8JGQEAA8CZ,0
CUST_KMF4BY4D9X,0
CUST_IHZKQRYXF0,0
CUST_ZHY87TNYLU,0
CUST_1WW7VR3VOF,0
CUST_XQOEP60R1Z,0
CUST_2OYIK4EVUU,0
CUST_DM804SXRJB,0
CUST_98DUG9TRNX,0
CUST_86144WOFRK,0
CUST_0H7HC5UQE9,0
CUST_GGMJCCXHQH,0
CUST_6ITN5OGD56,0
CUST_K3205UK1LA,0
CUST_PJV3YS2J1I,0
CUST_LUT2I8TWYC,0
CUST_NSPBYCB13M,0
CUST_HUMGAOCMZQ,0
CUST_RX3KDF4D74,0
CUST_IIMBIX26GI,0
CUST_DYS7TK2PD4,0
CUST_ZE8CG47QOP,0
CUST_3RH0O1QHDW,0
CUST_RWB25D3VAY,0
CUST_VURF6IXTV4,0
CUST_69Y42HWLSM,0
CUST_ECDA1KGQBH,0
CUST_00Z5H1WNGJ,0
CUST_R63WPYXSM1,0
CUST_Z0W28HNO0Z,0
CUST_3B55QOK0WU,0
CUST_2A67MR8G4A,0
CUST_0U7RHKG7C3,0
CUST_A9E7R0QDHU,0
CUST_NN0R23H6K4,0
CUST_8MOJI2E9R9,0
CUST_6C43Y7TEZB,0
CUST_C529WQ1TR3,0
CUST_7A9YEE3R29,0
CUST_X7GDX262EX,0
CUST_1V7UB2R3OD,0
CUST_7PBG6KSE9D,0
CUST_DYAJBM2V2E,0
CUST_1TLAX8P3M5,0
CUST_8YJSV92HKH,0
CUST_PUDU3XLIL8,0
CUST_3YAM5TTK0O,0
CUST_K42OI4T8NG,0
CUST_XWT3UM0N15,0
CUST_0PDX4I4ZNV,0
CUST_G9Q58XM5GR,0
CUST_59YWS4X0DU,0
CUST_LYQYLFI8BG,0
CUST_5F8PS318BF,0
CUST_586U4GD633,0
CUST_G6D3V6HEFC,0
CUST_8VRITVRF45,0
CUST_9ZVRDWPR2M,0
CUST_YHTRZIKIFW,0
CUST_DUUAKCMZ15,0
CUST_LAV0TUX1DA,0
CUST_XY8IAIWVUN,0
CUST_VPZAY4MJRX,0
CUST_3VHVK728R9,0
CUST_BBCL92L8TZ,0
CUST_NIKOAKTIF3,0
CUST_XA2R8F3Y0F,0
CUST_FPWMO291YN,0
CUST_7UDT19W6KN,0
CUST_641PEFOXKR,0
CUST_U9SHX0FJ5O,0
CUST_OVR8CB1Q49,0
CUST_G3ZLFIUS07,0
CUST_BCZ4UHCQPC,0
CUST_J8YFVLFR3B,0
CUST_YN1C159DK1,0
CUST_URWGW449G5,0
CUST_APHKP5WW7P,0
CUST_39FIJ0B20X,0
CUST_OL9MXFITJW,0
CUST_3AIEU4ZXOZ,0
CUST_2A8CRL3QTT,0
CUST_8L9JN01G76,0
CUST_SA70GJRIWF,0
CUST_PMRB4DBCFX,0
CUST_G935A2ZH21,0
CUST_TNXZ9M7S9Z,0
CUST_9VDNUQESJT,0
CUST_TFEKMD3TCC,0
CUST_RARXI7UDUQ,0
CUST_515JCSAMJ2,0
CUST_T5N3UCCC8S,0
CUST_82FGA3FZNO,0
CUST_SOE4F1SM7N,0
CUST_8TM4S92FAV,0
CUST_MMCM94QIPV,0
CUST_YLMKNG0L4J,0
CUST_TW5PGQB5H0,0
CUST_Y8RAJ7I19R,0
CUST_RVWHORBB18,0
CUST_RPO6J8U1W4,0
CUST_99RWHJNBOX,0
CUST_AIU0GO73FI,0
CUST_XEIGRWKVE3,0
CUST_7GTAH21VTU,0
CUST_ZC1VDLP1ND,0
CUST_9ZXGC6X2NQ,0
CUST_XYPKBVJ5D4,0
CUST_8KWU129KYJ,0
CUST_XQSHBO56WL,0
CUST_K6J7RJZ9QI,0
CUST_2PSGLOUWYJ,0
CUST_750NA2AA3L,0
CUST_KHJMPZZ1TO,0
CUST_D1M50Q0OGZ,0
CUST_KIJD7N47W2,0
CUST_62L2PDACWD,0
CUST_ULE8X4Q0E7,0
CUST_JMKABOXWKJ,0
CUST_I4841LQVBW,0
CUST_I9XE3QC0R0,0
CUST_VBN11PPY75,0
CUST_FMIY7DCPXJ,0
CUST_LLDVIA3MCK,0
CUST_Q343S1BO70,0
CUST_ZNHIHU9O9H,0
CUST_OU5IAXGBZY,0
CUST_8YA3REXM3E,0
CUST_9SAXQ7E9N1,0
CUST_UI7CTUR75T,0
CUST_8Y5Q30UIH2,0
CUST_G2BNBYUDC8,0
CUST_AJSM7BYI7V,0
CUST_YZ22MWZL83,0
CUST_8A6IPNJWI3,0
CUST_DECCPID8JZ,0
CUST_NZH5RRG3VT,0
CUST_GRRVP0ANRF,0
CUST_HS27WCA6FT,0
CUST_OWVF9QDY6U,0
CUST_E907COQEPW,0
CUST_46JW7K8R0W,0
CUST_YIDXMK7GRW,0
CUST_MF6C7BO2SK,0
CUST_DG53NCYKGU,0
CUST_KF557VW6G2,0
CUST_V42U5Z496U,0
CUST_JRIFG7WQUG,0
CUST_0FWKWS3D6V,0
CUST_LICL3YU5GA,0
CUST_2MFQCWCP4O,0
CUST_O8WGC4A03P,0
CUST_A7VK6NU19K,0
CUST_KDZDBI63KZ,0
CUST_ZNT9W6YKP3,0
CUST_019GV2XXP8,0
CUST_TNSW2F7ROU,0
CUST_9ZR4FIK34S,0
CUST_SF1DNV2D7Q,0
CUST_UCVBH0X958,0
CUST_G0P0OAJC6B,0
CUST_HRZHIW7A0I,0
CUST_LHV6MWXNSI,0
CUST_7OUKPGO4KT,0
CUST_7OYQMYXK6T,0
CUST_P29MY0O4WY,0
CUST_YKJ3YLLTJ8,0
CUST_DH7MIWHQLA,0
CUST_PSSSDNBJ08,0
CUST_NTSMT4MGXU,0
CUST_JQ2QI8J28T,0
CUST_IHMM9LJ4XJ,0
CUST_ZO6IMVVQJ7,0
CUST_QYAN657G5O,0
CUST_JR3QNSI3V0,0
CUST_SAX2ME4RUL,0
CUST_S7CTAYMF49,0
CUST_6FZHNNJ9E3,0
CUST_EUBEXB2X45,0
CUST_IWEUSSC1UW,0
CUST_H4E5XT5BEM,0
CUST_Z6R3WG4PH7,0
CUST_SXUYOL0MGF,0
CUST_ZEX3KLDI9X,0
CUST_615GV3B55Y,0
CUST_GJRVMFLU2Y,0
CUST_5NEV8BGXO2,0
CUST_UR6NHF4DLG,0
CUST_8I47FCPS8B,0
CUST_DLZWZE3R7K,0
CUST_0BY8WC1QLL,0
CUST_ZPF7O7HXO6,0
CUST_E8L23KLJT8,0
CUST_8X1B2DIV18,0
CUST_S0XTRNZ9MP,0
CUST_LMBRI0EM1N,0
CUST_2ETY8KF1I7,0
CUST_CL5M5WYMRO,0
CUST_N9YUN3U1GW,0
CUST_9VDV8145IT,0
CUST_TVFSDA3X9N,0
CUST_OC62RGABUA,0
CUST_3MXLRTW3DF,0
CUST_XI0PS3F620,0
CUST_L6WN442QDQ,0
CUST_AJXJO4KF3W,0
CUST_GTI7ZYVKT7,0
CUST_1009ZBTOE9,0
CUST_7P7QQR3WTF,0
CUST_RODVYLQ7KA,0
CUST_9UVCVIT6C7,0
CUST_HZZKODNU8I,0
CUST_3I6F14T50R,0
CUST_Q51BRQX18L,0
CUST_WVVRZ3CLZH,0
CUST_6ZOZKCDBTN,0
CUST_AET56L0WC3,0
CUST_7PVZAEIL9M,0
CUST_2P2X50OL3X,0
CUST_XWQ5CZB586,0
CUST_CILDWCXT8D,0
CUST_SUNTQBY8LE,0
CUST_D3IORCZ5CH,0
CUST_KUXYANKIR6,0
CUST_C228G4IK8V,0
CUST_MHNTNZU00J,0
CUST_PLLFERS9Z6,0
CUST_7C886J66VT,0
CUST_5UFUFDBCDV,0
CUST_6263D1JGRL,0
CUST_XFC30A0QLD,0
CUST_8LDPE353F2,0
CUST_C48AGNMCXM,0
CUST_O5E5THN2PS,0
CUST_L6CUFLGQ8Z,0
CUST_9DJWNYLD5B,0
CUST_DLO331TPLJ,0
CUST_QGLN8JB6PN,0
CUST_VCJAWG9YB8,0
CUST_Z7ECLS0HHJ,0
CUST_506LM4WSJA,0
CUST_4388LT6BZD,0
CUST_27YN7ZKEOC,0
CUST_7WJMBW4YAY,0
CUST_ALZSLMRT5Q,0
CUST_QFQQ56WP3K,0
CUST_3QCJ3U7WBD,0
CUST_A6IID0BLZE,0
CUST_4TU1MYYM50,0
CUST_DQ6551T2QX,0
CUST_77N198AJIR,0
CUST_XDOL3F8Q4X,0
CUST_P7NKQJ5DIT,0
CUST_VG78XVQ45J,0
CUST_EATVIMDEVG,0
CUST_S80J26MKMC,0
CUST_889SYP5OLV,0
CUST_TN9V7PPDPI,0
CUST_7ARSLPZ4ML,0
CUST_Z7M0CELDWR,0
CUST_ECUN2Y9YCY,0
CUST_N9GTZAFH02,0
CUST_OEFQNDH2TZ,0
CUST_P9NFCSFSV3,0
CUST_GIF1BSVETW,0
CUST_SBRHQFE052,0
CUST_UHL0Z2XBZN,0
CUST_QTMO6E8IDC,0
CUST_1PTD4HIG58,0
CUST_7VTLLBJHI2,0
CUST_AVGDSIL7LL,0
CUST_7PXF8T0KXX,0
CUST_KV0R90Y9WT,0
CUST_TOD2M51RB2,0
CUST_1RGOJ9NJND,0
CUST_YID0CSASRS,0
CUST_T80SZ9BDUT,0
CUST_502K2D9BY9,0
CUST_ICTQZPETOF,0
CUST_RPRU340WOJ,0
CUST_4WTM6NP83P,0
CUST_BIADUICTWQ,0
CUST_VGO6VC4XHQ,0
CUST_F3OYSQ3MG5,0
CUST_ZBGP1BO4O6,0
CUST_ZY3DAAL8JI,0
CUST_GXV8XK0OPG,0
CUST_D237DHN5VC,0
CUST_IPUPFAGR9O,0
CUST_9PGKVSI13B,0
CUST_GX26D8UXCO,0
CUST_NJL6ZGT8QV,0
CUST_81BZ027QGE,0
CUST_WWD392EV3I,0
CUST_AQMIZ7R597,0
CUST_KCWPM37ZV1,0
CUST_BIUUICNO2Q,0
CUST_1HGU3BESNK,0
CUST_T5GM6FGO04,0
CUST_H69LEYS68W,0
CUST_4B6RV5CADP,0
CUST_W8CNHVZG04,0
CUST_J1AK8W7X8S,0
CUST_JUK0HSGD1N,0
CUST_MQEWHRLXPT,0
CUST_26VBEY6LEK,0
CUST_TJKRN48CC6,0
CUST_HDIZ232Y6L,0
CUST_Y1IBI0IWVM,0
CUST_AK7LUHRQU3,0
CUST_OJZ42OS9JN,0
CUST_I9LHH7VO9J,0
CUST_CTF9BHB8FP,0
CUST_NEUR3DIS5R,0
CUST_Y4RO8NFVK5,0
CUST_13TPMH3U87,0
CUST_YE0AQ1ABH2,0
CUST_EZXKZPEUEB,0
CUST_0K3527E2RD,0
CUST_26AAY5HV8O,0
CUST_GESS1I8OY3,0
CUST_ML4BKVDRHA,0
CUST_VG901WONRI,0
CUST_0ZIVYEUOM1,0
CUST_J1214XVHEY,0
CUST_DP26VLT7FJ,0
CUST_TE4Z4VKWP4,0
CUST_FGEYGELOAB,0
CUST_BBL1UQH264,0
CUST_ZGKILWJMGO,0
CUST_7S9HV1PEK4,0
CUST_2V4P1S0466,0
CUST_KON50ZR8A9,0
CUST_TOCRB1PKDX,0
CUST_7BFZQH9W4F,0
CUST_RBE6Z8T16H,0
CUST_X29XJQ046V,0
CUST_10KRO71FMB,0
CUST_EBDZ2DI13F,0
CUST_338C62WI2G,0
CUST_LDIJX0KC66,0
CUST_TEVG8VTXGF,0
CUST_RHCGNVAYNR,0
CUST_7T86BN9G5Z,0
CUST_MHM7QOJ4BH,0
CUST_BCMOD5EGYY,0
CUST_LRPI9AX6J0,0
CUST_1DONXXA251,0
CUST_1OAY6BIH1P,0
CUST_86MZBRL404,0
CUST_3N75CNK32F,0
CUST_3ANZXPF02E,0
CUST_VNAP5Y6215,0
CUST_ZO35RNT9ZR,0
CUST_3E79RGZIMZ,0
CUST_1N6B2Z6B09,0
CUST_2LGA95A08B,0
CUST_5FHV3OTSX1,0
CUST_X753KG69ZV,0
CUST_1WJHJF8DVV,0
CUST_PWQUBNVSQL,0
CUST_HHW8E910MJ,0
CUST_IW6ZFTKGXD,0
CUST_AG654NH58Q,0
CUST_HC29JOS9AS,0
CUST_9TQAS26WK6,0
CUST_AI341Z89EU,0
CUST_M3QVY3X90Y,0
CUST_0IZJKGJ7FB,0
CUST_2C3M4QPGV6,0
CUST_AYNVGO2JHW,0
CUST_96AHA82WW8,0
CUST_JNAD05CG2R,0
CUST_RUJJ7LF3ML,0
CUST_XNDXVGYHMI,0
CUST_GZXK60T713,0
CUST_JQRS24Y9EV,0
CUST_HT09YXLEXA,0
CUST_26LOERFVSX,0
CUST_K3UKJ9X6EX,0
CUST_F2YUYR0SL9,0
CUST_RS14GN4QFB,0
CUST_76ATVYTUJS,0
CUST_RDS618Q5HW,0
CUST_DPM6Y24VZ2,0
CUST_GMSVDQ1ETW,0
CUST_JSELQSNA4U,0
CUST_L0PBKI7PLH,0
CUST_62F8SP66S9,0
CUST_GEE5PIV50M,0
CUST_I7U4GH4E8Y,0
CUST_FIOY5PYGPD,0
CUST_24R4IHWI95,0
CUST_2ODEW99OW1,0
CUST_CR3FTC6T89,0
CUST_9IDZ9FEXFN,0
CUST_8BILR64CAG,0
CUST_RM7YOJ9CGE,0
CUST_086YSTUQDR,0
CUST_D2AL7YMRTS,0
CUST_S7TNFW5REK,0
CUST_NN6F2M4MS8,0
CUST_FVH4KBMGDV,0
CUST_7HJ7J730PD,0
CUST_I2M8DMZDS1,0
CUST_J6EMH8IO1K,0
CUST_KKCXPO1BWW,0
CUST_VR6TQF58DR,0
CUST_VLCW059N34,0
CUST_2UW4OHHWEY,0
CUST_KW2UNYILU9,0
CUST_JJLT8GNX4J,0
CUST_BGNV5LJDP2,0
CUST_5UPPNKHFT1,0
CUST_3A3A25AOZB,0
CUST_VZ2ONZH6NF,0
CUST_VG1YKWPGXF,0
CUST_Z33YHHVRB1,0
CUST_18AV1KD5H3,0
CUST_6OS218AV9W,0
CUST_PDUG9H4MK9,0
CUST_SWD9088OO1,0
CUST_YLV3HFX8ZW,0
CUST_SIHTKVDR2O,0
CUST_UMRI5HPRJV,0
CUST_AF39NBNZJG,0
CUST_HHBWKY9ZXU,0
CUST_MCE7KMBAG7,0
CUST_5ZX7ILP4JQ,0
CUST_EGWJO0HWTG,0
CUST_LKBL2U1L6V,0
CUST_I4YH2I43P0,0
CUST_VGVM1BJY4J,0
CUST_EQG2JIWFY3,0
CUST_9NXKXNXTQM,0
CUST_1F9BO86BSQ,0
CUST_QEG0BOMC8J,0
CUST_46UOJREAS6,0
CUST_KAX9EC5DJH,0
CUST_I0VADP8FWL,0
CUST_QB80O1WYXH,0
CUST_4940J3OEBR,0
CUST_GV3K4M3TSD,0
CUST_MXJVJI81ZZ,0
CUST_RRYDVSH8DK,0
CUST_OZYQR487PO,0
CUST_8XTHAAXZ2O,0
CUST_ZIOXZZFINC,0
CUST_UH85G0AXFF,0
CUST_ZE8MNXDJ77,0
CUST_7VM4N6PIEK,0
CUST_5SLC5X35VO,0
CUST_VG058BMN74,0
CUST_62D8ZK1GJO,0
CUST_LF4KG8F3PY,0
CUST_9CB7NB71A1,0
CUST_AKGQ6XLQWA,0
CUST_ZZKYT9YL34,0
CUST_I6BMXDLV6U,0
CUST_1BCPH5C6T6,0
CUST_L7L1052VP6,0
CUST_J5XRPSTINN,0
CUST_DQ796L0UD2,0
CUST_RHNIWGEEZU,0
CUST_044XSUF0HP,0
CUST_9UDQM8GQLM,0
CUST_UDSLFFFOOX,0
CUST_15QY1HUWMD,0
CUST_YVU73IWWW6,0
CUST_49CZJC4KU0,0
CUST_WE2IMO6WQM,0
CUST_JMKH6PWIHZ,0
CUST_ZWY5YLGFNA,0
CUST_MGWVM48QZ6,0
CUST_YH7XAS72DI,0
CUST_DE0TC5IANZ,0
CUST_S3E8OEXTYD,0
CUST_3CTN6T9XIM,0
CUST_U5DQH3YN3Q,0
CUST_IB5YF4D3NU,0
CUST_PIG1HO6UXK,0
CUST_C3KCK6M5D4,0
CUST_D7HOWCZX78,0
CUST_L48DDK3DS1,0
CUST_ZGSAHTFA22,0
CUST_ZDREIMOYNE,0
CUST_SYV1CB1BAD,0
CUST_4C6SS12XE9,0
CUST_5A1TBVV6ML,0
CUST_8FEDNXFXXI,0
CUST_HZ4VN44WSF,0
CUST_9ZPSIFYHO8,0
CUST_SA2ZNJMMA0,0
CUST_Y2E7E82XHR,0
CUST_F3CPZ0E6ZV,0
CUST_XVTNW038CG,0
CUST_5ET8QFN15J,0
CUST_GD755TE2R4,0
CUST_9Y2TG1K21L,0
CUST_A253F68PUS,0
CUST_VIPJ4DA8NH,0
CUST_SONQ9TEAN6,0
CUST_UWQYOMB3Q3,0
CUST_M18PZ2LHYF,0
CUST_2KPUF0E5S6,0
CUST_V53KS218W1,0
CUST_FAB6IUMN6U,0
CUST_WC67AW9EFE,0
CUST_S6ALQNV7CZ,0
CUST_E7V85VB4QQ,0
CUST_GY4UTKLGFT,0
CUST_XKI4CWJJQF,0
CUST_DOXSF7NR5K,0
CUST_8ZEFRG93JE,0
CUST_7HRAUNHTTK,0
CUST_CCJLTO1ZBM,0
CUST_A2MN8I78BA,0
CUST_FTHGPNC1J0,0
CUST_VO9G0XR484,0
CUST_80APHSYY96,0
CUST_WAQ7CCSXP1,0
CUST_P739SODHG3,0
CUST_9HD2WL7GVF,0
CUST_85BEB4FIEK,0
CUST_FKURGR2GXP,0
CUST_419FF9KUGV,0
CUST_1W0NTFU3TY,0
CUST_9A9C0FL9FA,0
CUST_UNX6U0X2W3,0
CUST_4GQ3TESPCS,0
CUST_KOUPYT55IA,0
CUST_S6W0PWS1PZ,0
CUST_L50TNP2Y9K,0
CUST_PI32W79IJ6,0
CUST_4TYTINO3HW,0
CUST_RJ2W9DSAE0,0
CUST_OM8YYX56TW,0
CUST_V1XZM2O872,0
CUST_OB2FQTV8SL,0
CUST_YVPB6JIB0O,0
CUST_PXUGJ8VN6Y,0
CUST_KBCITMSYMX,0
CUST_YTM9T0WH6U,0
CUST_VO6OXMV3Y4,0
CUST_1I0MEKXT4C,0
CUST_26MOOA3V8H,0
CUST_LJ5Y26PO7E,0
CUST_LARD2P7HRX,0
CUST_68L548WABM,0
CUST_G23GANQTCZ,0
CUST_TI67X02F5K,0
CUST_VEG2US1D4G,0
CUST_7VTZDG2FAP,0
CUST_B9DQO1ZA96,0
CUST_QZ5J0YHLR3,0
CUST_N6PB5PWO3E,0
CUST_QG92LSLVVV,0
CUST_IT6WNRYKBQ,0
CUST_UGA512VLKZ,0
CUST_R4B2KRN906,0
CUST_2MVCNC9D53,0
CUST_5DY6V4Q5L9,0
CUST_HMHFE9JNDT,0
CUST_623CJRAQYQ,0
CUST_GRUZ8CPJUC,0
CUST_2R3DBDBFIG,0
CUST_QMUUGAEJFP,0
CUST_2N86T4X5Y2,0
CUST_SD7755HE0P,0
CUST_PWUZUMEJJ2,0
CUST_4UVU4NQQ0M,0
CUST_2Q1WL4K9AN,0
CUST_ORUR26DNEG,0
CUST_5K0WMB4Q19,0
CUST_1OTQ4G54O5,0
CUST_1K25GLTCJ7,0
CUST_IRY2MK3KMB,0
CUST_6UTURJ1X5R,0
CUST_9NFVUDUXVQ,0
CUST_Z5CQW402WY,0
CUST_NVYQ0ZBWE2,0
CUST_MW7KHM2Z71,0
CUST_RFFSQ69DRM,0
CUST_7AUIS8U5I3,0
CUST_MI2PXS3ANW,0
CUST_VD5GRNVLCY,0
CUST_J7YM12Q080,0
CUST_5K9S954WQR,0
CUST_4XNFE92KY1,0
CUST_1P77EDPWCB,0
CUST_ZEGSK5YKW2,0
CUST_7TJJAYSJVV,0
CUST_IHEUYWCEZZ,0
CUST_CHWEUPOQKK,0
CUST_4N9CEU17EF,0
CUST_W8A1PZZB1G,0
CUST_PQFIBGLG9U,0
CUST_370VDG2OM6,0
CUST_340BDVN6Q6,0
CUST_9KU3VQ9Q8W,0
CUST_VMLY0T3H5E,0
CUST_TVGC74G7AC,0
CUST_XPL6N0ZIEL,0
CUST_C8HGV06Q1Y,0
CUST_4FKMXRJ7OI,0
CUST_TVN7QNRLX0,0
CUST_NNK3OYJDDF,0
CUST_98DRBNCET0,0
CUST_6QXVI8W0L5,0
CUST_9QB1LGR08N,0
CUST_JEU307560N,0
CUST_MJAAFXJVDS,0
CUST_G30AOP6I1O,0
CUST_MUJSCF3XKP,0
CUST_52Y05WMBLU,0
CUST_O4HFX3ZRLL,0
CUST_QL2KZI3WVJ,0
CUST_GHZL2GN67H,0
CUST_99WUB41IM4,0
CUST_A2WA37RUUD,0
CUST_NCA5RIWC9L,0
CUST_XQR0405Z32,0
CUST_FFMQTEWMNP,0
CUST_HSF35WM161,0
CUST_N6HNA6QETT,0
CUST_QR5WJOO07H,0
CUST_XJWRE76B3S,0
CUST_849GBYOTQA,0
CUST_Q16EPC9QUP,0
CUST_8D1NHZX37V,0
CUST_6P1AAS9BS2,0
CUST_06TPNOGLJC,0
CUST_Q1EF3ZJ06P,0
CUST_FID111W2DQ,0
CUST_IPL11PY16O,0
CUST_C4TN1W93QM,0
CUST_6BX2BYY2ZZ,0
CUST_CHNAOT2AJF,0
CUST_6RQHHZQNEL,0
CUST_6OSJ4SDWV2,0
CUST_6UF00M68JX,0
CUST_ZFT0SUGN35,0
CUST_WZ35762LHB,0
CUST_5GMTRI4G3K,0
CUST_P4TEN897HC,0
CUST_NLMOFD72KL,0
CUST_2WN9920WMD,0
CUST_WZITDSUGCZ,0
CUST_HBLOSGEQFI,0
CUST_FQBI6BREN0,0
CUST_UQWIU51T2S,0
CUST_2IJM1TE9ZI,0
CUST_JEZZR5ZFUA,0
CUST_CFB44BHC9F,0
CUST_M05FVNPSW9,0
CUST_KFECDJYRF8,0
CUST_J3A7FLKMGS,0
CUST_A1XPN83VV6,0
CUST_HQKCAE0RVZ,0
CUST_QGMS8LSBHI,0
CUST_MYI7WR6W1W,0
CUST_P2R5VD79W7,0
CUST_MT3FFRRL29,0
CUST_UJSHT07CYR,0
CUST_9VKUG3D2ST,0
CUST_QKL9OC6OBN,0
CUST_OD7EO7JT2V,0
CUST_EG2VM7ZCW0,0
CUST_1A0YMRE2V5,0
CUST_3QC4PBNBKS,0
CUST_QH0S3CQ52L,0
CUST_I6MKAAHXI5,0
CUST_Z57WKJC1UK,0
CUST_TSPND6X31S,0
CUST_T31GPDWFOQ,0
CUST_M0XO1A1D6A,0
CUST_NT62W6BSFA,0
CUST_1DTLORUBB2,0
CUST_IV51ZPK0I9,0
CUST_5YJ83TYJ73,0
CUST_O7U0VCX8IG,0
CUST_BYKVHTFHG1,0
CUST_ZBJAYGVGGK,0
CUST_C8FOGXYQ5Z,0
CUST_YWO2OPF68U,0
CUST_LHIQOHV3YF,0
CUST_GT211D5CAT,0
CUST_HFINMTV0W2,0
CUST_YCKXSYNWY0,0
CUST_4DI7T8IDIC,0
CUST_4JTRQ70T0X,0
CUST_J2FC2N9LDN,0
CUST_K5DA0PNEGI,0
CUST_DZ879YQ5XU,0
CUST_VS3J9YD4OD,0
CUST_AHMV2RG0VS,0
CUST_LGZCBUH0HF,0
CUST_K0FZKKSXSE,0
CUST_GXXBFELOBU,0
CUST_LVFPN3J9Q8,0
CUST_7HOCWWFXT0,0
CUST_HYV0VH5P3O,0
CUST_N7U38KHDP2,0
CUST_9OHXSEV3JJ,0
CUST_AHCAV0CVSQ,0
CUST_G69UDNUC6R,0
CUST_TLG8WEZ4P8,0
CUST_N26EETXSW4,0
CUST_JB6W5N2JLZ,0
CUST_H8EKQSY2MP,0
CUST_AX7VE7PFWK,0
CUST_LDECYN0OA5,0
CUST_SUORMBHP00,0
CUST_41KRMMS07T,0
CUST_746KKVD0Y0,0
CUST_YWOL6PPH0B,0
CUST_DLC9D66UI3,0
CUST_GRYRJTCVU2,0
CUST_CQFY7180CP,0
CUST_HU3SFQ1AR2,0
CUST_DXFF5QMODU,0
CUST_YLDE98CQZP,0
CUST_MR8P5UYZVK,0
CUST_D99MOWXZCY,0
CUST_A9S5UZO4YE,0
CUST_56TTAF7YU3,0
CUST_VGTNAVMPGV,0
CUST_94P03AI2SI,0
CUST_N8RCX41HF5,0
CUST_AI6SULRZE9,0
CUST_51OKUM2B3I,0
CUST_EEEOPAIYQ2,0
CUST_0OOK8OQ5R4,0
CUST_TYGJUHHBQA,0
CUST_RYO0KPMRJN,0
CUST_45AJ8KO7EM,0
CUST_W6CZLP1IWB,0
CUST_X6KE4SPTPA,0
CUST_Y2UF7012XH,0
CUST_KKV7E0TGYP,0
CUST_9A500SHLDW,0
CUST_7SZ6JYSI2S,0
CUST_LBARBISRGF,0
CUST_PDKAQ2LP4N,0
CUST_U39GE3NZ23,0
CUST_F274E570KN,0
CUST_P0TQICEX8S,0
CUST_2XAPCHL244,0
CUST_KY0COQV9IN,0
CUST_Y08FAIYMEZ,0
CUST_IJNZNCVT3E,0
CUST_CK6JDBJ6Z7,0
CUST_QRR7SQKK5R,0
CUST_8WYI0XOJR6,0
CUST_KHEKI1T2FU,0
CUST_94CK5NUSM6,0
CUST_WPOL6DX1UE,0
CUST_NUW11S0JNP,0
CUST_88I23EQORR,0
CUST_TQOYP9QW73,0
CUST_BA3HSBKP44,0
CUST_KDK17W9UTG,0
CUST_DFN4OPQBKB,0
CUST_HLZB3TT03Q,0
CUST_N0VLV5EJEQ,0
CUST_W09NS0PMAS,0
CUST_ZG9FRPKVUP,0
CUST_9JSGSC9SN6,0
CUST_168FM40RJW,0
CUST_PB80CDE56E,0
CUST_JDU5IFSLH6,0
CUST_5D324OE90R,0
CUST_T13WXJLDD6,0
CUST_KH5K82W4SB,0
CUST_95F3T877PU,0
CUST_IHTBP9I2DT,0
CUST_FRMTUDVQ4L,0
CUST_NKFMQUH9UM,0
CUST_AA29UPG8ZM,0
CUST_RNENPG71QE,0
CUST_0QSPX312OU,0
CUST_4VU8ZUPVTH,0
CUST_I1WOQF0K7B,0
CUST_IZXLGYG7U5,0
CUST_FX7UJC7WYE,0
CUST_OOHVNJHQP1,0
CUST_2TK4I0UGQ8,0
CUST_1TU2F7XZD8,0
CUST_3BO2G8A0UF,0
CUST_LI93KNHQ6G,0
CUST_O8JZ51WQVT,0
CUST_I2K9P3GY3U,0
CUST_1Z65JTBTIT,0
CUST_SKWFXL0WAY,0
CUST_VN23YIE2SR,0
CUST_63VVR9WY87,0
CUST_WRS3H3L3LG,0
CUST_3IBE8J57AZ,0
CUST_FICDDHYUIG,0
CUST_OZWJE7Q5OW,0
CUST_O1EM17E24T,0
CUST_L1R56S9M4F,0
CUST_3SRPW81CZ7,0
CUST_4KWWDXSGT3,0
CUST_QAPQHHGT36,0
CUST_T62AJC9FZU,0
CUST_EFCBJORM7Q,0
CUST_27W24ZYKCN,0
CUST_ZHI602ZRB6,0
CUST_VI5TTWQK8U,0
CUST_1IERCAY9NY,0
CUST_PLPK3D0KGJ,0
CUST_SY3ZLCY6JY,0
CUST_AI539861T3,0
CUST_64ZB453IJX,0
CUST_UAY3BLIJ7U,0
CUST_C06XV5R1SO,0
CUST_4LIH09DG5C,0
CUST_89P4U177QV,0
CUST_8BGWXE4QVI,0
CUST_PW8YW07C5B,0
CUST_DUOTO2PKIY,0
CUST_UKCNW9V39E,0
CUST_D03D8AEAWE,0
CUST_JSUWVJ86KG,0
CUST_WR79S5NLE5,0
CUST_6QM5LGLV05,0
CUST_HS2RFB40D3,0
CUST_7F6OXGBXXL,0
CUST_NLBB7MAAIF,0
CUST_1BE9W2DBR7,0
CUST_8CN04GDZ1K,0
CUST_GJ2RB3UO62,0
CUST_KFU5YRE09O,0
CUST_2X6Y7S5PXQ,0
CUST_DLE450EI3C,0
CUST_1IICVQ8B2Z,0
CUST_ALPJ15DFOF,0
CUST_HAS2PYO5J1,0
CUST_XF4L246KX2,0
CUST_CQAGJB4O9D,0
CUST_OSAQLEGI4E,0
CUST_RMOSSYROT1,0
CUST_7OQ0SVTSPW,0
CUST_1KIQRJJAIJ,0
CUST_9VORIFZBH6,0
CUST_VI4M7FFNP1,0
CUST_ZD7JN8XWZC,0
CUST_AHSA3YKFWJ,0
CUST_7TBTETHZS2,0
CUST_LZ32W0DOZ2,0
CUST_Z5ACZAU6WX,0
CUST_FSKGYW7VWC,0
CUST_Y1LVQSTQZN,0
CUST_JXJZ5EHYTQ,0
CUST_TOYH05ERDB,0
CUST_4QJD9TXS8W,0
CUST_J1BU20UXLC,0
CUST_4SLQTGPX6L,0
CUST_N25LEQIPA6,0
CUST_QY2LNSMBZO,0
CUST_79CNG8PYCK,0
CUST_MBLLK07PR8,0
CUST_4W3ZVO06LQ,0
CUST_CF2QAZQ506,0
CUST_FKZFZCGKR3,0
CUST_E8RYHGE1M6,0
CUST_TNYXXRMBRN,0
CUST_OOQGS4QYKP,0
CUST_7JVSGC2LTS,0
CUST_L7LSN86APD,0
CUST_V5N0OQQC99,0
CUST_1KSXWKQUYW,0
CUST_Y68BYWG96Z,0
CUST_ZSF80K5VTQ,0
CUST_JKUIPXRHQ3,0
CUST_EU2VJW0D31,0
CUST_PYK7OLJPJG,0
CUST_OQG0BUL10K,0
CUST_8AY6YDIE4P,0
CUST_LBBAN96RFC,0
CUST_RVDW1SNAUR,0
CUST_7RYKQ4CXQD,0
CUST_G4JXCKF5QZ,0
CUST_7TJBPXWCTD,0
CUST_8HKN0E989Y,0
CUST_MH9GTEIVX8,0
CUST_XUQPKMTFJ0,0
CUST_LL4FSM5A79,0
CUST_UA10MIDY2W,0
CUST_2HUJE6JEUQ,0
CUST_7A9R51EXD9,0
CUST_M667NBRREX,0
CUST_QDXWUOERVM,0
CUST_BXY7YG4NF1,0
CUST_I23HJBROOB,0
CUST_TGJ15SRBYI,0
CUST_H5N8AHR3VO,0
CUST_JE2NGVSH9W,0
CUST_497RFD8WBO,0
CUST_1BKINRQVAZ,0
CUST_UA9MHQO8OU,0
CUST_6F6GM03TIE,0
CUST_0MBY4NJBMJ,0
CUST_13VV8H3EIL,0
CUST_B8NUAMK9XE,0
CUST_KXEX139GYB,0
CUST_U61IFERP29,0
CUST_XAGT5VTUCT,0
CUST_810NTIBALL,0
CUST_YI4ZULH4CL,0
CUST_00R60YUBF3,0
CUST_9T0T0S5P1W,0
CUST_399P9981K0,0
CUST_YC0V93VB8V,0
CUST_P2SB0N7E6N,0
CUST_YLX8CQ8L5E,0
CUST_OP1JATVJZB,0
CUST_O94SRGB5VO,0
CUST_FL1Y64MDAY,0
CUST_D5H8HIJTOY,0
CUST_O3XO17FQZ2,0
CUST_LYP3G0NWGR,0
CUST_HHTBVBLDHY,0
CUST_ERCTE2494L,0
CUST_OC29QLAWJA,0
CUST_VLSNLQZB3Z,0
CUST_RH1DTQ3EGW,0
CUST_WOO0RGEHYS,0
CUST_MTDMAG9YST,0
CUST_VJ055RE8HZ,0
CUST_VQWGBI0OS9,0
CUST_1SFBPE0POX,0
CUST_6Q4U2E1G7Z,0
CUST_LXU81LU3LA,0
CUST_KCB2TQGKJ4,0
CUST_BXSPNVGOKI,0
CUST_K5Y57XPS5Y,0
CUST_29DZ7IZ81Y,0
CUST_8RUCIHPPR2,0
CUST_6Y1DWQIO9J,0
CUST_BZ1CRK371J,0
CUST_W535IXMACX,0
CUST_W9H2OTV3FD,0
CUST_PJDXACU0IO,0
CUST_0M57QRCR0H,0
CUST_9AZEJ61OSW,0
CUST_OX6DOVQLCW,0
CUST_86LCIOKD75,0
CUST_ID5YVRKZDK,0
CUST_V3VN1TIRBH,0
CUST_02K0ENG63P,0
CUST_G16U5YLB87,0
CUST_4MFSNYIOFT,0
CUST_2N1E5OBSVQ,0
CUST_TN3TXN4J0C,0
CUST_EYBS4VDXAC,0
CUST_1MFF68WS9Y,0
CUST_NL8NL32VQH,0
CUST_AOC80X37NX,0
CUST_XBUDFOI4JG,0
CUST_ZQR3Y2O75N,0
CUST_T3HVVALKTN,0
CUST_IWSU7BPFIX,0
CUST_9ELGIUUMPX,0
CUST_L5ABXU7UR4,0
CUST_4OXAR61DKI,0
CUST_HPMC01ZC1N,0
CUST_VIYZ1AXWVA,0
CUST_IWTS120ZRX,0
CUST_3SLOZPSITP,0
CUST_4MTVHFO7PM,0
CUST_28XHQ8FZDB,0
CUST_1QM7UTN5LF,0
CUST_KWHPDC74HB,0
CUST_4F5XNGWMUP,0
CUST_YBR75QU1EH,0
CUST_WDQFW4TAS9,0
CUST_ZX301MW0DP,0
CUST_LA9DHTTCU9,0
CUST_V6DVW4RVNU,0
CUST_Q5PEXVXJFU,0
CUST_UNJJS8O45Z,0
CUST_7YY0BEM8AJ,0
CUST_DMT0QI1RS2,0
CUST_6TVI6XNB55,0
CUST_2JEFSE0YYD,0
CUST_7SNOLP9AYU,0
CUST_SZVGSCN3EM,0
CUST_2MFS8ILKXI,0
CUST_1HF44T0C15,0
CUST_06AUYH4T2I,0
CUST_FUDMTLPLM1,0
CUST_YW8DH60G7H,0
CUST_7OMM6WMYRH,0
CUST_HTEDHMGN5L,0
CUST_A0Z7KFX6YK,0
CUST_7PSY0PEEZW,0
CUST_4GHDVTTZVI,0
CUST_VDYHD2U7E0,0
CUST_CDOXQ4N82M,0
CUST_PJZV0CX2A8,0
CUST_7TZKIAZYS5,0
CUST_WK0ZW8RAD0,0
CUST_FTOJBBSY66,0
CUST_GG8S21M90F,0
CUST_QDG4HHMDRU,0
CUST_Y3E0T1988R,0
CUST_FRD5NWXBRV,0
CUST_DC4II8LBX7,0
CUST_HA322SHCPQ,0
CUST_QDNWLBJK75,0
CUST_H248EFC9U3,0
CUST_4XLV8OX126,0
CUST_IZZ0LWGO5K,0
CUST_C31IBNDP9L,0
CUST_ZCS7A70TSH,0
CUST_XKTTRU82YK,0
CUST_14D3G49RJ6,0
CUST_GE918MAOCW,0
CUST_X112L8IABP,0
CUST_XYHCT5Y61Y,0
CUST_KME87O9APV,0
CUST_D1ZYGOH43F,0
CUST_ZAN08SJP5U,0
CUST_JT0N1D1ERP,0
CUST_MV998AG9CL,0
CUST_ETPC6AAHSZ,0
CUST_DTAON6HCHK,0
CUST_KQHNZHZRGN,0
CUST_RPDVX39PGE,0
CUST_X63GRLN8HZ,0
CUST_VGNUM1A3L2,0
CUST_EEYK6F0JKF,0
CUST_KHO5OO34NP,0
CUST_JD15797UR5,0
CUST_YOZ7A3ZUAO,0
CUST_L94M927LHA,0
CUST_UDHIUEPD87,0
CUST_M3HFITW9IA,0
CUST_YYYWIZW4HA,0
CUST_EMA8ICN3NO,0
CUST_HP9IQ77HTU,0
CUST_7IWB7I89LN,0
CUST_SNZNRW4M44,0
CUST_9KUAXPMDTI,0
CUST_OAA67TQMBY,0
CUST_I8HSYRUXCJ,0
CUST_44K9NZPN07,0
CUST_7YOFT3DLJ8,0
CUST_TPBE5N4X5P,0
CUST_VOQZBIN86U,0
CUST_PVMUECXW58,0
CUST_6ULNZ0RX00,0
CUST_YUDNFIWPIH,0
CUST_IGQDYBPYXX,0
CUST_IC5JDA8L4O,0
CUST_EUY5F96A53,0
CUST_LPQCRHPHSJ,0
CUST_KTPCT1Z8C1,0
CUST_QXEZTAC0NG,0
CUST_Z5CVUVYD9J,0
CUST_W47BPRH3HF,0
CUST_N8TYQOE00X,0
CUST_JK5EBTON9J,0
CUST_9FEH2BKYXZ,0
CUST_7SWDB0LZKL,0
CUST_L2KOHW2SC2,0
CUST_QTDCFP14LJ,0
CUST_T3N1TZA9FZ,0
CUST_ODNVL5SUKR,0
CUST_OQOMDXMOJ8,0
CUST_57POP5OMPM,0
CUST_95XTHS7CD4,0
CUST_N6W9F9TEET,0
CUST_F5C9JBF42J,0
CUST_JW038OY2NM,0
CUST_A8JH0IOO9X,0
CUST_SBLVJS5ETE,0
CUST_2Z62LS8MYL,0
CUST_O2IM5N7PHM,0
CUST_0T2O2IVD1F,0
CUST_AXV4G4LHO2,0
CUST_IVQ73HYF1M,0
CUST_62WTQVI04D,0
CUST_593EWDIE5Z,0
CUST_6V15IPO5LX,0
CUST_AQDFV7UQFB,0
CUST_A0E7XPG62I,0
CUST_GBUPQG1CU0,0
CUST_W26DGF4PD8,0
CUST_K62J6MO5MP,0
CUST_S25MRW4GDP,0
CUST_1ZH9RJIYRQ,0
CUST_TRDDM2S2NI,0
CUST_OJVARJY6NF,0
CUST_IV44NBEXZ7,0
CUST_2WNHWQYRUF,0
CUST_FU79Y09PO5,0
CUST_8X2Q6V3P5M,0
CUST_BCRCXW29KR,0
CUST_H2U8XRHK9A,0
CUST_5IML8QSI6J,0
CUST_2K7Y5RH5J3,0
CUST_Z99TH3KI3A,0
CUST_MKEE27DTD6,0
CUST_PM3R8GX7CM,0
CUST_F399QNTNPC,0
CUST_C34QPR194X,0
CUST_FPPUK8RSKN,0
CUST_QPJZUE7KY9,0
CUST_8MDJZFU5A7,0
CUST_CWP2T9W7TW,0
CUST_GM2JR0M0EN,0
CUST_H2JFDPY65Q,0
CUST_4PH0LR3638,0
CUST_J5QA7AMUZ0,0
CUST_65LBBXC0NH,0
CUST_LZA8NYA3TL,0
CUST_3PWNN132NW,0
CUST_B64PY2Z9NB,0
CUST_25J94YN2X9,0
CUST_AQQ3E68DXP,0
CUST_86WGVLRN6I,0
CUST_6OFUIYET31,0
CUST_LCF7KHE2H5,0
CUST_6FCFNF6LTH,0
CUST_PA55NWVCQX,0
CUST_6P7TMSVR5E,0
CUST_I2G5XKXR2A,0
CUST_SW8HV2WDIY,0
CUST_W65JSO5REU,0
CUST_V7BDIFUD8Y,0
CUST_1TS25JR9ZC,0
CUST_HDR4OF1P5E,0
CUST_D5A6TNI9EP,0
CUST_T0F1PVRQ14,0
CUST_JG8U4P6FOO,0
CUST_86JCPN891I,0
CUST_SQSXJ8H2OI,0
CUST_31JWKEQ4S8,0
CUST_FJ9AW8ITD0,0
CUST_ZES40AKL9N,0
CUST_9D9Y97ZBG6,0
CUST_WKOCXMHAKF,0
CUST_V6PQB93MWP,0
CUST_LRTC08KJGU,0
CUST_AYZG6Z89Y3,0
CUST_25VQVWXRG5,0
CUST_T5H39357K3,0
CUST_SANRVV1RJS,0
CUST_5TDPQLDJ6S,0
CUST_1ZN7DLGYX7,0
CUST_67J5CK6QC0,0
CUST_MYIQPOWRYG,0
CUST_ETYV6QEHNP,0
CUST_J20ZLTR33Q,0
CUST_CJZ739O7JW,0
CUST_BOZS8IWOCI,0
CUST_OCVI3SQGF1,0
CUST_WOS1U4PC8B,0
CUST_46BKJ2J0G0,0
CUST_97VH5O1BCT,0
CUST_QMWNO9PKEO,0
CUST_DMLZ5VD6XU,0
CUST_PMEDU1R32I,0
CUST_JG0ANYVKM1,0
CUST_O1OJ8DVA23,0
CUST_KHWBNJVVR0,0
CUST_AMR8ILE8CB,0
CUST_O1BRLL4WUI,0
CUST_9TB3EXU1VK,0
CUST_IV212B77JI,0
CUST_0BY68EDIL3,0
CUST_XXRQMES6E1,0
CUST_9TH529KXOB,0
CUST_8BUQWG4TF4,0
CUST_6OG1E9FKW4,0
CUST_TR51T29ZUS,0
CUST_UU21VYLRV6,0
CUST_M9EENIV03J,0
CUST_SLO5ZBF4Y0,0
CUST_HX1UHGTMFU,0
CUST_HS57K88GL6,0
CUST_L2Y442O6XF,0
CUST_GW2AOXNXUZ,0
CUST_W8D7JOCCKX,0
CUST_J94M1HENBZ,0
CUST_L84RKBJT6N,0
CUST_IK9JTNILKL,0
CUST_EGT1RSD7KM,0
CUST_B0UEPQEF8F,0
CUST_HI30MYUGF7,0
CUST_RNO1V0AII7,0
CUST_SFQ583ERA5,0
CUST_NGE2QUKG07,0
CUST_QPXF2YXFZK,0
CUST_SX3YAV9Y6P,0
CUST_GS8HTAX2H3,0
CUST_L03Z9BPG1V,0
CUST_0H77E4D2R6,0
CUST_O4AQQN7D74,0
CUST_X922YSMTJ1,0
CUST_C7GX7C2NRV,0
CUST_JAHTJ9WTBZ,0
CUST_BEUQZMHWCP,0
CUST_CUAD3JLP4J,0
CUST_0G6NJXOM4H,0
CUST_Z3GBOZU5S4,0
CUST_VJCXJEK8QP,0
CUST_SBZCBMHKO8,0
CUST_N9ODQMQNMT,0
CUST_HCO9TWIWET,0
CUST_4LU6ZEL7JN,0
CUST_8ZDMR11FKI,0
CUST_CLGRCJQUJM,0
CUST_ZVUBPQ40S5,0
CUST_63728L31HV,0
CUST_AP4ORDTDM1,0
CUST_0NBMJDBVPH,0
CUST_05P4GFZNZQ,0
CUST_52KBTMEJVJ,0
CUST_GIDP3I5YGR,0
CUST_JFW8JK5TBG,0
CUST_WB14HL8WWP,0
CUST_DX0E4FRMPF,0
CUST_RO8EDSK2D3,0
CUST_UZELXSDPI7,0
CUST_WX6NZ3PRGF,0
CUST_559SC80OXO,0
CUST_DXSOU8BHPS,0
CUST_ZM2M457MK3,0
CUST_IGFKH9GQC2,0
CUST_LUKFZNHH3R,0
CUST_ZF0KW62H4G,0
CUST_1P8BQZ8MU4,0
CUST_OLLYPD6Z1R,0
CUST_481G8GJHMU,0
CUST_O8UKY8BJXF,0
CUST_4HXBPNQ9XI,0
CUST_YS0JSRH1C3,0
CUST_43Z2MPRFG0,0
CUST_2HZJKEED9J,0
CUST_S0WSQIPJ7Q,0
CUST_S703PZR5YN,0
CUST_YBGAJMWM1S,0
CUST_K96UUID1W7,0
CUST_AD6MKYW2J2,0
CUST_J8MNBLHU1R,0
CUST_3JN5ZLX617,0
CUST_EV0IGOYT8D,0
CUST_TUX3WYJS9M,0
CUST_PKHQMU3ZH6,0
CUST_BARL8FDGEC,0
CUST_RNG4JDS5WJ,0
CUST_1ZOFXI61GV,0
CUST_FKTUPM3DPZ,0
CUST_1SVA9RQV5F,0
CUST_P8V10MYSX2,0
CUST_7A3TH0FFZY,0
CUST_GPFRNQ4WSU,0
CUST_05WTNME5RX,0
CUST_5YFVYAHM6B,0
CUST_W18T77Y4EZ,0
CUST_U2S1TI3K11,0
CUST_XZ44T1M844,0
CUST_86HUWLHMS0,0
CUST_2SSEHGGKB4,0
CUST_1MVOB5CMC5,0
CUST_1AGKUE0UWG,0
CUST_S5WBN2NE00,0
CUST_14TL755K9D,0
CUST_ZCF7R7TLS1,0
CUST_JQCOAS3J77,0
CUST_5567OYLBWI,0
CUST_WAP0OK7EM4,0
CUST_FE9J0WQOW7,0
CUST_WKY73CGYQS,0
CUST_5ANZG3X3HP,0
CUST_Y36L854ULE,0
CUST_P6OLSZYVDU,0
CUST_NHL69A35N3,0
CUST_NQK5JVXPA2,0
CUST_NYS9QAQDB6,0
CUST_9G2B0SQG21,0
CUST_QMB8JKRI6K,0
CUST_R458UIOMJK,0
CUST_KSL4JX2704,0
CUST_YTSMN6079X,0
CUST_DFPQLVVU6X,0
CUST_FY5S9XNIXY,0
CUST_282FQAPQAR,0
CUST_VR7WLTXG20,0
CUST_FRWXSCYFWX,0
CUST_NGL49XK3OK,0
CUST_M4EHTZ402P,0
CUST_AEOYXQK0R5,0
CUST_QIVGXB6KL7,0
CUST_D71Y58G5V9,0
CUST_35Y82I61H9,0
CUST_HQLQULSIAL,0
CUST_YIYXXSYRHD,0
CUST_1GQ441BARF,0
CUST_DC1YQIBTQ0,0
CUST_NFPVI9MG1E,0
CUST_XIESSKETZN,0
CUST_U2PAYA8VZP,0
CUST_SI751W0IUU,0
CUST_FHV2OCP9NU,0
CUST_0J4K3X8SX6,0
CUST_BM6XSSA9OJ,0
CUST_USCB6MDQHV,0
CUST_BVKHA9WCB5,0
CUST_OKJYL1IE4Y,0
CUST_3HMJX8YAYD,0
CUST_ZB8QNVI4DJ,0
CUST_P4IXWCGBBM,0
CUST_49HZP5Y4CY,0
CUST_MY9LNURC4K,0
CUST_XJXKVW9N03,0
CUST_PKZJF96BSW,0
CUST_GF2J8UHA9E,0
CUST_ZK22DYKXD3,0
CUST_STOT1KUADO,0
CUST_69DAK7G5XR,0
CUST_137VAGI93Y,0
CUST_TJJWH2BQN2,0
CUST_4CAHTAJNFP,0
CUST_SQ3SRI2EU1,0
CUST_PIPXDGEPWX,0
CUST_NRXLSTXAON,0
CUST_9W89TVAWYK,0
CUST_KZE2IXOOJ2,0
CUST_P4E0WFDY5F,0
CUST_17V579OFOU,0
CUST_SISNNWO7EQ,0
CUST_L6Q0LJO2WJ,0
CUST_38WR4L92DO,0
CUST_IPBK145HE3,0
CUST_SE37H421EJ,0
CUST_D5IQCP9PGE,0
CUST_86AJYR8A9D,0
CUST_ELAYM03AAA,0
CUST_YEVRTKE3A9,0
CUST_AU4H20HQLW,0
CUST_BUR3ZU1WIR,0
CUST_JQV4UV2X2J,0
CUST_HW9ZEEK7GR,0
CUST_AWEED3SIWB,0
CUST_WUV223CWX7,0
CUST_PGTAU38OI8,0
CUST_YK91DFR4Q0,0
CUST_LAAWOE4FCW,0
CUST_KR704POJ8T,0
CUST_I45Q5JZSK9,0
CUST_GQOH260TOI,0
CUST_UX9AU42VUE,0
CUST_HCR5I412A3,0
CUST_QS4THWKF2T,0
CUST_5T4JIUHXO8,0
CUST_5V4UXGMMT8,0
CUST_745MHGNZPO,0
CUST_1FV3QUBYEC,0
CUST_TWE17IJISF,0
CUST_RED3PNJZ9E,0
CUST_CXVSB8M0MR,0
CUST_A3F3OX8GMM,0
CUST_YBOSBCUB8X,0
CUST_HZ0WO4TG2F,0
CUST_7KKITOF0QM,0
CUST_NAJ3YN0W1W,0
CUST_VCP4IPQEDJ,0
CUST_QODMZP0SAV,0
CUST_GQ504DPD0G,0
CUST_K9EYKA6SYP,0
CUST_10EPA9XB6F,0
CUST_SJIUGJ3MET,0
CUST_YEV4ZE6NT7,0
CUST_I5H4UD9EBU,0
CUST_5QC625F5P7,0
CUST_NAPHBFDIT0,0
CUST_OWKGNY8RIF,0
CUST_S27LJFGLXN,0
CUST_XTCAPSS888,0
CUST_8S2SGG4SO3,0
CUST_8WX94014AX,0
CUST_GVXIWQ5VF6,0
CUST_QVD4OY29N4,0
CUST_Z7H3L3A5N9,0
CUST_7WJ6W0MX7Z,0
CUST_YDDRXPIZD8,0
CUST_9BSKQMKF1A,0
CUST_151PMQOH7A,0
CUST_0M8EZ5AKVW,0
CUST_L7LBLVXB9M,0
CUST_D6D0A4UI0V,0
CUST_26C0LQC0D7,0
CUST_N6EWV4AKWS,0
CUST_Y2V6H5JVEX,0
CUST_04F2S7MCKC,0
CUST_CZ52BDAHOJ,0
CUST_0VUC293P00,0
CUST_7YZAUAYBDI,0
CUST_Y21IH0AUZP,0
CUST_WBACUPE0AK,0
CUST_DBG9PXBIDN,0
CUST_BHAS1AHLWC,0
CUST_F8BE0NJU8E,0
CUST_2BFBJ5QUZ2,0
CUST_442MLJHHX5,0
CUST_VGX254Q7QF,0
CUST_W3KMKZQZV6,0
CUST_N2YK5Z6F4D,0
CUST_QYVM1GUCBO,0
CUST_WMZCEGR5OV,0
CUST_7RBE7CQHJ6,0
CUST_URYP1QK1U0,0
CUST_FSOT5V1IS9,0
CUST_ZR742PXQRN,0
CUST_30ALVE35SB,0
CUST_WRVSLBYB75,0
CUST_YJC5MC0KPY,0
CUST_E47R97LBU1,0
CUST_0T8S2GJ2YT,0
CUST_UXO052VF3E,0
CUST_PNV140LWZA,0
CUST_Z2NOQWCFU1,0
CUST_5PR71T5MHD,0
CUST_X07OK899K0,0
CUST_YD56MPMEHJ,0
CUST_KJNUEUOYQV,0
CUST_8MIJHX147Z,0
CUST_2MBBDN0BJA,0
CUST_C59JLMUJ9B,0
CUST_G4B3ZKHRR9,0
CUST_IA7IDJM0RH,0
CUST_JV84OX0U8M,0
CUST_EA6YA0T26P,0
CUST_6F4Q29T1OQ,0
CUST_BMRJ9FD8D9,0
CUST_RVJ8DI3AHR,0
CUST_WB9JJ4E3CP,0
CUST_N2USH9RLND,0
CUST_QT6PF8DEYI,0
CUST_3GEITNPAIO,0
CUST_UNMNXSJ6TO,0
CUST_2W6DDJ9CXQ,0
CUST_XCIDD3JXDK,0
CUST_7HNDPBKU7T,0
CUST_VTEHHT25WQ,0
CUST_Z3YVNQ68HS,0
CUST_2WWGTCNHA4,0
CUST_XWWX0ISZI8,0
CUST_L56UV81GAL,0
CUST_YGKUXLGQVF,0
CUST_FHYLLJLJON,0
CUST_T12BEILTHP,0
CUST_967ZJQV04K,0
CUST_HB4UORBRME,0
CUST_99ERENOSFB,0
CUST_7FOVISY3SF,0
CUST_BYTJHJW13Q,0
CUST_361REKYN7H,0
CUST_WII2RXA5XE,0
CUST_JVROOAEYBF,0
CUST_AGK27185XP,0
CUST_0FNMIOND9A,0
CUST_PT24DJD4FV,0
CUST_TU9ZFOZQ6M,0
CUST_PZUFBA5S11,0
CUST_YKX55HO5DS,0
CUST_W2D7XKZ5D0,0
CUST_LM6V6EHB0U,0
CUST_01TGA73EXA,0
CUST_MIA6STG5O6,0
CUST_RRBB6SL35H,0
CUST_PP96LWB6ZA,0
CUST_CL493ENJ12,0
CUST_OUZDH5RTSZ,0
CUST_K9M5OM794G,0
CUST_7WQR6DZAPC,0
CUST_KLASI4ZMCT,0
CUST_97C7WNXSMG,0
CUST_59RK54F0A3,0
CUST_X4DC8RD0A1,0
CUST_9GR8Z709C8,0
CUST_7BBBYJSIL4,0
CUST_FGNKPJFIBG,0
CUST_BTEFAMKMBQ,0
CUST_TO2XEQWD2V,0
CUST_S9O568KHDJ,0
CUST_YWNFFCUJEM,0
CUST_85Q8VC0G62,0
CUST_09G9LFFNGV,0
CUST_7X9G8A9B2D,0
CUST_YIHN99SNP5,0
CUST_D1G6YU0BXV,0
CUST_BQVUUF59BJ,0
CUST_NBZK33SOUS,0
CUST_2K2OKYXD1D,0
CUST_BUJT0WFTFL,0
CUST_CRDLDG962V,0
CUST_CWK4XIV3D0,0
CUST_6MLCC3PD6D,0
CUST_QZDT8DPDAQ,0
CUST_522GKPKKN4,0
CUST_JZUFH4D6TL,0
CUST_MHGAPRQH1O,0
CUST_PQ3PP2HJRX,0
CUST_4FV7HJK1D4,0
CUST_2HFGJ6LSSA,0
CUST_IFOOGGX0Q5,0
CUST_67B1GCJ2V2,0
CUST_QPM6AQGCX0,0
CUST_59BS9CLRWX,0
CUST_JBH7F7M3WJ,0
CUST_6LEL9BNE3O,0
CUST_QWCRLFI90B,0
CUST_WL6835AOBY,0
CUST_GDPSZUGBU7,0
CUST_S0MJOLDUV3,0
CUST_IWJ9ANGYR3,0
CUST_F3AXTCBT9P,0
CUST_DPZVAPPSEG,0
CUST_2A3XSXU9MU,0
CUST_5OZ0MQX6YN,0
CUST_A88JWSTJD7,0
CUST_SR29UV2QB8,0
CUST_DCX0HPRUT9,0
CUST_XU2X5256P6,0
CUST_HEDP9PEJ1C,0
CUST_SKLCLBGPI0,0
CUST_RHKJHUWSH2,0
CUST_D3W3RWAT4O,0
CUST_BKKDD6TTOW,0
CUST_O766GJWI3C,0
CUST_1UC7S31PPV,0
CUST_BJFAZFOQMK,0
CUST_KSHG21QIWI,0
CUST_ORWDBK80G3,0
CUST_TIE89KHD8X,0
CUST_0F6UW6UTB9,0
CUST_C83Z49Q6TI,0
CUST_IHFRVXQUMC,0
CUST_QPCVZIQMI9,0
CUST_REM6BVFRBB,0
CUST_AY0LFSIFLG,0
CUST_PNS395TODY,0
CUST_Z7O1YJF63F,0
CUST_D5R4W4KD6R,0
CUST_GOUVO45341,0
CUST_2N4VDAY2VF,0
CUST_O7VMLYWDGW,0
CUST_AWCJMEMBMA,0
CUST_M5H0JLQZ6Q,0
CUST_E28W7MVLF1,0
CUST_9MUNSHO0MF,0
CUST_JJW6K286P2,0
CUST_70QOWM1DAV,0
CUST_J7VN1W0GHW,0
CUST_0T4J7QHHU4,0
CUST_ET4SQQE9W8,0
CUST_OJRYHPS8ZV,0
CUST_URUZ7KJQ99,0
CUST_Z2D99KIOXX,0
CUST_F3O109DWLJ,0
CUST_Z3573BER43,0
CUST_LSXORH1DIZ,0
CUST_A2BEOSLCFH,0
CUST_UWN4IK3TUH,0
CUST_G6Z0H24D3G,0
CUST_MJQ0CF66PX,0
CUST_I883ZJ84CS,0
CUST_JPI1I145UQ,0
CUST_0OMIEYXNUV,0
CUST_5QAYCPYYSK,0
CUST_LGH3Q7FDKA,0
CUST_Z7WF8KCGU1,0
CUST_FQWDUK3AXY,0
CUST_H9RWQLGNF1,0
CUST_QGX63BLON4,0
CUST_JZK9HYDZR2,0
CUST_Z0YS9PHEPJ,0
CUST_RBVCK7U1HD,0
CUST_ZEQG4JIML3,0
CUST_2L4XLI9PPG,0
CUST_B2M9O4Q4EN,0
CUST_9GFMMG3I2N,0
CUST_G94PG87VPU,0
CUST_VJJUWK0OVP,0
CUST_A401QM0WTK,0
CUST_F7AVUNMGB8,0
CUST_OHGX2MP10M,0
CUST_8O4U8C8H4Q,0
CUST_917UOYDF5D,0
CUST_FYEG37U507,0
CUST_EAC0QIX7E1,0
CUST_V0512CBSCN,0
CUST_U6LC1OFC24,0
CUST_9M2GC21MWN,0
CUST_2E1XW92W32,0
CUST_RZ7CKF24YU,0
CUST_IJ8KWUSPOY,0
CUST_ZNB6DL3COH,0
CUST_WTF8KKWK1F,0
CUST_5ZWY0J5Z7X,0
CUST_Z3FTE2754M,0
CUST_QBVE925AA0,0
CUST_W9BDDYWBB2,0
CUST_93IL6SB0LS,0
CUST_KMMTOKAONA,0
CUST_G3C0DRI4BY,0
CUST_GVGWD51SSQ,0
CUST_HAVNH0JVDU,0
CUST_L67X3WMPKV,0
CUST_T0CCVVPRWN,0
CUST_Z4L97IHD55,0
CUST_VQ4DWJQRLK,0
CUST_L9TXDEWJ6D,0
CUST_2X9JFTRKUV,0
CUST_Y57IPC8U0W,0
CUST_84MN9JRUKR,0
CUST_YQWUIAOB9F,0
CUST_SNYU52CH3D,0
CUST_5BINJBFZR2,0
CUST_7Q30TW6UI8,0
CUST_VBO36TVUAQ,0
CUST_UCDRUHJE6S,0
CUST_UG6P9Q9ZFL,0
CUST_CD3P0B5YSG,0
CUST_EZXNWYDJLZ,0
CUST_PUDIR92XSB,0
CUST_BXAVF7Y7V8,0
CUST_5ISDYICKHI,0
CUST_L09QLFQ4IL,0
CUST_P1QNAFH5UF,0
CUST_GYSTRAXMU5,0
CUST_SQNP6ZES3A,0
CUST_3G16US0O5V,0
CUST_HEJWC0M3B9,0
CUST_3W204BOTDR,0
CUST_9FCOL2B1AB,0
CUST_V9L4AUUXOY,0
CUST_TNVXIOVGPM,0
CUST_7L4JYMPB9J,0
CUST_B3JSMX5AJN,0
CUST_1OBLPGKVVM,0
CUST_6CAPT81CA1,0
CUST_Q7DX8W6FSF,0
CUST_LC7EH39XWS,0
CUST_0RT02JX6B4,0
CUST_FG3YD00FYP,0
CUST_1G351JNRLK,0
CUST_ZV1WBQEN7K,0
CUST_RML70CLWW9,0
CUST_2Z0B4JA11F,0
CUST_9QMMDNSVMP,0
CUST_W53QR3NCHD,0
CUST_JNBBC858W9,0
CUST_LDQYR4Y50U,0
CUST_38N6TOA3GG,0
CUST_DTUR1CTIJD,0
CUST_JSOI64WO5U,0
CUST_KWKLLM5910,0
CUST_ED8XLH1605,0
CUST_ZEF80VTD5N,0
CUST_TCKEERUEDQ,0
CUST_TJPEEOGVDZ,0
CUST_FHJJ8O26P7,0
CUST_ASM94PEYSL,0
CUST_0HPE3TF065,0
CUST_JKAJSZSTWG,0
CUST_RK5MX3RU2V,0
CUST_AI97XN2MKW,0
CUST_Q9AR4BK99Q,0
CUST_5HXBVOVA61,0
CUST_SFLQOBAC9W,0
CUST_5QQEYB0RKU,0
CUST_G45O891LSK,0
CUST_TBUKLX83SV,0
CUST_N2YKV0DIFM,0
CUST_SBIOSAOL7A,0
CUST_I1M03CK4IJ,0
CUST_ANQOP67PD6,0
CUST_L5CM0VFB70,0
CUST_VWGNEOKKS1,0
CUST_PW1OVG78PM,0
CUST_IL4EFNGFSC,0
CUST_7ZHGMFPK1H,0
CUST_5275JME8M4,0
CUST_2WMJGPU4IV,0
CUST_BD8EN4TMJZ,0
CUST_E2N7HO99OS,0
CUST_UTPISV7ZE9,0
CUST_VCI2J8VYBO,0
CUST_SVKT6IGDT7,0
CUST_HPVKQFQ9U6,0
CUST_L6PYWL90W2,0
CUST_BITLFH5OJ2,0
CUST_M537GBN7OP,0
CUST_859DBKC9VS,0
CUST_IY8UIEZM12,0
CUST_GKG1NMT1BV,0
CUST_SQ40E0Q2HR,0
CUST_LWMIKNLNMM,0
CUST_K4D7D5W273,0
CUST_TBLRFB5DRQ,0
CUST_WWZIOFX2YX,0
CUST_3LY5N59PT4,0
CUST_BKVBY9DG8V,0
CUST_K7UCS4CMF8,0
CUST_YIQ1QNCH80,0
CUST_S7GTJ2Z3Q4,0
CUST_XXNJPTH3R8,0
CUST_DWJSO34OC5,0
CUST_W633ULBJTW,0
CUST_BA9GH966OI,0
CUST_XPZN80SITV,0
CUST_VS3AVIXU9C,0
CUST_QJ6RY30XS4,0
CUST_O10SO9Q3L7,0
CUST_L4V2ICRHK6,0
CUST_YDCI3R6KN7,0
CUST_QI3OZFBJDU,0
CUST_8UNCM5YP6U,0
CUST_ADMWAFCSYG,0
CUST_G5ZP1UIGCN,0
CUST_PD45YW97TQ,0
CUST_QFTUR6URY7,0
CUST_8Y00D0VGE4,0
CUST_0GAAA7VC2P,0
CUST_GTFMPNQZ9O,0
CUST_C39O99NV7S,0
CUST_ZYQ50H19ZT,0
CUST_0633XI0AJV,0
CUST_KLW8TW7599,0
CUST_5QZ0M0HQ8P,0
CUST_RLE6P7XEMY,0
CUST_GBD3BGDZME,0
CUST_DRPC99PZHM,0
CUST_W1Z1K644NW,0
CUST_08W1SMH0XZ,0
CUST_9D8PQN4QAR,0
CUST_Q86UG5XXJJ,0
CUST_N5H0A1WWGT,0
CUST_4OSDDZCCC8,0
CUST_NMOME9REQ9,0
CUST_RAMYA4WUTZ,0
CUST_EB0NMR8HJB,0
CUST_YNQWSXBBXU,0
CUST_O5TWVS7Z98,0
CUST_QFAPSAEW81,0
CUST_KEI9BAXQ36,0
CUST_J3H0Y7T2KK,0
CUST_EVARR2EG7R,0
CUST_PE5XWDGTQI,0
CUST_YK04ZP1771,0
CUST_5F9O7AJ6GA,0
CUST_UK06C52HV2,0
CUST_LD1KBRPC77,0
CUST_43MO0NS3IA,0
CUST_GP7NYMR1F7,0
CUST_FPYPOHVGRK,0
CUST_LY0LICYBO2,0
CUST_0PYMP9SBD4,0
CUST_6FFNFAL4CQ,0
CUST_YWG8TLMNAT,0
CUST_ADUY1KXYHL,0
CUST_T0UAE3U3QZ,0
CUST_YCOPTOI9OD,0
CUST_58QZZJNCQH,0
CUST_VEHQKBQOI2,0
CUST_I8EPWG9V4H,0
CUST_DAEPV0FKUF,0
CUST_5Y4XX2W6QC,0
CUST_9MSYXYU5YA,0
CUST_OG8EXQESTG,0
CUST_P0EXKTRDWS,0
CUST_D7HEN1MQJG,0
CUST_X8QR9Z66Q2,0
CUST_N9P9FTY5DB,0
CUST_8A4RQ4OL7E,0
CUST_U3F19SE6KW,0
CUST_6SFX7X883F,0
CUST_MCAQCAMWSW,0
CUST_NBRJCZ7C7D,0
CUST_FO8F9YDMGQ,0
CUST_U6VXJ42SQ0,0
CUST_W7PDUM5RFA,0
CUST_56OBVI2T6M,0
CUST_9NDNIWZKGJ,0
CUST_M89QFPAK4W,0
CUST_YACONG7ZE2,0
CUST_TUKRXM4380,0
CUST_3HF5CHXAWQ,0
CUST_3Y39SOGFIK,0
CUST_GLGWLTOL5P,0
CUST_4ZI5NHX9NF,0
CUST_YMNH44ZREW,0
CUST_EXHAJY7RLJ,0
CUST_C7WHQUDWFL,0
CUST_1OMHVZGYET,0
CUST_JQ89I9W5C2,0
CUST_JHRNWPT5JX,0
CUST_K0GSRUU2G6,0
CUST_XJ40CG2KBS,0
CUST_W8CRHXZZJD,0
CUST_LZPEXX5O8C,0
CUST_6NMBBRF569,0
CUST_LVD4GK1XFH,0
CUST_FRC39YNPL8,0
CUST_J6M8G4V3P3,0
CUST_PJSW0HLH7K,0
CUST_7CI6HGTCU5,0
CUST_E5M9KWC80X,0
CUST_BRVYYWIGDM,0
CUST_4ZGXELED48,0
CUST_H4KFQYYAA7,0
CUST_5SYG5ZIRM1,0
CUST_KE6M695RS7,0
CUST_JHT540IMYF,0
CUST_L692XY8S50,0
CUST_H25S9XVE0B,0
CUST_CWQOKSD9WH,0
CUST_9P5E18FGGP,0
CUST_8AXDGMXFJ5,0
CUST_WB27CSDZRX,0
CUST_FIIKLXYCAL,0
CUST_BDOX4WGPQ5,0
CUST_EULF01YBZS,0
CUST_QXAT6QF81Y,0
CUST_XGC7N6ALWM,0
CUST_IVLFGHKXLU,0
CUST_0FRLPNY8YN,0
CUST_0SRBCKRY15,0
CUST_11Q307P84X,0
CUST_BN0G51HX95,0
CUST_PF3RWHASXX,0
CUST_7P87QZX7H1,0
CUST_IBXRWIPB8A,0
CUST_9T3HIRLL6U,0
CUST_RNFY9IFT5P,0
CUST_M74BKRVR9G,0
CUST_QANG4RH0CS,0
CUST_8P7SRG9TVA,0
CUST_8KGZ11BUJ6,0
CUST_B3PLAFDCXA,0
CUST_N1PA5GM8UJ,0
CUST_A5SP9LNZBK,0
CUST_DOEI5DVY6N,0
CUST_DXOD6XDWC3,0
CUST_YWTLB820M9,0
CUST_E5L577798T,0
CUST_9Q8IPONXP6,0
CUST_8NQY7HFM8T,0
CUST_I67RQCNP1K,0
CUST_XLW6KQ5SO6,0
CUST_FY9VK96ZYV,0
CUST_TAXNOCW872,0
CUST_5LEKHKSQJU,0
CUST_TQBLBWU03K,0
CUST_F3K5GHTTX9,0
CUST_LY02OOL1HT,0
CUST_Y7MYRH523K,0
CUST_58JBLHCJJG,0
CUST_MZNHO4Q70W,0
CUST_O6W5C2Q7JC,0
CUST_F54IAKZXBB,0
CUST_MRTRNH6UMX,0
CUST_21MPIEDZFD,0
CUST_ADJ7NNTVMB,0
CUST_WHXVJCA800,0
CUST_7TL96CR04G,0
CUST_DKU9CP2XF2,0
CUST_C4YM791VOI,0
CUST_AZ7LCP4T7C,0
CUST_2J2C1QA70Z,0
CUST_KX03WKUP7I,0
CUST_4KL7KGQX8I,0
CUST_MEYN0SYO7W,0
CUST_GUKFL2DHBL,0
CUST_VXEYOX8336,0
CUST_X8QCT3FYJH,0
CUST_BHU4TH2B9Z,0
CUST_4EBFT6SR75,0
CUST_R84J6PNX1D,0
CUST_1MUABB2NED,0
CUST_RSJKT2ZPBW,0
CUST_EGZ06YNTXB,0
CUST_6JIKO6S3ZE,0
CUST_0LFNW40YWI,0
CUST_8C5T1IZX76,0
CUST_NP5ZBIFHJ8,0
CUST_91L85HDTOH,0
CUST_ZL1Z9P2BU5,0
CUST_LYUGXR7PVS,0
CUST_TZMTSDPY57,0
CUST_5RZWDWGZDN,0
CUST_TAMWA3NVBT,0
CUST_9GWQGAUFOL,0
CUST_FM7PL3J1DZ,0
CUST_01UP3K9BNW,0
CUST_4TNPMO7XR1,0
CUST_R5E77JUFR4,0
CUST_6SHME8NUCH,0
CUST_QC3J89NXU3,0
CUST_E8OP69CL9I,0
CUST_X8NXZKVP7T,0
CUST_36Q6OF141R,0
CUST_ZQAPXW3N8S,0
CUST_STL5FAYA7C,0
CUST_ZZNX4X0V6T,0
CUST_2ZZSG6CIOO,0
CUST_TF7FECZD2L,0
CUST_48TB99NC6T,0
CUST_O59X4J0FUM,0
CUST_SMEW2AAXL4,0
CUST_A2WUTE20R8,0
CUST_6JXQFWUUXT,0
CUST_I3OMWT696M,0
CUST_1TT7JMPYL7,0
CUST_E43MTQXWFY,0
CUST_WVNFTY1FNE,0
CUST_ZW56VSWDW3,0
CUST_017H1UQYK9,0
CUST_DXTK2WOFW5,0
CUST_XR0O3T4DHV,0
CUST_LX4E3X6KBZ,0
CUST_4KLVBAMCYH,0
CUST_JD8V1NZC12,0
CUST_7RWHJUEJ4E,0
CUST_8Z7CCXCTC1,0
CUST_IW0BRCDCOY,0
CUST_9VK19WVME6,0
CUST_SB0ZU50QQS,0
CUST_0AH2JCE9AB,0
CUST_F23NX3RGRJ,0
CUST_LYAGDQUJVV,0
CUST_XPMBN05U6M,0
CUST_AW3TGNYXAP,0
CUST_B2TNP84VOD,0
CUST_Q784V7NH13,0
CUST_INLJIKO3AV,0
CUST_1VPDLOYXZ0,0
CUST_AGVPRUCJDC,0
CUST_1GTHEKSGRF,0
CUST_3BRE2JQ8H7,0
CUST_CA8G4SFHUG,0
CUST_5ZKO6Q78L7,0
CUST_3SOSP0NQRQ,0
CUST_EAFE8TZ4U4,0
CUST_5QKXF6DL81,0
CUST_JKQVMQ5FXZ,0
CUST_6E19REHVP1,0
CUST_WQ2JB8TKIT,0
CUST_F5CQ22PDAM,0
CUST_8501G6L82E,0
CUST_U9ICRIFTPG,0
CUST_1XNM2Q8O9T,0
CUST_OIKX8ARUV5,0
CUST_3PT6FCOEJA,0
CUST_LW9W96KD98,0
CUST_S0OU9HPQN1,0
CUST_85CVR67V32,0
CUST_6KM27HI2TV,0
CUST_11TFHDHEH1,0
CUST_A7XXZWOV1E,0
CUST_RAMTUH001R,0
CUST_4XO8YOKJR1,0
CUST_2X7YW1XZ73,0
CUST_NKUDWRL9A6,0
CUST_DOAJ1DB3YA,0
CUST_679E63ZDQ5,0
CUST_N83OTBSUFJ,0
CUST_1MIB08OT0W,0
CUST_XZLB5NWEPP,0
CUST_LDBFXPH4VC,0
CUST_16B4WFLX9R,0
CUST_1H5ES48EFK,0
CUST_ZD7FE7X2PN,0
CUST_COXQBMS2WJ,0
CUST_NUM5ACYVGQ,0
CUST_IM8TCW3DPD,0
CUST_YORJNI20GH,0
CUST_JROJ8DM9ZY,0
CUST_KYCVJOT4VM,0
CUST_1VT5Z4WXII,0
CUST_XI3SKMZAWF,0
CUST_JFWY0TDRWV,0
CUST_RN7OCZJ90E,0
CUST_2B17PIVEV9,0
CUST_HEUOLMRXV8,0
CUST_JSNMWOLX71,0
CUST_XY4PT5235Z,0
CUST_JSAF5F5ORZ,0
CUST_A6VNR04LPV,0
CUST_IEDHCZ6IZE,0
CUST_FK4F9O7GW0,0
CUST_ADO89AHHAR,0
CUST_Z69O39QMJ5,0
CUST_EBUQFIKADR,0
CUST_UNNL3Z2KL7,0
CUST_YKHSI27FSV,0
CUST_YRKQ2V8CV1,0
CUST_JF9CU9H3NU,0
CUST_28M5BWXIAZ,0
CUST_3YIJDZ5KNZ,0
CUST_3M6MUWFVKT,0
CUST_GE4JXGT61A,0
CUST_SG0AGJL51S,0
CUST_8ZD9LLRO7L,0
CUST_I1CITJHW4L,0
CUST_JCXAHRC414,0
CUST_GPMLEBCXAE,0
CUST_6AXBLQLCFC,0
CUST_R31RWJ9KKY,0
CUST_B33EUSA2UO,0
CUST_BYY49I09N7,0
CUST_OTUJVRII4Z,0
CUST_U26FAFN1GT,0
CUST_B3F7VR85GA,0
CUST_BLNZ5CHCME,0
CUST_FLW1BNXDR6,0
CUST_CIISPUQL7V,0
CUST_UOREZLATDH,0
CUST_SUAOVTVGVU,0
CUST_8XKFDYJ7LU,0
CUST_QBPEIGO6YJ,0
CUST_MYRPWN12T5,0
CUST_AIK3JUERJJ,0
CUST_RRNM7R42M0,0
CUST_S1E1BIOCLD,0
CUST_F1KJRD7RVA,0
CUST_VO2YP2G029,0
CUST_7YLFNJU6OM,0
CUST_F4JA9EQK24,0
CUST_8Q666TQ3AT,0
CUST_QZU7XA1ZGY,0
CUST_218JX4XDC0,0
CUST_1BFP3VA3SE,0
CUST_U3RQ90GEXW,0
CUST_M2DULQX20F,0
CUST_41A5PNXGWC,0
CUST_R1FM7S0JI5,0
CUST_AEC47TV3JH,0
CUST_FPWMPHR9JM,0
CUST_Q6MVEHPVDM,0
CUST_OZZGBCM7IK,0
CUST_3DM5DIIF9H,0
CUST_B18670MXKU,0
CUST_9119DSA45Z,0
CUST_ASST6I9G4M,0
CUST_FTTGOMEGZA,0
CUST_5G0FDK8WDE,0
CUST_RDNAK28Q57,0
CUST_615JM3UFH1,0
CUST_601S46BDSB,0
CUST_CHUIP11ZAD,0
CUST_TFR8OQRGFE,0
CUST_SYFFVO6Z9T,0
CUST_47HLY2XV94,0
CUST_6RPWC4MH30,0
CUST_BQOX0TZAS5,0
CUST_GOY1JT9NBY,0
CUST_A69JB9O29B,0
CUST_6263V9PLSS,0
CUST_CA2NPZ9HGS,0
CUST_G5W57OY1NF,0
CUST_ZYX4HY3YGV,0
CUST_22ZG7AA46M,0
CUST_MY79UFPLOV,0
CUST_9SDLOTI7QD,0
CUST_WOWGIE2V4B,0
CUST_WBT9XU56RQ,0
CUST_JRVAB7YIUX,0
CUST_K5EVSWXL81,0
CUST_VNDT04YGP4,0
CUST_L20C4MV3SF,0
CUST_LQQJNS7I20,0
CUST_ZZT2CXZTOO,0
CUST_K51UKP36VA,0
CUST_FTK0VC5ZBO,0
CUST_47UH9XEVGQ,0
CUST_VU8DE1UW0E,0
CUST_JRWBY5SOLV,0
CUST_6QDP3JCOWI,0
CUST_6UVX16IBXP,0
CUST_EHK948LCWK,0
CUST_BUIJMKPW1P,0
CUST_SHPCIW5WQV,0
CUST_3DNW6HIXSY,0
CUST_MBZ3HUT3W6,0
CUST_J88BGR4G16,0
CUST_MVW82CT5JK,0
CUST_XHDDP37ZGB,0
CUST_LZ0XXSIYA1,0
CUST_9RQIYBPGZB,0
CUST_BSZWYUYZ6D,0
CUST_47M7581OXO,0
CUST_PYDMNRBRIK,0
CUST_DK0YW2U0JU,0
CUST_LI1HX8UC4X,0
CUST_LAWK6M34KH,0
CUST_PJ96YW160L,0
CUST_51402RJKS3,0
CUST_4WYYXQWI3F,0
CUST_U7078JIFL9,0
CUST_H1V09PISI5,0
CUST_X5N9R41PBU,0
CUST_78GHKXNJ3R,0
CUST_U8BZE86W2W,0
CUST_Y5KRK4ZLFH,0
CUST_GIMDTZ302B,0
CUST_YSBDSY4EEK,0
CUST_YZYFNH3HGO,0
CUST_QE9J1579QR,0
CUST_MJQ2EW31LG,0
CUST_0WV6JKL6Y3,0
CUST_XCNY3GPEV4,0
CUST_P6D837V8VY,0
CUST_LGP74BU3HJ,0
CUST_SS6JI8N8C5,0
CUST_5XC6GCCGCL,0
CUST_QCQH2SEOQH,0
CUST_4D47H7J4L6,0
CUST_ZYIV8BWQKR,0
CUST_0W3IT9FDNO,0
CUST_6K2XJEHIWL,0
CUST_P3J0NUP85T,0
CUST_R8M0QH3GSM,0
CUST_GIEZSET9DH,0
CUST_5WC2RLZVJ4,0
CUST_75Q23ZRYQO,0
CUST_P9LWJTGDVF,0
CUST_KDSH9OLROS,0
CUST_6DEP3LMUBW,0
CUST_RW8D1D5670,0
CUST_RR6F90GX2N,0
CUST_RBIXPYJCGG,0
CUST_BIZGC94QNP,0
CUST_YKJL2A79EE,0
CUST_S2CWGPTDRH,0
CUST_H1GU3UP4ZG,0
CUST_X6QV4NYMO4,0
CUST_ZT7UPHRZN8,0
CUST_DSETVPV0DB,0
CUST_YJ6VNPHHOP,0
CUST_YOFA5ELGX7,0
CUST_WMG52Q3EFZ,0
CUST_754YHIPVRC,0
CUST_VBWXQH68R3,0
CUST_KNB6HLY0PO,0
CUST_S7B1SHU0IG,0
CUST_AUPZC5UM3E,0
CUST_KF50ELLAD3,0
CUST_9QCUANZRAO,0
CUST_WPNFIQKNZC,0
CUST_6J3XM6G21O,0
CUST_3IJ59XZ82P,0
CUST_5L7PACD9AY,0
CUST_9Z5D96XCMN,0
CUST_DQQP6107CV,0
CUST_L9WHRUDYBU,0
CUST_LOILT1VATQ,0
CUST_PN834VNHPW,0
CUST_FV5GFZT8B5,0
CUST_IN75FI5NDM,0
CUST_5M1QRBMA0C,0
CUST_W4USEOI885,0
CUST_3A1T5OKQ3J,0
CUST_0E98ZU8YVE,0
CUST_ZJC0S4W0GL,0
CUST_ECR28V16QT,0
CUST_0SOEGBHLOJ,0
CUST_C3I2PY9X0U,0
CUST_VTMELJJOH3,0
CUST_56YTL3H7MY,0
CUST_P3JYRE0FCQ,0
CUST_XXOF9ZQQRL,0
CUST_NJPCTQMPUV,0
CUST_MJ1CC1O307,0
CUST_GE4OMI5DLE,0
CUST_NZP4A2P3DF,0
CUST_3HH359P3PN,0
CUST_OS8A6Y3JCM,0
CUST_EGTUZ2KY5C,0
CUST_O8EWS415YF,0
CUST_YEJ1ZFG6JQ,0
CUST_EQZMDUHMX7,0
CUST_PL6ZW6XWIR,0
CUST_D7IU44A0EE,0
CUST_KKVKXMWA8O,0
CUST_75GEIWULK4,0
CUST_6B105WY5P5,0
CUST_JWOO1D9ICW,0
CUST_WQ09BN1YTZ,0
CUST_0QIG5XFF81,0
CUST_YF4DQRPD6Q,0
CUST_2AC4SWIZUU,0
CUST_WWRV3H3HN2,0
CUST_IC5ML2HJMX,0
CUST_3R3LVDP1IE,0
CUST_I47UY0ETBG,0
CUST_HJEM7OSD5K,0
CUST_XO2ORJ36UR,0
CUST_7LG6BDTET2,0
CUST_OCYTI6UU6J,0
CUST_DFY9FPLO8A,0
CUST_1JKGJNXTTC,0
CUST_ZULOH153XT,0
CUST_VOICUYVNE2,0
CUST_KF9FBUVAAW,0
CUST_EHDFZEHW1D,0
CUST_0JF8DGK3M2,0
CUST_FP61G16REN,0
CUST_DI8DHWXP26,0
CUST_UOGE3R16XM,0
CUST_LB3XVFAY4G,0
CUST_HBO5Z0Y3D2,0
CUST_93TKJ7DVXO,0
CUST_IX0UNZJ14S,0
CUST_7X1CW6HK0E,0
CUST_3G4T5DH8HL,0
CUST_XOMOVPPJ8V,0
CUST_XOAA6DJ1O5,0
CUST_B2K5A4SENJ,0
CUST_LVL5OFJV06,0
CUST_9GC1WJELBG,0
CUST_8G6FXZOSHH,0
CUST_TOS935RVN0,0
CUST_TGDCLSC49Y,0
CUST_ILMAQGMUSN,0
CUST_P7QM91ZEZ5,0
CUST_D2FKUW92HP,0
CUST_WNFPTR8TGT,0
CUST_PW36ODC7G6,0
CUST_SXRLBJZ752,0
CUST_XBTWQUC99A,0
CUST_SV8T1GRQLI,0
CUST_982FMMAF3S,0
CUST_Q0BT2ZIC7I,0
CUST_GZ5UDT04OK,0
CUST_8VSX5AKWIJ,0
CUST_VXYLYJWTS2,0
CUST_EQCM1LUUHS,0
CUST_48YU86US0Y,0
CUST_5E3H2STM5S,0
CUST_GS9C99I2AX,0
CUST_KSAP4Z9ZKM,0
CUST_S69N6IR1EH,0
CUST_MFCCOSQP8N,0
CUST_2968KA5UU4,0
CUST_S89FWPQ9X0,0
CUST_61RJ4EE5B6,0
CUST_43PXLOS9LH,0
CUST_HKDY9TXYH3,0
CUST_Z44S2PPZVA,0
CUST_8P9OYEL2WK,0
CUST_7ILDIY0I86,0
CUST_M1221JDIQI,0
CUST_0KWHU3CJYV,0
CUST_I63CM7QJ6E,0
CUST_705QGFZ5F8,0
CUST_E4GSVF0ZSO,0
CUST_CW1S1KC8EK,0
CUST_4W917BJ5DC,0
CUST_H41GEXGAG8,0
CUST_T2PPZ0KDHH,0
CUST_SX4KRO4LGE,0
CUST_SKXWQJQ16M,0
CUST_H43BCIEXL9,0
CUST_1O8BB5ZT6E,0
CUST_PSR7NRBL7T,0
CUST_34S4WOQ5RO,0
CUST_HDCVZA9210,0
CUST_FUPTUXFRD9,0
CUST_JICJFOLOQG,0
CUST_W1ZOIKBDIO,0
CUST_W0RXVHRYGT,0
CUST_F6N8ZXI683,0
CUST_YCGB4CAGR8,0
CUST_NN5AGCIONV,0
CUST_MJYCWGATLG,0
CUST_PK2GUYKC1I,0
CUST_SJL0BRKK28,0
CUST_N99N3VP8VU,0
CUST_SRG2KO0FWV,0
CUST_V6GXPN7D47,0
CUST_2XYBRNWNN6,0
CUST_38XL44NDBN,0
CUST_THHG0TXHD6,0
CUST_PCU2OWADGE,0
CUST_OCBUAIW7O4,0
CUST_EHMEKOPSF0,0
CUST_GVZLDXDHTV,0
CUST_T9ZI8U55VO,0
CUST_M3EQI89AIM,0
CUST_52U72WV2YU,0
CUST_G4RCEC8BME,0
CUST_HS228FZJS9,0
CUST_PNA2O744PW,0
CUST_AMHL5PG8VI,0
CUST_GDA3RZEIZR,0
CUST_FAH8RIEBLS,0
CUST_7EYZB2O7BC,0
CUST_B6H21SM4E7,0
CUST_2T1Z33V0HL,0
CUST_OAQOJHI6XI,0
CUST_MTK6209GSV,0
CUST_SICS8RMMU2,0
CUST_RY435JCEN7,0
CUST_U39VNO8E9G,0
CUST_71S9XEZ5MA,0
CUST_U33FYI0NLG,0
CUST_9JUVEKAFPQ,0
CUST_5OH22SRO55,0
CUST_E2EZWEWDLV,0
CUST_BVYKYYDIA5,0
CUST_O120CAPG4M,0
CUST_A99IE5ZRTQ,0
CUST_QEPGY6T8H3,0
CUST_N29J4XGJ29,0
CUST_ODSRFIMAKO,0
CUST_NF858LXP09,0
CUST_TTZZMDP353,0
CUST_IAE5MLGZXF,0
CUST_M17Y2V60ON,0
CUST_NIC2F5YJ72,0
CUST_MHUBH2RTKM,0
CUST_GZJSSW46NV,0
CUST_T5LWAWTBW4,0
CUST_T9NXT97P4Y,0
CUST_8VX2DM7B5U,0
CUST_HKRZA2MZBO,0
CUST_D0818XD157,0
CUST_NXXJG1KT6E,0
CUST_SB03CZKE28,0
CUST_8VRMMN60K2,0
CUST_HGY6WTDQJY,0
CUST_18T4YGQ1MU,0
CUST_ERRJMRI0W6,0
CUST_PTGQUDDOZN,0
CUST_WE3G9V6ZHG,0
CUST_ZST91A7ADJ,0
CUST_991I92GZ0A,0
CUST_VQU4T3HT3K,0
CUST_WRMBXQD14E,0
CUST_IBH73EN9BI,0
CUST_QTL9AR9QBH,0
CUST_9LH089S10P,0
CUST_BGKX2V5YXY,0
CUST_6PZ3NT9NVM,0
CUST_RO18IZ0PNQ,0
CUST_9L5I1XMCTN,0
CUST_23NRM21HFF,0
CUST_C2LNAEVY9M,0
CUST_UVUGJT3NX8,0
CUST_T1Z9P7OS41,0
CUST_1SSBU9TF1V,0
CUST_AUX21EUFSQ,0
CUST_4TQ3U43TP8,0
CUST_FBKIT2TTUF,0
CUST_S1HZB36P97,0
CUST_9R9M6EAVAE,0
CUST_G13OVQPKLI,0
CUST_V4YIXVW7LO,0
CUST_8ZBSUIPAMP,0
CUST_IOPJV3513N,0
CUST_D547A4903S,0
CUST_FGFKUFJEK0,0
CUST_6PSDIJBIEE,0
CUST_M15JGQAQE4,0
CUST_MN078R7KOQ,0
CUST_7837CDHYFK,0
CUST_VACAYOT1NM,0
CUST_78VO557Q9J,0
CUST_SXNEJ55UKU,0
CUST_QY1OC3I8OU,0
CUST_7BDD2M5J5L,0
CUST_VKXGGBWBWP,0
CUST_2RGI0ZNURO,0
CUST_QGFTCJUPTA,0
CUST_361MLZSDFD,0
CUST_TKK8M0XLVM,0
CUST_NMNVFMY4TD,0
CUST_4K5F373K2O,0
CUST_5V7V42M5UK,0
CUST_4OEIBDZ4U5,0
CUST_G0T8FXMDAN,0
CUST_L8YSYXTCCN,0
CUST_1LWZ4M8FQG,0
CUST_QCUJ6VBR7E,0
CUST_CN578LLYT2,0
CUST_T735VXGKOR,0
CUST_R7XK0M3QZ4,0
CUST_4D3E41TLLQ,0
CUST_QK0KMD6AKK,0
CUST_C7Z7IZ0WS5,0
CUST_9H8YA9K27L,0
CUST_PDVCWGR77C,0
CUST_VY0JXRG2YA,0
CUST_KDFXC1CTT8,0
CUST_34XISMVHWG,0
CUST_Z0Q5CK6EGI,0
CUST_KMOFL0YPVE,0
CUST_T1EJ0WXY03,0
CUST_3CT659CUIP,0
CUST_JCB9BV6SJ3,0
CUST_KMFLH4Z3T1,0
CUST_PPP08Z33RK,0
CUST_YQFLWO3MOM,0
CUST_6SV8ENDBOM,0
CUST_RTZB2MS2J0,0
CUST_EIY69MPEE3,0
CUST_WVZAD2YJ21,0
CUST_0GDSIXW0H0,0
CUST_JI0320O6QE,0
CUST_ZQF0F76JN9,0
CUST_CRRHO068UW,0
CUST_OLHI4JQR7R,0
CUST_UY10CF72IW,0
CUST_0CYFP7EOXE,0
CUST_HWCD6AGRSS,0
CUST_UJLWYNJUXY,0
CUST_TFVFF09P52,0
CUST_OCMCDM2EVY,0
CUST_J3TYTNUE54,0
CUST_OOD2KR9NWR,0
CUST_0YT2J750LP,0
CUST_HFU51OJW7W,0
CUST_SSGLRP4K8C,0
CUST_9G0XH4EOBZ,0
CUST_U9VGLS9CFX,0
CUST_GNIRVUKT7P,0
CUST_2OG8YVCDPD,0
CUST_RZHFUEVBXP,0
CUST_SEUM1CWDGY,0
CUST_Z1EWX74A89,0
CUST_NOP01SZZ6K,0
CUST_57EVZ6S9W0,0
CUST_SBZRKHZUXE,0
CUST_YSFL4KY7FP,0
CUST_947AWV0QYK,0
CUST_3AV7G05EOK,0
CUST_FVXYJ924GP,0
CUST_YRQ62RL5EB,0
CUST_KZBMH04A6D,0
CUST_FKKY5OLX8S,0
CUST_UMALL4M9UD,0
CUST_M5IZ28PH2O,0
CUST_BZECXS7KWX,0
CUST_DRGR2TU94Z,0
CUST_FQ81VAPBP4,0
CUST_OLP3BOTO80,0
CUST_WCH4VQS9M7,0
CUST_WMCZAVM3V9,0
CUST_DOFX4ISSLJ,0
CUST_YKJE7FR5Z2,0
CUST_1E4GRAY9P5,0
CUST_6HAOSWRYKF,0
CUST_Z2IY6EO9UG,0
CUST_GFNRHF8RAU,0
CUST_AXECPKYJ95,0
CUST_DVZ5QEAJ7R,0
CUST_VJKOW9YMWA,0
CUST_06N6SZ87CH,0
CUST_NOSOGPQSAM,0
CUST_5J0O6H9XJ7,0
CUST_ID8RNXODR2,0
CUST_DX6RXBUGY9,0
CUST_8ES4UZPU0J,0
CUST_IPZKZV2VMX,0
CUST_OKB4VRTJBZ,0
CUST_DEICYDNA2T,0
CUST_5WWQ2KT43F,0
CUST_XP6H0PSN9N,0
CUST_EF9PTGREBX,0
CUST_KD6BOU975T,0
CUST_UDAYR07E0S,0
CUST_702EN999MH,0
CUST_JOMI6LWTP3,0
CUST_6C44MJQTM0,0
CUST_UGI7B9V8SK,0
CUST_B537NCRI5L,0
CUST_7T06A3TSGZ,0
CUST_BYEROA9QL1,0
CUST_UDNCTYBOF9,0
CUST_VKH0O0OG4O,0
CUST_D5D1O4U94X,0
CUST_G4M5W2IYL5,0
CUST_064O68CKHB,0
CUST_2BINGGWLZN,0
CUST_HFGOVVAUGG,0
CUST_JHACGTFZYE,0
CUST_2XKEJ0ITTN,0
CUST_XL0LIX0MRE,0
CUST_B79KKFOH7D,0
CUST_LF72BIDY6Q,0
CUST_3FA12G2T9B,0
CUST_9LM483L2QB,0
CUST_4EC7NC393K,0
CUST_RYAS1N6TDI,0
CUST_BSQME0I1TD,0
CUST_MORWIK1BY9,0
CUST_UMW9KUFVKF,0
CUST_OQZ8TJECK6,0
CUST_W7VO6HY4U2,0
CUST_V7E66BB693,0
CUST_4D51X7G4ZN,0
CUST_97F83CJUSZ,0
CUST_FK02D2EW60,0
CUST_X0I8RPSGCL,0
CUST_NVRCTMQS6V,0
CUST_1GNJV82OCE,0
CUST_DMWJJGS38Z,0
CUST_NA4K73ONPJ,0
CUST_FR2H9XN5H0,0
CUST_Y3O7MTKHEC,0
CUST_N7MNI63RFV,0
CUST_RBJC9DFXG9,0
CUST_2F59ECBXR4,0
CUST_SAGPFBN2PI,0
CUST_WNSHNM9TH5,0
CUST_NZGUPZLLDV,0
CUST_3NYPJV20TL,0
CUST_G0XXUJ053Q,0
CUST_Y8EZ1TKPJI,0
CUST_LFZLUP54UI,0
CUST_EMW9UZK039,0
CUST_I1PU3J66K1,0
CUST_68FEKVMK23,0
CUST_FQLVRTLF7K,0
CUST_9U0SXYSRZS,0
CUST_J3AR5JL7TJ,0
CUST_RZVDNVJR1P,0
CUST_ZAT1SC7K3T,0
CUST_K4FZIXLKP2,0
CUST_L32UJJT744,0
CUST_J97LVEVLM1,0
CUST_IEX0PA0Q7K,0
CUST_4TAAQOYBYV,0
CUST_S6HTIR71W8,0
CUST_NVGXZPXY50,0
CUST_ECLTFF11PX,0
CUST_KF7NEF3YT5,0
CUST_9XA4RAOLNZ,0
CUST_0FMA3GQTV7,0
CUST_IGFCGD5L4A,0
CUST_WYERGORT3S,0
CUST_WJV17HIMPU,0
CUST_RCH75VETA5,0
CUST_MW34ATIJM2,0
CUST_1MWLN8ZWRV,0
CUST_1MXV2UVPGF,0
CUST_WZKRP9N0OO,0
CUST_NBIO9D82P5,0
CUST_78M1NRKNMF,0
CUST_N4QHGP4BF2,0
CUST_GDTF0UY4RW,0
CUST_IBA20QCAI1,0
CUST_RS6QVM57K0,0
CUST_QRSWNPKN8Z,0
CUST_QAEIEFQ9FO,0
CUST_2AV5OW02CY,0
CUST_DDLBT29X3S,0
CUST_SMYJHGXZMH,0
CUST_IZUK0PF5UM,0
CUST_BHB2MIA5RU,0
CUST_Z80FJUN9KD,0
CUST_SI0QHQ4P6O,0
CUST_VLQG5G51RU,0
CUST_5MPE3DCCSP,0
CUST_IRERN868EX,0
CUST_SO7RG53G5I,0
CUST_UK7LX1HCIW,0
CUST_60V9ZUYIZ1,0
CUST_PA5P0HC2S7,0
CUST_3HRRNEFBHW,0
CUST_DMK0CFJ7QF,0
CUST_7PB70RUX7T,0
CUST_XM3DE3HQ04,0
CUST_FKIZISNU2G,0
CUST_Q5MNQU1CBF,0
CUST_E9MA70BBNS,0
CUST_ZWMB5N274Z,0
CUST_T71TKIM6CS,0
CUST_AUSI5FPNV3,0
CUST_DQJCVA65OL,0
CUST_PY4U196U4P,0
CUST_9NHAG3UW02,0
CUST_1FP239ODB3,0
CUST_43GNOH6OBA,0
CUST_6HY2LL7KS6,0
CUST_KWJM9DMGK7,0
CUST_ZLV9ZKAIBT,0
CUST_LS54EJQFS3,0
CUST_PKTI4GDSX9,0
CUST_9BPFVGUQWL,0
CUST_H0K4ENKT38,0
CUST_HG4MZ6V4NZ,0
CUST_0JDMHJH3XJ,0
CUST_TE9AW9W5GA,0
CUST_F18TGYWUNK,0
CUST_2UPZETIICC,0
CUST_EQ1VBDADHH,0
CUST_NQTCPEQSR9,0
CUST_H75DAWJD2K,0
CUST_EDJ5OKRA15,0
CUST_OP0JDLXCLS,0
CUST_S9SQMOWNYA,0
CUST_QJ3VOME0TL,0
CUST_NBXK9V3SYH,0
CUST_68OPKARJ22,0
CUST_E1UJOXRTK8,0
CUST_NL5N3O5YM6,0
CUST_ULEG2BFVZK,0
CUST_SRE4EXW99K,0
CUST_ZS2HQUXZFF,0
CUST_08OAWPIP14,0
CUST_9YKGQDOAW6,0
CUST_I7L2U0J31W,0
CUST_NDUFW1ALYX,0
CUST_LGJVF237K8,0
CUST_LCKAOTIPSF,0
CUST_ZQZWS3VI83,0
CUST_TPL6CNDYBL,0
CUST_MPHXTE7GSR,0
CUST_4S7FJSZVY7,0
CUST_C9VUQKLBIT,0
CUST_12JL03KEPN,0
CUST_IXCK4NZO48,0
CUST_HOK1JLQNUO,0
CUST_G6YZA8U69U,0
CUST_SZ0YEZQ042,0
CUST_792NPHSA61,0
CUST_OBPO1VUOOP,0
CUST_Y3UG9R4TAO,0
CUST_ZCA8163FK5,0
CUST_UJDPHHWERP,0
CUST_H1T92882HC,0
CUST_WJU6YTTEW2,0
CUST_EHN9370W6L,0
CUST_LKENBB3WWP,0
CUST_KO5SOY6DSK,0
CUST_0OZ3WQ6B6E,0
CUST_86HMV6H12D,0
CUST_L912I6O0QR,0
CUST_KDYT75V1L1,0
CUST_BV5T1JPV89,0
CUST_9XFXUWS9S7,0
CUST_BXO1TT41M1,0
CUST_S5RDXJS8CR,0
CUST_2QLP94OJ9T,0
CUST_QYXWCRHDEX,0
CUST_HBU7AX3CI9,0
CUST_AB2UVA0FLP,0
CUST_SDUL7P3LPE,0
CUST_MPFRJ46D2W,0
CUST_ZL8PBFBZ8B,0
CUST_579D58YDJD,0
CUST_27ZJWWBM7T,0
CUST_S9X1G32NS6,0
CUST_5U14B9DIA7,0
CUST_USX8IGGL0F,0
CUST_5GA716HLE4,0
CUST_I37VV8OAS8,0
CUST_KTIPE9B33E,0
CUST_YQ2QZ0OG75,0
CUST_M1QIU8R0ZL,0
CUST_K6MOG9UZ1P,0
CUST_IJ7XXFH1KD,0
CUST_5SDLZ38CBH,0
CUST_WU0UT6E2ZW,0
CUST_8189VQGB8P,0
CUST_YLJ0LFLHIC,0
CUST_I4PSQ1ZW5Z,0
CUST_UF7XMP6KWR,0
CUST_FYMLH8W7KF,0
CUST_JIOBNRROPA,0
CUST_J47FTNJC3T,0
CUST_EJTBCICR2Q,0
CUST_852W4RLMBB,0
CUST_TATZ7WU6CA,0
CUST_H1W6SJTKM0,0
CUST_SFWULDGFLZ,0
CUST_VECW1BDUCU,0
CUST_W942MO3N8S,0
CUST_D6WCJTCTG6,0
CUST_J9BNME4XL5,0
CUST_WYZX0LLOKK,0
CUST_CSESPR3UCF,0
CUST_71IEL67ZOJ,0
CUST_ASNVR1NR8O,0
CUST_93RE73NG7V,0
CUST_LUG6E1RRE2,0
CUST_4OHSLNR5I4,0
CUST_XRSFFNKBMX,0
CUST_7P7BHHZVJT,0
CUST_R6DTTJD2MO,0
CUST_7X2REF4BWE,0
CUST_GM5JHBGXO5,0
CUST_LRYZRRXH2F,0
CUST_G47UD44Q9C,0
CUST_S24HL7P7CP,0
CUST_AMF6A6GA7I,0
CUST_D34W65UG53,0
CUST_CSFK98VLVJ,0
CUST_HMHC1DXVPK,0
CUST_CNOD9GB7DP,0
CUST_CYRJMRF1SU,0
CUST_1R47RI1I9Z,0
CUST_7SLGWGNE9C,0
CUST_UDOCH3J9YL,0
CUST_7N4UIKLRF6,0
CUST_0UWDG3AWOI,0
CUST_DDS7NHCVF3,0
CUST_XXXW5NBZ2L,0
CUST_A0ZZ4F0L0Y,0
CUST_6N2XV2YELD,0
CUST_E951HSSHG1,0
CUST_8C16YGSG2M,0
CUST_ZF8GMZAJBD,0
CUST_3IVZ3RJF4S,0
CUST_JS00LX6JGD,0
CUST_KDKJBW9NF6,0
CUST_G3WKNTH0U8,0
CUST_JU45LM6BND,0
CUST_UF2Z69H1WV,0
CUST_4902ZPUPPL,0
CUST_CQ8GJAT0S6,0
CUST_FXE9W3YEZY,0
CUST_0FQ5Q5KN2V,0
CUST_JJ9GCLAH25,0
CUST_BANIPNY9IP,0
CUST_4V3CRD307N,0
CUST_V9B657EA7O,0
CUST_FHL9Q8S5X3,0
CUST_1XOCE6W87Z,0
CUST_QS0VTVIH1N,0
CUST_WMQNTS6950,0
CUST_OVW74RLAOS,0
CUST_2Q2EDLX035,0
CUST_SP2WM15S2V,0
CUST_PWLIY3AL0X,0
CUST_D4XKFS8FHF,0
CUST_KB03R9YJN4,0
CUST_S6K3WK8MM9,0
CUST_IO5SEI0RIE,0
CUST_RRMYO9Z3MO,0
CUST_EZURNJ9FFB,0
CUST_YD9YNEZOZ3,0
CUST_ZYYLBTQQZC,0
CUST_X3P2028MX7,0
CUST_UYPILYKN73,0
CUST_LMREHGQE2S,0
CUST_3PLFSLGRJ6,0
CUST_W6C8N5TAOC,0
CUST_P843JZAJ1W,0
CUST_9H8RUOXUJ1,0
CUST_RBV45VU7SK,0
CUST_8RT8PB9LBO,0
CUST_DTK9631RZV,0
CUST_CYWNOFMU54,0
CUST_6O7W4PZUUT,0
CUST_PRQ65KEJL0,0
CUST_NOK8Z0D51V,0
CUST_OCRJV9Z32C,0
CUST_GEVRLYXGZD,0
CUST_EGSC9B3W5B,0
CUST_2KWO8SAU97,0
CUST_4O3HWXSHXA,0
CUST_98WRGMU1MF,0
CUST_IPFORGKT64,0
CUST_QJFVD4PRS8,0
CUST_443KF5CEJS,0
CUST_DLA5IP27S6,0
CUST_V9BYRXUP8L,0
CUST_XMBITJG913,0
CUST_6ATPWLAERT,0
CUST_UZJTSL3ZQF,0
CUST_OSHWMHKZSA,0
CUST_YN714NKNC3,0
CUST_X0YKBYZ8NO,0
CUST_06JDS361YK,0
CUST_Q4R0L5EBHB,0
CUST_8X20QN25E2,0
CUST_FSGJV447KI,0
CUST_A9LX1WLORP,0
CUST_R6XEI9JCK4,0
CUST_ETFR4D2FRO,0
CUST_LXXRBCNBRL,0
CUST_9YK50EXTR3,0
CUST_ATFWOKZ4CC,0
CUST_TZW0KHOU5J,0
CUST_FMBNR9HGU0,0
CUST_04EBYZF8CM,0
CUST_I84IXM81VN,0
CUST_U14S35386W,0
CUST_H44NYR87YU,0
CUST_M1FA96V7NY,0
CUST_Y2S51WWJQX,0
CUST_ZMEJPBP92H,0
CUST_KILH4ALTXU,0
CUST_TKIU4A9AOF,0
CUST_XZSVT7FNX3,0
CUST_IW6CJA16P0,0
CUST_88CXHXWCDH,0
CUST_GCRI8WI4SC,0
CUST_HXT69TQXSE,0
CUST_TZ1B4KMWAJ,0
CUST_89UDMNDLP5,0
CUST_U5BXDMHP0E,0
CUST_6J6WVT7G30,0
CUST_0VTTKTM39T,0
CUST_6BKM8KHC2P,0
CUST_RGQTHB3OP2,0
CUST_XUKJC41KUU,0
CUST_IKIDL7YE40,0
CUST_YW16EG53CF,0
CUST_28JTO43LTY,0
CUST_OVWBKGSBOX,0
CUST_7XQRDLL2DC,0
CUST_AG21SL9BVX,0
CUST_ZL9M14O7ZU,0
CUST_PQB6Z827MZ,0
CUST_ZUCSJPZLYP,0
CUST_3D3OPIM6SV,0
CUST_3FY9BJ2CH5,0
CUST_2MHKAX90AZ,0
CUST_LX8TJ5RM4S,0
CUST_AMBPNPTX12,0
CUST_2IUU4ZJMMC,0
CUST_83G2Y84VT4,0
CUST_H0L2D1DD3P,0
CUST_500FZZ5ISS,0
CUST_IP5JVNJH7O,0
CUST_Y1OW0CN507,0
CUST_Q6PEMUI42G,0
CUST_IPFX3CB08L,0
CUST_AOV6B3D12R,0
CUST_0HAPSSZ62P,0
CUST_B4B5K3HNIS,0
CUST_CORBQW3OQC,0
CUST_G65CF0IPWF,0
CUST_TY5ASIB8Q6,0
CUST_TMQDUQBB2N,0
CUST_QW37FEM4VZ,0
CUST_TONZ15LT95,0
CUST_GK1UIN96JK,0
CUST_NP1777356C,0
CUST_G0C3YULX37,0
CUST_KEOKX4C7S4,0
CUST_K3BGUGT9V4,0
CUST_KQQOJCZ3XX,0
CUST_PRFI15K5GG,0
CUST_YONHENMHEV,0
CUST_GSZD23KLYZ,0
CUST_LOHOY97COQ,0
CUST_JA86QX67F9,0
CUST_KTN8L1ZWJS,0
CUST_X7CU7K7JFM,0
CUST_UNSRKDQ83B,0
CUST_29JZD3XJ0X,0
CUST_Y54FZSDGQN,0
CUST_SA6BI54DLM,0
CUST_SDFN5G0NYS,0
CUST_UDPG0UFR94,0
CUST_7VDGTIJUAQ,0
CUST_N2ILX2BZ0Z,0
CUST_CQ6FEYSJ1A,0
CUST_SYVB1RH1KX,0
CUST_58Z4ZSCCHH,0
CUST_7TTXEO26SU,0
CUST_0AH1VC5H35,0
CUST_Q6NVYTVHMR,0
CUST_9NQAYVAFEM,0
CUST_L02UXF1ZHK,0
CUST_N7KRB7P91O,0
CUST_V1JNCUUAO6,0
CUST_617P3QDF2J,0
CUST_UROUS1X0L1,0
CUST_3EYXM45VOT,0
CUST_CHFOFBJUD9,0
CUST_O9Z78NH0N4,0
CUST_3GOQC55IZU,0
CUST_UVBEFOBYT3,0
CUST_QPARU8RXJ0,0
CUST_8OHDKLK514,0
CUST_KD1IWZ6SDI,0
CUST_MEVGIIZZME,0
CUST_7QG03N6NZW,0
CUST_2YCUK3CGSY,0
CUST_Q0T2WH1120,0
CUST_DGURS2WM69,0
CUST_RQPRN8BGUX,0
CUST_AZRGFPBGZB,0
CUST_9T27VT28TU,0
CUST_N3JD6YUEQX,0
CUST_D5GO68WC8A,0
CUST_97WWTIZMIV,0
CUST_YJIHBJA5WB,0
CUST_LVAM2O0SS7,0
CUST_ZR8NYU5EUI,0
CUST_T0VCYFUU32,0
CUST_FN54DXHWRI,0
CUST_9T9CWJF4X0,0
CUST_O92RC5SCTV,0
CUST_K6BWMBTM17,0
CUST_6SKJE2F847,0
CUST_TCZ5L1RQJM,0
CUST_31N9RPZ3KW,0
CUST_KEJVHZHQEE,0
CUST_MLVZCK1YKG,0
CUST_RRQ4QJOHKZ,0
CUST_W9B11SZVFK,0
CUST_U0BP8MKTHX,0
CUST_3VAJWVBSBK,0
CUST_4RBMXKMTJN,0
CUST_KTIS79ZZBW,0
CUST_X4C4HRNAZE,0
CUST_51W4C7DIZA,0
CUST_Q1IJQEBET4,0
CUST_MHG57009SJ,0
CUST_WSKIVGNZ7V,0
CUST_76ZJ91GVQC,0
CUST_AZGM17CUOA,0
CUST_3GXX8OZWUV,0
CUST_7FT0GOPNRZ,0
CUST_E11MBZUO3F,0
CUST_D4RZHQPHRJ,0
CUST_M9NH3G3Y45,0
CUST_WL9PJRAGRV,0
CUST_974B9A4C1K,0
CUST_LQCHPE9KAQ,0
CUST_8MU37IJHDH,0
CUST_682Q224UOJ,0
CUST_WPVJED7ML0,0
CUST_3NZAYTXD3K,0
CUST_G7Q8X1SS5B,0
CUST_OY46DAR5AM,0
CUST_AS8H4EGSM5,0
CUST_L9P6GVJZQN,0
CUST_5TNRL9YXOP,0
CUST_VID02ICY8A,0
CUST_GQ3VF1TNYR,0
CUST_ZDNCLYVE88,0
CUST_VSC9CP95W5,0
CUST_7PXIDS8K9Y,0
CUST_ZWRFIMN4RD,0
CUST_6YBBWR8KNJ,0
CUST_YF5SMRDYTR,0
CUST_QWW5E6XT2E,0
CUST_7W1QIW4T62,0
CUST_CS9FK689A1,0
CUST_MT1IVQGV9M,0
CUST_BF6538NRCH,0
CUST_2ZJWD6UMRG,0
CUST_FMZ15EP2PS,0
CUST_M0SKXA1VUN,0
CUST_BQ0H3WRHE8,0
CUST_B7WXQ516VE,0
CUST_U39IK6FVWM,0
CUST_LT0OPKA4XB,0
CUST_I8PIROW98M,0
CUST_IAS236LI6J,0
CUST_BPIHRXRO8Z,0
CUST_0JAUVPE2NO,0
CUST_WI4OOBLYRX,0
CUST_90XHVTW7TH,0
CUST_13AD7GBD00,0
CUST_IIV0OIYT1G,0
CUST_7GOCB86BTC,0
CUST_ZUSGU1B7XR,0
CUST_8HT4IXFF3C,0
CUST_NKHKSNYHZR,0
CUST_Q14PN18TZH,0
CUST_T9HUQ8YDIE,0
CUST_QFAQMQNOAL,0
CUST_ER3NBIHLQX,0
CUST_9S35WC0UI7,0
CUST_UYEZT5STGZ,0
CUST_KWX2TIT0QQ,0
CUST_J8IL53A4B0,0
CUST_64U9QRNG88,0
CUST_FWVZKYRPRE,0
CUST_SKCCUJWQ2E,0
CUST_D23N4RQ19D,0
CUST_VS5L9L878L,0
CUST_OOEPCF9Y33,0
CUST_5W4N4LKKTB,0
CUST_35WMD81C52,0
CUST_C94W8V4REM,0
CUST_CWOX1NMZ27,0
CUST_FQDMWFOO8K,0
CUST_5WR7FOF4HX,0
CUST_R0B6GO5V1Z,0
CUST_DMZXOG1IRY,0
CUST_01HAET7MJR,0
CUST_KNXP7OZJTC,0
CUST_FAHN65FI3K,0
CUST_9K5JWTMCT8,0
CUST_4L6LOUXENT,0
CUST_1W1M76F3CY,0
CUST_EWAQI9I29F,0
CUST_4SN63EGADP,0
CUST_7H789TWBNX,0
CUST_D81ERC1YC9,0
CUST_J8N54ZK4GE,0
CUST_BWZ79JLX9A,0
CUST_WEGJJ7K186,0
CUST_IOIVT5UNMY,0
CUST_4XGYSV7ODC,0
CUST_DL76PUY5CY,0
CUST_90P7Z9DVNM,0
CUST_4GG1S8R25N,0
CUST_3GVWZ0CT8L,0
CUST_HNFPVXEQ3N,0
CUST_9J5G875EJI,0
CUST_MD6A0Q4XSS,0
CUST_4BPPLDWCT2,0
CUST_UBI93UAP0K,0
CUST_P8JXD23Z39,0
CUST_XBMMJJU56K,0
CUST_B0R3URRIFD,0
CUST_TSBP6QDH22,0
CUST_QY2AWCU4Q0,0
CUST_NBE48KLDPN,0
CUST_97L65UX1U9,0
CUST_OHFXI03NI9,0
CUST_WP3OPH1AA9,0
CUST_RZNG0WYBBW,0
CUST_JOQVT4GW3B,0
CUST_VM40ZH4JK3,0
CUST_UTL3HM6DW0,0
CUST_HMNFNLE4OC,0
CUST_UEOIDI05S8,0
CUST_DVNE4QBPEK,0
CUST_WCIFY7JVL9,0
CUST_1XPYHHZZEA,0
CUST_W3I16HXXRB,0
CUST_KXB8RQJ7F5,0
CUST_EMFSC7VPN8,0
CUST_J7PYEVAK4F,0
CUST_7Q5OGGX65N,0
CUST_6O6TJ2T2XM,0
CUST_F4ECQQWLDB,0
CUST_JP9VTRYC6D,0
CUST_NWJSTI6L00,0
CUST_NO6JUJXXWB,0
CUST_FWXJEWPF4R,0
CUST_85VBUE70X5,0
CUST_OM84MHINXR,0
CUST_CCFAY4NN44,0
CUST_2YZGQYZJML,0
CUST_1H39JNN9W3,0
CUST_NNH1E1RZIL,0
CUST_FPO84QMUW9,0
CUST_AMZBUUJ9TY,0
CUST_FEBK1EMGVQ,0
CUST_4SY112M4DH,0
CUST_QQ28YD5DJI,0
CUST_ZVZ3CB2SJL,0
CUST_R2QPA4RQM6,0
CUST_V2VV22RFPS,0
CUST_G037YJ6C85,0
CUST_ESBIBP2LFM,0
CUST_KQIG2EYMTF,0
CUST_F1UP01NADC,0
CUST_AS7KYXWC5A,0
CUST_3LJ3E21SWI,0
CUST_728CKKCBAJ,0
CUST_LZFW6HXV6Q,0
CUST_FI4CBZZU4C,0
CUST_0S7VXKGIUB,0
CUST_DY6B5I0K03,0
CUST_V3RHGQ5W1Z,0
CUST_RYQEO5XV9E,0
CUST_NB0M7OAFZ4,0
CUST_YTPMCPM6TM,0
CUST_5OQ53381I3,0
CUST_TI0UUD3813,0
CUST_2P0ASOYUSP,0
CUST_E8KGZVEG3X,0
CUST_7X85ZFV3K1,0
CUST_WFEEZZPUDA,0
CUST_7RCTD3DJD2,0
CUST_8X48NLXLVC,0
CUST_O4UP9EX6HQ,0
CUST_EUTLJLIA1V,0
CUST_98DCGJJ1AT,0
CUST_OIZ7OLU2U8,0
CUST_3RQD48TC08,0
CUST_IPFU5ENDVW,0
CUST_45V2HB7M73,0
CUST_AQLDD3D6TF,0
CUST_UBNTEM23KR,0
CUST_WVOCD25JFO,0
CUST_5NOHUUJU57,0
CUST_MKDAX4NQHZ,0
CUST_OJMUGQVO38,0
CUST_ZZ6R4DAXUD,0
CUST_YASLSJKWV1,0
CUST_HV5SLPI56M,0
CUST_RW4IZCGHZL,0
CUST_10RGBSTK0Z,0
CUST_ITP09L8Y61,0
CUST_MJT9MLT9V0,0
CUST_DPTI5QMMPB,0
CUST_NB70R529GC,0
CUST_TO18W2YD9H,0
CUST_RGZ6MAHFYW,0
CUST_AU3LEUU4JA,0
CUST_ZPA8U5PUZH,0
CUST_I1QBLRG9S0,0
CUST_9ZK3RYVQ83,0
CUST_NAGUH83AWQ,0
CUST_UBRHLPVICU,0
CUST_FWV2YZB3QX,0
CUST_T5YQBBDY8T,0
CUST_EQYYDPDVG4,0
CUST_EW50NIGLOH,0
CUST_5YINRIT8WL,0
CUST_TWQWPE1F6J,0
CUST_ZUVYZ9D1FD,0
CUST_N74K4SB9Q7,0
CUST_AYO5KP85JZ,0
CUST_UPPN4GY2SR,0
CUST_XKRKN74CZY,0
CUST_XEFX7TAAH9,0
CUST_A7R61JE0WG,0
CUST_WIM0CEJ8DA,0
CUST_BMAEC15T8O,0
CUST_L0X7VBEYBO,0
CUST_W8JUKSYSE4,0
CUST_PQ9W41J6UE,0
CUST_IX46M1SU7Y,0
CUST_DF06GG6ZTH,0
CUST_PCKX14FSPF,0
CUST_G6BFPO15YX,0
CUST_TCM05SRFNN,0
CUST_XRWH2V5QQV,0
CUST_3WTCIOU3NG,0
CUST_X4POAES1P8,0
CUST_4T39HPBNIS,0
CUST_NYPTUF6XVR,0
CUST_TE72S2FBA1,0
CUST_F10SKGR92U,0
CUST_64AFFI6NKL,0
CUST_KMIXE9HLY7,0
CUST_1VUH8LCLKM,0
CUST_KSTJGBB6KS,0
CUST_G26RJRSV5I,0
CUST_X4BC6LZGEE,0
CUST_735DF8WUMO,0
CUST_G3RFZPLHUL,0
CUST_PROKLRCTPY,0
CUST_049DSQGRI2,0
CUST_JGB181PKHW,0
CUST_TZRN2W5EFX,0
CUST_V231C2TFO6,0
CUST_FYKKBUKFFG,0
CUST_DU4ZDZ7VZL,0
CUST_SMS6I2CSNM,0
CUST_5G41TAZUVB,0
CUST_0UA2F39LM3,0
CUST_7V8IZ19YG7,0
CUST_AWFB7KPHE5,0
CUST_1HH1JC6419,0
CUST_FXST6H5VW6,0
CUST_MSMCP7TH7M,0
CUST_DESSTL1W3N,0
CUST_9KRR6WV2XW,0
CUST_A229GZVYK8,0
CUST_8T5AL6085A,0
CUST_YDJ3KR0BYS,0
CUST_53IHR661NV,0
CUST_IZGUUWMT4X,0
CUST_LU2BQRKD90,0
CUST_0742LKJAJH,0
CUST_TF720OWI78,0
CUST_J06O3PQ0W9,0
CUST_F03H5NYEVF,0
CUST_TVIZ8RM4LJ,0
CUST_KAVNLUU1IZ,0
CUST_HFJSIDEILF,0
CUST_EMYKDG73N7,0
CUST_U7ISJG595H,0
CUST_2TO17MSRLJ,0
CUST_9FDS5F2S4S,0
CUST_5Z8PMU60TI,0
CUST_92S2ASAI70,0
CUST_31U70UXEFQ,0
CUST_YUPI12CFU3,0
CUST_ALQHQ410DK,0
CUST_WO0ZCZNIEP,0
CUST_Z9JA3GG22G,0
CUST_XLJHZN4OYK,0
CUST_TA6J2I9D99,0
CUST_6TT8N5PIOC,0
CUST_F5DKAF7P0H,0
CUST_L8UJ2ESA57,0
CUST_876EHVN82T,0
CUST_R9RRLI2SIJ,0
CUST_82SPRDZCV7,0
CUST_7XMA6XQIR2,0
CUST_PZ7VZTAAUN,0
CUST_GD27AX8UMQ,0
CUST_QGMNINZQWF,0
CUST_T950DUPBAA,0
CUST_6DQ2AVQYHW,0
CUST_EKQGT47KMJ,0
CUST_5X1PIE5BXQ,0
CUST_O3O4OFYG7Y,0
CUST_N6YDQ4CPNP,0
CUST_VR49TBSKTE,0
CUST_RHDAYBRUR8,0
CUST_BJPXI35BH3,0
CUST_WB8LRPYRWT,0
CUST_6JOH1A9LDD,0
CUST_XQV34IXXIQ,0
CUST_VXD2T077G7,0
CUST_H1BQGLMZNQ,0
CUST_30V1SRZKIR,0
CUST_EUDP22RMYL,0
CUST_6P8XP011DQ,0
CUST_530DTHAWVL,0
CUST_HI4T1ZGNFZ,0
CUST_FIEF4TUR3Z,0
CUST_F1KAPKHYRV,0
CUST_NAON6MMKYE,0
CUST_M8LCGNWMCX,0
CUST_EVYCX83XY4,0
CUST_TCYENEQEV0,0
CUST_G2NYK14G63,0
CUST_ZHXMI1UFKU,0
CUST_J2USYO1UE7,0
CUST_UXU4ZZ03EO,0
CUST_E8CC136XGX,0
CUST_ST2X3NY6TE,0
CUST_C9ZB28NECE,0
CUST_KT02S3DKHH,0
CUST_CSCLYMHP38,0
CUST_ZR6SB8JZJE,0
CUST_RJ0BNNYULE,0
CUST_1KJYFHVZSA,0
CUST_2J8JWZFOHO,0
CUST_1LVB4CCXG4,0
CUST_NUX02K7S5I,0
CUST_DP3VFC7GIM,0
CUST_QJCAK3K7W1,0
CUST_UIAPQMRPU5,0
CUST_IXCTFX6D3B,0
CUST_EWULWCWHCX,0
CUST_MQTP1G1LBV,0
CUST_JCDVLVXDQW,0
CUST_8FO7UE0C3S,0
CUST_4E7EUZHGG6,0
CUST_G49GV2DJ4E,0
CUST_ATERZCE9X7,0
CUST_OHGWO4Z248,0
CUST_UZ71V66BX1,0
CUST_NQ1PW5F4ES,0
CUST_KJ4GZP0IC0,0
CUST_L63UYJ0UQ6,0
CUST_0LB5DSZX8F,0
CUST_C6MJJTNME6,0
CUST_LBCWJYA6LB,0
CUST_3XC4NF1ZN7,0
CUST_5S14HGY68T,0
CUST_YYHWOCWGND,0
CUST_R0RCK2Y80X,0
CUST_B9SG218TUQ,0
CUST_U72PG9X1N7,0
CUST_GZVDIJMBVK,0
CUST_LHIFOVVKG6,0
CUST_6JQTRU3RMP,0
CUST_QM2VNUWD1H,0
CUST_TVQ06ZOPRG,0
CUST_SQPR2ZUORF,0
CUST_OZQLSTLFUD,0
CUST_WGAMJZDXBS,0
CUST_QV1WK8N6FE,0
CUST_N1IH4WD23R,0
CUST_1QXWN4XX4C,0
CUST_2QRZCI1RD2,0
CUST_KXE5SCYE1K,0
CUST_04SHYZE1EG,0
CUST_KB7Z1DS80M,0
CUST_8AAAYY2PWO,0
CUST_9L1L31TBYZ,0
CUST_O48XP5RA4F,0
CUST_H4JDYOVFQ9,0
CUST_UPI7N6T664,0
CUST_COKJB54O3C,0
CUST_NZDEZ1BDYW,0
CUST_D5DQ2RP86M,0
CUST_CLAVJXPM63,0
CUST_JJ4QCOX8ZN,0
CUST_B4JW5MEXWW,0
CUST_F7A107BWYI,0
CUST_8IUDIYD0N9,0
CUST_P2EVXYN1QW,0
CUST_6VY9QPLX6J,0
CUST_HUDN4GI935,0
CUST_GVUTBB0VUK,0
CUST_KD6GTZ939B,0
CUST_Y45YS49OGB,0
CUST_HCZDSH6B70,0
CUST_C9VNWUCCFC,0
CUST_MB8SG5K52O,0
CUST_OC1B7D4Z5H,0
CUST_9I85S6RU6X,0
CUST_2BQH4I9Z4U,0
CUST_P7Z65GO1EK,0
CUST_XGRQRMYGNT,0
CUST_UWUPF20BEH,0
CUST_UX89JC6MEL,0
CUST_EAI9WP3KCL,0
CUST_FZS8PCGBLM,0
CUST_0WY124W0TZ,0
CUST_PU3NPY2IXR,0
CUST_TC3J8TY8VZ,0
CUST_XP6HEXI8AV,0
CUST_QF9XUDT333,0
CUST_3KZC1XSHY3,0
CUST_ATLHJNMMKH,0
CUST_PKEXUJQK29,0
CUST_TA0OXPXOHY,0
CUST_VYVQSP3TXG,0
CUST_JRXBCRACH5,0
CUST_Z8QMIFHI34,0
CUST_S0CBDU6IPY,0
CUST_NFI8HLXZ2Z,0
CUST_CLC22JO7H8,0
CUST_3K2W2SEPPJ,0
CUST_IAAZRBM6V3,0
CUST_0895Z8BSSX,0
CUST_MEGG9DXMD4,0
CUST_H3CBGNGJX7,0
CUST_75D8LPOMNH,0
CUST_DQEA9UVM3U,0
CUST_FD779YLXWO,0
CUST_4E8D8ASGOL,0
CUST_5W15JVDCBZ,0
CUST_GA9O93OUUV,0
CUST_Y962YBHVVU,0
CUST_URUO4E83K2,0
CUST_AIXLYZCIOR,0
CUST_GMCU5EFVI4,0
CUST_2SFNLK86XJ,0
CUST_XIWHRUG6BD,0
CUST_4CN1SQ4A9U,0
CUST_VRRPKJ1RCT,0
CUST_CDDADIJGG4,0
CUST_Y8RAJZ80QT,0
CUST_9BXOJPPGSU,0
CUST_ALTTJBSTLD,0
CUST_G7CA5RMOLW,0
CUST_VPA9ML9097,0
CUST_OUQ20WNEK0,0
CUST_8I6ZCQH1W9,0
CUST_EB28LJL75K,0
CUST_3AXAAZPKQG,0
CUST_UQ2GDFLX8N,0
CUST_811O9HB2AJ,0
CUST_9ME11RSMXT,0
CUST_VD65CHLAIM,0
CUST_1BB1SWZO4O,0
CUST_M96NLUE7Y2,0
CUST_NZVPFB4MU1,0
CUST_QQA35J9AII,0
CUST_KREMEN41XG,0
CUST_SQXV0A11OY,0
CUST_GTVPMFOZX3,0
CUST_UIUE5TAY9M,0
CUST_RO76MKRN5J,0
CUST_IM0NIVO7MC,0
CUST_O9Q6FYC8AB,0
CUST_6GZFKN52Q7,0
CUST_Y36D206VEA,0
CUST_EXN69TLGHU,0
CUST_MIBIQ26SZS,0
CUST_US6WBT7NS5,0
CUST_6I3WXF8O3B,0
CUST_32AXHBSRFG,0
CUST_GXYICVPSTH,0
CUST_ZDKJT7KYTH,0
CUST_NWINSL3GJ0,0
CUST_MR1KAFKUYE,0
CUST_NEEAWH28K6,0
CUST_W2GDXGNOV6,0
CUST_4RYQBTDXI2,0
CUST_UHB8O9HCXX,0
CUST_IZ0WC8GRD2,0
CUST_18WZDSRX8W,0
CUST_0BJDDTWT6X,0
CUST_R451MPOVKJ,0
CUST_YSIP9UQ2ER,0
CUST_DGI1X3DB4G,0
CUST_DXWKW53V12,0
CUST_BDZDE86SJG,0
CUST_E3TM22NTOL,0
CUST_7505PEVGAC,0
CUST_VQEHAN8Q10,0
CUST_QP8JK6FXZD,0
CUST_U8RYC7Z15V,0
CUST_HY3E28X6T8,0
CUST_3TOU41MXJJ,0
CUST_UV2RZC0R31,0
CUST_T2976VOBOR,0
CUST_7SYN1PIAYB,0
CUST_OZY68IVH2S,0
CUST_7ZBZFYVTE4,0
CUST_AYTL4CNIZO,0
CUST_V97OXD24XM,0
CUST_C346TK8XJU,0
CUST_H4HI8KLEI9,0
CUST_7Z31W92Q23,0
CUST_ICCMX6THV2,0
CUST_X5LYKNE5MJ,0
CUST_PT56DTBEIJ,0
CUST_8U0EROQ71P,0
CUST_AJMPQ33YW3,0
CUST_LQJ0FBLFMS,0
CUST_DQB0XVLAS7,0
CUST_ZZLULRONMH,0
CUST_DELQH1JSC9,0
CUST_LU4UMLR2UH,0
CUST_8LD8KVMCMN,0
CUST_OS76JI4GXU,0
CUST_YOBLIVKGQ8,0
CUST_KUN05BUB3O,0
CUST_8OF2YYLMSZ,0
CUST_GFDU4A5JRR,0
CUST_JUCZ1166YU,0
CUST_DCEINGA1T7,0
CUST_UAYSI35XES,0
CUST_Q61IB6V2YG,0
CUST_BX1D7EN519,0
CUST_CEXU17863T,0
CUST_SXNZ8AMIIJ,0
CUST_UQN0Z4OXCA,0
CUST_OXMMSS8KF3,0
CUST_7QCL5RK6JG,0
CUST_5ASKX6Z6NU,0
CUST_HY5P8I5U9I,0
CUST_II1MERMQ3U,0
CUST_HXS3KYIXFD,0
CUST_7OCORXRLDO,0
CUST_CKOS1E81WL,0
CUST_W6JK7V7IYY,0
CUST_IU6JKJB017,0
CUST_CXLRE0DUFF,0
CUST_C4PRKTTTIQ,0
CUST_10I2G02ABD,0
CUST_8LG0GLC575,0
CUST_35H3GYTUWW,0
CUST_X8BLIJHKUU,0
CUST_IUB2MXZ0R3,0
CUST_ZKE6UDBN4L,0
CUST_1CJ84Y0K85,0
CUST_53FZX7S9N6,0
CUST_FTGZNID92Q,0
CUST_IQ5OD8LLKW,0
CUST_VUXTKFB8E8,0
CUST_SXZD8MK7QE,0
CUST_J3WRADN06V,0
CUST_UJFUXW81E7,0
CUST_9Y40PPEO0L,0
CUST_ZN7GN18HNI,0
CUST_TI7ACF18Q0,0
CUST_YV1EOIRE8E,0
CUST_GKK2VDQRYI,0
CUST_OIYDBVJ8WE,0
CUST_N8C8SCORL4,0
CUST_JJ3RHE46PT,0
CUST_ZGBHEW9FYA,0
CUST_7RD4QGWIF8,0
CUST_Z2ORDM5DV5,0
CUST_TV95TRWNJF,0
CUST_2JIH09WNHQ,0
CUST_DKITADEYDW,0
CUST_NBZ0YEU673,0
CUST_3XMHB5EWD9,0
CUST_VALS4AW6W1,0
CUST_SAK3R8727I,0
CUST_OC59PJ53NO,0
CUST_24L83Q328B,0
CUST_HFWB5G8E2A,0
CUST_UK5RZ6N1X0,0
CUST_3WY4JDHWFQ,0
CUST_EYW1D1BPIE,0
CUST_0TCLB1KO9S,0
CUST_2OGPOBUITL,0
CUST_TW3HO4R07Y,0
CUST_EFV4HQPFW9,0
CUST_5WSJZB8KBC,0
CUST_JIUSI7OOKQ,0
CUST_RIWZ6TAPTD,0
CUST_2048AQ7UI1,0
CUST_D5T2UDMOIY,0
CUST_WO9ZS1JPXJ,0
CUST_7HNG79QHYE,0
CUST_Z2E9XH57Z4,0
CUST_HRKYG81K0B,0
CUST_BB3KDDYO9X,0
CUST_7QN4O4W78V,0
CUST_P5XZYUXDXO,0
CUST_D5XPZRDC28,0
CUST_SXHQOZQL6H,0
CUST_8OEHYNPK2D,0
CUST_NH2O8WR5YA,0
CUST_726PVFG1OP,0
CUST_SM53IJ3VF7,0
CUST_TY16U1A96X,0
CUST_WI3QR277K5,0
CUST_ZHL40T2ECN,0
CUST_HNYLFR13OS,0
CUST_7BOQR7H8CK,0
CUST_BPGVH6L7EI,0
CUST_BMZ2JP8324,0
CUST_LN2TQL4OKI,0
CUST_IU2J72N4P7,0
CUST_F4QU4WN2GX,0
CUST_4AORPK4S0P,0
CUST_5VJ8JZ0QB5,0
CUST_9OMW1L421Q,0
CUST_1273ULRVNU,0
CUST_0ELLJ6YA73,0
CUST_B5SLAEXOWA,0
CUST_DYWIAJZPQ7,0
CUST_IKIZ5T4K3G,0
CUST_0Y75YO54VO,0
CUST_V55R0R1E2D,0
CUST_OOIZUIKHSW,0
CUST_TASKM2DP1J,0
CUST_OCVCV2CRJ6,0
CUST_RNYKFVLZ6J,0
CUST_2XV9FWF6NR,0
CUST_OY7UIGVIM5,0
CUST_RAF892D3KN,0
CUST_Q6OW3MYFEA,0
CUST_754MT29C1F,0
CUST_K1YXMFPDQ8,0
CUST_XIAQQH4ZPP,0
CUST_N8YI64BNPN,0
CUST_4UA0BTWQ3W,0
CUST_268G5I55MN,0
CUST_HKSKPDATFY,0
CUST_IZRB3IVVVL,0
CUST_7TQ1720JZJ,0
CUST_1FZ31UW50Q,0
CUST_YTWQQ0MNAL,0
CUST_T039B5MYEV,0
CUST_H2LYQH6PDP,0
CUST_A01E8YZWZ9,0
CUST_CPN4LEQKAV,0
CUST_TQFY7JSUHY,0
CUST_XIDEYKDLC8,0
CUST_3FMENEXTYF,0
CUST_SF4X0T8K4M,0
CUST_7HEKKADB9V,0
CUST_NMK1B8X8OQ,0
CUST_FBCLX70C4L,0
CUST_DD9WKAU1DE,0
CUST_9S7EO461PE,0
CUST_CX8U2GTCFA,0
CUST_SD48MGVMC1,0
CUST_P2A0KN5U82,0
CUST_RJFKYB2R04,0
CUST_MUKJOW5EID,0
CUST_CLQ95L2GQJ,0
CUST_B2KGK8JCPZ,0
CUST_CQMZTLWAQ8,0
CUST_YGKQPBZ6KF,0
CUST_Y8VOBF0UJK,0
CUST_BXNL09PBNJ,0
CUST_DSQ6Z43PUW,0
CUST_2PKV8W90SE,0
CUST_57PT8QRNT5,0
CUST_KDH2UO15OJ,0
CUST_V11ICIZP8V,0
CUST_0NWCNLUSQT,0
CUST_2DMOL9BB6S,0
CUST_J2PY426W2O,0
CUST_3XGU6OG1TS,0
CUST_1A5S6QENZN,0
CUST_GPR5M0B271,0
CUST_KAKJO7IVLQ,0
CUST_4CCHPXO83O,0
CUST_MZQI250XJK,0
CUST_7156JMSN44,0
CUST_LMP8TVZW0H,0
CUST_5IXDIXP8LM,0
CUST_F0ZMM2YM84,0
CUST_UYTA9LO4SX,0
CUST_QE7DIP9VCM,0
CUST_PCUGJAOXB8,0
CUST_061EULWOOJ,0
CUST_NYSRSL056Z,0
CUST_GN7RPB2343,0
CUST_387I70VLE3,0
CUST_GCU32YYDCI,0
CUST_0HDPSZKZPU,0
CUST_XMOWPSFIZR,0
CUST_TUJWUQGNS5,0
CUST_T79PCKSY4P,0
CUST_54YJ01P8VH,0
CUST_1P11D2UA5R,0
CUST_43XFHNK4Y0,0
CUST_6DR5DWVXER,0
CUST_W59NRBPKLG,0
CUST_TJVKJU3QM9,0
CUST_OD91UCES21,0
CUST_L4U8K4CLFI,0
CUST_PORR8KLWPU,0
CUST_8BWENZPH2W,0
CUST_4MIB7GKPJK,0
CUST_FA1KF71QI4,0
CUST_PVLHQ4ZCEF,0
CUST_I1L47YIA3P,0
CUST_AL69O3CQBH,0
CUST_QDKFAOMYDE,0
CUST_HVU4X9EH11,0
CUST_11D3P44G3G,0
CUST_E81B9QTWOK,0
CUST_LKFAQB2F6S,0
CUST_83F88HWD80,0
CUST_JB46IBEXJL,0
CUST_B5LK0P8Z53,0
CUST_WI2BBY258X,0
CUST_XKBTY67NJJ,0
CUST_B438JP5YR2,0
CUST_Z4JVWZVIFE,0
CUST_L9LM3XK5WV,0
CUST_U2MFVB7JAE,0
CUST_RJ3UL2HJFK,0
CUST_JZEVYKTVN8,0
CUST_L713KMXPY0,0
CUST_5VFIUWBB47,0
CUST_UWJJUY9FI1,0
CUST_J9PLO912FV,0
CUST_PKLHC8G8NF,0
CUST_U99ZL6V119,0
CUST_A89G9ZGKC1,0
CUST_2R7OCZZJZ7,0
CUST_CZL7KGJCZK,0
CUST_VXLRB34RL3,0
CUST_6RCGAJWEAP,0
CUST_30O5U5F82N,0
CUST_Z559DHTH7A,0
CUST_65ZS9S4AIR,0
CUST_892MJ4W4DQ,0
CUST_RVJT5AZ6P6,0
CUST_3F7HD0BVME,0
CUST_I8JZSZOHBL,0
CUST_292E1772GY,0
CUST_X3X2PBD044,0
CUST_KEL2I01AD6,0
CUST_2Y0EKDM9F9,0
CUST_V0G1LR3Z5K,0
CUST_41NJIIQXY3,0
CUST_C4ZLOJS21C,0
CUST_J0TFLVT3BC,0
CUST_57088XOQHD,0
CUST_29NJ8PYY0X,0
CUST_6PTS77QTCZ,0
CUST_R5A9345SMW,0
CUST_HJTM0HH11Y,0
CUST_H4B7WN2V0S,0
CUST_L7L6GC5GCY,0
CUST_GTG3QSCAZA,0
CUST_770E6NIZWE,0
CUST_042U77U1JW,0
CUST_O0ZCLYOI4X,0
CUST_CX5VKLJ703,0
CUST_UCB9J9ZEYJ,0
CUST_UB8NK839BZ,0
CUST_PQAXYA57AH,0
CUST_ATL332AWFJ,0
CUST_O0NNS8LXEO,0
CUST_9BN8S3Y20Z,0
CUST_8F4BXJ0IU7,0
CUST_BF2Q8LKFWM,0
CUST_M1OLXJ7ESA,0
CUST_IWZ5AOWIH2,0
CUST_LLGI2FB7FH,0
CUST_I2HT5Z35HY,0
CUST_53JZZO9VE8,0
CUST_LO3Q9FSO4G,0
CUST_F0TPTPGJEY,0
CUST_686B2MLUO2,0
CUST_9V437MLB5S,0
CUST_RUM6FEK2LQ,0
CUST_AYL9GTGFH6,0
CUST_Q8B6NY6ZK4,0
CUST_SDPP1TO4CG,0
CUST_VJZV6F8HK6,0
CUST_T54FWX4XT1,0
CUST_29UKJ4NQ3V,0
CUST_QTS3302X3Q,0
CUST_H6Y8BNL82B,0
CUST_DHVZP6RPAR,0
CUST_PDGA7CS6PD,0
CUST_MQTV0BH60Q,0
CUST_VCRVZNCB47,0
CUST_6FFMG2DD6X,0
CUST_VCZ7KRZLNW,0
CUST_ITNRPPOAYF,0
CUST_3H85SIFOJG,0
CUST_Z334AWRXFA,0
CUST_U582TP8F0T,0
CUST_1DZK4RJ5X8,0
CUST_GCSWE8NE7O,0
CUST_9NP0S3T5AX,0
CUST_F41HDNC1KG,0
CUST_FD7DYBC5MH,0
CUST_QHA138AW6B,0
CUST_QBADM0W0NE,0
CUST_M14FD8ES5B,0
CUST_7GZUV7PWQ6,0
CUST_A2Q7U6X9M8,0
CUST_P2XI47N6U2,0
CUST_OKHQ6CH8KR,0
CUST_FCRY6B29U5,0
CUST_ZVYAFAJF4E,0
CUST_GWAN0JS1R4,0
CUST_A0GMF4FIX0,0
CUST_ETGSCIHLVE,0
CUST_QN2PIGAB4B,0
CUST_P8TQCT7BGK,0
CUST_TTMD4F75YF,0
CUST_XCBJ7PRD6H,0
CUST_KPZ1ZSCFA4,0
CUST_3QAE3H190B,0
CUST_5BNRKO1UXB,0
CUST_2FUZT4T6LY,0
CUST_9QFU99QVX3,0
CUST_VD5AX969B3,0
CUST_CU2RGCLUSM,0
CUST_8N63R439D3,0
CUST_A6C0QJ0MU8,0
CUST_6APZ800PJS,0
CUST_RORI2BV2D8,0
CUST_S9EVMTOMAC,0
CUST_TBXIDD2TXG,0
CUST_YZODHWW8C8,0
CUST_WY1PCVDJEP,0
CUST_H72KDYV0O1,0
CUST_OZO9SFAOU6,0
CUST_GU7Y3H0ALF,0
CUST_HG0FQLA6RI,0
CUST_ABTQ3CUI0Y,0
CUST_NPI6VH91CU,0
CUST_AGVTUV02AM,0
CUST_5DA0C4KCVM,0
CUST_XK9BEKAAR0,0
CUST_A7LH9EICSO,0
CUST_NLUOLI1JGU,0
CUST_RA9JK2M5QP,0
CUST_A943KIKGVF,0
CUST_OGDGU18RMA,0
CUST_4OFZA2PJ1Q,0
CUST_7RV4XMRQFN,0
CUST_OJ18Q1SNBQ,0
CUST_N8A4UR6D6H,0
CUST_8Q1TI7NSYO,0
CUST_F6MBNQCY2Z,0
CUST_VBE9SINQO4,0
CUST_278N0W5EBO,0
CUST_PBKZAH53PH,0
CUST_GHORMOT2IC,0
CUST_4BG12JP2LW,0
CUST_DFUU7UTVFW,0
CUST_TOB3W70L01,0
CUST_VH690AKKY8,0
CUST_Y9DYRUKWI7,0
CUST_OJH0RZUEIM,0
CUST_MKXDBPPMZM,0
CUST_BK5DUI56SM,0
CUST_YWVW6BEPJ8,0
CUST_49TJ5HQYAE,0
CUST_FY92CE4BUW,0
CUST_XAFY4M5NY2,0
CUST_R13XQ9QL48,0
CUST_EV5MUN62I7,0
CUST_OY826WBA63,0
CUST_GPBZKOP4VC,0
CUST_JK79I8QDG5,0
CUST_NTR83ICEV9,0
CUST_6NWY92F9CQ,0
CUST_X21RNL7YPZ,0
CUST_DRK6LRDVBX,0
CUST_BJM2QZRPW8,0
CUST_0AGWKE35NN,0
CUST_C1NAH8CZH2,0
CUST_SF5902WMSI,0
CUST_Q9LB7R3XPG,0
CUST_QHVSABPGDK,0
CUST_2R1KIZFJXC,0
CUST_WFDJWXWLW6,0
CUST_Z8N8HDS621,0
CUST_3IMVF3OPLQ,0
CUST_Y99CJJHLVQ,0
CUST_41U3G73Z95,0
CUST_VK4ZFCS8X7,0
CUST_53WMU001C9,0
CUST_SLWLAS31QR,0
CUST_0E5R9I4LG8,0
CUST_MHT9KYGL9M,0
CUST_5ZVU3EMYHC,0
CUST_X2E6A312LN,0
CUST_08TPSNVA97,0
CUST_VMSVX1N0OA,0
CUST_IZHTVSTTWR,0
CUST_TJ87OQS9C1,0
CUST_YA0SUZ19LY,0
CUST_SBM3VWCPQ3,0
CUST_8RNBWBB6TC,0
CUST_5RTCUKGI5G,0
CUST_AZSK80JHTB,0
CUST_K4GRF4Q5EF,0
CUST_FXZSNGM79F,0
CUST_27XNBWFEG4,0
CUST_V9KBH4DFW2,0
CUST_AECGMQFS3S,0
CUST_P2NSLQ513X,0
CUST_5ECYGH6LXJ,0
CUST_Y8CXXLS0XU,0
CUST_P219DGT0YM,0
CUST_34XKK75AYO,0
CUST_HGSCFLLNO8,0
CUST_T7FQUC9DT2,0
CUST_2KRRFBSXDH,0
CUST_1PXP3628GG,0
CUST_8ODERFAJ2X,0
CUST_91EOBAMKW2,0
CUST_8MQXE99YCL,0
CUST_U2B45BKC9K,0
CUST_AQNSZAXF6M,0
CUST_1CZWZ0VIL6,0
CUST_SFOO4TXZG4,0
CUST_I6KIXE01Q0,0
CUST_KNL8JLE84R,0
CUST_CB7RU3Y4A6,0
CUST_H49O8LPJCB,0
CUST_Z6MA9L1MA7,0
CUST_2AXXAKKB3P,0
CUST_0Y7GPYM0QH,0
CUST_CG6B0KKPNB,0
CUST_B5XG46M9PH,0
CUST_KLB0DF6NDN,0
CUST_WL66AKPCDZ,0
CUST_JPV9UBHQGW,0
CUST_33FBIUXQ34,0
CUST_UW3VF1M4DJ,0
CUST_L8JT8D2TO5,0
CUST_L3ZW2P2W4O,0
CUST_OZXVD0948L,0
CUST_Q15SV1SMUX,0
CUST_WWW1RPORAH,0
CUST_5C0F335T2N,0
CUST_XI63F9Y7KA,0
CUST_LPUECFNZKH,0
CUST_E5WG7K5RHC,0
CUST_T0I2WZQA1Q,0
CUST_Q7GINAHXXX,0
CUST_R11IPD3VQK,0
CUST_XD4Z14WSF2,0
CUST_HSJTLMC0CS,0
CUST_H0H8X4C2GF,0
CUST_B14C6KIBA9,0
CUST_97BAUQM80I,0
CUST_PXEEIJF815,0
CUST_5BHUPMCXPW,0
CUST_KWS6U5QLCB,0
CUST_1LN6LJVSJA,0
CUST_2RFNVJ1NVJ,0
CUST_YRP84OB3GU,0
CUST_7B1QSC8I60,0
CUST_52MA1GUQ7C,0
CUST_L6H3F5PP8D,0
CUST_KDD2XLVJZN,0
CUST_1TYJ6F25PC,0
CUST_I6O61AH836,0
CUST_RSOL4G3SMX,0
CUST_UCXGK7JT5A,0
CUST_HC2WIQXV12,0
CUST_S4TZTBX17E,0
CUST_JOJS3RCFR9,0
CUST_2R1MTIHVV7,0
CUST_EZTPB1K3G7,0
CUST_V0V973YJQM,0
CUST_OS9DCNZTM7,0
CUST_JCBZ8V8R7M,0
CUST_ZNHE3A4W0W,0
CUST_YZH2GFJ8VE,0
CUST_4UH9LPCIF5,0
CUST_I7QNSVDAG8,0
CUST_XY407B62P3,0
CUST_QEQ05CC0QK,0
CUST_3S6567DBIK,0
CUST_N8X1OCPTYQ,0
CUST_I0QR3TIWY2,0
CUST_GJJ8T32NOX,0
CUST_QCQXQYYUBA,0
CUST_AMPC1G7Z8C,0
CUST_KPO8WO8GCP,0
CUST_MNOJBW2WKT,0
CUST_M2RTOJX2N9,0
CUST_B79GEQ29O7,0
CUST_R2OKS552N5,0
CUST_BOZ8Z5BQMF,0
CUST_JVX1JJ7E0L,0
CUST_MID02POGP2,0
CUST_0M7EY64I1O,0
CUST_PJP2VKHJX8,0
CUST_F67UFGKZ2L,0
CUST_RS93GNKZFL,0
CUST_NO0KKF5OQF,0
CUST_ACEKYGLG3R,0
CUST_Y252NHHEIK,0
CUST_G7NVIEFST9,0
CUST_UB6A60OQ88,0
CUST_K1CRYEWM4Q,0
CUST_5UKKV4QPV5,0
CUST_EHZHRAGOTN,0
CUST_HRL1D03182,0
CUST_46VKPF6JMN,0
CUST_0LAV0MJ3KV,0
CUST_BH22FAPYVX,0
CUST_7XDDVDNM1R,0
CUST_WWD08YHK2P,0
CUST_5TH1H5GDBV,0
CUST_167UFD3BZX,0
CUST_LCOHOB5ZPZ,0
CUST_PT0KIJGHSP,0
CUST_5M2FRKJRD6,0
CUST_WDC1ZXBXS8,0
CUST_78ODNSS7OL,0
CUST_O5ARQALN7P,0
CUST_S73UN08KJU,0
CUST_UTJCSBHSX2,0
CUST_96FFQJL5NJ,0
CUST_5WC34B3LPW,0
CUST_J3WEB2EMBA,0
CUST_958HX5VXM3,0
CUST_6CSZTMOS54,0
CUST_LXJREGP5U0,0
CUST_NLX1NWTEEA,0
CUST_SUZ8VGK8LS,0
CUST_PZZO8XZROD,0
CUST_M3LO5EVLK8,0
CUST_VOEQWMFDGM,0
CUST_TD12EFRCNH,0
CUST_RHL2KZSKMP,0
CUST_V87TWQ4XDI,0
CUST_7F62KBKL2D,0
CUST_GSD4LY2PIV,0
CUST_429YMUG3U1,0
CUST_CB1HQT3AI6,0
CUST_7JYHBU2P4U,0
CUST_EIFIW35KVG,0
CUST_IWX8PIB1CP,0
CUST_R79SOMMQ78,0
CUST_BH9C4ODYKL,0
CUST_DHMS6E7NUS,0
CUST_DNBWYJZ7WE,0
CUST_3UHDNGNLQA,0
CUST_7F6ZHP6494,0
CUST_TEIEOAPHJ6,0
CUST_NKGKMT1VJ4,0
CUST_ONEMOUJHJ8,0
CUST_IBM5PAL7SI,0
CUST_0NADJLD1IL,0
CUST_NUN51S4A26,0
CUST_0ONY7OHKWN,0
CUST_RTZAS07RDN,0
CUST_ZYGUVSY8KQ,0
CUST_VNUCHYIRB8,0
CUST_DR1BFTSJ1U,0
CUST_2V17C3PE6F,0
CUST_MHB1WSWPPY,0
CUST_BFDN12ECXB,0
CUST_U136YW9ZA0,0
CUST_MLI7CHXUWU,0
CUST_1IIAWVWWPT,0
CUST_XVLGY8ZKEH,0
CUST_1AJTWEEP55,0
CUST_633HWSTA4L,0
CUST_03ERC67EER,0
CUST_F6X53OGK62,0
CUST_TL8EB2D103,0
CUST_M48PKBVAUL,0
CUST_ZTG5R1J0G7,0
CUST_DWCSZ24WPV,0
CUST_32L6BIVHTK,0
CUST_C6KMSQ0GR6,0
CUST_9ZWOEL9CA8,0
CUST_KQDIOHCFML,0
CUST_460UQ7T4KM,0
CUST_VHESEPK93D,0
CUST_8OASK3BX8U,0
CUST_DW561NW0YW,0
CUST_8P2O5NP6CE,0
CUST_UI0T1V9MYU,0
CUST_Q39NI0IWV8,0
CUST_PUMZTUPZ4V,0
CUST_3EZLS5H74F,0
CUST_R2TEQE3QS1,0
CUST_G9U3P67ICA,0
CUST_W83M2PK6GL,0
CUST_242BI6B1Y8,0
CUST_4TTJYBA3AD,0
CUST_A51Z6X8ACP,0
CUST_QGHD94M9Y8,0
CUST_3U5VZN8XB0,0
CUST_E74Y72D0K5,0
CUST_ZMQ8G03FMV,0
CUST_MWOSPC5TJ3,0
CUST_QWG8MEW4BE,0
CUST_4YLZANWIYN,0
CUST_OOA3WEX4QV,0
CUST_6IJKATEYM1,0
CUST_XDLV4WVOUP,0
CUST_GTN0T1C03D,0
CUST_5H5WVADU3M,0
CUST_L5Y7JN8QFU,0
CUST_O2S75U8CGZ,0
CUST_7UCJXH5YWX,0
CUST_MB99KVIV2F,0
CUST_U4ZALG3HGG,0
CUST_P4G5TUTUSC,0
CUST_ZQWRR4GL4Y,0
CUST_54MXV31IV1,0
CUST_NJP0YMLNMZ,0
CUST_V3TEIE7WSS,0
CUST_36H32GM6SR,0
CUST_G7UMMZHJJ9,0
CUST_KTN3M6P3B0,0
CUST_9PSTULNFUZ,0
CUST_XWXJXABMM6,0
CUST_HTO7ZCXUSJ,0
CUST_JUVV059SIQ,0
CUST_EUMAY5H7XK,0
CUST_Y2LKNTRWD6,0
CUST_T4H3I61B3P,0
CUST_OCWJYXQ7M5,0
CUST_J7846N6VHP,0
CUST_1QFVXKR6JJ,0
CUST_MVD6KOJL3N,0
CUST_I58RFGF0BL,0
CUST_5W7L0QFWTM,0
CUST_LIC2VAVOCI,0
CUST_HIMDLL0C0N,0
CUST_N50EFDEISH,0
CUST_WHQDC0SMNO,0
CUST_0OOPJ98VPY,0
CUST_V72VQNTF2W,0
CUST_ASOKHEMGHY,0
CUST_YMRB1Y2F6O,0
CUST_NOKAZUVP0F,0
CUST_RLJTESZP3H,0
CUST_O3BBITFACR,0
CUST_6XDP5KYQQ0,0
CUST_ATLQPDUPIS,0
CUST_5B5FMS7CRI,0
CUST_77PYIOJQU9,0
CUST_X9EN6TRQRJ,0
CUST_SHTJGC8FJC,0
CUST_EC733BS95N,0
CUST_74KNFRUX4I,0
CUST_K9KGCY3NHJ,0
CUST_WGG7NVVCIO,0
CUST_2RIDH2N4IK,0
CUST_5QQX6QKKZZ,0
CUST_PFVUQ8NF1A,0
CUST_L00R1V4PJB,0
CUST_YCFF52YKEM,0
CUST_ZKFN62GFYJ,0
CUST_B3HEMJZRN4,0
CUST_59EBFIF6PP,0
CUST_3O2FNXAEO4,0
CUST_MOI4IUKGIP,0
CUST_RI0C0GAY6H,0
CUST_UPLJQSXVE2,0
CUST_Y0AW1ZA2L8,0
CUST_O1LDHULHHX,0
CUST_GO7U5VCPNN,0
CUST_C0Y6IH5IVP,0
CUST_SP47BLU6MA,0
CUST_JU6NX7ZL50,0
CUST_JHKSWGCB5V,0
CUST_BF4T5LS5P1,0
CUST_L8BJU75XTQ,0
CUST_1SKIH1GL4V,0
CUST_HESPH212ER,0
CUST_0RUZYCAE09,0
CUST_CJRVT1ALQJ,0
CUST_WYG6GC1DWM,0
CUST_E370O9J96T,0
CUST_17MSCKM9VR,0
CUST_NTSI7KO1SK,0
CUST_JK9XAUF968,0
CUST_8384PQRRBN,0
CUST_HAHB1PZY0R,0
CUST_PJN2NIT4FG,0
CUST_UREILMCCPP,0
CUST_4W3UJ9AN0J,0
CUST_XX9HBGL860,0
CUST_CBWGXKIVX5,0
CUST_7FYMGU9JKD,0
CUST_IT2NVJEJ25,0
CUST_YDEFJI6GKD,0
CUST_58SNL5SFXB,0
CUST_U7U21F1UFB,0
CUST_0YX1P2410P,0
CUST_VZVWO2C65U,0
CUST_MPFKW1HLQN,0
CUST_9XY4J8VE4P,0
CUST_C076T5TOYN,0
CUST_6A8P2MRSSU,0
CUST_7VFNYTIWFY,0
CUST_APH18LXJRQ,0
CUST_QYJNCBTD3W,0
CUST_2JONWW7BTT,0
CUST_U0VKEE1XU8,0
CUST_H0AMMG3Q3E,0
CUST_949D4TX7TJ,0
CUST_5RFF8FW6ST,0
CUST_UQJ3ATPMAF,0
CUST_G9XCTPGNMN,0
CUST_VYUFX5DODI,0
CUST_52399UM815,0
CUST_DBRJC8F5H9,0
CUST_7K8HQHGSVR,0
CUST_S0MA10FGGP,0
CUST_EB6J9510QG,0
CUST_XW5VXULRT3,0
CUST_I0ZO191G7Y,0
CUST_AMADVQY8II,0
CUST_9E8K46XXKO,0
CUST_GVNW8Q6X22,0
CUST_4OT4RS9OKA,0
CUST_N1KW3Q4Q9X,0
CUST_ABZDNDWR24,0
CUST_FFBY4VBFTR,0
CUST_8A4P8DNF8R,0
CUST_D2Y5NC0D4X,0
CUST_KQDS1B5C12,0
CUST_1UP89P3W8Y,0
CUST_U18Q76WWWQ,0
CUST_JVON1RKVZ7,0
CUST_HAM5VBHGG8,0
CUST_2Z5JZ8ST3K,0
CUST_NK6QRXJ3XX,0
CUST_4O9NOH7LYR,0
CUST_8785QZSYXG,0
CUST_ICBYOIHC3T,0
CUST_X5P7X9QEFA,0
CUST_19037E4VS6,0
CUST_JV4I7OZ28D,0
CUST_CYG2GE75WC,0
CUST_SGOJ8ORDKY,0
CUST_KI97W3TAPI,0
CUST_XUXEXPS45U,0
CUST_YEX6W3WUBC,0
CUST_MD5664XKOE,0
CUST_SQVH42MXIF,0
CUST_XN643TJPIK,0
CUST_DUQ9L64Q9H,0
CUST_SLMJKSQOFC,0
CUST_37ED9ZATBV,0
CUST_8TSPYD9O4P,0
CUST_FQ82O5G68B,0
CUST_SCJZR5I8T4,0
CUST_BSOOVACRV2,0
CUST_GRM0AQ7CQH,0
CUST_H3OXBI03N7,0
CUST_ROK1LR4ZUP,0
CUST_RBPRSEFJYZ,0
CUST_MAC18LFA2P,0
CUST_GW7KWWCZD7,0
CUST_TTAN35PFWP,0
CUST_U7H4VFWMOF,0
CUST_CV5OTMWNXQ,0
CUST_NGCZMZW41V,0
CUST_9AA3YWPVYE,0
CUST_TG4KSUWN6V,0
CUST_5FTUS7QU8U,0
CUST_UQI7W92X9J,0
CUST_RPCJE6KHDE,0
CUST_7QCV38O2CA,0
CUST_N1PL5GYI0Y,0
CUST_KJ3V24R4Q4,0
CUST_TE67A5WTIS,0
CUST_5ZD386ZA92,0
CUST_RXC7BECRYB,0
CUST_BCN2SR5ZOD,0
CUST_C1OMDKEPAE,0
CUST_YDSS5DRUSE,0
CUST_BLENISSID4,0
CUST_R0GHQOEB1P,0
CUST_DIDHX7ILGJ,0
CUST_VF6Q05GJYF,0
CUST_LYQG6ESNQ6,0
CUST_OKZCI7QE27,0
CUST_SRLOC20UJ5,0
CUST_X3CUXO3G0Z,0
CUST_L8I513FYJJ,0
CUST_LS91M6CXR2,0
CUST_E09V64N1EI,0
CUST_WUN6QCHJ1K,0
CUST_HSL0AUHM6A,0
CUST_D07O55A0N5,0
CUST_VN2Q1BSNQF,0
CUST_T0NQC38B8J,0
CUST_IEH92OKFVM,0
CUST_B9R58AC0FU,0
CUST_PM2REDECP3,0
CUST_PG0MKVUISM,0
CUST_FSRRXM7KNM,0
CUST_HXLH78D09Z,0
CUST_SOL149G3D3,0
CUST_464J5ASHK9,0
CUST_AJ89YAIKNT,0
CUST_VL3ZDOY4VH,0
CUST_YU2B4QJHG8,0
CUST_53P0UD5Y2A,0
CUST_0BLV89R1SR,0
CUST_OFFPBOXRE3,0
CUST_5EUOQEK7VZ,0
CUST_MLMN0I6DAX,0
CUST_KMEFA0NQSR,0
CUST_XZPTXX9F0H,0
CUST_275VW7HDWB,0
CUST_V3VW3QOUBX,0
CUST_482ORBWZZA,0
CUST_BNOUFOUD8B,0
CUST_MYDEXLUWNM,0
CUST_WOA3YFDU34,0
CUST_EJE37Q00DB,0
CUST_W7BDFOGAZN,0
CUST_LM08QBWM02,0
CUST_DF91L0ZG4H,0
CUST_CNWRCE0U12,0
CUST_ANL1Z1RNZJ,0
CUST_46ZR0DT5V1,0
CUST_E5WLWGPEBK,0
CUST_KSA7I84625,0
CUST_29PQOZ255C,0
CUST_HLSVCBBMT1,0
CUST_F9JYNTWF9Q,0
CUST_JELJWRXI5Q,0
CUST_UPGSQ329NJ,0
CUST_0UUDANVRAF,0
CUST_85QO4KR9IB,0
CUST_99OLKEKHEJ,0
CUST_U92Y3QL6IL,0
CUST_9GYOQOS3E0,0
CUST_LHUMNARTI1,0
CUST_IM0GU8CRA8,0
CUST_88BSZ8Q0OJ,0
CUST_PPH3DDZXQC,0
CUST_DS9EL02OZE,0
CUST_JC6YOOR1XF,0
CUST_6EI79J7LYO,0
CUST_25UKZFGDYT,0
CUST_G7SYRT0WP5,0
CUST_7B94YJLWSQ,0
CUST_ODXUK0SA41,0
CUST_VF4QOFIBJJ,0
CUST_UJQ066WTUD,0
CUST_N3HJPW9ADK,0
CUST_UIHISPKHNL,0
CUST_6AOW01WA2V,0
CUST_N0I4RCAX5O,0
CUST_722Y45UD1E,0
CUST_JCQ0E3RIFL,0
CUST_9MWM3CADX5,0
CUST_UJM1VL40K4,0
CUST_1HZI7536AC,0
CUST_V8BNLO104A,0
CUST_UDUV2ZT94F,0
CUST_755H0OYR17,0
CUST_641JHRN0CW,0
CUST_17TSQXOWCX,0
CUST_9CBVSOXYZL,0
CUST_9I808OQ5ZE,0
CUST_UQ6T82H6I8,0
CUST_Y15EI1L2V4,0
CUST_N16TGN7EP0,0
CUST_D32VXVMUYL,0
CUST_OLXDHQ4K4B,0
CUST_VG6VSYPM4C,0
CUST_84YCUZ3SOP,0
CUST_Y6DHZAO17D,0
CUST_C9JX3YWJEI,0
CUST_A3CSIACS4J,0
CUST_LRG6NHFCYQ,0
CUST_4H63O2GWJP,0
CUST_1OJFNYO2PK,0
CUST_JRVH7UES48,0
CUST_BRC1SCHHYT,0
CUST_4GHWNTRZER,0
CUST_4X5DK4PQWF,0
CUST_286D69MKXW,0
CUST_VJJTTP8C6C,0
CUST_MJX8PDTP42,0
CUST_RRU7JOK5HS,0
CUST_KFC18AENYN,0
CUST_DWKFXPVL62,0
CUST_EI5IDFIB73,0
CUST_YJAN2U2DEL,0
CUST_MLQY1DHN6Q,0
CUST_RMSGQ346RQ,0
CUST_V0GTTW1TM6,0
CUST_P3DXQWTUKA,0
CUST_8F6QOXU6W0,0
CUST_HUCU1G20SD,0
CUST_EHQU0ZTH9U,0
CUST_ELZ32UFP3D,0
CUST_2SWG2SS90A,0
CUST_T0E6LPPZC6,0
CUST_MPW5H1FLD5,0
CUST_VLGQT2O3LE,0
CUST_4E8YJA0D6Z,0
CUST_8JX2QW7S5M,0
CUST_PY33VDNVF9,0
CUST_U5F1Y3MJZ6,0
CUST_GA1B6D3MVE,0
CUST_BMBEFSGN4H,0
CUST_HEQJM4I6FW,0
CUST_NNFKEY05RX,0
CUST_1C3ZPFHCBV,0
CUST_VEXYANGE45,0
CUST_YGVLH22WVP,0
CUST_GGBS85ZW95,0
CUST_KCBWKYPGEB,0
CUST_ZT2TXNMHEF,0
CUST_BNCH6OUPW5,0
CUST_C7S1X70K94,0
CUST_5MWTR7LTYP,0
CUST_SHXRC73E1P,0
CUST_T2LOUQVG33,0
CUST_XCPK0ORUSV,0
CUST_AMZ8PGGJ7R,0
CUST_WW0Z6MWFDN,0
CUST_MOEQSGMGOS,0
CUST_I8IRDGT5RP,0
CUST_BVRF6D4XJG,0
CUST_ZNM1CEZPKD,0
CUST_J8JJPAXXA7,0
CUST_R7C4GVF323,0
CUST_0EV0K24NR8,0
CUST_8L3FQ7Y305,0
CUST_I96KXVUTUO,0
CUST_DIXLUBGRE6,0
CUST_DYEH8BXAKC,0
CUST_A6E0WNFXVY,0
CUST_NXNJ0Z71XA,0
CUST_UU8AE8NK3J,0
CUST_18B91J0795,0
CUST_JLBJDUZ4QM,0
CUST_FOQBEFCQ72,0
CUST_7W5K9V2SSC,0
CUST_E48O1L9VU3,0
CUST_5J5R5E5OKI,0
CUST_82E6IFOJLC,0
CUST_VP3MPHKEWW,0
CUST_WOXJBI3R1J,0
CUST_XRDPG2ET05,0
CUST_B6NLJRXL3G,0
CUST_8BJCR3TVF8,0
CUST_RF6N0DFH4J,0
CUST_KLUWV6UWUX,0
CUST_E1YUNKZOR2,0
CUST_14HOQA0PS0,0
CUST_2B322ZLVEA,0
CUST_9A8MS5G8TB,0
CUST_STIMWH344W,0
CUST_JATS652RPJ,0
CUST_3UGR43XL0Q,0
CUST_3BEOVQI37E,0
CUST_G5Z0ALX7RO,0
CUST_GOS6SLH3YK,0
CUST_I2QDZ6Y82B,0
CUST_TRW8UTWAZJ,0
CUST_819UOUUSHS,0
CUST_6EYZF2DPIT,0
CUST_3MOM03YM5Q,0
CUST_HKJL89MYW4,0
CUST_Y2M0JFC3NJ,0
CUST_1ASC47AWP3,0
CUST_GN27XWC8DM,0
CUST_X1S5WQUSAY,0
CUST_BL5ZKDWKSM,0
CUST_7YEA3AJCUN,0
CUST_MLUSNFCB0S,0
CUST_NS65B49DIL,0
CUST_UZY7RM0TW7,0
CUST_BLXD9SJZ1R,0
CUST_DNT2FZGNN2,0
CUST_5B8TJMICE3,0
CUST_E1847PJACK,0
CUST_C2459XC28B,0
CUST_K73PSD9RT2,0
CUST_7Y8MENY95J,0
CUST_8AZWE2YI23,0
CUST_CNM45YJSJ2,0
CUST_XC20SCOSEW,0
CUST_1SAL0XMNZ6,0
CUST_KJND5RYHZF,0
CUST_5MILQKIK65,0
CUST_83JFF62125,0
CUST_NJ16U6D1V3,0
CUST_WLKIIZBFRX,0
CUST_B1CYEHTVUF,0
CUST_QJ89O1O1NY,0
CUST_6AKNZBWGVH,0
CUST_XCOJVYAV36,0
CUST_05IXV7VI63,0
CUST_34YO1K0FLS,0
CUST_Z6KG0HSRCC,0
CUST_XH2K7LELMT,0
CUST_XHPYF2EY2E,0
CUST_6BM198PPJK,0
CUST_Z7JNHJO0J5,0
CUST_B4XWLU7M0K,0
CUST_IGE2US0MEJ,0
CUST_G7BIKBI7LB,0
CUST_3WP2UDQ67C,0
CUST_JW5YPRG64S,0
CUST_KGLSGPUL59,0
CUST_0IE37VKQ3U,0
CUST_BZBZGUJ0AP,0
CUST_VUTU2SBVNI,0
CUST_SJQYOGRJH7,0
CUST_GWOFD4WPX7,0
CUST_PJUFCUTZ2T,0
CUST_9S73RXRC5Z,0
CUST_7W3QLUG1X5,0
CUST_ZHBSS6XNJA,0
CUST_5YUY9CFYBO,0
CUST_ZSICBEHDVU,0
CUST_EVPRR9SDT4,0
CUST_K6Z7EJC8TB,0
CUST_826C0V5KVY,0
CUST_3QQN7T0L7C,0
CUST_HI8J2GSN38,0
CUST_T8ZCU3NAMX,0
CUST_IJIQOIBQ5A,0
CUST_F9OL5O0CSW,0
CUST_OCICKX1LO3,0
CUST_RRU3IGZS9F,0
CUST_HWH6NBRBTP,0
CUST_T9PLAN7NUQ,0
CUST_6FGU177SVS,0
CUST_3TYE424GK3,0
CUST_UHEJRZLVOB,0
CUST_WIWUL823Q5,0
CUST_6HMXQ4SNXK,0
CUST_KM8LAIIV5Y,0
CUST_STC2DWXSQU,0
CUST_69A0148T5S,0
CUST_9MMG0DO4TU,0
CUST_MUVJ0AFGF4,0
CUST_QVG3X9YVPG,0
CUST_HONFWRYKP6,0
CUST_ZC5O4213R6,0
CUST_RU2VJRUTPE,0
CUST_34Q9IMP7K0,0
CUST_VYMKZK1VAH,0
CUST_ZVSVL6T6II,0
CUST_1FR2929YG9,0
CUST_U769OYVGP0,0
CUST_FFMJGNV2XS,0
CUST_YUH8XSHLMO,0
CUST_0Y72TT368F,0
CUST_GJBLRDUE4E,0
CUST_8K8M6RRWHZ,0
CUST_CGJ8BIFL58,0
CUST_IM8XZHA0Z3,0
CUST_E5055SJM7K,0
CUST_HIYU9QNEVP,0
CUST_P4OB80SI90,0
CUST_BIBPHFYU7P,0
CUST_RMERA8ALL5,0
CUST_4EEU1L1ISR,0
CUST_LEBXBHE2O0,0
CUST_I5II8R69C2,0
CUST_BF12NRXPPK,0
CUST_56IGPG93X9,0
CUST_2FHJF2TU3M,0
CUST_B8IMWGFFXD,0
CUST_2XP02RO2H4,0
CUST_OUBQWPFD0M,0
CUST_HIC376PEKK,0
CUST_DD7WX166E4,0
CUST_GBOP5UX5H8,0
CUST_15U2ONADA7,0
CUST_8WMO8D0G2D,0
CUST_2QOL2YVX58,0
CUST_RFV0GH824Q,0
CUST_Y86CE3UBJG,0
CUST_N7JZ6LU6QG,0
CUST_T71MZYUXEI,0
CUST_KOG9FCUHM6,0
CUST_SYPGFHEAUW,0
CUST_VTJ4YPGKZP,0
CUST_3SGCJ9X8B2,0
CUST_LLB5RXDLR9,0
CUST_NV55MW87W4,0
CUST_D9JCGZG7WM,0
CUST_LR7MRV9E6J,0
CUST_ORWZGFTCGF,0
CUST_JPXX85HXF4,0
CUST_CHWSLH0EXK,0
CUST_5RU25OEX4W,0
CUST_12S06MQF11,0
CUST_YHIRB9QCJJ,0
CUST_HUXS0JF1K8,0
CUST_GXVHARU8PW,0
CUST_9PDQO27TDR,0
CUST_66UEG40UAO,0
CUST_3DTTGSVT6V,0
CUST_Z4NN64RFDF,0
CUST_CBK2BAMOTX,0
CUST_0JUK8ZBQO6,0
CUST_94RMVHJMYM,0
CUST_T13Z81H7O5,0
CUST_Q4Y02ALEWT,0
CUST_TL10JIEOLW,0
CUST_WP9CRI4SZ1,0
CUST_KW61LU2UNE,0
CUST_LPB2ZVCSIJ,0
CUST_BAG3CRG1OA,0
CUST_Y9IJ5KPB7S,0
CUST_VIV1Y62KGQ,0
CUST_ZN7OWP17UW,0
CUST_XHM2HXM8LV,0
CUST_76A0OI7U7C,0
CUST_JNE9DBV5XP,0
CUST_AM50B7VWP4,0
CUST_R6K5WEP55O,0
CUST_AT7KTDAXLQ,0
CUST_JD32KQEJ16,0
CUST_F4FJAQRK34,0
CUST_RU5KOYQ69P,0
CUST_6WKFPKIQ2E,0
CUST_313E9EAYJ5,0
CUST_SFP2RHAE5X,0
CUST_WT7E9H7JDS,0
CUST_9WZAK5ZZW6,0
CUST_0FLACENQGX,0
CUST_RLVLOX87PR,0
CUST_W8JU3Y4V29,0
CUST_08Q63SZH9X,0
CUST_SB7FN7M0A1,0
CUST_082M1RWK8U,0
CUST_8DN7LTIWU0,0
CUST_8RX1BB7DZY,0
CUST_68HG6J3G8T,0
CUST_KCENG18K4X,0
CUST_4HEXN7T9BV,0
CUST_KFFG6X43BF,0
CUST_E10EZD95ER,0
CUST_KTXXDLG0WH,0
CUST_CYX4Q5WTPQ,0
CUST_NT5KNCL4AX,0
CUST_K9DTQB0SLF,0
CUST_KB8S1GXD3Z,0
CUST_RRWO2E7GTT,0
CUST_IBVLTHI1UU,0
CUST_KOKSHFT2JF,0
CUST_VF5QL7AYMC,0
CUST_HUKH4M9VVE,0
CUST_C6A9SS1KUK,0
CUST_1DE2SYHIUR,0
CUST_VIGOQ28I4N,0
CUST_SS6JVQL4TX,0
CUST_MVM2GJ8X3D,0
CUST_3UZ51IFOCY,0
CUST_SGHEXINPZ9,0
CUST_X3XR4XT7S7,0
CUST_DD935BX4PO,0
CUST_DI6ZT03VRZ,0
CUST_EX8L72UXDG,0
CUST_D3Z5ZUGUDW,0
CUST_S64SRCR4FD,0
CUST_PHRN12NF9I,0
CUST_2FWWPUARH7,0
CUST_4PQMA9XU55,0
CUST_SWB5UHYA85,0
CUST_1VI6ZPFC09,0
CUST_CHLTMZI2K4,0
CUST_QY9N4XSB6I,0
CUST_37U7T5I9FR,0
CUST_SVCMH3V8UQ,0
CUST_74SDI5GJ6N,0
CUST_IKM4QCTYQQ,0
CUST_L5LNH622HB,0
CUST_Q1C8VHGW6Q,0
CUST_K3DJODUGYU,0
CUST_FV6PHMPB6Z,0
CUST_HQAH73EEP8,0
CUST_YQRKSBYBBU,0
CUST_IBDF8XORYN,0
CUST_U5ZWZMXTBB,0
CUST_8M6QECFLO0,0
CUST_O4D2R5K0HM,0
CUST_5NHBCCSSMP,0
CUST_8LIIWWTSU8,0
CUST_TOWIMO9IZC,0
CUST_6FUWRXWJBK,0
CUST_6LGE01ZOSQ,0
CUST_80MHI1PZ7G,0
CUST_N3K704FBEB,0
CUST_4WZ3QZF7FL,0
CUST_2BHGMCA5OB,0
CUST_FFCYY0HYIP,0
CUST_KYAHKGFCS0,0
CUST_FHSIA3OK24,0
CUST_MJGMVOJVJN,0
CUST_Z27X6AVY90,0
CUST_QDWT4MWRM2,0
CUST_UJVQDND8QI,0
CUST_YBOTMSHTJJ,0
CUST_1U0GMSHDFZ,0
CUST_I83E6VWY8T,0
CUST_FRXE9F5L9K,0
CUST_5V2MXLWG27,0
CUST_VVZGMT0JO1,0
CUST_BENDMTDFL2,0
CUST_WZLUYL4RTW,0
CUST_CFKK9XTQHP,0
CUST_3LCDBKNXMG,0
CUST_WQGWDAYCS1,0
CUST_6CMYGF7URF,0
CUST_GDZKOG4ORS,0
CUST_ZPFGPY3XA1,0
CUST_8SUWGOL6IA,0
CUST_CWGL7A52Z1,0
CUST_RZ2PVIRXE3,0
CUST_FPWYW58LRQ,0
CUST_AX9CIHNY7O,0
CUST_9H5340MQRO,0
CUST_0BNLNTTMIE,0
CUST_90DEMBJL0L,0
CUST_GJ6HY82FQO,0
CUST_08YA17XDX1,0
CUST_IPLPH8POLC,0
CUST_MRHCH749BY,0
CUST_C9DPSXPJAB,0
CUST_FKIZWKFETM,0
CUST_3R6QDNK6JT,0
CUST_AE5IN93L36,0
CUST_U0LSBORZ1Z,0
CUST_U69XCDYFV0,0
CUST_5B2TBLKKTQ,0
CUST_M8P4WXCRFJ,0
CUST_BNBET9T0BH,0
CUST_U502KV52DV,0
CUST_E1HNZ8P5V8,0
CUST_VVMNM4ISRA,0
CUST_51C9X1969M,0
CUST_8BMRDNX90Y,0
CUST_9SD0Y7CZ9O,0
CUST_OSUX8ADIHV,0
CUST_U4LFQJHW1H,0
CUST_VXO3ONQURS,0
CUST_W9Q8M5HA6R,0
CUST_O4QHYFYFC1,0
CUST_KP7U48FWEZ,0
CUST_9SVCD0OTBE,0
CUST_7P8WMDB21M,0
CUST_SL5XS6NFQI,0
CUST_E2IHPJVVJI,0
CUST_7LTHHU425U,0
CUST_C4TVEMZ8N9,0
CUST_WOL6U8B3T6,0
CUST_WXUNIIPM3C,0
CUST_SM9L4IDFJD,0
CUST_UVOC7F2E4N,0
CUST_NE18Y5XN2I,0
CUST_MFE2KZ2K9U,0
CUST_FFRE29KQ2K,0
CUST_6RMC8TPL4F,0
CUST_E9TULTA8QW,0
CUST_SP4ZRAB01S,0
CUST_8VR03U7KJZ,0
CUST_TN32TL55MM,0
CUST_22BX6FUT4J,0
CUST_YN06RTXYYP,0
CUST_I3URROWOO2,0
CUST_RV58XECFXL,0
CUST_SUT6H6ZG8U,0
CUST_GM9WL4CNPE,0
CUST_CSQBGC23A8,0
CUST_08G3L3ND5L,0
CUST_RCSUNSKWBE,0
CUST_6VA0RAYS7S,0
CUST_B2FTCD717F,0
CUST_UIR35C1D7F,0
CUST_AV1DRZ3V0O,0
CUST_1W2G2AS2R2,0
CUST_IBGV84ZA78,0
CUST_GHUQCC2Y4O,0
CUST_P0MJZUEIT9,0
CUST_9L3Y2PVTUG,0
CUST_AG63B4RP3V,0
CUST_WS49GTK6FV,0
CUST_6U6FQR0ASG,0
CUST_0GHAJKV5VS,0
CUST_TER9JIRJW1,0
CUST_CSGYEX931G,0
CUST_DNWR87TXV8,0
CUST_0UMULOHO9O,0
CUST_FU50U7QVPM,0
CUST_PG0VKEFKK6,0
CUST_NR8JB5BB4U,0
CUST_HS7VU02Y4W,0
CUST_S7DD862RGP,0
CUST_L6TT6Z2GPU,0
CUST_BFLSQAOP9Y,0
CUST_72TS3LZBYH,0
CUST_U0Z139SZ0B,0
CUST_PNMSO27P38,0
CUST_7PZ7W5CDPJ,0
CUST_NYO8VIVVW9,0
CUST_8V09RD95QP,0
CUST_A473EWNI72,0
CUST_2O4RFE2QFQ,0
CUST_65P6IW61JS,0
CUST_NKKGS5HVMR,0
CUST_OHJVULH1O6,0
CUST_0AMCY7R02V,0
CUST_IGYFFJC5XX,0
CUST_8CAGY7T8C0,0
CUST_Z1DBEXYTDA,0
CUST_YXEORZLUUV,0
CUST_F3W1OO6RWO,0
CUST_VMISCLOQHX,0
CUST_0KKH3N4RJT,0
CUST_LT5D191IBO,0
CUST_85BKFRG6T0,0
CUST_RUU5QSHKGA,0
CUST_PUGFYRPHCN,0
CUST_E1PF7IEHUK,0
CUST_3XIUQEVUCC,0
CUST_DHP4VU6TSY,0
CUST_EIX6V32ZWY,0
CUST_L1AEPYGPPE,0
CUST_L8Y9HXQ2XV,0
CUST_JRKS1E5J2R,0
CUST_8A7F5I5JC3,0
CUST_C9B82CNNBR,0
CUST_ELG8XR8B60,0
CUST_R26NJDO8GD,0
CUST_XBOUHKRYAA,0
CUST_WQ2JOW3PPW,0
CUST_NVTBT49OAJ,0
CUST_Z2E22567TS,0
CUST_U8XRGGD261,0
CUST_3YHQL6RA5N,0
CUST_Y1F9LN76NM,0
CUST_300XPIIHUL,0
CUST_8IW5BH3IYT,0
CUST_60OHK9KDM1,0
CUST_AWP2C5F5EZ,0
CUST_JMAAZY75IB,0
CUST_LUYADNV11D,0
CUST_TRWLT2VN3Y,0
CUST_MH0N6FF6YJ,0
CUST_4RER9S41XL,0
CUST_DHJM4908NA,0
CUST_Y67UCC7ULR,0
CUST_SV9BGRZ781,0
CUST_LKSGPU09B5,0
CUST_VAZD3ZF9XR,0
CUST_ALQU1NIS5G,0
CUST_YO5WVNQHYX,0
CUST_IZJ5ION1GL,0
CUST_HJDFATWWO2,0
CUST_ZW12DBFWED,0
CUST_6G5ECHCG9W,0
CUST_TQVDIMW285,0
CUST_QU67L58ARQ,0
CUST_ZFX9J32F2J,0
CUST_MITS5SZ18Y,0
CUST_5O73BB2PS4,0
CUST_STCVUEAOXW,0
CUST_CQZNVRXAXR,0
CUST_URFD8SF98J,0
CUST_DCNUKWTENX,0
CUST_V2RQB8G8NT,0
CUST_Q82AG8IAQ1,0
CUST_IX3COKGS66,0
CUST_87CSFR2JWW,0
CUST_T32D71CRRT,0
CUST_AP9MY5PR9M,0
CUST_P3KP45N71V,0
CUST_1I69HSZVRA,0
CUST_3ECXSR8WTQ,0
CUST_LDIP29K8UL,0
CUST_ZFAKD6LV0X,0
CUST_OYT3CJN7DB,0
CUST_URTGUZN0Z8,0
CUST_GI0H6IH0BM,0
CUST_KGAZ231Z42,0
CUST_936XVP28YM,0
CUST_J2VYY7PADL,0
CUST_NJVME6TK5M,0
CUST_DVQ4ZKZG2W,0
CUST_SEDYRPOWOD,0
CUST_ESAGBKR2Y1,0
CUST_4NEHSW8JJD,0
CUST_FELWEBQEDM,0
CUST_FJRV88V189,0
CUST_0NYS49A6XQ,0
CUST_JQWEAJB6AD,0
CUST_S4ESF6CFRR,0
CUST_H39V8PMH0I,0
CUST_EN0WW5VBMU,0
CUST_5PWTRTRVGI,0
CUST_2316475K1P,0
CUST_2EOESNMU75,0
CUST_ATE7YW0S7M,0
CUST_KDE3G1TR1O,0
CUST_1KTSVBM0HM,0
CUST_QR1T3YQOBT,0
CUST_G36MOKMEBJ,0
CUST_P4G03WA7ZP,0
CUST_IDPQUZ22JQ,0
CUST_6KNMHJT6PB,0
CUST_ZJAK2Q7A1H,0
CUST_T09XODS6CO,0
CUST_XIOOWCQB84,0
CUST_0CDHUXSE78,0
CUST_C0QA0KAVAM,0
CUST_H3XBJOEORA,0
CUST_XF7D8PTFZY,0
CUST_XUOFM8PNGV,0
CUST_BBS1NL8AT1,0
CUST_WWXTZDZS89,0
CUST_OYL4DLTYHS,0
CUST_ANHSO30997,0
CUST_APH4WMT3A8,0
CUST_8J31MJMC4Q,0
CUST_E7S5L7I4E4,0
CUST_SLP437DZ7X,0
CUST_W49PX9TIGH,0
CUST_5LT8RH2OFS,0
CUST_7R061MX9X4,0
CUST_PWE5GBDH2X,0
CUST_WJS33ZVNDN,0
CUST_DF6UPBH2DJ,0
CUST_MHFWLANM44,0
CUST_X0G8RLIF62,0
CUST_R577WF8MHY,0
CUST_YJJ676XECU,0
CUST_WB5LBQAWJQ,0
CUST_LZ1221KFWY,0
CUST_7B3YEEYZ5S,0
CUST_0DVWGYXFRO,0
CUST_91RCO88UR6,0
CUST_P8NOB0NPFO,0
CUST_TWGB7KYHXD,0
CUST_YDN9VFZTID,0
CUST_2SFL9UAZGI,0
CUST_YMMCWDX4GF,0
CUST_QD53UXH5II,0
CUST_ADSK0CYYI9,0
CUST_W6NR727MGU,0
CUST_UQUY7EH58J,0
CUST_1F8QQ1SISX,0
CUST_1EZ6CS53AS,0
CUST_93IF3KHKNE,0
CUST_5VHGS5B5QR,0
CUST_VZ4QKRHLUZ,0
CUST_35JDEO9ZTC,0
CUST_WWTNFVVGXQ,0
CUST_UFACJ6BFKY,0
CUST_B9FZLFI27Z,0
CUST_2P9AYKQQHP,0
CUST_4SLB1NXDR3,0
CUST_WVGBXH2SI1,0
CUST_LOXIX1Y40X,0
CUST_CUQGMMAI8P,0
CUST_8J68CNCCCO,0
CUST_E1XUQI8A2K,0
CUST_SPTK1WKD7U,0
CUST_GT8JCP7Q44,0
CUST_4Z0K54AUXE,0
CUST_A0AME8KKBE,0
CUST_BY73EKDJB7,0
CUST_CV309T2QPW,0
CUST_CGAZRZJ3RI,0
CUST_OW478R7IRQ,0
CUST_T3GR7OS6FH,0
CUST_3KT93JF11P,0
CUST_CF537Z2NF1,0
CUST_AILDOWBKR5,0
CUST_VRZMNWHOYW,0
CUST_NW5DPE9QQ7,0
CUST_QRTDT9BMX8,0
CUST_FYTEV6NA6V,0
CUST_HV30ANRYUD,0
CUST_T1QLBANZYD,0
CUST_G1HLK4RFSQ,0
CUST_S2CGLYMONA,0
CUST_QB3Q0O4A11,0
CUST_BA18AMKO91,0
CUST_3MHEWXZV6J,0
CUST_223E95I34F,0
CUST_KH4NT9JMXA,0
CUST_1NYAB0P5B9,0
CUST_I48OHMCIQ9,0
CUST_DES9Y5BUWK,0
CUST_FCT6O3PRX0,0
CUST_1LUR2V9WPQ,0
CUST_6ICSMQLS0Z,0
CUST_19CKOU0IV5,0
CUST_K9SMAJGV8N,0
CUST_FFMW3TIH1Q,0
CUST_X25KTC8L46,0
CUST_4109YKJSMP,0
CUST_X3Y7G5WVR2,0
CUST_IA3A5PFVID,0
CUST_FLSJP94NSH,0
CUST_UGK29YUJPN,0
CUST_W4QX1O5EAH,0
CUST_1GXDECCGQJ,0
CUST_KJL1XVG5FU,0
CUST_RKKBPHZHX7,0
CUST_F722KDLMA1,0
CUST_TMHGYXWFG2,0
CUST_845AY49WYJ,0
CUST_RT58LV2H72,0
CUST_L2CHX0AZLO,0
CUST_C3UNFVRB8P,0
CUST_B11PLZP0X9,0
CUST_RL466O3DBC,0
CUST_8M2G0077ID,0
CUST_I3ZIW1HPHZ,0
CUST_7SSRBKAUQP,0
CUST_JLW0FNSB0Y,0
CUST_XSZNZB0A65,0
CUST_9JEUV0XDFG,0
CUST_SDMMGI49SG,0
CUST_0ISEGPEZV7,0
CUST_A5ON1U6B9M,0
CUST_I5PIUVR38T,0
CUST_7QPIGSOUL2,0
CUST_5XGGOBBOC6,0
CUST_7I8B5T20AU,0
CUST_W21XEA8124,0
CUST_H0UBENYI0Q,0
CUST_HZAXDOJJGO,0
CUST_73TWZUOQMC,0
CUST_SR9OOLHYGR,0
CUST_4M64951Z4N,0
CUST_YK8LLDZJEW,0
CUST_7KY8SEXWHB,0
CUST_WYZX1QFTOL,0
CUST_NHBVRKYFN8,0
CUST_PNB1DMIB9K,0
CUST_GMHBCK1A7C,0
CUST_96WX0ISY0D,0
CUST_FXQC9SM3E3,0
CUST_FPGYIMK7SR,0
CUST_QPYTOG2AH4,0
CUST_IG0RUOIEPN,0
CUST_IMD79HZQY1,0
CUST_92QAF5N58I,0
CUST_ALHJVED4O5,0
CUST_DE0E069L0X,0
CUST_JUW7ZR4LDX,0
CUST_ZU2ZTUVG5Q,0
CUST_DXGZKVZ2BC,0
CUST_FJXKLSI35B,0
CUST_HJ4EQ2PY7X,0
CUST_XH3NFPJYH9,0
CUST_UWPBOQREWE,0
CUST_NLU14BROOD,0
CUST_41DFKABCQ9,0
CUST_PI1X11C1L1,0
CUST_B6C4VUF8C4,0
CUST_6HVDLQL74N,0
CUST_A20REE7YTS,0
CUST_VXM69YC1PF,0
CUST_730YY9K7OK,0
CUST_N498IOJDH8,0
CUST_X88SI9DZAM,0
CUST_A8WQP20J5Z,0
CUST_0U83WZTUR5,0
CUST_O8SX4FN3P5,0
CUST_DRN41ZGPKS,0
CUST_K9YYPUIZ30,0
CUST_B73RVW6PEC,0
CUST_ONXV30S0KO,0
CUST_NJOVMHRWN5,0
CUST_B9FKLT528Q,0
CUST_1M3BIJI5EJ,0
CUST_NR8PE47IH9,0
CUST_8GI5HHBR61,0
CUST_RRP9T2SA84,0
CUST_F9DOL1ZYYF,0
CUST_719GJTSF63,0
CUST_YBKIXD41I6,0
CUST_87VUWXT6A6,0
CUST_BKM3TUSLXT,0
CUST_HKYU1GJQ70,0
CUST_YJW0JDRK44,0
CUST_7LRWGFRJ9I,0
CUST_YZYIAQVKCS,0
CUST_ZRBBGAYIGE,0
CUST_344HVFO7BD,0
CUST_PS2K03T3U2,0
CUST_8LZQ9124VL,0
CUST_YK3B3HTC72,0
CUST_0QTEGGTUJ3,0
CUST_YBM21LJ9FX,0
CUST_1O106FUBVO,0
CUST_2VJDJ0WWLS,0
CUST_P4AP5EP8UQ,0
CUST_PT84PXN6SE,0
CUST_TXYNIU3NC2,0
CUST_KPLLCZN28U,0
CUST_UMCVYZ9Y24,0
CUST_9X815OOVYP,0
CUST_3BQ36EFMUJ,0
CUST_DTOLMJ6NZR,0
CUST_MUF1H3E5VJ,0
CUST_4TBDAKUHWW,0
CUST_OUODHPIT2L,0
CUST_RUFR8P59ZO,0
CUST_GVJ4I6ANJK,0
CUST_KI2QLT4QIA,0
CUST_52NZ4S0APO,0
CUST_HR2F44R2W4,0
CUST_KFFVB0PLPE,0
CUST_HVIE41QKIP,0
CUST_NV2AX6K8S3,0
CUST_QYQ3BK9VUY,0
CUST_VU5IFZ46SM,0
CUST_RHXH4TPBHT,0
CUST_G3B9MW7KCG,0
CUST_NJLGVIDKNU,0
CUST_MSGYKPTKX0,0
CUST_HI719GPN3L,0
CUST_IB80FB7BVJ,0
CUST_JE7XM2WP5Q,0
CUST_6MLFWZ4GJ2,0
CUST_5B0SA4USUM,0
CUST_7DZSX4PGQN,0
CUST_GWCQIJ302F,0
CUST_DD7LIAI22C,0
CUST_87F8ED0ZJJ,0
CUST_3VRO4KSLFL,0
CUST_PEGYZ9BUWM,0
CUST_34VZ1TTR2K,0
CUST_NLHTJ50SCA,0
CUST_HPK2FXDA00,0
CUST_9USF37PCAA,0
CUST_JI6ZOG40NZ,0
CUST_1OCS19PBHI,0
CUST_AF1DT5EIQ6,0
CUST_7XKNOR5S53,0
CUST_DXR3M6OX11,0
CUST_V4ESE8Q78O,0
CUST_8YJ5JC8DJK,0
CUST_NLTYJ7H34H,0
CUST_25OXXXIM6H,0
CUST_KNTY3XW4BW,0
CUST_0TWWRFN5YB,0
CUST_TOUTU1WM6S,0
CUST_EARKT77HVW,0
CUST_D5F3CSU1XJ,0
CUST_YT5HYUTQAP,0
CUST_88HGH4ZN70,0
CUST_VDOP5ZQZNT,0
CUST_M0WHQB1HD9,0
CUST_72TN4BQO78,0
CUST_A3TPB5EDW1,0
CUST_7SPAZIZAV4,0
CUST_8NVO4WSMEY,0
CUST_UU7R0N01ZC,0
CUST_DA6Q6NOUN4,0
CUST_HYDOKG2QUP,0
CUST_JX9U5YX8SH,0
CUST_IZRBC8EXX5,0
CUST_TAJQ3XHHXI,0
CUST_MTLLUGWDOU,0
CUST_WE4RG6OV1U,0
CUST_GNL97VUQI4,0
CUST_I5PK502X3L,0
CUST_AHTX4H9XKY,0
CUST_VTKCDUCL4Z,0
CUST_ZG8590PYKG,0
CUST_96S835TEYU,0
CUST_YYEVHRSAUH,0
CUST_8PDOFG7R60,0
CUST_2EM4YV6NYE,0
CUST_NTHV78IMQB,0
CUST_NG0WL45PU3,0
CUST_QN16AX1C1A,0
CUST_DB6KQBHYCI,0
CUST_BODG45PH13,0
CUST_MD3QAZ41KX,0
CUST_ZV0U8WGVCY,0
CUST_KOX1W7JF5Z,0
CUST_JM1A0WX53J,0
CUST_X2YBN8KOYE,0
CUST_4N289J9WRA,0
CUST_UCYQ5FCPW5,0
CUST_Y8UPFEDVA9,0
CUST_CMHXQ35SBE,0
CUST_W3OKGWCUQY,0
CUST_1H7E4VMCZB,0
CUST_S6PK2EPEB8,0
CUST_OOHXMXLT11,0
CUST_OJNF3Z9MPO,0
CUST_KCJ7I9SDEP,0
CUST_DTK0AWUQN7,0
CUST_T3EAUF9SR8,0
CUST_E62RU5BNRC,0
CUST_EMGNW38FVF,0
CUST_S1RDZ7T02F,0
CUST_0NCW94HM24,0
CUST_7MS8PGVFVE,0
CUST_JW9PQFU5YD,0
CUST_9MYRUKTCPG,0
CUST_XO8K8OLIOH,0
CUST_2VSKV6QKLG,0
CUST_AZXLVLDBZL,0
CUST_CNWLHRP1W0,0
CUST_N0HHY3837Q,0
CUST_ZV1C9QZN0V,0
CUST_8XBMT9MQK4,0
CUST_1KZBPXXFLS,0
CUST_FUWXMKGRIU,0
CUST_ZKMQDLWYJB,0
CUST_B6Y6YEK0Q1,0
CUST_2X2A60YWL1,0
CUST_QKGS863HNK,0
CUST_DJ207I4D2O,0
CUST_F1I6MO270K,0
CUST_EI3QUL8Q54,0
CUST_5MAOBMUTDX,0
CUST_MGS5IXGYDI,0
CUST_859XUB1N5F,0
CUST_PC7JC59TJP,0
CUST_7OC3H3HGUC,0
CUST_7GRCIEALZE,0
CUST_RGLCR7CPD0,0
CUST_EPBRO88BDO,0
CUST_3VV3NB6KF2,0
CUST_5MKZ8ARKGQ,0
CUST_KKEZYRT9E2,0
CUST_QIJ5GU2M8P,0
CUST_J28HX034BW,0
CUST_Q0LXNRE4X0,0
CUST_WNVHW57FUW,0
CUST_HHA82GNR7X,0
CUST_MZK51MXKHP,0
CUST_73TG4J8KMG,0
CUST_1OKRMHXQ3V,0
CUST_S9P4JSE154,0
CUST_0QWMLKWIDT,0
CUST_XLB6RWK15H,0
CUST_TQ6965HDEK,0
CUST_5NJOYXG69I,0
CUST_I3CLYWLXAA,0
CUST_6F0SEAK3OR,0
CUST_1ODB6UWPNW,0
CUST_ZW6RDVL6R8,0
CUST_3A1LLW7VX2,0
CUST_JRDK5XT05M,0
CUST_R2ARBS6FIR,0
CUST_EQVHWRMP0Y,0
CUST_LM9JO6FBIB,0
CUST_4VUOU792UD,0
CUST_DZJ3XR3IV5,0
CUST_G9DIHHH74U,0
CUST_TLLEUZEH87,0
CUST_JTPIRYEMHR,0
CUST_DL2MQTA7TE,0
CUST_8PRL8982ZJ,0
CUST_Z4WD6WGT5H,0
CUST_BO1F9ND8IY,0
CUST_35FLAXVWF9,0
CUST_SUPOBRA7LZ,0
CUST_F0OYJHP3W1,0
CUST_7IQOVF60VV,0
CUST_4ZNS50VN4A,0
CUST_9FBD8ZNVKM,0
CUST_HZ38WW9H9B,0
CUST_MWRPYT751R,0
CUST_BIQEIUCGKS,0
CUST_DFQ9KY3N0B,0
CUST_S7CEWWV6IL,0
CUST_OTIJHL221N,0
CUST_DDDNXRIQW2,0
CUST_H9EZWG3V5Y,0
CUST_5SU28SIDQ0,0
CUST_LSS605QLNW,0
CUST_ZKNS06ROAU,0
CUST_E464WMKJ3L,0
CUST_SD8M5W56NU,0
CUST_8N8NB3A5E0,0
CUST_CSSOY7Q4MO,0
CUST_OR6C3A7LSJ,0
CUST_2MXSSEBA5X,0
CUST_5ORHONABBX,0
CUST_UEQQ9AUUBG,0
CUST_D9912X7L04,0
CUST_R6X840LPEX,0
CUST_Z7UJVMTANW,0
CUST_953F7X1PG6,0
CUST_WUMNXSAEYA,0
CUST_L5EA346TMD,0
CUST_JFRSG0TYKY,0
CUST_PUPWLEPYIU,0
CUST_CPNCJZ8NX5,0
CUST_8LG70PDJSH,0
CUST_NDEJX30JW1,0
CUST_GL0C2LA6ZW,0
CUST_YIHM33QXXO,0
CUST_T4B1J7D0HT,0
CUST_MZGGKAE9JG,0
CUST_86C4CLHUSY,0
CUST_023IICVZ7I,0
CUST_YWKUV4W1SM,0
CUST_5AUV7AR8H6,0
CUST_HF04VFPAU5,0
CUST_86A0D2FT69,0
CUST_DV9LXYJ0ZO,0
CUST_ULNEDJBS6Q,0
CUST_I9Y9O9G84P,0
CUST_2ZB6K2BGKR,0
CUST_IZLNDKUU55,0
CUST_5JLDHMDM3W,0
CUST_XR7ID6Y6YZ,0
CUST_PX7IOU532U,0
CUST_SL03C1VHOE,0
CUST_Z4QEY7UV6U,0
CUST_6OVA70USKV,0
CUST_NMICH08F6G,0
CUST_89X7SP4UHK,0
CUST_AGCIAZERG5,0
CUST_0I4ZJWROVE,0
CUST_W8X4ZE49NG,0
CUST_W3EETZ5899,0
CUST_GL15TIWSN5,0
CUST_XL5RAIE3BB,0
CUST_4489GQ7BTW,0
CUST_FL1IIT9IUZ,0
CUST_7X0998M40V,0
CUST_K7E52XH68J,0
CUST_W1O4H40K0U,0
CUST_WFR6AO6N58,0
CUST_DBU6SHC5PZ,0
CUST_OA342ADJ94,0
CUST_4QSD2SKGOW,0
CUST_8AV2HO6R6M,0
CUST_VD6KLDZGWF,0
CUST_QSF2X020DC,0
CUST_RZ03IYGDQP,0
CUST_FPVD7RYS9P,0
CUST_31KFZSPW4S,0
CUST_5ZZ0OA3KN4,0
CUST_OXLJI8DZLH,0
CUST_25R7GK1WLN,0
CUST_SW23EV7EBN,0
CUST_FUJ4ZMV1P0,0
CUST_W7O9V6UB0G,0
CUST_ZRQCS8G74C,0
CUST_KITXVUA345,0
CUST_RXLE4ABPBF,0
CUST_BGSBP9TBGN,0
CUST_RWZEYI7RPZ,0
CUST_KN3IPEQVUW,0
CUST_P5H9E68CO1,0
CUST_L9QN0XH5LA,0
CUST_FAZO0CZWQZ,0
CUST_WQXNELJV2M,0
CUST_99AJRDWKY3,0
CUST_GZ5TGBBNLA,0
CUST_JG8UDAX6I3,0
CUST_C3U9QPDVPU,0
CUST_RS8CM94B36,0
CUST_U5WTTHDZXJ,0
CUST_56Q1W6OAQB,0
CUST_TJSEMZS4F2,0
CUST_IUIO8MP6G2,0
CUST_UOUSFYTA01,0
CUST_HR3TCA7N27,0
CUST_Y19BSXISS8,0
CUST_9L8RM5S6LG,0
CUST_WCZOY30ARS,0
CUST_OPWXVT6L52,0
CUST_T8RX2ANMMY,0
CUST_PRZVJQZA19,0
CUST_TDF51T6R0F,0
CUST_U88OKYL23W,0
CUST_642UP9ODE5,0
CUST_6DA8KT3SXE,0
CUST_TD18KJUKU2,0
CUST_FR87NKERN8,0
CUST_Y2Q2U8B0DI,0
CUST_VS1QMQM27D,0
CUST_PEJ4OBRFKM,0
CUST_LROU4UOWGO,0
CUST_ZY41COFH1E,0
CUST_6SU0WETZKL,0
CUST_CHOUDLPPQO,0
CUST_AVEG0CMBQC,0
CUST_BV33G4CKBI,0
CUST_OXSDPBGLBL,0
CUST_IASG0HDJ8P,0
CUST_OJG5S8XEK6,0
CUST_BGSOCQPGHH,0
CUST_STVRTPG814,0
CUST_FQ3DHUVIS2,0
CUST_WD60QG8I9N,0
CUST_X1PUJKG17F,0
CUST_9996N5JL5N,0
CUST_EX6NLPMEZE,0
CUST_WWVH9DPTIA,0
CUST_L1W7V8BNJU,0
CUST_BU3UXZM1WH,0
CUST_BWOH3D5ETZ,0
CUST_1EIU09ARAU,0
CUST_84MBZY18HT,0
CUST_U88XCT0H6Q,0
CUST_JVJV8PH6OM,0
CUST_KROAW80SMS,0
CUST_FIW5QOO14B,0
CUST_KM4JCYR701,0
CUST_DFTS1WYXG0,0
CUST_9WFSKIK8X8,0
CUST_KDV3ESFFAY,0
CUST_7LOFKKS29W,0
CUST_FWWF8UH99Z,0
CUST_ELABPFWLLW,0
CUST_WH520LR3XK,0
CUST_BPL79H9S3Z,0
CUST_68MKM8E9LG,0
CUST_JNOHVET0LZ,0
CUST_V21GW5YLV3,0
CUST_LD3Y86D2UA,0
CUST_G2Z9J9CRCV,0
CUST_PAB38LAGNR,0
CUST_8HGVGQVFFB,0
CUST_A6NJP7ISWH,0
CUST_W6QD0CR2PC,0
CUST_8R6FITYT2V,0
CUST_HWUML9FD7W,0
CUST_8JHV568SZ5,0
CUST_O7Y65EHGOR,0
CUST_3QJZJ7U2O6,0
CUST_D7FNO3B3EF,0
CUST_64IINLWZ01,0
CUST_MU1U04053I,0
CUST_3LLMEDIU9O,0
CUST_839BJIXVNU,0
CUST_TNJN3DP69L,0
CUST_EM8OTIW2TC,0
CUST_8YFL3IHJJ4,0
CUST_2EZVHKHXB3,0
CUST_FBO74T7PZY,0
CUST_3EJEA5P3O2,0
CUST_X23JMA4RDU,0
CUST_RASETUYY76,0
CUST_JEML0YGL1U,0
CUST_I1XXY3EDST,0
CUST_KG0FXXEWGN,0
CUST_HJ44O0PB22,0
CUST_JWMA6GAD66,0
CUST_JGV2C62O5O,0
CUST_RBTWMWW9UV,0
CUST_FBS1QVTFZF,0
CUST_MVZ0EYVH74,0
CUST_M4W7C1YV4R,0
CUST_L9O0BIN4LZ,0
CUST_PDULCL5O31,0
CUST_CP3Y0Z1YRK,0
CUST_MYVX6W6E1W,0
CUST_Z586MBB1MH,0
CUST_VL8RXF0HYX,0
CUST_8KON2MB8KN,0
CUST_SVTLG877EE,0
CUST_H63VYB7LFM,0
CUST_JQVYI9WKLF,0
CUST_50QFAD5HD2,0
CUST_3CLGJ6D1RR,0
CUST_DGPE4PS0UM,0
CUST_XFDIE5DCEP,0
CUST_YGNHBM1SFJ,0
CUST_XD1MC1DZLK,0
CUST_YCRF639RZ3,0
CUST_OBI2S3XWG1,0
CUST_WVMENQWYZN,0
CUST_B8Q96K46N7,0
CUST_E4ISOFT8K2,0
CUST_HWWN8H1N8M,0
CUST_O8UEQUPHAY,0
CUST_M4AQ9U0808,0
CUST_G80IILZ8Y3,0
CUST_V1UH7YZPTS,0
CUST_RS5N10UZ5B,0
CUST_3MDN4BBXI9,0
CUST_GJ2QP4JFYL,0
CUST_AQAO60J4C0,0
CUST_Z568NQ5M3O,0
CUST_JLQBMP0UD3,0
CUST_S8KZRFGZ4E,0
CUST_5EZA20E0OX,0
CUST_XNOR6EEWBS,0
CUST_XV8JTDOUGW,0
CUST_6FQ0RC14ZD,0
CUST_LHTM34P56E,0
CUST_431VK2TM2I,0
CUST_B4WJYHXZX5,0
CUST_KGHGTCP3A1,0
CUST_TZF4SGRSRZ,0
CUST_LBX5SG61K5,0
CUST_L54VJ53NT1,0
CUST_Y6JFBVNR08,0
CUST_1V1YH4ATDF,0
CUST_D16RITFZZN,0
CUST_MRC79356VX,0
CUST_6NN3RR91W1,0
CUST_M29ZH7K998,0
CUST_OZ7XO5GPEH,0
CUST_032JQISU3I,0
CUST_CUYT2LUX7V,0
CUST_X5QPVLJ9D8,0
CUST_0QGRK6I8W8,0
CUST_TJ14OZFW1Q,0
CUST_SDAGPA7XD8,0
CUST_55MEXU7XG3,0
CUST_ASGSKVWXLW,0
CUST_CSQHEZIL2G,0
CUST_V2OKLTNKTG,0
CUST_RDBF4P0GQR,0
CUST_562V96GP5V,0
CUST_PMAIYUM9C2,0
CUST_BWR1HEZ8KG,0
CUST_1OEC4AVE7D,0
CUST_NWWEZGKL4D,0
CUST_13QMNZ83GT,0
CUST_VF4OIIPAXJ,0
CUST_VBIN9BSDJJ,0
CUST_M692UJ3S4Q,0
CUST_DN6SDPY8T2,0
CUST_HTJCT1TGN7,0
CUST_VEIBLVUA4M,0
CUST_9Y0NJ574VE,0
CUST_ZWK1CN8VC0,0
CUST_6RKVRW3GBP,0
CUST_RZJZHQCNMA,0
CUST_X54LA38ERC,0
CUST_VXDUPVR4BE,0
CUST_1BSFJYK9H2,0
CUST_4C3XJR8WKM,0
CUST_3EJBQTE7WL,0
CUST_91M1224729,0
CUST_IIF3YJDMCW,0
CUST_CJGAXMVOPH,0
CUST_OLMNIH4XF4,0
CUST_ACVEAWCEAV,0
CUST_M2L5OKNU53,0
CUST_97SWF0MTUV,0
CUST_JCN6L09NKX,0
CUST_SLAC83W83G,0
CUST_NNFMHJD6QZ,0
CUST_SN14XBLA6O,0
CUST_GBJGXSM1MW,0
CUST_5ESXYQ6PWF,0
CUST_1DQYMKAFGI,0
CUST_YDRBX3A875,0
CUST_FEYK5JR0OL,0
CUST_DS4QVW2LOA,0
CUST_ENHZPMUUC5,0
CUST_M4D92WRH5R,0
CUST_HH9A51C5MJ,0
CUST_607RWG58GS,0
CUST_7VD09MV6FY,0
CUST_UM5RAXE2Q6,0
CUST_91610OU3N7,0
CUST_ZK3QRNNCEI,0
CUST_UNQOP5F8M2,0
CUST_0Y006K9VOX,0
CUST_6XQSBIPBB4,0
CUST_1RN0MFQFGO,0
CUST_CPK2CXZMVL,0
CUST_W23XEX2V17,0
CUST_OOZDSHQI44,0
CUST_VNWZPH3NRZ,0
CUST_EY8P1R3FKO,0
CUST_6MMJMWXMZH,0
CUST_S3J37KH6IS,0
CUST_UFBN71TGMQ,0
CUST_0R2JT4KPDU,0
CUST_UO6SHN2FR4,0
CUST_1FZ3ZT8QYJ,0
CUST_2BHTFY05MS,0
CUST_3S7J21E32E,0
CUST_GUUVPSEDMB,0
CUST_FT2GGUWET7,0
CUST_2KM8GXMELG,0
CUST_287EINGYX1,0
CUST_TK3BKGAIGH,0
CUST_BPMIJ3DJZU,0
CUST_EWYG6J4E47,0
CUST_3681FMHK12,0
CUST_G6HRA1NLVU,0
CUST_ALCLEXU6CM,0
CUST_7S9R1ZUY07,0
CUST_ZGG6S12Y97,0
CUST_F7UGLUG9RA,0
CUST_6UU24ZBPM0,0
CUST_2GOKP5EM4M,0
CUST_9UN5Z6KC0V,0
CUST_R8C02TEUMB,0
CUST_P3LLH2DW1R,0
CUST_S9W0612910,0
CUST_KA0C40CECU,0
CUST_QCZRG76ZYC,0
CUST_2ZVFLATBDK,0
CUST_R0SHVKBHP1,0
CUST_ZUO9L0F2ZR,0
CUST_BJGHI48MPD,0
CUST_IJT490MIMO,0
CUST_3A2EO15HOW,0
CUST_EHA9KQBJJX,0
CUST_QF6X3ISZCJ,0
CUST_KHBN5TF18Y,0
CUST_8W6JMDJV54,0
CUST_ATHH62TQA5,0
CUST_BDFYDIYAYQ,0
CUST_BE08HYLVSW,0
CUST_LGBDIZOI7V,0
CUST_XAPQSL4VLN,0
CUST_P3SD0QR903,0
CUST_5404ETDN4J,0
CUST_FPOBJ2BGD7,0
CUST_B49T7OG46J,0
CUST_J8UEEEJ5CI,0
CUST_LGZ3P0H6WD,0
CUST_HGU266QB60,0
CUST_EELHPW6LSF,0
CUST_K70P92FGR3,0
CUST_Q8XSZOVGUG,0
CUST_26I2AV6LLW,0
CUST_KMJGG1KZ6Z,0
CUST_22LRTKN9XB,0
CUST_H6OSDC2JV1,0
CUST_5KBXESE33C,0
CUST_868DW5DH7L,0
CUST_JCDN9LW8SZ,0
CUST_EF9MIAN2B4,0
CUST_N1DMD1NBZ8,0
CUST_IPZFJS0S75,0
CUST_521JB66ZUS,0
CUST_ZMGSL3SEEF,0
CUST_Z55E14Y17A,0
CUST_CUA98QGV1V,0
CUST_C8ZVVLUQFR,0
CUST_2FMMHHZWGL,0
CUST_QJH3AR0D3M,0
CUST_YQGSCXRJLG,0
CUST_5VEBNDVIIS,0
CUST_SY9X4IVTOQ,0
CUST_V62P2Z9DIU,0
CUST_UWNLCJBKPV,0
CUST_579EXFEFK8,0
CUST_TKROEBFP9Z,0
CUST_R1YNURD2OL,0
CUST_1876X7V7LE,0
CUST_8EQN79PMOS,0
CUST_8AUFTQMHH0,0
CUST_00X4LHBPRC,0
CUST_4D8H7NHWTP,0
CUST_PFQZ2K3434,0
CUST_TRHD9BI8E7,0
CUST_W4TZGS6KAR,0
CUST_D3H7631H32,0
CUST_5HE5MV1Y80,0
CUST_JOWBNAH3G3,0
CUST_UV2KMZU8SO,0
CUST_MRRZDP4CUA,0
CUST_28BTBW4Q95,0
CUST_JKL2KJL9C1,0
CUST_C5KVAHV8EB,0
CUST_4ZXXJMC5KO,0
CUST_30QU5FP60C,0
CUST_J87V9HWO4B,0
CUST_ST9YCVWZ4P,0
CUST_Z9AM9MXK3Y,0
CUST_HDICYGCFAP,0
CUST_6F9GZRMXEC,0
CUST_R7DJI7SP65,0
CUST_FBZL5RIX53,0
CUST_QTWUQ5WJZB,0
CUST_DQGSUASTYG,0
CUST_9Z1WGVEP26,0
CUST_YI7KCEX5W0,0
CUST_1WIICCI2BB,0
CUST_PV89J78NC4,0
CUST_29YFCXHB2V,0
CUST_1UENN82OU7,0
CUST_AAADFEQZJN,0
CUST_6V6XU4UQTW,0
CUST_0KUBFKUUCS,0
CUST_3I5B0IBL2J,0
CUST_OW9XYO9B2Q,0
CUST_MWW30ILEX7,0
CUST_32DX0DL2JX,0
CUST_CCV29BXSSB,0
CUST_WL7T4F67ML,0
CUST_WL3PA5AKN8,0
CUST_N73BHZ285C,0
CUST_Y7TLE5DBJZ,0
CUST_UHCYKYHA24,0
CUST_J3BXNY1O0W,0
CUST_X19ROUKIQK,0
CUST_ZSZ7CAVYF1,0
CUST_1UB9ZAFUCM,0
CUST_NW6NSSY89D,0
CUST_Y83EOUX3D1,0
CUST_KPGHFTT372,0
CUST_Q034S0W4QD,0
CUST_IH1PSPRIGM,0
CUST_D96C6AYLES,0
CUST_VYZI4HWJJ1,0
CUST_VSMG00YC8F,0
CUST_VGAAC8ELU7,0
CUST_41EIZ0MC11,0
CUST_P4SE57ARWK,0
CUST_GRSTJBOJIH,0
CUST_888QR8BPA2,0
CUST_S3205CH70K,0
CUST_X5DCAI66VC,0
CUST_VYBC2Q1FNM,0
CUST_MDKVGN2QYP,0
CUST_H9ZWZEGM2Q,0
CUST_RVSOHZWYWX,0
CUST_ZEVQD458M2,0
CUST_GVBD3G00DS,0
CUST_OK237OUDXD,0
CUST_K1N8GNNFD8,0
CUST_E8ZUDYO3QQ,0
CUST_AYRO1RSD3B,0
CUST_C0YN7S49HR,0
CUST_N0F8L64U5B,0
CUST_TOCIANIWYQ,0
CUST_GNNATFEJMD,0
CUST_Q1YL78X6TO,0
CUST_UGDIO8IIWB,0
CUST_9UWTD97QIF,0
CUST_EFXZC65TM2,0
CUST_8QGWE4ZEPV,0
CUST_ID0FN5GULD,0
CUST_B3VDB9POAT,0
CUST_U7B3RYRIDE,0
CUST_GQNHP2QA0D,0
CUST_Y4WKTL74IJ,0
CUST_ACEAL15EG8,0
CUST_4YWM2VFOY8,0
CUST_6624334NUD,0
CUST_OAVXB65600,0
CUST_TZS8BYBKGK,0
CUST_299V7FYVB6,0
CUST_7U8G2MGZZ3,0
CUST_HVVTA0W2OQ,0
CUST_T4QZLYKE6I,0
CUST_FMK4E9KDJP,0
CUST_BL63FEU729,0
CUST_QAV6MB7D5E,0
CUST_PZVXIQQAG7,0
CUST_22ENZY2APL,0
CUST_WALY5MPNF0,0
CUST_OTCDVL3FBO,0
CUST_DIU16Z47T2,0
CUST_RY2OD03Z6G,0
CUST_LHQRWDH15A,0
CUST_TX2CT0FC8H,0
CUST_MYPLYN6605,0
CUST_O6VZ0XIG32,0
CUST_BWLJAQBLFQ,0
CUST_N5TYVZMX75,0
CUST_OZ5ON5S5PV,0
CUST_4CHELLXS9O,0
CUST_CZF6B1BXHB,0
CUST_CSH90CGB9G,0
CUST_GWBDTB3UOG,0
CUST_XWQXIOZYOE,0
CUST_UPKNQLVQJH,0
CUST_2N21LF7VVP,0
CUST_7I6AQIAT9V,0
CUST_Z6EBFFK6WF,0
CUST_2ZLYCVJN7D,0
CUST_PPK5JBOQLZ,0
CUST_W5Z6HX9HYM,0
CUST_0MHH6BR0R4,0
CUST_N90MNKZX7H,0
CUST_AIJ55U20WJ,0
CUST_PUGJ2ACPE4,0
CUST_QITP0N6UTJ,0
CUST_4G1CO09IVJ,0
CUST_I8NJCR5I37,0
CUST_IOOR3XWXU4,0
CUST_ZPBDZ6FZ1O,0
CUST_OS8YY0TGJE,0
CUST_LW8XXXNUNK,0
CUST_HJP8XX25H8,0
CUST_M5EENBB6Y3,0
CUST_XEX7EUM7BS,0
CUST_CX1K10K12J,0
CUST_IGHK0MHJ79,0
CUST_O2Y2F9ISBA,0
CUST_ZOJBUXGOU5,0
CUST_MNV5TGBY7V,0
CUST_0JOEUNWO4J,0
CUST_ON086BGAAU,0
CUST_QEJLHHVZ4S,0
CUST_ZQFKDUUP99,0
CUST_IYG5T1M700,0
CUST_A4TYE05DCL,0
CUST_JZDJAS6HN6,0
CUST_CVPF1UJA7N,0
CUST_WLR8N0SEPG,0
CUST_HESXAD0N2X,0
CUST_CY2C0NG77A,0
CUST_BV74DVEU27,0
CUST_1NKSWAVCGA,0
CUST_YV3C1NC5YU,0
CUST_OWPJPQ49SO,0
CUST_PVMEVYUBII,0
CUST_AI9JXROX6G,0
CUST_CMZBPTJ1C0,0
CUST_AM5QRSRRYU,0
CUST_NA6T9GQE0T,0
CUST_NSXYJUN4I6,0
CUST_I6TA7ZDHFM,0
CUST_9EFHW0L3R7,0
CUST_RTL20MSL17,0
CUST_2H104QIIOI,0
CUST_KK3KKBJ7XH,0
CUST_XPD9HL19CG,0
CUST_FJMYPEN2PA,0
CUST_N1JHXERX7C,0
CUST_VAQ919VC1U,0
CUST_HH08NDU7C6,0
CUST_BOD4GELPYG,0
CUST_RH8QFA825A,0
CUST_QS89WA8G3S,0
CUST_SY5SUHDBA0,0
CUST_OF581TZ6QQ,0
CUST_RSABY429Y5,0
CUST_Z9EM4ZIXE6,0
CUST_GHHCM402TG,0
CUST_2OUNWJN28M,0
CUST_8TKG36I7EV,0
CUST_HYRA60Q8DF,0
CUST_VPR55HR7T0,0
CUST_6KVE41ZHRX,0
CUST_MRGWRXJOGN,0
CUST_4OPVSBGB59,0
CUST_8M8I89H66F,0
CUST_D0PPD9243V,0
CUST_6H545999C4,0
CUST_C5YVW0CRTU,0
CUST_H9KGR1G8RH,0
CUST_NQLX0F2EDM,0
CUST_JCDOH6S0OI,0
CUST_DCX1O6MSMH,0
CUST_IP45JCHN4R,0
CUST_LET6WTE7U2,0
CUST_R3QZH82GPP,0
CUST_L4UW0CG17J,0
CUST_E0ZJLDSLET,0
CUST_9O7YRV5YYX,0
CUST_CZ9PZ8JLCO,0
CUST_88XDOCJR6W,0
CUST_QYQMBD5KF8,0
CUST_X8SAOP0YKK,0
CUST_7KKXO62H2I,0
CUST_BDU61J1EV8,0
CUST_9N506IV1ZZ,0
CUST_WKGO15R5QP,0
CUST_HBIXR5O7PN,0
CUST_J8VNUZV50K,0
CUST_Y1SOKOEZDC,0
CUST_M4MU63TVGQ,0
CUST_9FTPSIVGOB,0
CUST_ONNPOOINQ6,0
CUST_8SKAE7C5PC,0
CUST_95MP90M11J,0
CUST_KM0P5ALZQJ,0
CUST_VXBZ6QBEAA,0
CUST_M9VXFCM06W,0
CUST_YP4JLYI92N,0
CUST_TSLFUWK54J,0
CUST_VM63ZTRPWQ,0
CUST_91W1MSOS6C,0
CUST_UCH3JPPAP2,0
CUST_LJW0SSUKIA,0
CUST_HFTOPBNW65,0
CUST_09U9DFQA3X,0
CUST_K9H2Z4A5L3,0
CUST_JJRD6FDX3O,0
CUST_T8OCAS60JH,0
CUST_XT5AYWJAIZ,0
CUST_C9KK4I646T,0
CUST_RBTM9W9C0D,0
CUST_BBNUUYZ7HI,0
CUST_KIAFI2JXJN,0
CUST_WD9MM9UYJJ,0
CUST_VD7G6E1ZXU,0
CUST_GZZNQTR7RN,0
CUST_S5ENFVAJXJ,0
CUST_QDPNCBEANR,0
CUST_PEGQ3S5AGJ,0
CUST_UDTWHCVM37,0
CUST_1W4IV3E79M,0
CUST_UC2FI8EU5C,0
CUST_ETGHYDF471,0
CUST_NBV5DSMKFT,0
CUST_UKQNXGGD79,0
CUST_FKT65S7NMC,0
CUST_GQCZX9QB3O,0
CUST_IXP917J8NO,0
CUST_TR06NG1A59,0
CUST_HMSWH8ILC8,0
CUST_MRC6T95QGQ,0
CUST_6CYGA7C3K4,0
CUST_4CZHYK3E9E,0
CUST_97844DGE4O,0
CUST_LOI6JSR3DJ,0
CUST_KGPLWIJG5X,0
CUST_DL7S3D23K6,0
CUST_090FKHF3SB,0
CUST_KKOGRBLMNP,0
CUST_GIBPW7F0JH,0
CUST_XD0MQ4LIFZ,0
CUST_9V9P951Q0H,0
CUST_QX1HX90Q0A,0
CUST_CLBI5DI9JG,0
CUST_7VBMRLWT2O,0
CUST_6F0RS2OMIV,0
CUST_YF1JZEQMNT,0
CUST_0DQXFGEP12,0
CUST_MQ6YDLH18H,0
CUST_SDBOZD1WUF,0
CUST_E3BBJX2A1G,0
CUST_EDIIBIUNYH,0
CUST_FJ39M9W78Y,0
CUST_LH2QA7BDMI,0
CUST_GYV3B51JQ4,0
CUST_JTL7XWC3PM,0
CUST_1V08BGBXZ6,0
CUST_KPQK48HXEF,0
CUST_QWNMUYJFMK,0
CUST_CM8YG700IJ,0
CUST_VYTRHD0VZS,0
CUST_IDOHX5D3BM,0
CUST_BS64IDGDEX,0
CUST_ZQCXYTZGTH,0
CUST_O1WXD0BN1H,0
CUST_5XAD0CXUBA,0
CUST_25E5COSBLA,0
CUST_1UA4HHLN6H,0
CUST_LQ01F88GZW,0
CUST_MBQK7GLUK3,0
CUST_JL157WGYUB,0
CUST_X9990HX7OM,0
CUST_GC9H57WJYQ,0
CUST_WRSVRW8B9N,0
CUST_I3JKCLTGH2,0
CUST_VNQK4MC1BX,0
CUST_38DA91UL4C,0
CUST_0Y6TJCEVC4,0
CUST_IDY7VTVVNN,0
CUST_IZAIDRTPYE,0
CUST_B5RQO1S58Z,0
CUST_RK2VXIJLV0,0
CUST_9E0N81B7L7,0
CUST_578N3KSBEE,0
CUST_10YD94XT1A,0
CUST_YYPFXBXL91,0
CUST_QWBOL7PBV6,0
CUST_HMEAODB4QT,0
CUST_5ZSXJY1V1E,0
CUST_67DIBSNCC5,0
CUST_JCAMG60H94,0
CUST_VWOMR3GNC5,0
CUST_673BFURA6I,0
CUST_IE1TQXF3PK,0
CUST_ZGHR7CT7PB,0
CUST_SNJX52IB4Q,0
CUST_69KFNBV5H2,0
CUST_KY97HW9NE6,0
CUST_07CM06QILL,0
CUST_C6K6DNYWO8,0
CUST_FZDQ0G9JXG,0
CUST_FYC1NQ2X2N,0
CUST_2EACTGR4VJ,0
CUST_HECA7PGANF,0
CUST_2Y2MGE8OZD,0
CUST_WYG4OUBC97,0
CUST_V02D9D3MOM,0
CUST_41UJ9QNL9O,0
CUST_9OT66Z2DG1,0
CUST_7FN3K9JG04,0
CUST_M2UNPTV05N,0
CUST_W33Y2N1LH1,0
CUST_EW11HAK20H,0
CUST_L14QCSYNZB,0
CUST_1P8WHZY3OA,0
CUST_SW5QSVYBHQ,0
CUST_N1YT88AUWV,0
CUST_Q83NAHEBDT,0
CUST_9JWIRGJM21,0
CUST_7SK2QJF898,0
CUST_BUC5VT9S6D,0
CUST_QZLJGOL27X,0
CUST_MS18TD0PSL,0
CUST_NYJYN3GVFV,0
CUST_HNUALE2RCY,0
CUST_Z5N0Y4OYRK,0
CUST_72GVU7WXKN,0
CUST_WG47HX378X,0
CUST_JQE9DFVF0E,0
CUST_GB58FRH1DO,0
CUST_EC6FLNZ638,0
CUST_O4D7GHB51G,0
CUST_2I2JGKJ5RQ,0
CUST_C6PKSXWJ9H,0
CUST_KKX5AAAR0X,0
CUST_8DSWJCGC1S,0
CUST_RTKAXGXUB3,0
CUST_BGJZNOGSYX,0
CUST_BAY12MB22F,0
CUST_YJKHCRTDKY,0
CUST_XOQJ8660X8,0
CUST_093AQ43LQH,0
CUST_QAHQP2CG8X,0
CUST_6J2KB7LX8J,0
CUST_Q25RQLCRUQ,0
CUST_J9U53DRCHK,0
CUST_S6BSMZVAKM,0
CUST_STYPBTVQOL,0
CUST_0O6X2LF53H,0
CUST_4UXVZ3XWGC,0
CUST_XMO6ETTCYO,0
CUST_1UGWQASLNW,0
CUST_EK4LJAT618,0
CUST_JG82DCGCDN,0
CUST_Y5IAH99YHD,0
CUST_ZXY8HXQOGI,0
CUST_NJGS0IZL2M,0
CUST_F1TQWG9VUG,0
CUST_DMMZTY7X9D,0
CUST_G8B07E9WAY,0
CUST_T9PVQQ6XGT,0
CUST_FZNN6PEBWT,0
CUST_EIGQVH566X,0
CUST_K1IVIB75QJ,0
CUST_KT5UHUJXSK,0
CUST_RO5T3P41Z1,0
CUST_4OI3Z3VO14,0
CUST_DTQL39XUPA,0
CUST_0K0Q07MMUP,0
CUST_M4F5BQTJY5,0
CUST_DSRMVTXIEY,0
CUST_K80CO7XHB6,0
CUST_HDZDCV4ERU,0
CUST_WGURKWJEOP,0
CUST_ADIE81RDNU,0
CUST_0UGRAXLUEO,0
CUST_FO5ZXQ3XCZ,0
CUST_JQ195PW4WS,0
CUST_QJQSANZB1Z,0
CUST_J1BTZEYMZS,0
CUST_JKGNE485NE,0
CUST_55TQASYN24,0
CUST_VZRF7SENS8,0
CUST_OTVN46NQ58,0
CUST_4R0G9F5ZZK,0
CUST_FRE59V3EJ1,0
CUST_BW73WFTAFO,0
CUST_BZL2U5ZKIL,0
CUST_NPKYAK2NNQ,0
CUST_P9X797UHBN,0
CUST_7B51UIKLUU,0
CUST_P482TZJ8SY,0
CUST_5V4QA0AB08,0
CUST_6E4J3W7UWZ,0
CUST_6J47IAC08R,0
CUST_G25B5CSY24,0
CUST_1SARJ7W2ZX,0
CUST_YQ748HYV64,0
CUST_S101XFMAOC,0
CUST_UN0OZ2FU9X,0
CUST_GJAHJBTFF9,0
CUST_6FJ1K8UDA1,0
CUST_1ZQB3UKTTB,0
CUST_D6ACW3MX6A,0
CUST_8MMTCW1PT5,0
CUST_VOKMAK0QQE,0
CUST_ZCU544AESF,0
CUST_7F9PBYDTBG,0
CUST_DYQ1P3XD1S,0
CUST_5F09F2GJLB,0
CUST_0QF80YQ073,0
CUST_NCB9TH0T5K,0
CUST_OWF7WH03NG,0
CUST_TEFG59PLAA,0
CUST_PAYD5RXZTR,0
CUST_Y30F52AAT7,0
CUST_56HBR3OLZZ,0
CUST_DWF95OJJIC,0
CUST_1SV22RB88P,0
CUST_FF9809EG7C,0
CUST_ZINVV7JZOG,0
CUST_WJBKBU4BYD,0
CUST_NQH5OY4U6E,0
CUST_L6HKKAOS3S,0
CUST_HVCO7JUDHQ,0
CUST_LF0TDBYAEG,0
CUST_OX9PID2J6K,0
CUST_47RGNDUZPT,0
CUST_Z8SG3DB6MZ,0
CUST_D1JWGVDJM3,0
CUST_QWNOE3JBPO,0
CUST_8POF47Y8LB,0
CUST_KQBHZF60RD,0
CUST_J4MNOXTY45,0
CUST_2BD67OF644,0
CUST_G6OOFAF025,0
CUST_G0NJMURBEU,0
CUST_TRRVLRRP7V,0
CUST_7C0VPTYZFM,0
CUST_1YW8YI7SJY,0
CUST_RGPMW47U3W,0
CUST_OGF5MVDDK3,0
CUST_LMRWVEMM7Y,0
CUST_ZGDJ736TPC,0
CUST_9AU5VCI7A5,0
CUST_D4CHD6K2FC,0
CUST_8JBGIO60F2,0
CUST_T8VGBCZOOM,0
CUST_CS25TP6P9A,0
CUST_37H94W2PH9,0
CUST_6FKQG1CX9W,0
CUST_WFZET0P4KM,0
CUST_FPQYAO25QD,0
CUST_PE1RIMTCNL,0
CUST_KNVOKK51IC,0
CUST_5YHUB6Y3WV,0
CUST_Z1W5OKWRS7,0
CUST_G5T56WHYQ0,0
CUST_CT1KNQ1ONR,0
CUST_D2Z0QCWDMR,0
CUST_WV7WAM1MVA,0
CUST_WMKDXLYDU8,0
CUST_7LZ9PW6G9W,0
CUST_JV0UHEG7HT,0
CUST_PXALLEI1J2,0
CUST_F8EN1C7FIV,0
CUST_JI2HFOV3Y2,0
CUST_BK3WRDHQYS,0
CUST_F44K9SFCU4,0
CUST_IW5CVNUTZ7,0
CUST_JD1LNO5EZ3,0
CUST_6BIB7I37A7,0
CUST_9XXJRFZE2F,0
CUST_SR2IHKBV1S,0
CUST_VWOGE4OU80,0
CUST_FAC2SP093B,0
CUST_U0NXZDSRIM,0
CUST_72EYZIQA9C,0
CUST_TZF46FT91J,0
CUST_5K43PNMLQY,0
CUST_ITB2B2IBIE,0
CUST_LBRFPDBXEX,0
CUST_BMWEHHMC24,0
CUST_G3TOT1E5A7,0
CUST_C00QIW4AS6,0
CUST_K9UNVB0BWO,0
CUST_ZYV6I6ZKMR,0
CUST_HRF2JNL7X4,0
CUST_OV6TU0L83A,0
CUST_K2FKFXE82E,0
CUST_V9O15FZ6TG,0
CUST_N6OLRBGE70,0
CUST_H57SCNRU1G,0
CUST_B29P0XWL84,0
CUST_UTSHX9FKNN,0
CUST_455XJP660N,0
CUST_JY3C9G4HLO,0
CUST_6HTWHRD96V,0
CUST_5VF1JCDYO9,0
CUST_9HS4WM3T3Q,0
CUST_0MWA4V4R8I,0
CUST_36MNLYAEDG,0
CUST_YUYNO75J5W,0
CUST_H1E0RE6TWW,0
CUST_H8TIIL2VHU,0
CUST_CHIYLJDMPU,0
CUST_6GPBKD8HD8,0
CUST_FMX1FXTSN3,0
CUST_1ZLGEUX4VZ,0
CUST_CL4PLXLN4N,0
CUST_XW8D2ZO5FK,0
CUST_ZUBYN61COG,0
CUST_ACZVS6LYAN,0
CUST_T3F94LS2HB,0
CUST_SJZQTC8TLE,0
CUST_IOHWXBPJ1T,0
CUST_VAX0DB2RF6,0
CUST_30S81RQHSC,0
CUST_N9JW4X2N60,0
CUST_6690ZZTNRK,0
CUST_ZGXU7NJ4RC,0
CUST_4D79LYS4LR,0
CUST_H3TZ94V2QF,0
CUST_7WRMG97FB5,0
CUST_V8PRSFY0E7,0
CUST_NQ54Q12HD5,0
CUST_RKV7Q2JJI4,0
CUST_8SHDRCTJQI,0
CUST_EW9OD06EBS,0
CUST_SVVIPVXZ19,0
CUST_XRDY1BR1W9,0
CUST_4J1SJGHMX1,0
CUST_VR3TXAVH1S,0
CUST_HNQTNK9IED,0
CUST_9496DUZ7ZO,0
CUST_ZV9DAWNVEK,0
CUST_B6ARC91XJI,0
CUST_NNHJQ6OTA3,0
CUST_R0FWWZ4JEO,0
CUST_21PGXT8LKV,0
CUST_LLNOUA02WO,0
CUST_HCDFH123BS,0
CUST_D0L9UG8JBI,0
CUST_ZRCUDYH2X6,0
CUST_N4L1F8EZND,0
CUST_1HZYP1OZET,0
CUST_AJCCS6PKHP,0
CUST_9MW3WAIF8Y,0
CUST_HNFQ2MXAZN,0
CUST_CTS9FDR3EN,0
CUST_Z5NAE998LP,0
CUST_BYIQJ3ZO8Z,0
CUST_Z580RCHS3Z,0
CUST_9N1DDT389C,0
CUST_3CMM7HIUKX,0
CUST_2C8DJSRSZ4,0
CUST_K1Q9VZVEH6,0
CUST_I5U85HJ20F,0
CUST_IBTHKHBSSX,0
CUST_XIMEJL9O7A,0
CUST_8SP84V7X2M,0
CUST_18DGTK16B4,0
CUST_AKN04U0GMU,0
CUST_O7OPYX44LH,0
CUST_X4A0YRLXUK,0
CUST_5EOOKCQW65,0
CUST_IAC8VEBKX0,0
CUST_4DYOVZUFKX,0
CUST_YUWLR5P64O,0
CUST_O3MMV2T1HT,0
CUST_A7Q8QCMTXQ,0
CUST_GN539U3NXC,0
CUST_41RPIKIL5E,0
CUST_REZHEX0Y8H,0
CUST_8PMWJJJ6ZW,0
CUST_OOP2SPTG9O,0
CUST_CD1HDJVAXM,0
CUST_GBT061XSLM,0
CUST_FX1B1DVIX0,0
CUST_O8GQ7YVNA9,0
CUST_561C9BS2TY,0
CUST_9DCS2UKCRX,0
CUST_5ZMIRIWB03,0
CUST_7E4ZBAKAAW,0
CUST_1WJQ028EFI,0
CUST_UN6B2RPTNG,0
CUST_RX53R3IW32,0
CUST_7SGVMB8MRM,0
CUST_LB1QQV5U8R,0
CUST_5MM0V9OYUS,0
CUST_GRCXZECVQ7,0
CUST_QVMVBDPRM3,0
CUST_MJZY2JRWR7,0
CUST_S7DPWCP1NV,0
CUST_WPO2UNSW37,0
CUST_463IZECGSK,0
CUST_7MCOVETXIB,0
CUST_EKOPBSIXPK,0
CUST_3DW29XQYWW,0
CUST_JZ65N9AWB0,0
CUST_4NEMXWCP2V,0
CUST_I4X999LRRI,0
CUST_SRF8HQ013I,0
CUST_FQPF37523X,0
CUST_R8LTH3EM6G,0
CUST_IASNM044MA,0
CUST_RE46E9DO27,0
CUST_A9ZBB84TLZ,0
CUST_U2Z65YCKI2,0
CUST_6NQKHMJNJZ,0
CUST_CTQMVN9QS1,0
CUST_ZP9102RJO2,0
CUST_E7Z1GH6EH0,0
CUST_VBOOKB6LVL,0
CUST_UIUQ4DWKCY,0
CUST_9MJLMUAXW5,0
CUST_MG0NDV5SEM,0
CUST_AOPSA5YLN0,0
CUST_IMS2F5PYKE,0
CUST_AD4P5YDKQN,0
CUST_ABUQMFYD4U,0
CUST_76OQ50A1DY,0
CUST_HAVYS2140X,0
CUST_UGXPS8I24B,0
CUST_5A2P5MAKGA,0
CUST_H056U1TD9R,0
CUST_QVMRZL2KN7,0
CUST_BQUSP0MBG3,0
CUST_YEUFK77IOL,0
CUST_JZ3UCR67ST,0
CUST_4T9IE9UJS5,0
CUST_VJBB4GU0QQ,0
CUST_C76HCWHGR7,0
CUST_AFDMFQAS96,0
CUST_6WJ2NIW5ED,0
CUST_RK2FJZZPOS,0
CUST_47EV4Q19QR,0
CUST_A4B3ANNQPX,0
CUST_QKH86R1FU3,0
CUST_3LV9Q2TB29,0
CUST_AV6R66WKPL,0
CUST_3HVYDS65L0,0
CUST_Q8ZEH8163W,0
CUST_889Z4OZD25,0
CUST_MO3MR034KO,0
CUST_ILNBYMEYDT,0
CUST_9K0T8HQDE9,0
CUST_FJS8ZVA1HZ,0
CUST_FB2QDDSHZR,0
CUST_YSG9KFWH6K,0
CUST_QI6BL2NXDD,0
CUST_H3G3EBKIWO,0
CUST_SQAXJ94P7K,0
CUST_3B85B3USGV,0
CUST_S7KJOQTJS0,0
CUST_U73GQ6HJC8,0
CUST_5ASKBJXHBP,0
CUST_ZTU5O67G94,0
CUST_C8A1B6XHKK,0
CUST_GZSLGRZF0W,0
CUST_EHJEH48S9U,0
CUST_6XBFIUWP4C,0
CUST_MWLBIS3UK0,0
CUST_0XWEFLOYAS,0
CUST_C6OAEKNIBW,0
CUST_THADACYD6T,0
CUST_MBGXHHB2GH,0
CUST_INGD8GCNCN,0
CUST_FR0PRD3BGC,0
CUST_6IGMP2HHYK,0
CUST_L9C62GIHL9,0
CUST_L43MD9WGSU,0
CUST_VGEWD3FESK,0
CUST_PQM95Q9WSA,0
CUST_BFABL3YMUR,0
CUST_0DHBCKYB13,0
CUST_4MEY67LW4K,0
CUST_POEGPLLRQ2,0
CUST_UTIS0YFXCL,0
CUST_Y33DUIM2A5,0
CUST_OV9GAML9IW,0
CUST_PWUZYBZDT2,0
CUST_1TU4XECGMC,0
CUST_QK04R9PS1H,0
CUST_WAX30UIUGH,0
CUST_MUPPGIMG8V,0
CUST_1I8G5X3ZJV,0
CUST_696Z23X7K4,0
CUST_RR3LHTK2G4,0
CUST_ZIDIO72QXQ,0
CUST_8AM1YRJ2JL,0
CUST_NKPNQJZ7VR,0
CUST_4N6HSEUCAZ,0
CUST_1LV027S2E5,0
CUST_HZTHFMDM2D,0
CUST_0F6EDV2PDF,0
CUST_O0Z9AADJSC,0
CUST_1MQEUCNVM5,0
CUST_NIEIVV2AB2,0
CUST_G3WS1THQS1,0
CUST_35AV1ADG8E,0
CUST_BGJDC8CWP5,0
CUST_VEKM3IOMCM,0
CUST_2UQ7VMNPS8,0
CUST_T9VAAIUF7X,0
CUST_GWEMNPD3X7,0
CUST_GZ86HV6W1Q,0
CUST_760QW7IXW5,0
CUST_Z5VD27GSI7,0
CUST_BABUBMHJE5,0
CUST_P8UQNOUV3Z,0
CUST_M0AJLNOFXZ,0
CUST_Z3ON4Q05PT,0
CUST_9N0XSPE3XS,0
CUST_IUH8Q61QCF,0
CUST_ST2I8O8V5F,0
CUST_1BH7XMKC8X,0
CUST_WJAP4CEPX8,0
CUST_GKVJRYQMOD,0
CUST_Y9CZ2JFTX1,0
CUST_LMT1Q004H7,0
CUST_NBHYYCZ22Q,0
CUST_22K51YDJY6,0
CUST_30BSGVLSSG,0
CUST_T7JOJ9FQ7T,0
CUST_XPMJ6E20R5,0
CUST_6E0OI6I8IK,0
CUST_FZLYBSUM2I,0
CUST_WUECV5B6BC,0
CUST_YJYY9ZFYBE,0
CUST_868DFBROH2,0
CUST_L7V3C82MA1,0
CUST_6PHWCFUY7V,0
CUST_8SVPC7TJN8,0
CUST_1P2J8SJDTQ,0
CUST_VD3UX6BZ4G,0
CUST_ULBFK88A1Q,0
CUST_GE4Z3AX978,0
CUST_IUKUESI53Q,0
CUST_YK3UXJ3P66,0
CUST_SP3XSIJ5A2,0
CUST_K2XYXTGOXZ,0
CUST_BP72IBEM48,0
CUST_P94036YMGC,0
CUST_5S5B7RO8W6,0
CUST_NO4PQ43OQR,0
CUST_9BQ9QDP019,0
CUST_5LY25HVNSS,0
CUST_L72WLFCNKL,0
CUST_O9940CFK0W,0
CUST_PUIABB4Q6O,0
CUST_F0154E37TL,0
CUST_OWS3AT78DL,0
CUST_28EA5ZQI7C,0
CUST_H2CX20CA98,0
CUST_8AM6OPOIQS,0
CUST_F98ATPBO50,0
CUST_B28U8FNWNF,0
CUST_G57TYM86MX,0
CUST_YFB2SD46UE,0
CUST_5QU61UPWGQ,0
CUST_2QCFMBRYXL,0
CUST_BNYAGPU5XA,0
CUST_AY6KW1G86J,0
CUST_GXB83GVHN8,0
CUST_9ZX2CVGIHW,0
CUST_A4GTMZ28NQ,0
CUST_E2CNXEBW2S,0
CUST_QFQZ7AGTJP,0
CUST_PAZACSHOTK,0
CUST_6ZBUUOVE6A,0
CUST_LVRIT8D7MX,0
CUST_O5ANBRSUYK,0
CUST_8EHKPPM7JV,0
CUST_MOCF1OLWCB,0
CUST_TIDPT6FONC,0
CUST_498BSIYBUF,0
CUST_27QOPFKNPL,0
CUST_Q4HVRFZVMH,0
CUST_ED4TQW4ZAM,0
CUST_STMP3BT5X4,0
CUST_8JXWGSW1TL,0
CUST_HBTLED8P9K,0
CUST_XUPWTTEWEP,0
CUST_4NAY2CUO8J,0
CUST_H51ENP77TR,0
CUST_9JIDAHT4QU,0
CUST_SJVQZ5NZKW,0
CUST_WMIDHPW2LS,0
CUST_JG0BCHU1U7,0
CUST_Q8KTOG2TGY,0
CUST_5WTKITZ9I6,0
CUST_F0NVU8DTSJ,0
CUST_4LHLZUHDIB,0
CUST_5I7JE4ALW9,0
CUST_GGWRSOO2WG,0
CUST_4VAGA1ZYLJ,0
CUST_NOG90QLI4O,0
CUST_YAX7QJMNQO,0
CUST_1SJ9VHNOUE,0
CUST_DFC6T4KSLH,0
CUST_CX19PS450B,0
CUST_4H5O6MBGP9,0
CUST_JE0SZ5WVL1,0
CUST_EJ4KGAN4KP,0
CUST_7DP8DPB56A,0
CUST_94D0ADGRU7,0
CUST_LYASUXCVG9,0
CUST_UWI9G7BWBE,0
CUST_IJER8H11DT,0
CUST_TO4ZT5D8QK,0
CUST_HPKOY3TUK0,0
CUST_5F3PSXK6GS,0
CUST_AYBE5XCR5Z,0
CUST_KIO4UVHTVX,0
CUST_6G9GGC7ZYV,0
CUST_3I09I2OM90,0
CUST_GQRMW5BMER,0
CUST_WOJHJR7IEO,0
CUST_97XAEXF6US,0
CUST_QHQZBDH5UF,0
CUST_HTP3ES16W7,0
CUST_0MMNGJ7MQH,0
CUST_B7ITZKR22R,0
CUST_WLFCR41S7Z,0
CUST_W806YHIUBI,0
CUST_34BL6QC5JI,0
CUST_NKXDRKS2QP,0
CUST_FVVE23JDWD,0
CUST_ML90TYHA78,0
CUST_3RD6KJSAIX,0
CUST_DY6MAZIHQ3,0
CUST_FRT9S1M0JX,0
CUST_JVE0EE07ZN,0
CUST_3ITXOQHBJP,0
CUST_SCX85O4A8J,0
CUST_9ICI962T7D,0
CUST_H7DV9UU5IU,0
CUST_OV1OYRQLPA,0
CUST_U2TH0RI4K1,0
CUST_OK8B1RTOEG,0
CUST_CB6VLQYC96,0
CUST_8BM8GYXNZJ,0
CUST_F2S7BIOGXZ,0
CUST_U5HG3BHROE,0
CUST_CGY67JDISA,0
CUST_42QWIBSIKR,0
CUST_APQIVJDJ6K,0
CUST_XCUY8R54M9,0
CUST_1J6AZN2BFL,0
CUST_WS6YFTKV7E,0
CUST_U5G5U3FV78,0
CUST_YJ4PV9DA9J,0
CUST_AGTXRJSDQT,0
CUST_RZCA2XPWTA,0
CUST_LPD9FKNSXV,0
CUST_RALFF70SAO,0
CUST_UQHJH01J0A,0
CUST_VKQFIIANNL,0
CUST_T1UVDUICN8,0
CUST_CXR4ZHY4AW,0
CUST_4X50079E79,0
CUST_EYV6YVEL1U,0
CUST_AETIG9XAT5,0
CUST_EAW5BTZ082,0
CUST_LCRA6VTJHZ,0
CUST_B9IEOVOPHR,0
CUST_8M06IMMM7U,0
CUST_GSHSY1UAW1,0
CUST_OURI0T9XDE,0
CUST_CH7ALICIA5,0
CUST_CDX3P26JVQ,0
CUST_55DBTA3TSZ,0
CUST_HYYY17BYP1,0
CUST_H0KBH4OW0H,0
CUST_0TN9C9OMKG,0
CUST_14MC2TENVU,0
CUST_BX3OTA6TY6,0
CUST_XGGOPP9U75,0
CUST_S3F66LNOX1,0
CUST_6PJTBH9JSW,0
CUST_8ZM64S51RQ,0
CUST_OQTC9LTAG5,0
CUST_U5MPPK431T,0
CUST_F3SB94SPDH,0
CUST_IAARYXPZGW,0
CUST_LQZ6FRP3RZ,0
CUST_YF7H5K7277,0
CUST_4S8HRDRDBE,0
CUST_S8L7H269F6,0
CUST_LPH5QAV23A,0
CUST_5KHT75J7E3,0
CUST_5EPK6PC766,0
CUST_CT0CPZCTB8,0
CUST_U6N5T2HN3Q,0
CUST_QU881J8781,0
CUST_0K2FK8KZ4X,0
CUST_0IDXLCTX2T,0
CUST_4BUM56U0W2,0
CUST_YUIKNA4T27,0
CUST_768X9AP3NS,0
CUST_V9IS8LV4H2,0
CUST_31XQG4CNNB,0
CUST_D8JVKATBKN,0
CUST_45ZCJE19XE,0
CUST_3X3DA0H8HR,0
CUST_3JNM0TX61Q,0
CUST_8FMZQ14QGX,0
CUST_XFMBLLV4X7,0
CUST_C03KSGXVM7,0
CUST_6N53DEFNCW,0
CUST_4C6AZ4VOJV,0
CUST_YAB2QB8I5F,0
CUST_R8XH50KFZC,0
CUST_X2W426B5FI,0
CUST_WJG7937D1Z,0
CUST_HN7WPQ5RAS,0
CUST_Z76068ZAZZ,0
CUST_OVQB7FGCFQ,0
CUST_6QB6JGP5F7,0
CUST_JMURSTE7QI,0
CUST_IPLL0YNQT9,0
CUST_ZQWLAV9FR1,0
CUST_XRFBK33REL,0
CUST_Z4SO29A8TJ,0
CUST_GU0EJ4VIU9,0
CUST_29JD96WBF6,0
CUST_36OBY77RU8,0
CUST_6LODYXPVCQ,0
CUST_5DHZSA9CGD,0
CUST_XSEAHCF7KK,0
CUST_UOI9XU4J43,0
CUST_4OM693EIKZ,0
CUST_F6QI8PLAZR,0
CUST_1M01JTF60L,0
CUST_W2HERDEJSU,0
CUST_WKKIY9ZJ0I,0
CUST_U67EYXQZ7Q,0
CUST_EXADOOR1T6,0
CUST_ORP4KW4ZDK,0
CUST_S18CUTNQS7,0
CUST_SPPG5PTD60,0
CUST_SYMQXTHV00,0
CUST_4LVK8LIDZD,0
CUST_32WSFFERRX,0
CUST_E1NF6M0CAB,0
CUST_IPEZ8YF21G,0
CUST_ODQ76OAHRB,0
CUST_RIV0O3UHQA,0
CUST_CE5A5G6IK6,0
CUST_APEA9SI6WR,0
CUST_8II54HWAMI,0
CUST_5DDQIICVSS,0
CUST_TM9TKDR1SJ,0
CUST_P0RXUUTORW,0
CUST_0MTUINVF2V,0
CUST_LYHCI43844,0
CUST_W0LEWRJB1Q,0
CUST_H8Q97GCTCK,0
CUST_E83X68KGEQ,0
CUST_IAHO4KZ8CV,0
CUST_9IQ31LBF8V,0
CUST_LNSHCAFH9P,0
CUST_ZDKAXXH2VD,0
CUST_PBSJS233TF,0
CUST_UL0TDIQ56Y,0
CUST_KGYPA6B977,0
CUST_V26WNYC0V8,0
CUST_PYK2GGL8C4,0
CUST_SMVV8C9R9E,0
CUST_7K7YN6RII1,0
CUST_U9HBKGSBKN,0
CUST_VQN1XZQ5VX,0
CUST_2Q72D0LPJ1,0
CUST_COFY19BGE3,0
CUST_HXSYX71UO0,0
CUST_E80T9WKAW0,0
CUST_ST6UYJ6JYE,0
CUST_A8NCZ9QMIF,0
CUST_GC6HD4EL7U,0
CUST_HHBJC5W4WP,0
CUST_N5UY8FJNNJ,0
CUST_AXEY2AD9JQ,0
CUST_RVC4CRZ9Y5,0
CUST_AXYTQQXL4Y,0
CUST_BJ6OK1VW9X,0
CUST_IJQBYN7554,0
CUST_FQFJJH20HE,0
CUST_RYQ2EUZ5HW,0
CUST_JDSP7DVS7D,0
CUST_ZFVYYD2KTS,0
CUST_13ZS48DYGW,0
CUST_78951YT27B,0
CUST_Q6FIK4CBJG,0
CUST_QW6N19NX55,0
CUST_K4UIZAZ7D6,0
CUST_JA8WPQO8BO,0
CUST_YARBI7KHYI,0
CUST_BFH503B6PR,0
CUST_8QWPZFKTFO,0
CUST_9LX3AWVC96,0
CUST_PCC2FHGAHK,0
CUST_DU3OMZIJU0,0
CUST_KTUJ5UFLTG,0
CUST_VI9EMEVFIK,0
CUST_QSBHVID362,0
CUST_P3HAXKZQF2,0
CUST_017KXFC2F1,0
CUST_U5LM45X6F0,0
CUST_GUHDR9BIYR,0
CUST_FKKDT7WAXT,0
CUST_2R5A8IVS68,0
CUST_9QJA4VWX2W,0
CUST_JP5MFD5G0M,0
CUST_3A9C3MFMA7,0
CUST_7MD4EH144N,0
CUST_DFYFTOMUFN,0
CUST_RZEDPYAAPV,0
CUST_89L7GP0G4W,0
CUST_8TM0WEXU1Y,0
CUST_VQODLCL3AC,0
CUST_W875OO5KQI,0
CUST_U3YEFU8X6O,0
CUST_5NZVP2HJDF,0
CUST_1D2MDXUY4M,0
CUST_NG6XN0VEN8,0
CUST_RNUKMNJWQW,0
CUST_38FE4QVU0V,0
CUST_13Z12AWBQ2,0
CUST_NSEOE01TU4,0
CUST_MILDTY79SL,0
CUST_OJ0L5SW6XG,0
CUST_PBS6Y1YBLR,0
CUST_GB73RYZIQ8,0
CUST_XNACM5D299,0
CUST_3Y2QZXMGCZ,0
CUST_U6DDQ5WB7S,0
CUST_B7VQ1H0SEL,0
CUST_81TUTELDOP,0
CUST_P9GQN6AIIC,0
CUST_68BUTHYNBC,0
CUST_ZKGQ7ZHFCZ,0
CUST_8OCEQT3UJP,0
CUST_2PEJC8HGBY,0
CUST_6RU2GGG95E,0
CUST_DK57NQ9QJY,0
CUST_5VSSTKG9Q4,0
CUST_LS9SNM636E,0
CUST_FCYNKOASQM,0
CUST_YWXAHLBUUA,0
CUST_I9U9WRICFB,0
CUST_CIOW55APDT,0
CUST_ZXV2J3Z72P,0
CUST_SOWR4MCNW6,0
CUST_7134YBTXDG,0
CUST_WK0F7PDPJ4,0
CUST_VJ1MSVDV0B,0
CUST_9JU5DZ3Y94,0
CUST_K3BZKRHWX7,0
CUST_IU0NGUT6WD,0
CUST_5DXGBBMEHY,0
CUST_0EJ3XCOKN9,0
CUST_Z2G28G7IAB,0
CUST_2VOXK1UNZQ,0
CUST_SA2YHA9WE8,0
CUST_0E0M554LUD,0
CUST_DHOV60VTYB,0
CUST_0ZK6SA6AHO,0
CUST_CW97BYPRBC,0
CUST_X91CX2GH7P,0
CUST_UTZLGYNTOV,0
CUST_YJ5SGMADSL,0
CUST_PY4KE48ZKA,0
CUST_0B5RLD2P8J,0
CUST_J66NSAGT0K,0
CUST_IJ8UOYV2Q7,0
CUST_7NUIIT0MDS,0
CUST_3VTCXSUGAY,0
CUST_W97N6J0NFH,0
CUST_CE0IVEIFN7,0
CUST_RETNEPCOAD,0
CUST_QNV9ZSC2GT,0
CUST_T6NRSA7GGQ,0
CUST_T8JQ4DBYC9,0
CUST_7TX3LPHDE9,0
CUST_DHTNSHAJNX,0
CUST_81KDKZWJFL,0
CUST_IJYLS9QVAX,0
CUST_DEQPN5PM01,0
CUST_G0KSWPKTS4,0
CUST_WAUW8C4EFD,0
CUST_SLU33UWLW7,0
CUST_NZHY4L579H,0
CUST_LABCPB1BF9,0
CUST_JUTX1V9ESX,0
CUST_5ZWO9OIPYL,0
CUST_6LN524NKDM,0
CUST_A1JS0P1KGY,0
CUST_J5TXPS40GX,0
CUST_09NAYV6IQ0,0
CUST_NDL6LBZ0AA,0
CUST_0VQUOEOP2T,0
CUST_ECIGOHC4GE,0
CUST_PCJU993V71,0
CUST_IZMK5L6XT1,0
CUST_QIWB908I2R,0
CUST_EL45DADF04,0
CUST_QZM4DXG9M1,0
CUST_9GFHBUZUQ9,0
CUST_IMRFZFWXT8,0
CUST_YFQ041EMXJ,0
CUST_B4RPO1D5FD,0
CUST_58YF7E6XNJ,0
CUST_4YMRFFKI8H,0
CUST_UDEMGXYWYT,0
CUST_COTVDZ6631,0
CUST_SDX2X2GQ2U,0
CUST_BE79OFF7EL,0
CUST_2R9BNOZ337,0
CUST_Q7E8TS4YYD,0
CUST_5N2F7ZZIGO,0
CUST_0EN2K61ZNM,0
CUST_DQEV79T4NX,0
CUST_5BBQUK5DOV,0
CUST_5G67BNAH36,0
CUST_WIJOWXO6FS,0
CUST_P7WDD91BJW,0
CUST_S6JNNILPC2,0
CUST_3KPQHMRF2D,0
CUST_GIH962A1JG,0
CUST_HBH1LSFD09,0
CUST_SRFBLZNAA2,0
CUST_IDSIBXW4DY,0
CUST_98THMKTJR9,0
CUST_3EOP46U4PO,0
CUST_GPAPQW9F7Q,0
CUST_F2C2A6I2WH,0
CUST_GR3ND8QL1N,0
CUST_082EDRBLNP,0
CUST_LEQPWJS3D8,0
CUST_H5DXZGJCZ6,0
CUST_Q4VWEHEBNM,0
CUST_E8CEM44X04,0
CUST_0U9OGNBYXH,0
CUST_5CQVC1U5WU,0
CUST_FKYENR200H,0
CUST_LUQL82IMPR,0
CUST_B5CP6TKL74,0
CUST_HX0SSR8LB7,0
CUST_IUF7F7109T,0
CUST_LT0BM1J2F9,0
CUST_I7NU674MSQ,0
CUST_40T2B0F3G0,0
CUST_H7RO63YM6E,0
CUST_YB4FHM3ZIJ,0
CUST_II6NGFJWVJ,0
CUST_WJG2JCA4BJ,0
CUST_F6KA5F1M62,0
CUST_G67UN05P2O,0
CUST_UD3UL9TBER,0
CUST_TEZEO5IKTF,0
CUST_SXMH7T0IRT,0
CUST_GL6RUCTFYG,0
CUST_PN36UCVCNC,0
CUST_JDE4V0DACP,0
CUST_3XRD6XA7U2,0
CUST_EJ3EMC61IM,0
CUST_XJDPHSZXTW,0
CUST_LWG7ZFJ2PI,0
CUST_KG4NL278RZ,0
CUST_VI61XZ75QF,0
CUST_DBVTCGGGYA,0
CUST_IK4KU08K74,0
CUST_8LRT3CYD4Q,0
CUST_PKKJHID93L,0
CUST_LJANYFEKXW,0
CUST_CRK3XHQLNQ,0
CUST_VAJGDOLTJQ,0
CUST_4JHBC3IZRP,0
CUST_UZ2GSYTV4W,0
CUST_9918WFGB82,0
CUST_D7N5VKMR6A,0
CUST_2PXGQP3U3S,0
CUST_EFS4V5QA92,0
CUST_AENVQZNN34,0
CUST_DQDSTYHAO7,0
CUST_STMUXB6Q09,0
CUST_29U4U33IUA,0
CUST_W8QWOB8OX5,0
CUST_X5SXDPSJ6T,0
CUST_P0KF5ULK95,0
CUST_R8OIK8UG8H,0
CUST_OIRAN0T9P8,0
CUST_AGOJO1IPPY,0
CUST_CD4DAP2Y2U,0
CUST_G3324U98RR,0
CUST_Y8T7PWQ6U0,0
CUST_IZIK3117OC,0
CUST_K0SDGJNG5D,0
CUST_DVPQDEVQFN,0
CUST_KXEK0F9AW6,0
CUST_C3QKFW0OOG,0
CUST_3R91GOU0IP,0
CUST_87PBGXV7ER,0
CUST_TMNTCF93M6,0
CUST_MK85CTP32Q,0
CUST_PJF2DMTB1C,0
CUST_NXKLT4N1RU,0
CUST_9H2ERAVJ1L,0
CUST_8UOIERIG5F,0
CUST_OQ3UDMRIPJ,0
CUST_KAFYJPLYGQ,0
CUST_AKS3KOUT29,0
CUST_HGM3P7RIJC,0
CUST_CQX5G050E5,0
CUST_XEIM7UUQT7,0
CUST_FROASWMEDX,0
CUST_HD8GRI3UUF,0
CUST_CJXXNE0M0Q,0
CUST_IF45BYOPJA,0
CUST_V0YZL9BV0E,0
CUST_FJITWU6GSZ,0
CUST_3E2S3NASWN,0
CUST_PAQPOUAW8S,0
CUST_L2EWLDFTZZ,0
CUST_2R75UVHTHX,0
CUST_D06S1X9WCV,0
CUST_J0GLYMIGLJ,0
CUST_TCRT9BAXS9,0
CUST_9KLZXB7GS5,0
CUST_R5G0T6LFLW,0
CUST_71XVOLM5DB,0
CUST_CN5WJR12EG,0
CUST_AL8GZIE7BM,0
CUST_J0T2KSOSYE,0
CUST_U8KQXK6MTS,0
CUST_91J245U3KA,0
CUST_4ZXN9WQ3M8,0
CUST_D38M2DBJP0,0
CUST_TFOCT86JA5,0
CUST_KVCOQMT7TT,0
CUST_1XELR5KI84,0
CUST_1RR1NFROL5,0
CUST_1T14R6FA5H,0
CUST_M7HHWZ6EE3,0
CUST_0FZYZP6POE,0
CUST_VSSGILYPHA,0
CUST_WG1O14I3FY,0
CUST_I65XSX8CYV,0
CUST_WX6IIGZT1T,0
CUST_DAT527NF26,0
CUST_OSH9GWF4DF,0
CUST_23VC95JTUR,0
CUST_4NID45XK0C,0
CUST_0JP158CY66,0
CUST_CRLXM08BHG,0
CUST_EIOMT60I0L,0
CUST_7BYKWBQB79,0
CUST_Y4YJ3WA1KE,0
CUST_7Z3R3A5O7I,0
CUST_IYQ8DY5A0J,0
CUST_YE64HTM6X3,0
CUST_709QKA5FGX,0
CUST_T148QFSY91,0
CUST_SOE6MPIQJ4,0
CUST_FCXGWGHX13,0
CUST_53R6VFZEVB,0
CUST_69IBUN1KL6,0
CUST_4F20IA4RE7,0
CUST_X84ENIOFZ2,0
CUST_JZF1PQXXZX,0
CUST_S7SIFJ54SF,0
CUST_B3KOAL9HFU,0
CUST_YZ9ML01B05,0
CUST_BB5B7XW49Y,0
CUST_ZYUHJYXADB,0
CUST_3BK3SSRQOR,0
CUST_3GML3GTKBG,0
CUST_TV0OBDN6K7,0
CUST_TVYLTHVT14,0
CUST_W1V56XEZT3,0
CUST_VFU9LCNOQT,0
CUST_7H502UPM0R,0
CUST_D9R7TBTXJ9,0
CUST_UCH9RGFPJO,0
CUST_1GNJ57DY0U,0
CUST_VTKB1V96RJ,0
CUST_25D4MBUGKH,0
CUST_PSP8E1MU5T,0
CUST_0NVT1QGESI,0
CUST_952NVJQ3M1,0
CUST_5UYQG3CN0N,0
CUST_L03H1ZAE38,0
CUST_DA2AXEUKXE,0
CUST_G0WE8709CL,0
CUST_57YEG7CI23,0
CUST_M90FFEEPV7,0
CUST_F000QBQGND,0
CUST_Z5DZ36Y676,0
CUST_9YLQKFL7MT,0
CUST_15T9EXLYZC,0
CUST_XQOY2QT9SC,0
CUST_32536SCYRO,0
CUST_DGSKXDX2W9,0
CUST_JDONHOMKZ1,0
CUST_SYEIO16SJA,0
CUST_JDT6U7XH5V,0
CUST_BWVEVWGL5I,0
CUST_BVBF48NDEI,0
CUST_A67CQE8EQV,0
CUST_923XGUC80J,0
CUST_J2ODMEJFYM,0
CUST_P3BHWXSZDJ,0
CUST_0AWEY2QDK5,0
CUST_AK3HV6O61T,0
CUST_0UE62FSIZH,0
CUST_4ME7VBSWHU,0
CUST_HDAVVB6AVU,0
CUST_ZZU8T9DYS8,0
CUST_9VPQG26W97,0
CUST_16F6CY650U,0
CUST_SCBCJPALHA,0
CUST_ZVZMBX0DV6,0
CUST_TD0U66YT2V,0
CUST_00CHEU5YPX,0
CUST_FIWTEW8618,0
CUST_8M88XUTQVR,0
CUST_9B6J2VPGWM,0
CUST_2PQ8PJF1AK,0
CUST_FY3BJSPQTE,0
CUST_QBJJ8U9G8C,0
CUST_0F4ILQJX5Q,0
CUST_MVEVIPCC4M,0
CUST_BR1IOKPHPY,0
CUST_8HTDA12PQH,0
CUST_Q6R2YLRWIR,0
CUST_756O357ADN,0
CUST_EVFW7RAQKF,0
CUST_PXN8Q25VNL,0
CUST_AG08R0SII1,0
CUST_V4VKRVCBJ1,0
CUST_047QFXW6OI,0
CUST_G2BNXQ24PC,0
CUST_Q5FD65877U,0
CUST_1JBNKTTAH6,0
CUST_ZQ1Q4UWVIO,0
CUST_WWVCJRYGT3,0
CUST_AB5PG4YKB6,0
CUST_V97NUK4II2,0
CUST_X1LXE4W0G0,0
CUST_KY0XJ2D9LP,0
CUST_BCJJZPSOLA,0
CUST_G9E9QZL746,0
CUST_7IOFXWAB7B,0
CUST_Y4EH96SXT4,0
CUST_B0Q1XWDZ3O,0
CUST_HNHWUKQB2B,0
CUST_UOX0JAVESC,0
CUST_4YC63EDVE8,0
CUST_J9G34HHD47,0
CUST_GD4SQK41T4,0
CUST_8L1UOV1LMR,0
CUST_0CWCDH2HFN,0
CUST_RNQ2OTJ8C3,0
CUST_WTE88BAFB7,0
CUST_RAUVUVSE9J,0
CUST_28YTPLOLJ6,0
CUST_P8AYQ8RDTD,0
CUST_XCFVCTLVNX,0
CUST_OAWREB25ZT,0
CUST_MZJKQZDI3T,0
CUST_M7E5RWYH6J,0
CUST_HLDFY8JCAM,0
CUST_K1SFX6P5GQ,0
CUST_5MY3Z9DWUR,0
CUST_R2J9I6Y6S6,0
CUST_0QV61WY9GZ,0
CUST_ILI4YKXTTS,0
CUST_8K52EN4NAE,0
CUST_G1WPAEI5FD,0
CUST_K4JDKB6WGQ,0
CUST_MJT4Q0RTEN,0
CUST_0QR6HIB28P,0
CUST_OKNWSCX69Y,0
CUST_WURUX1LGB6,0
CUST_630FXYTG5H,0
CUST_PV78QYCWYH,0
CUST_EFPZJM1WOJ,0
CUST_NLL9JCFA82,0
CUST_COVO68DIFW,0
CUST_4CE1BQTP98,0
CUST_EQ7R89SSY3,0
CUST_QRPH5QFMLM,0
CUST_05OR5HFMUA,0
CUST_328SFNRRCV,0
CUST_1E6VGTMU6Y,0
CUST_5BEHSI3YK7,0
CUST_BYWCXX1XZY,0
CUST_EKL5F6XE9S,0
CUST_8XBNPNJ2WZ,0
CUST_OBBU6FGWFQ,0
CUST_7GP2CKHEEF,0
CUST_7L0BFYHWA6,0
CUST_BJ7MQRPV44,0
CUST_9P75OR2PLS,0
CUST_UU2QV3YZ2I,0
CUST_1J67PKVE08,0
CUST_4EW4RSWBA4,0
CUST_MU9EQ14I9R,0
CUST_BEUAQERRF3,0
CUST_G4U5YI5RYU,0
CUST_AKARP5NHBW,0
CUST_5NBY29CAXH,0
CUST_XVKXQL5PRP,0
CUST_GXYDLOMLEB,0
CUST_C5FYWP12P1,0
CUST_Y1OIG1UNI9,0
CUST_W0URCU0Y52,0
CUST_0RSIKDRQFF,0
CUST_FD5OUJ5BUS,0
CUST_O7O7IPJ4V0,0
CUST_A8ZXXQDRIH,0
CUST_9OOSQR4TZC,0
CUST_98GMBBE4U0,0
CUST_QZLF5WCEBW,0
CUST_2QD4N3RBC3,0
CUST_13DNCA9MIJ,0
CUST_59NP4CLIOT,0
CUST_UXQPNYSG2D,0
CUST_OL3X43E8HK,0
CUST_C84THWQNY2,0
CUST_1NSYI26EPP,0
CUST_JYF67W9FK9,0
CUST_L2HELR4H89,0
CUST_SOETGV52TT,0
CUST_ZT5N7SAXM6,0
CUST_DTZNQY8KUE,0
CUST_YPCBYDDC1R,0
CUST_49194MVXNC,0
CUST_XYBNYWLW3S,0
CUST_TFRBFDQ3TZ,0
CUST_QZFQITYJ08,0
CUST_7V5VMW0Y8H,0
CUST_KFZMQSUATW,0
CUST_ZP1IZ67IU0,0
CUST_YMDZD08ZGU,0
CUST_Y8QSH2A47X,0
CUST_MVZTERO22J,0
CUST_PLLUM0TDCF,0
CUST_HO2PVAIPFV,0
CUST_42OSMQMX2E,0
CUST_Q3IO7JV0P4,0
CUST_8PXRH5WXNI,0
CUST_H6PZ9NZVD6,0
CUST_0KXALJR4KB,0
CUST_G0LAGZ45PP,0
CUST_M7B6TQSQS7,0
CUST_O2Y2DAH898,0
CUST_QFL1X5WOKV,0
CUST_0J783UM6HR,0
CUST_NRHM59USMW,0
CUST_4XGA37MYC9,0
CUST_4527RMP4MX,0
CUST_B29PHPB86S,0
CUST_5J2OOD2SJ1,0
CUST_TAOFG1LXX9,0
CUST_ZRNBJR8LX4,0
CUST_UBL1Y6ZH1F,0
CUST_G6KT9T442Q,0
CUST_VQLK2T186O,0
CUST_250ITUCX4R,0
CUST_9W6W2RAFPX,0
CUST_HKEBCYVAX5,0
CUST_9Z0YN8CYEV,0
CUST_OX8F676Y6Y,0
CUST_PC7VFNQFQ7,0
CUST_4YNFP6NWHY,0
CUST_4UQL2XEGQ1,0
CUST_0W2RFAF6NX,0
CUST_S6NGKT1RMQ,0
CUST_2A2BY6Z754,0
CUST_Q85Q1NPX11,0
CUST_JE886M40DS,0
CUST_RAB050I2MY,0
CUST_RSAUWF7WE9,0
CUST_MF0MSS0KM2,0
CUST_0SDWJ9NLR3,0
CUST_NOJGINO8BC,0
CUST_MMTKZCHJBT,0
CUST_6U7F6K36QU,0
CUST_MM5R787DC4,0
CUST_YTCSZXTIPC,0
CUST_3XHFDSNYD1,0
CUST_4UD17U1XH8,0
CUST_0YR7HKJTJY,0
CUST_V8S77HATHT,0
CUST_16GW92FHCK,0
CUST_7GL47BV6CD,0
CUST_HT83MCXXK7,0
CUST_664AO7IT34,0
CUST_WMQUIUKFUA,0
CUST_8XE437O2O3,0
CUST_WD3J5QV4OU,0
CUST_5UNO85NL2O,0
CUST_DCTEUXHZG0,0
CUST_OGSK0APFKD,0
CUST_3N2XWHBZXP,0
CUST_VFVV0ALVD6,0
CUST_BOPNFTXQAX,0
CUST_4SMUV686KC,0
CUST_8FSTENGFZ5,0
CUST_BW8WE2KCXG,0
CUST_N8PTX3HQVX,0
CUST_CDZX2KY8GV,0
CUST_LP38M8YYF0,0
CUST_4ZG0M84MFM,0
CUST_H3I93FBVDJ,0
CUST_2QMBEWG32A,0
CUST_XS22CLTGA7,0
CUST_AV9VYRW95Q,0
CUST_QK1PBPW1C6,0
CUST_KMJBDBGOY3,0
CUST_CFQNFKUSTH,0
CUST_5O0GSFZX8K,0
CUST_1OSE7W0DJX,0
CUST_IHMLSE0DSC,0
CUST_WLU4VLZRAA,0
CUST_P697V2KRYI,0
CUST_Z24O22UUO4,0
CUST_EPO4GC6WVE,0
CUST_IV0CC13XQO,0
CUST_C1DE01OK7W,0
CUST_BQLAWI7YKJ,0
CUST_GFTIDQBS3N,0
CUST_NXBKCNP5MF,0
CUST_HDSGXDW46U,0
CUST_8YAICXBCK2,0
CUST_A4T5D6VQQA,0
CUST_REOIISJDCW,0
CUST_KBP9V7V7UY,0
CUST_XENZVHDNNH,0
CUST_22S3JYXZCJ,0
CUST_CKQDT4QR6E,0
CUST_53ICSV3VOP,0
CUST_849X12Z5S9,0
CUST_69YTGTAWC3,0
CUST_P6XP21XFQH,0
CUST_0EOEPTJYLV,0
CUST_FD0KJ56Q5A,0
CUST_GEYCPE5TMF,0
CUST_3GOLT3CRA2,0
CUST_EE0Z332QYR,0
CUST_2WN83SW0C7,0
CUST_XYYFJHBNLJ,0
CUST_NXCSTPUOM7,0
CUST_ETN8KRXCZV,0
CUST_QY201COMOZ,0
CUST_1KLMJ5PRB7,0
CUST_TJ1UDC9GC0,0
CUST_OJK11GUDW4,0
CUST_LZWJB1STLG,0
CUST_JG6V4NVDI5,0
CUST_FA1YUCM204,0
CUST_82U2Y56CYC,0
CUST_M43MKORCE3,0
CUST_8BA4ST51UV,0
CUST_E6X8V3RJDE,0
CUST_4BZFTVCNZL,0
CUST_4KFXOOL03D,0
CUST_GBP7XRIQ6P,0
CUST_WJAHCZLMQ8,0
CUST_8CGGP1AGIH,0
CUST_JL97M26N94,0
CUST_LA3XBG965E,0
CUST_MG7GO2UUX6,0
CUST_NGW2GVYT9D,0
CUST_VBKW5RUJIP,0
CUST_DBY9511YZ7,0
CUST_546TBFWC8X,0
CUST_DNH9XNU1YG,0
CUST_UU7Y5Y0Y9Y,0
CUST_DYAG8T9FN3,0
CUST_NP8VZ7168R,0
CUST_HCLY117ZHN,0
CUST_TGTDB2SVFR,0
CUST_1FILGA3YTP,0
CUST_A6LQ1A5VKT,0
CUST_XT7WKBTC4I,0
CUST_PUXM7M614E,0
CUST_60AMSJF2B1,0
CUST_9KJK5ZP6EA,0
CUST_R6BNVYAAIY,0
CUST_GJ2ZPHN1ED,0
CUST_JTUG1T3C9K,0
CUST_88FXE8C9NZ,0
CUST_LEKJ6NKUVV,0
CUST_YQWD06SWP5,0
CUST_YO77IB6Z0N,0
CUST_OTKK4RK5TQ,0
CUST_KLZDJ09S6S,0
CUST_X1CFDTGQO0,0
CUST_EAEPWLIQ8E,0
CUST_1JNI6WKOQG,0
CUST_I80K6M87SI,0
CUST_5MXN9Z5LJW,0
CUST_EXCYQU8NAI,0
CUST_KU7OQEEURE,0
CUST_9PIT6E567J,0
CUST_QQ12AGLCVG,0
CUST_P63YEN7EC4,0
CUST_WRQSBD7FZK,0
CUST_O3OM24CSRM,0
CUST_F22GFOKUR1,0
CUST_V8X8ER5M0C,0
CUST_ERRFA7C46H,0
CUST_HTN4M9NNDB,0
CUST_KO3147D4TM,0
CUST_0G781S9199,0
CUST_YOPDXKI1N4,0
CUST_XHK6UE1VYL,0
CUST_JRKZTVIHO3,0
CUST_4LA3KOSRTT,0
CUST_FEMZR4644B,0
CUST_8AKPS7YQB5,0
CUST_0TPN56S9JP,0
CUST_RSUEEFKIR8,0
CUST_J06ZI53GM5,0
CUST_0OAZBX30ZH,0
CUST_247TWOGDKO,0
CUST_9Z7ALNKDHJ,0
CUST_YCBACT5EBW,0
CUST_3YFKY0J0KR,0
CUST_AAPW9S98XU,0
CUST_F1V48RM776,0
CUST_VY6MDWQMZY,0
CUST_PO0JYS0H9M,0
CUST_UKZKUIFD2V,0
CUST_9PQ6DH0EB0,0
CUST_6KYMRA8FDA,0
CUST_DX0F4MREKP,0
CUST_SLA3XNDXMJ,0
CUST_SS7H9T2S7A,0
CUST_8OXSCOTFY2,0
CUST_0HU14RDYXJ,0
CUST_0M7FNR7TYT,0
CUST_XN7S4BL249,0
CUST_V0CH53NWGZ,0
CUST_DNOAH8YK6A,0
CUST_O1HMXVQ9ML,0
CUST_MMHF6CJPWN,0
CUST_KS7DX8K3GI,0
CUST_U5BXWOR87S,0
CUST_RMOJLRCIII,0
CUST_91TNF7HYOD,0
CUST_AI29UIX1GN,0
CUST_7ZHZHO9JZJ,0
CUST_RQDMXH1NOC,0
CUST_FN94YUV8KD,0
CUST_EUCMV9D5F1,0
CUST_PPZ2T7Y2PW,0
CUST_DL4IR1EEP1,0
CUST_ICTVG8BL7A,0
CUST_B4E0J9AX27,0
CUST_YSKWUB970J,0
CUST_3D26PLV5CE,0
CUST_M897GIL14V,0
CUST_7CBANNYF5B,0
CUST_M559EP6L24,0
CUST_WV3XCYJM8V,0
CUST_T3LE5RD9HG,0
CUST_PZPVX0JW7J,0
CUST_D0LOJTY8JQ,0
CUST_G2DGRLYAGL,0
CUST_P3C6CTME1U,0
CUST_KG76NGABVB,0
CUST_NLR1UVVW1L,0
CUST_QI1EJ5IXVX,0
CUST_UW7C6RB8AH,0
CUST_YGXF3D87GC,0
CUST_26U8LPJAUM,0
CUST_7H1RBMRJLX,0
CUST_QXMK174Z6O,0
CUST_VGXH1Y0NSQ,0
CUST_MJ2T6ZX2EF,0
CUST_0N4LPGLU5X,0
CUST_RTOMXRGH21,0
CUST_KL2N4T1XJT,0
CUST_2TZL3CJEJQ,0
CUST_XWUAJV5LBW,0
CUST_Q7CQBWEUY8,0
CUST_JHZV92OB0Y,0
CUST_9XV48XI7L6,0
CUST_MG9VMJ8RA5,0
CUST_WFTPHYJUCK,0
CUST_P8PDYEH37D,0
CUST_YNQ4MN3Y5L,0
CUST_B6XE0QHISC,0
CUST_AM45VZBJ04,0
CUST_8AFI2TOBWE,0
CUST_5JBWNQOEWA,0
CUST_A7VSQ8BC30,0
CUST_98DK5IS82G,0
CUST_DW3VRFFKWT,0
CUST_LEGASVL6DM,0
CUST_VW8682FS5A,0
CUST_1FPMNGTRMX,0
CUST_NF8CN8NNU9,0
CUST_HGF0FMZEMM,0
CUST_EO2IEF35LW,0
CUST_9ZDIY1PMB9,0
CUST_O360E1X6WE,0
CUST_BROHX9EJPL,0
CUST_UF936P83XK,0
CUST_6RV4OYHPHB,0
CUST_V8772YZF86,0
CUST_7NP3AMQ5XK,0
CUST_N3AOF4OG8T,0
CUST_YT2ON500Z2,0
CUST_PMUGP9MKNC,0
CUST_HRD53JE2XU,0
CUST_8BZLOPIPB8,0
CUST_VPOKVGOAN9,0
CUST_XHS5B9B4CF,0
CUST_AK4FMGDKLS,0
CUST_QRBTNT3IA5,0
CUST_DAMEXLPX3D,0
CUST_JVO2NLKOFR,0
CUST_IIQZIYO3KO,0
CUST_86IZL8GTJC,0
CUST_H3W2BO7RY7,0
CUST_YFW2J5O9SA,0
CUST_5QOXK75KWZ,0
CUST_CM5Q6GGFKB,0
CUST_JDEOHQHOSO,0
CUST_UJRHT6S3AM,0
CUST_KA082HT20Y,0
CUST_SNINPPLPOQ,0
CUST_XRR7QJYIQH,0
CUST_UMAB3TZ65Y,0
CUST_2JGJRIJNCO,0
CUST_3HVJGEL1VM,0
CUST_T46OX9N8MO,0
CUST_N6M7TK2YGS,0
CUST_2Q8F9O9GO3,0
CUST_O5GIUVTWI8,0
CUST_BKJGPD41YI,0
CUST_S33M4IRK36,0
CUST_RMCHDH9L9H,0
CUST_F9HBLER528,0
CUST_Q3N3KKCBJV,0
CUST_GXEC7AA6VP,0
CUST_Y5YUA5N7IF,0
CUST_HU1146QI3X,0
CUST_BJQ6PB2CR1,0
CUST_CS5CG6Q7YC,0
CUST_CJC7ICIXKM,0
CUST_8PZ72893ZD,0
CUST_5QSFG5SIT6,0
CUST_80S3MSGZ95,0
CUST_ZCNADYKDUQ,0
CUST_CKDCQWIMXQ,0
CUST_6K5GKD7TDK,0
CUST_NHHOBG92QH,0
CUST_5KZOR7UUD8,0
CUST_14UBQMH5JT,0
CUST_DXF03Y2QYF,0
CUST_5Z7R3FMGOQ,0
CUST_EUUXM8VV2W,0
CUST_TDULBZQ6PD,0
CUST_IXPKVGI1Q0,0
CUST_SAA2XHBR14,0
CUST_VHSO0A1EGP,0
CUST_E7KKUXLJNC,0
CUST_WH6HNJ14I7,0
CUST_721CEI9MVM,0
CUST_WDK6NMICQO,0
CUST_04LPJB4Q01,0
CUST_4SYFZWG0R2,0
CUST_PLVUSLHZ0P,0
CUST_98V2FMUIJ8,0
CUST_L21RC666DV,0
CUST_NHVUZOFPDA,0
CUST_2O9VCL9ISI,0
CUST_EQKPM7DDI5,0
CUST_1QTECZ4B76,0
CUST_968JFUWB3A,0
CUST_DBVLZVA73D,0
CUST_HI6PWZOFSJ,0
CUST_TUXB5GNA45,0
CUST_APXAYCU0RW,0
CUST_015XWBW7KM,0
CUST_IO0LDHGDK0,0
CUST_DIYYKPXM8W,0
CUST_OQH3XCL4Z4,0
CUST_L9PJ95JUU8,0
CUST_KWXCF407LG,0
CUST_DRFCS3B6U9,0
CUST_BNG8LXVUVQ,0
CUST_SRSXKASLB0,0
CUST_JP9O1A224G,0
CUST_EMFG2KQ0CC,0
CUST_HKAJI0I5KD,0
CUST_9HCNLXGFFK,0
CUST_5YVH77Q78D,0
CUST_SFPHA9LYLI,0
CUST_SPL8EDRXVX,0
CUST_21IGVZSC89,0
CUST_8X2DBQD1RO,0
CUST_VMVS0POVDQ,0
CUST_I50N9TQ3P4,0
CUST_N2BXQ9Z1L1,0
CUST_WNE70PNGJX,0
CUST_BLCDD585XU,0
CUST_ZRY096PPEN,0
CUST_WPSAAH6IU5,0
CUST_RUOFYVNY4A,0
CUST_SFFZDP75FO,0
CUST_R1UVAQP5H5,0
CUST_PCB5VR49MB,0
CUST_AZ8QLBJSLI,0
CUST_YJGF8YZX0X,0
CUST_AMN5LKC0ZP,0
CUST_LN3ENUQBLG,0
CUST_BGC2UCL5ED,0
CUST_8ID2RWUBRI,0
CUST_AWFUC97YAD,0
CUST_NWOJ7VNQQJ,0
CUST_Y9OLBQID0I,0
CUST_EOIL8PSJ2Q,0
CUST_OXG5ZGHWUT,0
CUST_KV23NBKFNF,0
CUST_SGFVMS80LH,0
CUST_YK7S6TI3ST,0
CUST_YRZYJVTCK9,0
CUST_O3I7MATN3Q,0
CUST_WATZGL3040,0
CUST_S6OARI871C,0
CUST_23TBCUIPLP,0
CUST_JGEGQRFME4,0
CUST_J6O7UOHOBG,0
CUST_O2Q8MTHWLW,0
CUST_ED9TAA1XGJ,0
CUST_V7UHZ4V0BB,0
CUST_MKNNOFPS6A,0
CUST_A8LN4FRWN0,0
CUST_6HPG1YVLTX,0
CUST_5QV6YVDCD0,0
CUST_VFASJVGIYA,0
CUST_L5Z7FDJBH1,0
CUST_ZIU3FHI066,0
CUST_YVLFIV3T4O,0
CUST_I2676AA73E,0
CUST_0FEVZS726Q,0
CUST_7OZOQC2HPL,0
CUST_OJ12BCOBJ5,0
CUST_6NAG5ZLSFF,0
CUST_IF24OL5U4V,0
CUST_TJHED1RJI7,0
CUST_DLN68NEA7N,0
CUST_BIJ781V1IY,0
CUST_1L0O3Y5XL2,0
CUST_ZOQ7JRLZF4,0
CUST_TCGVW8G36G,0
CUST_G0BY6OFRZB,0
CUST_E3KYHJD6KB,0
CUST_537WNKNAII,0
CUST_YFKQM710H0,0
CUST_1V0547NQUF,0
CUST_HRICT9Z41E,0
CUST_WREQD42PP2,0
CUST_R7KRY6AOLC,0
CUST_ZD45NRZD3M,0
CUST_5Z0ZO29HCP,0
CUST_0Y52VFMZAJ,0
CUST_MDMPYHQ029,0
CUST_JRD2JGVK6S,0
CUST_GZM33KUXXX,0
CUST_CC3Q58XOAF,0
CUST_2M9E0NMFJW,0
CUST_UV76WEKHW3,0
CUST_8KGW0P27GZ,0
CUST_QIN2FLM1KI,0
CUST_PVZX0KZ9D8,0
CUST_6HZ03II1HV,0
CUST_K3T2DVKDBJ,0
CUST_K0ILMOVKL3,0
CUST_7N91UQPWF0,0
CUST_E7YKWQUH5I,0
CUST_RKK3QPJBLR,0
CUST_DBJ4QJ8F1K,0
CUST_3SA29QFQ7Q,0
CUST_QBUH9MYCZR,0
CUST_COR24F9W89,0
CUST_CYNKW4C27V,0
CUST_P7B1H9MTRZ,0
CUST_3PP2WMMSU7,0
CUST_THAOZEIF2T,0
CUST_LBYIA9FRPN,0
CUST_687T3S6MB2,0
CUST_FWVYDVFZVS,0
CUST_4SF48S6PYK,0
CUST_JYBUTL3TMG,0
CUST_92M6CBR9PT,0
CUST_UACVZLSIL2,0
CUST_D0BW77CS3T,0
CUST_NNL6VZUPAC,0
CUST_DUHESYII3F,0
CUST_1O1GXVJIPM,0
CUST_BOKIBE3O0E,0
CUST_7VEJ4VC2CA,0
CUST_C93WGSRRX7,0
CUST_GBYCPCYQ1Z,0
CUST_G4GIJP00GU,0
CUST_6MS0DMNUNZ,0
CUST_VV9U39DWUR,0
CUST_Y69PZGY5TK,0
CUST_IF25IT8SFD,0
CUST_CWDDSUJOC6,0
CUST_4NGHJZIITR,0
CUST_DN0U2JBC1D,0
CUST_XGUDTQYPH1,0
CUST_VMSX9WFUHO,0
CUST_DGMSBLVTJB,0
CUST_SVJKLXPLJ8,0
CUST_6637J4ZWCT,0
CUST_4SY1QNL8F6,0
CUST_8Z3V1BP1AI,0
CUST_CO5FGHU33K,0
CUST_BFXSLGNIIZ,0
CUST_M0957O5JV6,0
CUST_F7BN060CCG,0
CUST_4M7V92XSPR,0
CUST_LAZ8F7VO1I,0
CUST_180025LP63,0
CUST_K6YHI3YTTS,0
CUST_CHAOTKVX7H,0
CUST_AJS7YF6RAQ,0
CUST_KTP7KZ26XR,0
CUST_LVK8YY5PA8,0
CUST_TVC5KEQPJ2,0
CUST_K1IRV6547R,0
CUST_PFYG4KHHOT,0
CUST_GC0OTLF2DV,0
CUST_JEZPHNNN9W,0
CUST_DC1S15LHM2,0
CUST_DD18LWIU49,0
CUST_FWSLYV45JN,0
CUST_X15V2B1S48,0
CUST_3QGGB7RQLA,0
CUST_57KSU0V65Y,0
CUST_8A8SZ0R00F,0
CUST_8880N9MI55,0
CUST_SPWVMY7U58,0
CUST_0RL91VJJT9,0
CUST_0GKTLMRZ0Z,0
CUST_B3YWXZYSY1,0
CUST_V6P2DJOUBW,0
CUST_7IO6LG6Y0W,0
CUST_F83IDCRGM9,0
CUST_J4G8PMOZ7A,0
CUST_E8IIJ02PYX,0
CUST_78N7CBBPFV,0
CUST_1BK9ADKPYP,0
CUST_0WRXCL10SR,0
CUST_QW7Y78GS6N,0
CUST_YX30LQYBER,0
CUST_2R8FSGVVDM,0
CUST_FR40W6R2TJ,0
CUST_V5F4TW20XQ,0
CUST_77QZELHGWU,0
CUST_KBPVTBMC1A,0
CUST_MKW1Y9TOA7,0
CUST_8ZYNOI5UJW,0
CUST_HM7EPHL1FE,0
CUST_QE8526ATAA,0
CUST_3HCB120JTY,0
CUST_QNSGWQM6WJ,0
CUST_1MJXXWPH6H,0
CUST_0NGYO0RXHJ,0
CUST_L7LFWA6GYR,0
CUST_KAD90KZHX3,0
CUST_7ZBGHDFN2C,0
CUST_0KVD8N14ZZ,0
CUST_1QZ40LQIOP,0
CUST_8LD5DXB8L9,0
CUST_D1T3XJMSXI,0
CUST_LP0H3CM0SG,0
CUST_0NTM2W5GO1,0
CUST_M9I1UGR8RZ,0
CUST_UPFHETP5RC,0
CUST_XC8QOUDMNF,0
CUST_C7Z6VL525Q,0
CUST_A75XMDTB9Z,0
CUST_IV4YJ416M1,0
CUST_3OGP7FPPPV,0
CUST_2WC00HPQM1,0
CUST_EPNGQPQI6B,0
CUST_KXW0NEU34O,0
CUST_K2G1HD54G9,0
CUST_BLY1Z3WMPC,0
CUST_M3AURTRUVT,0
CUST_JFHZQZZENX,0
CUST_2EI1WEY0C3,0
CUST_P9D4ELZEXX,0
CUST_UKFM7UQB6J,0
CUST_I4C8ZM0RWO,0
CUST_37JTQB302D,0
CUST_DTWA30M19X,0
CUST_B1CC4R3SPZ,0
CUST_DYRJYC11JJ,0
CUST_7K76KZVLZ2,0
CUST_K6LR927QBA,0
CUST_5PAQDJ4EY6,0
CUST_BUZAR0YWGP,0
CUST_YTEKS4NWGL,0
CUST_RSTAK4KSN8,0
CUST_HOXSMBI12E,0
CUST_L3OR1JB8G9,0
CUST_X7EEUZ8QFS,0
CUST_BMR2AGAV59,0
CUST_5ZORJURPGW,0
CUST_7VS7U7N14J,0
CUST_THDEJMCNUZ,0
CUST_YSLD2DYALX,0
CUST_9GD8NBGBI4,0
CUST_S10A3RPM7K,0
CUST_23HWD1O9M3,0
CUST_ECAXHVUKLB,0
CUST_QRA5CMFI75,0
CUST_17XYNVC0UV,0
CUST_TQU4RQOIF1,0
CUST_IJ6BMPPKFA,0
CUST_8DULDLWGF6,0
CUST_C65G3PUZWP,0
CUST_JZO5YJHC7A,0
CUST_I4QDYSQJWR,0
CUST_T5YMP39KXN,0
CUST_1NTI9MXIAG,0
CUST_UKKXB1QFB9,0
CUST_U20VE94REN,0
CUST_D8DFTNNJSX,0
CUST_KMNBH8SYT7,0
CUST_EE6AT0UFUR,0
CUST_F42VR651UK,0
CUST_KRA3MZUZ22,0
CUST_RNL73WXJK2,0
CUST_9R5KCCQYIN,0
CUST_W6SOJMDQJA,0
CUST_JCM7NSSIE9,0
CUST_PVB8J7TFOS,0
CUST_X80QPT2IGW,0
CUST_1H7D6XASPI,0
CUST_TELP1BU94Q,0
CUST_TB7QWMRIBL,0
CUST_Y4IINCUFN5,0
CUST_S3C4FIX1FQ,0
CUST_53H7EUZUNO,0
CUST_Y8MXB94OQ7,0
CUST_D2LB3NAEFX,0
CUST_E3JCTBBPNB,0
CUST_7W3JJP7WFS,0
CUST_DOZF66YDQ0,0
CUST_AIQ635JIR8,0
CUST_75R220RYQW,0
CUST_TRT73SGAC7,0
CUST_3K7XOQXANR,0
CUST_8UFAKA19V7,0
CUST_6EKIOVLJZ4,0
CUST_XNXFWDQOYY,0
CUST_UCO7PKD1JJ,0
CUST_4THTE571N4,0
CUST_GWETT6G6TA,0
CUST_T87YSAYI6X,0
CUST_KRBE1IOV2G,0
CUST_42E9YR0GUW,0
CUST_WMYSH8DHNI,0
CUST_R7SODCHJL1,0
CUST_5YSMX0DVNU,0
CUST_7YO20BA02L,0
CUST_QNILPKAEON,0
CUST_LADZRVDDB8,0
CUST_QJY6X5K1UM,0
CUST_YIVMTZZPTS,0
CUST_F201K64OI0,0
CUST_BGJ1L00T4W,0
CUST_PKZORSNIJB,0
CUST_QJMC94U3YU,0
CUST_ZBY0UJ41UD,0
CUST_OLN8I31QH6,0
CUST_4V15SP6ZYV,0
CUST_Y2OC6LQLNU,0
CUST_Y8P4R6K750,0
CUST_86UQLX1W9H,0
CUST_KHXJCR19QK,0
CUST_ONH6S3O3U1,0
CUST_0ZE3FVAASO,0
CUST_KY7UITE1NR,0
CUST_1YWZOMAXDN,0
CUST_NFAPAXAQGP,0
CUST_H1VQDCPZNF,0
CUST_FPGGM70X6O,0
CUST_EQC7KTBJ59,0
CUST_P9KT3M5U0H,0
CUST_6SQ8FCS60B,0
CUST_YRFN1SQ25B,0
CUST_J14QUXCMX0,0
CUST_0179EE3OOT,0
CUST_0RNS5QW255,0
CUST_FCBOW5IUP3,0
CUST_SQFNNUGC19,0
CUST_M5LOLAROMF,0
CUST_EAMNCI03JE,0
CUST_NLMW5YKLKP,0
CUST_VYVC4EBKGB,0
CUST_AIXX0CU947,0
CUST_M2LZW6K6O2,0
CUST_PZX4FZOMQB,0
CUST_663UCDBCDF,0
CUST_PDK5JQLVQS,0
CUST_IME10RKLQ9,0
CUST_SFHAXZZDY9,0
CUST_K5P6RX3ED8,0
CUST_JU2HAXXMFB,0
CUST_FS43MFNZWV,0
CUST_5C18H3OALY,0
CUST_2304DZCZLC,0
CUST_8D3OGCKJZF,0
CUST_QWNMHWPIX2,0
CUST_F43WYR8MBJ,0
CUST_XHUY7579WB,0
CUST_HWHYOTVHBY,0
CUST_BN7RO91HG0,0
CUST_WEXN6BAM2C,0
CUST_7CII7KJAA6,0
CUST_4MSOJLVAYG,0
CUST_HVKWZT3MOC,0
CUST_S2M6IDKSIV,0
CUST_6UOX08LB68,0
CUST_39JG108FM5,0
CUST_PUOYC4DNZS,0
CUST_05CW2FP55D,0
CUST_B658A6OVZH,0
CUST_7IR440AF5S,0
CUST_GIXB4J7V43,0
CUST_UIRCZ35NCF,0
CUST_1MSCEQ0WEP,0
CUST_85XFGPI54Y,0
CUST_16NUA4EM5H,0
CUST_C33I4T4MCA,0
CUST_VNCPLLR03W,0
CUST_KZOCGWUVDE,0
CUST_57ZN46YQF5,0
CUST_CLBBN7RLOO,0
CUST_64F8Q9IR88,0
CUST_KVMZWM1KPT,0
CUST_TMK1K7VP3A,0
CUST_35JAIM8SKO,0
CUST_0O5OARI0CX,0
CUST_JN4OJUFODV,0
CUST_1R867MLH3E,0
CUST_06JEALRNP6,0
CUST_K2Y63YYPJD,0
CUST_XE0KAJEHQ6,0
CUST_K5EIHZLB8E,0
CUST_RJWEWMV4XR,0
CUST_A5QYDG4R3F,0
CUST_XAFREABNWB,0
CUST_E90APXB5FS,0
CUST_JMVJ4S22HE,0
CUST_JGA0AQ4NGY,0
CUST_LDV9LK8EWN,0
CUST_3528Z7MQ8A,0
CUST_KDV2TLT2GE,0
CUST_XWFP4FSXYX,0
CUST_SL6RKU58VU,0
CUST_ERUOP7QS3N,0
CUST_06188RUQ7Q,0
CUST_IZO4UM0XG5,0
CUST_ZOIB9N3BH0,0
CUST_X9LM25QWB2,0
CUST_DXDKLDBCAX,0
CUST_P3TZCU3A0B,0
CUST_TSL3GSRLKB,0
CUST_F8SBEJAY8Y,0
CUST_DDRNUMXUD8,0
CUST_XAO53EGBYK,0
CUST_XT7QOXEAQ2,0
CUST_MKTCFB0ZRK,0
CUST_40IW6LJPEC,0
CUST_2D619UAN12,0
CUST_1WK6R18BZU,0
CUST_0ACUA7MWL0,0
CUST_OB8RZJZY0W,0
CUST_259XD409FF,0
CUST_0RA7RLXD2F,0
CUST_B79N2YK89B,0
CUST_F00F9Z0FBO,0
CUST_MOMINCFYZE,0
CUST_G482XRNQR1,0
CUST_2BCFFVU98T,0
CUST_FC5HY4JWMJ,0
CUST_UEJMZWT553,0
CUST_HSZ2UU5F7O,0
CUST_TFAZT71DW0,0
CUST_2LS0C8NEXI,0
CUST_5E000D66MM,0
CUST_RV1V17HY73,0
CUST_D1EL61W3ES,0
CUST_F3JALXFFKT,0
CUST_VDSA29RKN3,0
CUST_1BH7IO8S8J,0
CUST_Y48QLFS5S6,0
CUST_6E8SMPMYPJ,0
CUST_FE6IM2CB1K,0
CUST_0AP2Q7QNZC,0
CUST_630Z8QMR0J,0
CUST_7FUCH4O597,0
CUST_XKUDX00MCB,0
CUST_OVOX30WADI,0
CUST_F5E72X0YYB,0
CUST_QWGB9S3FZY,0
CUST_8844MH4D1R,0
CUST_853C9EP7BT,0
CUST_WRCJ103DLW,0
CUST_35W7KLX61G,0
CUST_BU6777FI4D,0
CUST_7SKGMCFTLY,0
CUST_PQCGKPZXYO,0
CUST_V59WIZBRGW,0
CUST_L8AR17P4ZY,0
CUST_K9C9X2G1CL,0
CUST_UMZVW0JJ4D,0
CUST_CUF5EOHDL2,0
CUST_2EXC77SP49,0
CUST_E1GF7QK1DE,0
CUST_CKZPGFRBBX,0
CUST_169UCFVNIB,0
CUST_9XBJ18AS3U,0
CUST_MJ1GKF9QQI,0
CUST_219YU7Y4JY,0
CUST_3Q4PVHEU9X,0
CUST_MI91KZ4H4E,0
CUST_GZTXGJ5TCI,0
CUST_IWTQM4ECRQ,0
CUST_PKDMV9R5ZG,0
CUST_FNFAWADZU4,0
CUST_50368JIAV4,0
CUST_Q458KPJVNY,0
CUST_FBXB3MEGTF,0
CUST_L8AB571CD7,0
CUST_W0G4V0LYAT,0
CUST_AX5KK69NTI,0
CUST_MI4UQL44T9,0
CUST_WGLHCFI4GL,0
CUST_862GVKGZ9V,0
CUST_KG362QZHWK,0
CUST_8II8HLKXB1,0
CUST_UU1KYK4KWV,0
CUST_TDODBEL58Q,0
CUST_JR3MS5VJ64,0
CUST_QPR9PPO1Y3,0
CUST_AHLBIKPYLI,0
CUST_41R82YYDE4,0
CUST_ZEV4JXCY05,0
CUST_BW1KUI46UB,0
CUST_UQRKIRCKXU,0
CUST_23D4MBN1VE,0
CUST_9Q9WHV67OF,0
CUST_CR9QC3RNAH,0
CUST_B827DKK0A6,0
CUST_Q0MALMZL5B,0
CUST_PENE1FGRM8,0
CUST_72WFBGF0LM,0
CUST_8TS0FLG4Q1,0
CUST_Q46LCPGHP1,0
CUST_XY0THG423M,0
CUST_WEOSNF74IU,0
CUST_WLE5ZD39T4,0
CUST_3IOGHJAY20,0
CUST_U24OY4SY1M,0
CUST_WZSMOO5ISV,0
CUST_UCVZV6XHWZ,0
CUST_BI9T4Y17T5,0
CUST_7AHT58WDP8,0
CUST_LK1MNP2DRE,0
CUST_1LV7M6PS05,0
CUST_MUUK62JAUE,0
CUST_1AGHQRBTN6,0
CUST_WNY8BB9VQM,0
CUST_9K2WCBPA9M,0
CUST_NOMNC1X7AW,0
CUST_DGU0095E9M,0
CUST_656O3R6W97,0
CUST_FR0ORL5NJ7,0
CUST_3TU4P0RCDY,0
CUST_93NCBAW7U2,0
CUST_4FT8DYA2VZ,0
CUST_06HD6YMY0O,0
CUST_AQC38ZQ9U8,0
CUST_VR860RQ2PG,0
CUST_4K40OHT7DN,0
CUST_9T7KP7WPID,0
CUST_TZRVX1M1UX,0
CUST_JJJ2O1QWNR,0
CUST_4E9HVJ3KJ8,0
CUST_GRI44VOULI,0
CUST_GOUV8ZN9R9,0
CUST_LM3YP592SC,0
CUST_6K6XETGXJJ,0
CUST_CW31PQ8RYJ,0
CUST_LLL37J91HN,0
CUST_IWLS3F4OXQ,0
CUST_SCYK4HXJ3H,0
CUST_ELSBYHJR9U,0
CUST_G0W2KQVL6I,0
CUST_U2L6KJU7EL,0
CUST_QCANCAVQ6V,0
CUST_8S4B0GH7XF,0
CUST_8EHLUQJURO,0
CUST_SKHMDKTZU1,0
CUST_EDE788ZZPF,0
CUST_JDUPVH6NPS,0
CUST_SXLVCMY6HU,0
CUST_FTJSLDZ57M,0
CUST_LG6GVS0O5O,0
CUST_8A6AMDUJOY,0
CUST_9FJ5SB8LUM,0
CUST_Q097GUBEP8,0
CUST_KGP0K02FHJ,0
CUST_LC3VWS5ORF,0
CUST_LG1FN0D9NP,0
CUST_KLHPC8ECPN,0
CUST_OUKRR0PN1R,0
CUST_L0CA4T99KO,0
CUST_5SXL16L4S0,0
CUST_LF2D0C88UH,0
CUST_CBD34LF376,0
CUST_L93XB8YJ3F,0
CUST_1SBRBU9XGS,0
CUST_3CX3FO4PYZ,0
CUST_LXVKRNQM6B,0
CUST_U4YUIGSQ5D,0
CUST_0Y89XLIMLV,0
CUST_NT8MN4ING6,0
CUST_GBIBPIRSJ5,0
CUST_3ZHLXYHHYZ,0
CUST_SML1GV9SG5,0
CUST_1UNOE9DF8N,0
CUST_LJMK3MCWZN,0
CUST_WE03HOLKQ1,0
CUST_3GH4XSGXX5,0
CUST_K6672M1CSK,0
CUST_9D3A2U5ZUM,0
CUST_0RU1SF2QPR,0
CUST_FEQZLXJ6U5,0
CUST_PLOA8G8USY,0
CUST_UGHCBA93PW,0
CUST_URYA6MR3FF,0
CUST_S22LSIMN1T,0
CUST_S9RB29CS4X,0
CUST_H3SNKVMRCZ,0
CUST_8JS70KV8TO,0
CUST_BP34UWCOCF,0
CUST_CNFJB0FBE7,0
CUST_AY6VXIZLS8,0
CUST_U4YME6FDMS,0
CUST_NYOCJ8XNDZ,0
CUST_D2B1OHKL1K,0
CUST_SNQH8PLHZJ,0
CUST_G2HH8BZQX5,0
CUST_0F2UIXH1RF,0
CUST_JIDCY9F845,0
CUST_FG2UP2HASL,0
CUST_KANN9TVV5W,0
CUST_931165PX1S,0
CUST_71OZHD1M8P,0
CUST_1JMDC6DU9Q,0
CUST_IXU3K5QQ1H,0
CUST_GDI9LS69KG,0
CUST_CEA6NCZVXS,0
CUST_R5GEZPO2ZA,0
CUST_IMFCJ09V7O,0
CUST_LGQLBGM319,0
CUST_IKFX1DB2VA,0
CUST_YMWJEEEKBS,0
CUST_CWUZVEA9EW,0
CUST_ENH4VZBHJE,0
CUST_JQEQGR94RP,0
CUST_VO6ZPJNN5Z,0
CUST_4YR1CO1B2Q,0
CUST_IZ9591COH2,0
CUST_I07N5X0QB9,0
CUST_ITYYOETDY8,0
CUST_LHBUTC7RKM,0
CUST_UBUXPXU8XT,0
CUST_CRBCUX0W16,0
CUST_DLI8242U20,0
CUST_GHCDD4MNQG,0
CUST_XY98284BAB,0
CUST_I8J85GOPOH,0
CUST_VN716KBFBG,0
CUST_24AHXE5RLX,0
CUST_UG1MJPOLJX,0
CUST_R6ABCQ3QWL,0
CUST_1RFR38V1JQ,0
CUST_37VF52V48J,0
CUST_QDMJGRCWXB,0
CUST_22PQLTY15Q,0
CUST_1BGAOGZ6V3,0
CUST_KDDD1A0OA4,0
CUST_XJDBLJQPVF,0
CUST_31HRGK2Z4J,0
CUST_QBJMNVSJOQ,0
CUST_PFVVUN0LIM,0
CUST_ZFSJEQHS3X,0
CUST_E5OLLBGIE3,0
CUST_HZI6IVAQ97,0
CUST_0RLHXQ3IN3,0
CUST_JGKMQ7A36S,0
CUST_AW2VIYC8MM,0
CUST_W14UDUPW7D,0
CUST_GBRIEBLEFP,0
CUST_LGO15N4NA3,0
CUST_CDNTWI6WVP,0
CUST_UI4KMS548S,0
CUST_6305PHQO8H,0
CUST_I0RPKOF394,0
CUST_0ZDYS9FEYW,0
CUST_ZYG07N3IE0,0
CUST_8TK7LJLH1J,0
CUST_T8DMVREGZW,0
CUST_O4QLXYYAL3,0
CUST_XNSEIV4O5Z,0
CUST_MA3O5P4F0L,0
CUST_29DYMZJK3N,0
CUST_OFUIJFF95G,0
CUST_EBQJ7QFYWZ,0
CUST_1RX67JAGGB,0
CUST_VFL6OC0775,0
CUST_6TUUNH34FU,0
CUST_8L3LPS2545,0
CUST_D91D998DZP,0
CUST_IW1WFQPG5P,0
CUST_X3O73MRSLG,0
CUST_80OAAQBMZ7,0
CUST_U2H44RTBD4,0
CUST_29HDMI9KC0,0
CUST_C5DG7UCPYA,0
CUST_25G3NTCXZR,0
CUST_9EJZU8NWP7,0
CUST_L62M9RZ222,0
CUST_PO32EYIBVT,0
CUST_URKTKBILSV,0
CUST_0EVA11Z8ZW,0
CUST_43UY95XEHJ,0
CUST_CHVIDV6BA2,0
CUST_2UTPWEC6NO,0
CUST_RTCSXZ79AJ,0
CUST_VXGA3KLC8J,0
CUST_P45ESR0X0J,0
CUST_TRTHZ5O60F,0
CUST_QHIQ65XNCP,0
CUST_0LBG0D5PIY,0
CUST_R9XM46VWWV,0
CUST_VR6PUKCKP6,0
CUST_KHEFNW9GXO,0
CUST_HKL5Z8AEO5,0
CUST_Z3Q89XAS59,0
CUST_UIOERRH2JA,0
CUST_NF444TB9MS,0
CUST_JMNJJBOZ8Y,0
CUST_S4K950ETLR,0
CUST_LB6IVOPBCE,0
CUST_Z6O7GPSI24,0
CUST_EWOU0FTVRW,0
CUST_I9KK1UZQZP,0
CUST_SMV4Q840G2,0
CUST_D4TB0FMGSX,0
CUST_KUIV96KJFH,0
CUST_783865VI06,0
CUST_YYR861ITSM,0
CUST_ZW86VS0VEG,0
CUST_W3J6RZ5R1O,0
CUST_D08Z7TDBNQ,0
CUST_9JPH3AVEXJ,0
CUST_MWQLMJU4G2,0
CUST_GW7TDPGS9R,0
CUST_ZB8ZCQX1S8,0
CUST_KFUAJDX2BD,0
CUST_QUFKR37CQ7,0
CUST_IB5VWIUJWW,0
CUST_WT5EIX67KB,0
CUST_WYK839LYEE,0
CUST_NYH1FCZA2L,0
CUST_A31762H4D8,0
CUST_FQM5CE3SER,0
CUST_JZ6H27EBD9,0
CUST_5M4ZS4XOAX,0
CUST_C19RILSFQY,0
CUST_NSGLEXFPB2,0
CUST_AKUYC44NXR,0
CUST_M82N6PMPFF,0
CUST_CD0ZLRS9FP,0
CUST_EGP7CTAZUZ,0
CUST_PXH1W20XM3,0
CUST_MX6MG1VQ8B,0
CUST_8DAGZYCU79,0
CUST_NI3NJG1LI2,0
CUST_NL3ANJD0V1,0
CUST_6PDYZ8CKQ6,0
CUST_G8Y6DQ1TUI,0
CUST_JQWD9LU2H1,0
CUST_3DT0GAGBHG,0
CUST_YM2X3NYCEM,0
CUST_DFUFHXC9A0,0
CUST_S5NCET7G8W,0
CUST_ZRZZCF030K,0
CUST_YXFMBM4FI0,0
CUST_B78QFVWNTG,0
CUST_VRCRW0RC6W,0
CUST_7UR834H4ES,0
CUST_GV0BF0ZNUV,0
CUST_T8IFIP68PT,0
CUST_PJ9CWIFB21,0
CUST_V6IP8ANBTW,0
CUST_88QAPWN7WI,0
CUST_FRQO88HJDE,0
CUST_PHVZR9FUH3,0
CUST_9I8X38F4ER,0
CUST_G3346DG1ML,0
CUST_G0TSAFZ5AP,0
CUST_ZQCPC68P8E,0
CUST_BA3VXPJIC7,0
CUST_1BKL5HBXPH,0
CUST_KNKCC82ESK,0
CUST_DDA75BVDV4,0
CUST_R33WRFV98B,0
CUST_LX0V5PZLCJ,0
CUST_0ITKJWB1AA,0
CUST_Q0ED01M7IV,0
CUST_FYKKFJ1UYW,0
CUST_GXDV7IOYXL,0
CUST_XYAAD4SQX2,0
CUST_3IPFCEONFJ,0
CUST_OXRET23VKL,0
CUST_H9C41BEMEJ,0
CUST_JF87MHDOSP,0
CUST_HHE5JM9A09,0
CUST_TSM5YODBJD,0
CUST_5W02PYND7W,0
CUST_U7KHLSAZBH,0
CUST_TVBZ5G9WVO,0
CUST_56ZNELB2AC,0
CUST_T39IJHDBUG,0
CUST_92KQXU1TSK,0
CUST_N2JFFF9EKE,0
CUST_AL9B92E44B,0
CUST_572PXPRYKV,0
CUST_HEBIVB6QRX,0
CUST_UEHUEP4BP0,0
CUST_PN1A2IP9WC,0
CUST_YO584OJW05,0
CUST_ENB3DDT3TY,0
CUST_7P8QOTD30F,0
CUST_0O422YY6BQ,0
CUST_LH15G5LKU8,0
CUST_VEYBV9JULI,0
CUST_WBPXO2O5M8,0
CUST_RXD3WUN7PJ,0
CUST_TM52VZVKN2,0
CUST_SRVUDIIZW1,0
CUST_QND5LBH2MN,0
CUST_Z8T5JPF04T,0
CUST_7MGVBE2O9M,0
CUST_F8F6U9W2YP,0
CUST_DHA3TNC0VD,0
CUST_YBMNHGA8RY,0
CUST_C4F4K18RC0,0
CUST_YZGB9RKLMG,0
CUST_U2MD2RKDAW,0
CUST_RC52OV12TX,0
CUST_CSAKPLZZ9Z,0
CUST_11DVIINS0G,0
CUST_0EYYEH417A,0
CUST_0BPML8N200,0
CUST_C2L8CBG3WV,0
CUST_FZ2OKOSYMC,0
CUST_3MMBDJ6A07,0
CUST_3SUEOM822I,0
CUST_FTPFPZDSQ1,0
CUST_N5OUQ29TFK,0
CUST_DDJEVYZU4M,0
CUST_XVDM14HKNX,0
CUST_IZ7Y4DK7F0,0
CUST_0CPL4CYHAK,0
CUST_PC48JYGS0S,0
CUST_OOEIHC412X,0
CUST_RO133B7EH0,0
CUST_M7KBRZWZP0,0
CUST_WW765T6WEJ,0
CUST_D8U8N66ABG,0
CUST_WF03QYEV50,0
CUST_O2P0GVOQUP,0
CUST_FA5JYO0BHK,0
CUST_4H2RH3PJ5N,0
CUST_VIISC9KL0Q,0
CUST_9Q2J9YBQQM,0
CUST_E2AD4CYMTC,0
CUST_XMY3IIJMBE,0
CUST_RE20OL6Y9O,0
CUST_OGGAKJGMBU,0
CUST_BW5ZO5H67H,0
CUST_V890ECYDD4,0
CUST_GTFNPI40XY,0
CUST_XBS5P51L2F,0
CUST_BI2A4OS6H3,0
CUST_YMR1H0B0HN,0
CUST_7AXSBOK6N6,0
CUST_CO3HCUS9AG,0
CUST_KHZYPMJZV1,0
CUST_A6HX5GTYTP,0
CUST_XZWBMN0DL1,0
CUST_5ECHLS4ESH,0
CUST_58N5NYXDQC,0
CUST_7F01F5KGFU,0
CUST_D9XWA7K9KU,0
CUST_MQD2J0B0EV,0
CUST_BLV2XFZZO5,0
CUST_FGS4Q7O2V7,0
CUST_8C6PNQVFGP,0
CUST_2LEUB312BI,0
CUST_X8S7DETCTC,0
CUST_7R2JZSNK5L,0
CUST_EMHS4V469U,0
CUST_PLVLXXVC0J,0
CUST_VVJC33DI9A,0
CUST_2ERUI6ZUVD,0
CUST_FM7NY2K6SY,0
CUST_1RJK6L6LGJ,0
CUST_6OD236R07Y,0
CUST_CH0LL98C1V,0
CUST_BZEGV91KAG,0
CUST_NH3J9634U6,0
CUST_SI5CANQLB9,0
CUST_PWUZMCX4O5,0
CUST_HV185RAAKZ,0
CUST_3VN759SJWG,0
CUST_8KS0A7YA5Q,0
CUST_AZRY6WBY2X,0
CUST_G8TXFVAU4S,0
CUST_PX57QLTIT6,0
CUST_WD1HJRXEM9,0
CUST_Q3BGY69CD5,0
CUST_U5Z8N4ZWIP,0
CUST_SKWQ5L6BEJ,0
CUST_KZ6RNX6KYO,0
CUST_ZP60IEV5IN,0
CUST_UI6RUC5BDT,0
CUST_763Y027E57,0
CUST_1HI3K9J6ZA,0
CUST_PXO310XXCO,0
CUST_27EDZDYDMZ,0
CUST_2MTWJUU611,0
CUST_NTK4E3Q95B,0
CUST_4NTX8CQ3S9,0
CUST_JDBBB7HUZV,0
CUST_ZEBPNRG8R5,0
CUST_VZPNIOCSUW,0
CUST_GH53HZT82I,0
CUST_ZFYB4XZBFI,0
CUST_1PBXHQ1KNQ,0
CUST_CXI10GD5SV,0
CUST_VAA40RRY1A,0
CUST_J5LT54A71D,0
CUST_KOFZ0ILF6A,0
CUST_QR4F7IIXTE,0
CUST_KPVFA7ZGM1,0
CUST_RXPPIBO1WO,0
CUST_UZ7LD3BWDK,0
CUST_T9Y6GZY0WX,0
CUST_WHG9NSAHUY,0
CUST_4JRYXL1O3C,0
CUST_ZN1FZMMEEV,0
CUST_Q80N0KV768,0
CUST_OV90C4DNPJ,0
CUST_MU2VOWBUAX,0
CUST_J8T8L6U7PC,0
CUST_LHM8CBIGV9,0
CUST_IKTS7PNPC5,0
CUST_HY65OWHYC2,0
CUST_B52KU1GMP4,0
CUST_P6R0588B4H,0
CUST_A3BUICJ4XH,0
CUST_UAPY5ORGEW,0
CUST_T8SX5HYFNZ,0
CUST_WTUCSVAG5D,0
CUST_OAL208HGNE,0
CUST_43SMRKOFUH,0
CUST_KDKRM6T1WL,0
CUST_XXFX842DL2,0
CUST_XWPQ1FPU9U,0
CUST_U49036Y147,0
CUST_YRSJKHCJVY,0
CUST_QZCDF35SVQ,0
CUST_EQUTAG4AUV,0
CUST_FVXQDO344T,0
CUST_ZZK42KRIJW,0
CUST_ZAUED77XLD,0
CUST_GHLZM31TUI,0
CUST_LP88B59MWM,0
CUST_OQJJ4628YT,0
CUST_9R2JWUL9BA,0
CUST_NA12IMZ459,0
CUST_6WKGSWQ8JK,0
CUST_ZNKYMEC8KU,0
CUST_UMFYIJ80S9,0
CUST_TFAFCB8EGX,0
CUST_PR3P0E8UI8,0
CUST_GWDYL547DV,0
CUST_JNJF0EC83W,0
CUST_PGFDG2VENH,0
CUST_CYZXTW9RSJ,0
CUST_JXUVPJX9F1,0
CUST_66ZMBC93NI,0
CUST_IPRZTGMAB2,0
CUST_R4GD70GA4G,0
CUST_R1XIB2276T,0
CUST_Z8BK0U1ZM9,0
CUST_ILBMMICV8G,0
CUST_8AYVTPQGC9,0
CUST_BIT0HAZLI8,0
CUST_6NII9LDFNU,0
CUST_NGQLZNM247,0
CUST_H3P6QXA668,0
CUST_Y9ZGWLTGKL,0
CUST_Q401KBYAB2,0
CUST_YCEMIOXTBX,0
CUST_GWXDBMN5XS,0
CUST_Q982UDKVMU,0
CUST_MA4IHMIDXS,0
CUST_9VPXCUV2KZ,0
CUST_I4V7G3AFYO,0
CUST_SR0GUOAGTX,0
CUST_1XDGX3SSXB,0
CUST_U7USYL7UGP,0
CUST_LCQBTVWU94,0
CUST_N40WJ7TQTA,0
CUST_IVC783IX57,0
CUST_LQS6GPQLNU,0
CUST_7EVMJINFYS,0
CUST_JI2DG0VJX7,0
CUST_MNUZHN7UCW,0
CUST_RPJKM0M3DG,0
CUST_DUL8DFK5PY,0
CUST_B6XRVLE9NY,0
CUST_4AIS20F7C6,0
CUST_RU3K5JSHLA,0
CUST_P50RBJSQ8V,0
CUST_QBW90QN56W,0
CUST_456EJJ1KP9,0
CUST_YAMF5NM1XV,0
CUST_30YF8V8HAW,0
CUST_50H7PF8DZA,0
CUST_22QY5XB3VN,0
CUST_H5U12TYEMR,0
CUST_RSJ9LD220A,0
CUST_7YPR2JQX7E,0
CUST_CNFU45TLEL,0
CUST_1W8WVJ8DWO,0
CUST_PW3WOTSWT0,0
CUST_WSMEJK2ZW2,0
CUST_GOWPT8HBA9,0
CUST_J3ZSFLUW1Q,0
CUST_64IDEPTCCY,0
CUST_NVHXR5CK2Y,0
CUST_P0QZFGAU8A,0
CUST_PEDSHVCCRJ,0
CUST_JZUS4NJO0S,0
CUST_KCWD1AYIMG,0
CUST_W5TXOBDMVJ,0
CUST_J6D5D5XXGF,0
CUST_OB3UJM8USL,0
CUST_0UGMH3M9NP,0
CUST_TX21Y78KOB,0
CUST_6DYMIZCK29,0
CUST_ANJD2IFO5A,0
CUST_9DIAQX71O1,0
CUST_G8TNIFL3TP,0
CUST_71F2WRHRD0,0
CUST_7P7IMC7W0Z,0
CUST_ZOEEXOXLMJ,0
CUST_DURIF0JWYL,0
CUST_WLMHMVX4N4,0
CUST_90R3D9V113,0
CUST_LBF43L3SKN,0
CUST_NQZOLGNWTD,0
CUST_E1T766G5F7,0
CUST_1YKS0YBXTE,0
CUST_O3HOKNF72E,0
CUST_2ZJ4COSVKE,0
CUST_WS7KMAD1C5,0
CUST_0EV14VVFEY,0
CUST_D1B614O504,0
CUST_QMS76F9M4C,0
CUST_AOU3P18BN6,0
CUST_T9DQBFC2WE,0
CUST_1QDHBET3QU,0
CUST_2XG40G92DS,0
CUST_98OD0G9HO2,0
CUST_E1POUYCR3O,0
CUST_NO70KQR62K,0
CUST_T45B0TNAS3,0
CUST_IT8GC0PPWN,0
CUST_1DNZOXFQ86,0
CUST_N85058GNUI,0
CUST_03S8S4QT9N,0
CUST_7UX3YVCAI2,0
CUST_PKV3Q44026,0
CUST_9PM7K6MHBO,0
CUST_3EPU37ETVI,0
CUST_6PRV0BY7YW,0
CUST_12YD2HJFSH,0
CUST_PY7E7HSZ72,0
CUST_PVJ6DLJUAX,0
CUST_JG7F2709U6,0
CUST_ZQ3FTQ2A2B,0
CUST_EKOXDITVNH,0
CUST_M3ENWN890Q,0
CUST_3SWQLAU4BX,0
CUST_G7SYO0W8MP,0
CUST_IAFTS24SS4,0
CUST_B026203W0Q,0
CUST_PPYGYV4VTJ,0
CUST_R5XQMZL8W5,0
CUST_K1ZAQQVDRV,0
CUST_RJHE3GAYH6,0
CUST_THHVI0M2LB,0
CUST_9A3LQ7U4R7,0
CUST_P0C9J3B4BO,0
CUST_K91UAWJLBB,0
CUST_LI2SOMQM8N,0
CUST_Z6GK4MV7I0,0
CUST_09U3RIC37G,0
CUST_TZ3V6BCCJH,0
CUST_HUENVSSWCH,0
CUST_1Z7AFZ77PV,0
CUST_N8N6BERW8Z,0
CUST_74CNZ4NGAY,0
CUST_GYHLJCI1MD,0
CUST_6GU58LD7VC,0
CUST_V9AS3WUUO3,0
CUST_IEXV6OC178,0
CUST_TYM5Q4F2W9,0
CUST_ZON3P0QOJ7,0
CUST_M6FEGM3045,0
CUST_Q6JAJXDZWA,0
CUST_5PUA0Z5DNV,0
CUST_58TMXL6WUF,0
CUST_BZ067DRL8Q,0
CUST_0J2W2P5A0A,0
CUST_T3XWQ8QEV2,0
CUST_UNBUEOUVHV,0
CUST_KBMRIT0SJP,0
CUST_MDYYIPPEHM,0
CUST_EFTE0NT9T9,0
CUST_2QHDW1TWM2,0
CUST_YWJAH39A5R,0
CUST_I7FEGQDR5V,0
CUST_8VMGA6E4O2,0
CUST_ORUDZ5SNJ3,0
CUST_N5T9LG5DKE,0
CUST_NENXR9VMPW,0
CUST_VA6ELZVWK2,0
CUST_IOJTFNL88D,0
CUST_1PK6GCVA0Q,0
CUST_FQ5BXW9MG0,0
CUST_ZECY80ED34,0
CUST_QM9TWY36X9,0
CUST_STP7K6B1JR,0
CUST_6JX38JDG94,0
CUST_1PTWMJRHS3,0
CUST_1LGAC2BF7Z,0
CUST_36EST4P1PF,0
CUST_2SQBIMUB25,0
CUST_YU4N3AN6BB,0
CUST_UFDUKCFIST,0
CUST_3I3B69ZKUW,0
CUST_P0KT7TZK84,0
CUST_EOAASB9PJV,0
CUST_2MUFCE4OPF,0
CUST_XHVK0T3KNF,0
CUST_R9EDN2RJO4,0
CUST_G8DLOJ7I3W,0
CUST_5A6S6VOOV5,0
CUST_OXI7GECTBQ,0
CUST_RLH1AM1P97,0
CUST_T8QG38SHTV,0
CUST_LFTP0YZ39C,0
CUST_ZC4ZRU3OHM,0
CUST_KIAZ25JVUF,0
CUST_8WP8NUJNRN,0
CUST_8Y9TW9K7C9,0
CUST_IFOKE327AI,0
CUST_7JUO2X19J7,0
CUST_ZTCN96L0K9,0
CUST_V1G8FPLHTJ,0
CUST_9L6SRI1NPL,0
CUST_U69J7XANJI,0
CUST_Y30Z54HKPF,0
CUST_XWZD8YI427,0
CUST_HOLXPCZPK6,0
CUST_285XCVTE7X,0
CUST_DI6FSHZ154,0
CUST_5MRZSMB7SM,0
CUST_KIEUY6R02Y,0
CUST_8YEGY2AUBK,0
CUST_MA95UKA9Q8,0
CUST_MAYS0Z1GXC,0
CUST_S0M1O5P3E4,0
CUST_5Z43OKE7GB,0
CUST_39R9V7BS9S,0
CUST_YSLMWFE1TA,0
CUST_BCQB4F6RUH,0
CUST_NQA92QPU7S,0
CUST_79BWZTT32F,0
CUST_89TV8K9VIB,0
CUST_JH59ITL9VO,0
CUST_OF19QWMIV3,0
CUST_975HVOC9R9,0
CUST_93UQ7M4TIS,0
CUST_GS89VXBK73,0
CUST_IV796OHWHS,0
CUST_GPBKFOC01Z,0
CUST_O10BKCZHX7,0
CUST_K71WE7OG35,0
CUST_Y17I6104QE,0
CUST_A55NYCKVH0,0
CUST_MFXG6C5T0V,0
CUST_0DJXOBCAHS,0
CUST_148121MUWF,0
CUST_TO8R4EUV4C,0
CUST_1FDD5IFGNO,0
CUST_YF0YGAVFB9,0
CUST_I9VSLL2Q31,0
CUST_EI6N3WPYVH,0
CUST_7IS30GBHBK,0
CUST_969POAVZZN,0
CUST_W4XJOVVA3F,0
CUST_R5VRNZ79BN,0
CUST_R51YSCZY7F,0
CUST_BEFSBRWRLO,0
CUST_40K0FZW4OH,0
CUST_5ZGK8SSVJ0,0
CUST_91YNN4KQML,0
CUST_NEGWAUO6R3,0
CUST_2TE53KFLG9,0
CUST_8S21XYNEVM,0
CUST_EMC5S8L3YS,0
CUST_X5MDVJFQEO,0
CUST_XP6T6IXXSD,0
CUST_EZGUPNOI9J,0
CUST_RPKAH6EQLX,0
CUST_4KHPIXYKJX,0
CUST_0J0BWEBGGC,0
CUST_DKYTK2ZD9J,0
CUST_DH50SLSXG7,0
CUST_4T1SS1AAWL,0
CUST_XNNLUQ5SW7,0
CUST_26PBX2NL3H,0
CUST_VW8UF1J5UO,0
CUST_A76UMI72TA,0
CUST_J2P4D4RQWX,0
CUST_HGGW0GI6X3,0
CUST_PUDU7JS6KL,0
CUST_4YWQM7RNUY,0
CUST_DP965FZPRB,0
CUST_UGZRP0LJQY,0
CUST_984W2JBJ1D,0
CUST_7BQLDZ2QR7,0
CUST_29JRRABTXF,0
CUST_23BJ9TYV79,0
CUST_YNMLUS55HJ,0
CUST_EL3N9WLND7,0
CUST_AVY9W8359G,0
CUST_CASKN2GTMS,0
CUST_9RO7E6G49A,0
CUST_G9772WYZ3E,0
CUST_SJSI8UCE47,0
CUST_VXCQLLBYO4,0
CUST_WNXNCXMZYR,0
CUST_DA653ZPNO4,0
CUST_K69EBSEZ1E,0
CUST_IF271OUYCI,0
CUST_ITPUCZW3FF,0
CUST_F45VA7HZQX,0
CUST_1OHH6RGDXK,0
CUST_NZUCXYKIJV,0
CUST_RTPK0KVED8,0
CUST_TE6BPX2NZI,0
CUST_RWH96SHY7H,0
CUST_0NG94XVCT3,0
CUST_A6G3BV9KC1,0
CUST_T6JQ4ETH0J,0
CUST_GG6T1H0ROV,0
CUST_Y1DFBB42AB,0
CUST_Y6KPGUNCCW,0
CUST_FK20NZS9IT,0
CUST_MSYISX6O5T,0
CUST_DWZOWUF6J3,0
CUST_MVHZNWIRWO,0
CUST_BYRQ01VXDP,0
CUST_X7JQXPGUP4,0
CUST_A1PAR505KE,0
CUST_4P41JEEO5E,0
CUST_3C7NLZ72P9,0
CUST_KDCRKKKTNL,0
CUST_LD5PIC007M,0
CUST_VT9YVK9ZZG,0
CUST_E7SFJ45C0M,0
CUST_JHVJF9FISH,0
CUST_DTM8UP88B7,0
CUST_14PIVQTXP2,0
CUST_OR8XHVU51T,0
CUST_HVYL44NNQO,0
CUST_XDQGXDX1X0,0
CUST_HGTDZOEA0T,0
CUST_ICACYSMXFB,0
CUST_KC9MDDH3YT,0
CUST_6VLV3BFCNR,0
CUST_E14UDBHPL0,0
CUST_TKPDQL2IHH,0
CUST_69FPMJVWQ9,0
CUST_01HENLDSMV,0
CUST_H0V47L2ONM,0
CUST_8E24Z6WWBT,0
CUST_0AP1QYKDTY,0
CUST_MFFDJN7G5G,0
CUST_FOZQ262RFE,0
CUST_DDNPSVDVTX,0
CUST_IEIZOU4YUF,0
CUST_TYJY9YP07K,0
CUST_300V07FXRA,0
CUST_6NPOPJ08OC,0
CUST_2A8IXUYCWQ,0
CUST_OGF0AQYN88,0
CUST_RRJ14S1BDG,0
CUST_2LCRMRW28G,0
CUST_3EZ0TJJMKD,0
CUST_3F8LN56O7V,0
CUST_O6OMMV1A5H,0
CUST_SL6FPRI2IX,0
CUST_FTFC8KBB49,0
CUST_ZM55OA4H7R,0
CUST_BGULOFYPUS,0
CUST_QZU2M557ZA,0
CUST_MABUYU737J,0
CUST_Z2P0IHGTSG,0
CUST_WX55X3ATRP,0
CUST_AJX3SQ3YKQ,0
CUST_0BEGDZL4Q5,0
CUST_Z18GXZEZBS,0
CUST_YXU2Z516AS,0
CUST_F9IGH7YET9,0
CUST_8Y235ASDL7,0
CUST_6Y8VCS90IZ,0
CUST_S8UU42ESO3,0
CUST_SRH8MYZGG2,0
CUST_GWEBFEW1RS,0
CUST_2XEC2NZI10,0
CUST_SW0F18NCL0,0
CUST_6XGM0PQU25,0
CUST_6PHF3G1BVP,0
CUST_UJFB9NI4VI,0
CUST_ZCLIHSYBZU,0
CUST_ISE7L2B6N6,0
CUST_M6ZWKHNPKZ,0
CUST_O6PZMVXHLR,0
CUST_H18DMBPYTU,0
CUST_3AKYM9QV76,0
CUST_9F8IY21VIO,0
CUST_8Y4A49FR1T,0
CUST_WWM64KDXE5,0
CUST_XBNH0PWWI6,0
CUST_RCE62TD1O9,0
CUST_FE0HTXZ43B,0
CUST_QL0OGPBPTR,0
CUST_L09INATQ9B,0
CUST_WK8ARR8OIZ,0
CUST_8PPJHRANTC,0
CUST_8YCI2T664M,0
CUST_0M20Y3FT44,0
CUST_410AQ4XJPG,0
CUST_5FDD6G0ZER,0
CUST_EYFYDU9VOJ,0
CUST_W5EUH50INW,0
CUST_FJ5BQS36A2,0
CUST_FNT8PNFQAI,0
CUST_CUEOKV5S2T,0
CUST_5DSQFDWSWW,0
CUST_2VS0RJ75X6,0
CUST_P921G1VBYK,0
CUST_ZJDSLF3HK0,0
CUST_XSRZ9H9XUH,0
CUST_J8AIR92I6S,0
CUST_3U1Y6TQJ88,0
CUST_L68WYDVF1O,0
CUST_DWV0ELFSN7,0
CUST_CUKEU959CV,0
CUST_DQLDAYFJFR,0
CUST_XJU3VGQ582,0
CUST_7SFC5PV72H,0
CUST_M1Z9W8S08B,0
CUST_3BN5FPAXOM,0
CUST_ZAI95TXZWI,0
CUST_P72XBCZPMH,0
CUST_ZQQN1EKFCI,0
CUST_HNXTU83ER6,0
CUST_U6QXZLRNOK,0
CUST_R9WE45UR94,0
CUST_RHRYXC6KGX,0
CUST_IJ8YBTP2X7,0
CUST_KL0BW1ZUHY,0
CUST_KRQFFLEDTQ,0
CUST_SNSNAD10R4,0
CUST_XWZ10STXZ1,0
CUST_2UUXUKC42F,0
CUST_VW05FCK76I,0
CUST_MW54XL1QVR,0
CUST_WIZD0R80F6,0
CUST_LSQAH0EWC0,0
CUST_2FE5DQY86V,0
CUST_WGMKX559ML,0
CUST_3S63WDHELV,0
CUST_A6FQ1YG91M,0
CUST_VHVX0ENOTP,0
CUST_GSMNZC8KJ8,0
CUST_EAHLQYUAUE,0
CUST_BDC5BVRWS8,0
CUST_52AGYKKO25,0
CUST_BTIZ586Z7W,0
CUST_PIZ3F3GE9I,0
CUST_HKFZFDHJWY,0
CUST_6BFR5CBL5G,0
CUST_FN16LXFA76,0
CUST_GEHAYVGSEC,0
CUST_AJNS9RFK3F,0
CUST_PHKPOLI74S,0
CUST_TJL1409NLT,0
CUST_HF1Z8S0XPD,0
CUST_P79QLI9S6S,0
CUST_GVIWKVGA4K,0
CUST_O7IUMRJQVV,0
CUST_GYNLYK1G9A,0
CUST_ZWKO8WPZME,0
CUST_I7OHBJ4U51,0
CUST_QVREWNMTO2,0
CUST_2MKVBDMAQB,0
CUST_9YTW6JDK26,0
CUST_LUTBO4NBI5,0
CUST_RQ6K0IG47L,0
CUST_ZRZDC7P76B,0
CUST_6Z684W7I2T,0
CUST_BY6EK1154O,0
CUST_MWKZP3OH0U,0
CUST_QYFZ7O7O49,0
CUST_N3W2TZJ7SW,0
CUST_W2ZZNZ5YN5,0
CUST_J9RMVO85LJ,0
CUST_CLDC16IQS7,0
CUST_GYV9TWX714,0
CUST_ZHYI2UEO2H,0
CUST_FJPWLO9N63,0
CUST_E9O7W3IZFB,0
CUST_8LSRMO63LN,0
CUST_HV9ATCYAXT,0
CUST_C3LUO6V495,0
CUST_EMKB8DQ65P,0
CUST_DXQGIY9LG7,0
CUST_ZKZ77LEUNQ,0
CUST_TMBX8TZ6PA,0
CUST_RLQGNL03EP,0
CUST_U2A9LRF81Z,0
CUST_1Z7K4WR3XN,0
CUST_85N2AYX9XI,0
CUST_NROPQWR2KX,0
CUST_9O44QIBZWG,0
CUST_5I7F1XMRLE,0
CUST_HB1HW7T33E,0
CUST_HZBFOALZVO,0
CUST_UJYGBFU9WG,0
CUST_GZCIAH5K43,0
CUST_15GGMCBGCH,0
CUST_3JTLTRNJLN,0
CUST_29I3A1ZC6I,0
CUST_NBG417V2IG,0
CUST_3H5842IUW2,0
CUST_D19ZF77KDE,0
CUST_EFGWIN1SRU,0
CUST_CPGWCGUVYC,0
CUST_E5GHMBKZXB,0
CUST_N864WYJA1H,0
CUST_TRAYJBDH22,0
CUST_9EN73PL8P5,0
CUST_60NI1MEORQ,0
CUST_TX1224S1EF,0
CUST_FX2PZSMLOW,0
CUST_98K2U0JFXL,0
CUST_UMUZIL9F46,0
CUST_YOGF78OMHU,0
CUST_UT6LW1JN3P,0
CUST_DRKG9H9Q4P,0
CUST_Q6DPGXKHV6,0
CUST_0QYQCUR4AK,0
CUST_06UG975ZWP,0
CUST_DO1T0UFE8W,0
CUST_OVGXXZ2VM1,0
CUST_0DGSA21TNJ,0
CUST_S2IK90I8E0,0
CUST_A009VJF0KL,0
CUST_5VHDMSZQ2Z,0
CUST_TZQ8CVAMMP,0
CUST_17XXOVRBS9,0
CUST_2G7FZFWOS7,0
CUST_QDZ9B4YNYN,0
CUST_NZ8TEOASM4,0
CUST_H3S9F6KKP8,0
CUST_1CAK4IO1GW,0
CUST_EZ4OL3TIAN,0
CUST_147FECAPOF,0
CUST_QA3LDNJS0P,0
CUST_Y4RBHPWOLT,0
CUST_PJRNYJL3A0,0
CUST_12ZMONBFHS,0
CUST_BH0N7WQG4B,0
CUST_D5318R529J,0
CUST_9XN7SGJX6P,0
CUST_CRCZK9DT9K,0
CUST_3M1J8OHNKX,0
CUST_MDTYHU1PO9,0
CUST_B8RN2JDYRZ,0
CUST_X02P2Q1122,0
CUST_MB0JB0VTB1,0
CUST_MPDKI9S3RK,0
CUST_NBNU6XGJQ8,0
CUST_UTQQ19FG61,0
CUST_HGY9GO0LOQ,0
CUST_ONY2S7LE20,0
CUST_ULLMSA013I,0
CUST_C7MW7IJ3CU,0
CUST_NMIK2B2XHD,0
CUST_8BYVCTG7ZV,0
CUST_7Q6T5R3I5I,0
CUST_S5EHLM1NG5,0
CUST_JLK2V1RPXR,0
CUST_I8KDK8SXZD,0
CUST_D5AYJDLODT,0
CUST_L61RHCE2YY,0
CUST_LLVHRS7PYB,0
CUST_3K592F68S0,0
CUST_FYCU3S3JHE,0
CUST_PPD5DRX5HC,0
CUST_WR93H0NNKY,0
CUST_MN9SG82RFD,0
CUST_L1WN6ECUB1,0
CUST_XX6QFREUBR,0
CUST_O5VOYFKZIJ,0
CUST_9MCIFV1VEJ,0
CUST_B36RQKLIIV,0
CUST_42441QP6S1,0
CUST_RWCI5A173W,0
CUST_NGVN7XWQ02,0
CUST_07Z7UWMCA1,0
CUST_BU9FZNLZEY,0
CUST_DY3FEJAKVL,0
CUST_4Y8TC2DFF4,0
CUST_A1CYWMEQ3M,0
CUST_8AVH6C6TJO,0
CUST_RGKGGMV266,0
CUST_6MCPJCY96G,0
CUST_RXWRVI1IL3,0
CUST_VQ9X7WN47A,0
CUST_CU6LELZ5W7,0
CUST_AAWS0OLB8W,0
CUST_F70HR2KPDL,0
CUST_S5YT9KUUDM,0
CUST_WHXMGI15H5,0
CUST_UQSSAT9IJJ,0
CUST_VGMAE0ZVAS,0
CUST_EHJ7M3RALT,0
CUST_9KI4HOUZRO,0
CUST_40TK3DJZ25,0
CUST_GFVRW45SI2,0
CUST_HAPY3N6L6C,0
CUST_YMENLWXUKN,0
CUST_W29EAB0CBE,0
CUST_GQGI1XJLCY,0
CUST_VZW87EM0X2,0
CUST_2E20GKHD24,0
CUST_NMDPVMR5J5,0
CUST_2MUBGVLM5H,0
CUST_HATMTOG5EY,0
CUST_AA7GDT39WP,0
CUST_3IG8MCU8VY,0
CUST_X6CUZIYK4F,0
CUST_3DI3T2KTXJ,0
CUST_PQ60PYQV5L,0
CUST_Y5VE7NPO90,0
CUST_JVSRQC1TWV,0
CUST_M3BTB889HL,0
CUST_17TIJSZTR7,0
CUST_KFCXNRJVWU,0
CUST_VJ1WBJU68F,0
CUST_8LZG9NHVVF,0
CUST_DEM97AAQ9H,0
CUST_ZDD4LJOZJA,0
CUST_ZTDGK554SU,0
CUST_JO3AELVKDH,0
CUST_RAVSI3I7RF,0
CUST_D352CXMAY0,0
CUST_NLO2OGB0O1,0
CUST_PA3LCPQRYN,0
CUST_F9V27MHSLN,0
CUST_A69XHNCKUG,0
CUST_86REFRGKFM,0
CUST_Z3YX6VISOO,0
CUST_AUQYW5HGYJ,0
CUST_DJBRNX5O03,0
CUST_NK78K0B56O,0
CUST_817BT585MX,0
CUST_LXY8C3BOXI,0
CUST_AO3P4Z96US,0
CUST_MM3DWLD9CE,0
CUST_K7OH5NRTSQ,0
CUST_QXEFKYRUZ1,0
CUST_VPZXSBB7DA,0
CUST_PFHYDY2RWM,0
CUST_1ZILMVM829,0
CUST_MI5JWX77Y7,0
CUST_MTIYPEPYTF,0
CUST_R7825DI8B8,0
CUST_14NCTQESV9,0
CUST_AL19MZN6ZT,0
CUST_WTKC35XXQ7,0
CUST_XQ84GE9WI2,0
CUST_P9KA9IANM3,0
CUST_LW7FHQYKAT,0
CUST_5S6GF8P60N,0
CUST_L9D46XOSHU,0
CUST_WNBBAJ8RSM,0
CUST_LBW25S4MKK,0
CUST_B4SO5W79XU,0
CUST_HT4XUYCUS9,0
CUST_JUU49EFCRN,0
CUST_HQ4X4G8MJQ,0
CUST_2CLSB705KJ,0
CUST_Q655AHC2V5,0
CUST_VH0B67ZXTY,0
CUST_1422Z3U29F,0
CUST_WRXMPYLWIA,0
CUST_H70C81C8FW,0
CUST_XE4AMHRLW5,0
CUST_CSI714C6MA,0
CUST_SZ95RHG19T,0
CUST_PXMZAAUHBC,0
CUST_7SFQ2CPZIS,0
CUST_CJKNYZ4DBT,0
CUST_JQNGTRZ1CT,0
CUST_O97Q9RR4TK,0
CUST_BJIPQK2Z6O,0
CUST_57KI1OHVD8,0
CUST_5X3XQ84F7H,0
CUST_TWM4I2YHVN,0
CUST_OLY7B6CUGE,0
CUST_Q1NAVPKA8R,0
CUST_RYJK9E3V21,0
CUST_M22J3W5POL,0
CUST_QK3KFUI5YX,0
CUST_254NKHLPW5,0
CUST_6LVNFEFMNK,0
CUST_G7MBO2Q5Z1,0
CUST_0M8RLH73IZ,0
CUST_N8R6BAB0E3,0
CUST_R9ZGU19QO4,0
CUST_19KHBUP42E,0
CUST_4G3T3S1FMA,0
CUST_DA8YXNSYXG,0
CUST_M5872JHY3I,0
CUST_42152S4NZV,0
CUST_2CJ1M4SFKF,0
CUST_60SUM3P89Z,0
CUST_5UIG9CSWKP,0
CUST_5LRM7QEH31,0
CUST_57P76UWBLF,0
CUST_QGB1M2R3B1,0
CUST_60W7CMYUHV,0
CUST_GID9ULRFT7,0
CUST_9O067ZXAVH,0
CUST_YCKJVFYL3G,0
CUST_JA0Y9XPCYQ,0
CUST_5VE69H6MV0,0
CUST_FCEGEEZL0F,0
CUST_92DYS64CUW,0
CUST_WB7SQBOZ6J,0
CUST_434BYKYIRA,0
CUST_HRQESLBGTW,0
CUST_6BFQ0JFHLD,0
CUST_5JC6LYT501,0
CUST_G3X4BODCXU,0
CUST_PVHGVMW3PN,0
CUST_YCUGI9P09M,0
CUST_2KRYIPLUSJ,0
CUST_DE86AHSAJ1,0
CUST_N6BFGCMFX5,0
CUST_KBLY2WNYTD,0
CUST_R534832WYF,0
CUST_EG904CQAZF,0
CUST_66O5405M1G,0
CUST_CU4YKHJUU0,0
CUST_M1FKHX0G5H,0
CUST_8JZPN3MCBB,0
CUST_NGQSQQ0ND9,0
CUST_CC1XUBALWL,0
CUST_20U59L6T9S,0
CUST_3RU4IDL34L,0
CUST_VVHZIWRJY0,0
CUST_PJBUU46RH3,0
CUST_W1OJ8THUCE,0
CUST_APS3YP028E,0
CUST_Z8TPTC4TGH,0
CUST_G4K3H27X83,0
CUST_7CLE9ZOJO3,0
CUST_E4I59TOPH3,0
CUST_0UB5SGXRX6,0
CUST_KA4POKXV5H,0
CUST_P6FSXZA3EG,0
CUST_7435ACUU6H,0
CUST_35U8Q2I4GD,0
CUST_Y9V2U84RB3,0
CUST_A714Q088DT,0
CUST_G7QW5FTZID,0
CUST_NVP2QDK8AV,0
CUST_88P8J0418M,0
CUST_V6XPIVW8R2,0
CUST_D4MIHDWCKG,0
CUST_TU4L3ON74A,0
CUST_1BPLQGMM6X,0
CUST_MWV46615U1,0
CUST_TO3MMNFFKP,0
CUST_9HONM931AE,0
CUST_ST0J6T3PIJ,0
CUST_5F5TX69TH0,0
CUST_91EZ4GFPJ4,0
CUST_5EEJIXPNU9,0
CUST_ZZ4HYXXP7Y,0
CUST_BVRZSYB1YO,0
CUST_3R1799OW8B,0
CUST_4PPZMM8UTA,0
CUST_L8ZNKN97U0,0
CUST_ZC8PDZUSIC,0
CUST_2C74PYGGC1,0
CUST_065GMU7YD1,0
CUST_0ICP0JVOHN,0
CUST_NUJ7YG0X2W,0
CUST_N5BB9IF5BL,0
CUST_1WEVIKM6DW,0
CUST_AY27LW7A4T,0
CUST_3RZGZZVN8X,0
CUST_5V7F739XFI,0
CUST_MNI8E0TJQQ,0
CUST_VRU77HN3E3,0
CUST_8OSODA88VQ,0
CUST_787OZMHYQG,0
CUST_ZNFJX10EJM,0
CUST_3SYAN1OTOT,0
CUST_6O3B352UK5,0
CUST_OWJK568V6B,0
CUST_LZEBT34E6D,0
CUST_588UOM9KRC,0
CUST_V6UR33I2LX,0
CUST_8AIOOXQYLD,0
CUST_X9BDXVWJQ9,0
CUST_87X4Z81QRH,0
CUST_KUDFKJWO9H,0
CUST_3DSWVG4571,0
CUST_E28DE6706N,0
CUST_BCD4AOC3O8,0
CUST_HRXX20895E,0
CUST_QD34REC8KR,0
CUST_7J5EV9PY7T,0
CUST_4DG5ADXW76,0
CUST_9BG8W4T03G,0
CUST_TWW4FGODWS,0
CUST_3NI0DDN9LS,0
CUST_I8LQ9ROELI,0
CUST_US6RLCBDVU,0
CUST_EXDZKJCTEG,0
CUST_QX7UGKPWZF,0
CUST_SSPMA9VRBN,0
CUST_0IWR7DF4M7,0
CUST_J8BSF6SQUP,0
CUST_MNOFXJAKLC,0
CUST_JQ0UR4WNKJ,0
CUST_NUQG42R3LS,0
CUST_HU4K6PC18H,0
CUST_OUAUWFIMW0,0
CUST_D04N4OMT7D,0
CUST_BI6MHHO0UF,0
CUST_2B81WFXXLF,0
CUST_B5BFOL6604,0
CUST_M5UDMMVKS2,0
CUST_78F5MD5KAC,0
CUST_IPFZVY3E3P,0
CUST_63P8H65GSI,0
CUST_IZ6MPU6U8Q,0
CUST_TPNUIGNWN7,0
CUST_2BFFDR2OVT,0
CUST_5Z6PTOBE2N,0
CUST_C9VLN2JQV1,0
CUST_UREPDUSCSW,0
CUST_IUUI08QP18,0
CUST_7Q8HYIJNGW,0
CUST_9CO8AGFO0O,0
CUST_FCLBPC9G8M,0
CUST_M1FANU0N5I,0
CUST_BNBEDYC3N7,0
CUST_GB5ILSLD3M,0
CUST_L4ZEYVUKVR,0
CUST_7JDUYUC5OO,0
CUST_HEEDOD5BTH,0
CUST_P9A4N4JFVA,0
CUST_UKOS4B68PA,0
CUST_HRAVHLRXCE,0
CUST_9TIYYOOKDL,0
CUST_6CFVFL14TG,0
CUST_ZRK0A0021E,0
CUST_2BAXB7321G,0
CUST_7GORGE11XW,0
CUST_U7JLYV85TW,0
CUST_49WXBYBQFV,0
CUST_7PSTOH5283,0
CUST_UNQOJGHKJK,0
CUST_SUTJ3K4GG8,0
CUST_8NRQ6JP415,0
CUST_E4SX5DNQ4D,0
CUST_R4834F1ZFE,0
CUST_FN3BEG2RRT,0
CUST_QSUMBQSPTC,0
CUST_LMR4QW9UBT,0
CUST_A6QP9R7LUC,0
CUST_MFNABBWZAI,0
CUST_B5ZQS4GKTG,0
CUST_B7IIJVJ4PG,0
CUST_7NH3FOQ9TP,0
CUST_530021J8E8,0
CUST_U57YQVR4UN,0
CUST_HYGQL2I62T,0
CUST_AOSLZVSWH9,0
CUST_YDD9ZFAQR9,0
CUST_RM5KDD9O6W,0
CUST_8QONBMABYW,0
CUST_82JH68EDAU,0
CUST_1H14GSC4K8,0
CUST_TESR3GSL4O,0
CUST_3IO0W46SY7,0
CUST_WU6EOZPRGG,0
CUST_DCFNZMGJBL,0
CUST_X675EI1SK5,0
CUST_7Y2G28BNH2,0
CUST_N4QO9RNQW4,0
CUST_E3CTMH56AZ,0
CUST_HJTW2F2F76,0
CUST_IMNEKH2RAW,0
CUST_4O17XGJGDB,0
CUST_WGDHISQNXC,0
CUST_BGU8I9TTPK,0
CUST_8MRY311KNU,0
CUST_7GENYXB4IY,0
CUST_CPCT6IA95S,0
CUST_4YSIDOGVM5,0
CUST_L3WEPJOBNB,0
CUST_BE2T42UWSO,0
CUST_WDA9YA5H56,0
CUST_UOP47XIQAT,0
CUST_3IB7J6ZC67,0
CUST_VLDBNJPDUY,0
CUST_OLHNO31GOF,0
CUST_C93UB119L7,0
CUST_JVAIS5YWCI,0
CUST_5X0EL1BPZG,0
CUST_I9LGV6CSHV,0
CUST_OIWNV1X8FG,0
CUST_1G5GAXJIZ9,0
CUST_6USLY2JAK4,0
CUST_BKBYRS0H31,0
CUST_CBV6FCVQDG,0
CUST_23VZS0Q7QL,0
CUST_AJIJQHHG9R,0
CUST_BA4RCVY4G1,0
CUST_BNP98LFMDS,0
CUST_79T2KD016A,0
CUST_QPFDSQZG16,0
CUST_8ZQ0RR3SPH,0
CUST_LE67YIW48H,0
CUST_TFHEKUJ7FD,0
CUST_W2Q2TK599M,0
CUST_7BIMLIZXHZ,0
CUST_3HTESA1KCH,0
CUST_E1DLHLYQQ7,0
CUST_22UN19WLFE,0
CUST_60WJB47W18,0
CUST_2SGZDW12RD,0
CUST_WOD81NHFN0,0
CUST_Q0CU6TUPWX,0
CUST_Z4MWQ5E4FH,0
CUST_O005WHO39K,0
CUST_EV6KY5UGI2,0
CUST_LOHPG6HCUE,0
CUST_IL2NHL4A4N,0
CUST_H1X4IXKG1Q,0
CUST_JZ8H9X7F2V,0
CUST_IGE565A6JQ,0
CUST_ELMCZNX0QH,0
CUST_3FKH7A59EL,0
CUST_AVGSLU4COY,0
CUST_XRE51XEWWK,0
CUST_WKKYHF16GB,0
CUST_HBACNBZYOS,0
CUST_VG0GPVXXN5,0
CUST_IIM2K69S9X,0
CUST_AH6VKT9QBU,0
CUST_CYKZ25LCII,0
CUST_D87PJ4D89O,0
CUST_CL7LUA5GZO,0
CUST_HPJZWMF781,0
CUST_U61W6QLB3H,0
CUST_4X2KBS0H84,0
CUST_RI1UT088D1,0
CUST_FEJT2K6C4V,0
CUST_HORS1NWSDC,0
CUST_06Y4436OBP,0
CUST_I8K4NBR7LR,0
CUST_APNDC8JDIF,0
CUST_PTV6QJ1YX4,0
CUST_943FBC5AV7,0
CUST_08PK1QB0KY,0
CUST_55GNJDLOYB,0
CUST_8JE7OWSPYC,0
CUST_IL3RX4QMDL,0
CUST_EJLIH3KBS5,0
CUST_WRY0K8PFQ8,0
CUST_04KNNVLTV7,0
CUST_M9N3MXGCYP,0
CUST_462SH43VNO,0
CUST_7MY9U6UI1F,0
CUST_4PAWFGBCWM,0
CUST_GUAWUNGQ3E,0
CUST_YRXROXT3VP,0
CUST_EQ7TI1XEV9,0
CUST_T6HE2AQIRN,0
CUST_S0MQ0IEPAY,0
CUST_OHXH1UT57Y,0
CUST_DQJZZ960BY,0
CUST_RB7W9XHJLR,0
CUST_K26J5LMKCX,0
CUST_HYPO5IJPP0,0
CUST_H6T8SNT64B,0
CUST_LDJIK28WV3,0
CUST_594FTWJCW2,0
CUST_NCCAGSJ8VU,0
CUST_WDKKOO42EB,0
CUST_W1HSLL4OHZ,0
CUST_X8136CUEJJ,0
CUST_0JMXMHU858,0
CUST_X6NZLCHTJZ,0
CUST_FE3GSHRK12,0
CUST_VIBPO0GOM2,0
CUST_8X9DZDBVM2,0
CUST_BB4EQU9BXN,0
CUST_3SUA87LO4M,0
CUST_04J4ZUKC6V,0
CUST_SNWR845BN2,0
CUST_39JV5D94T8,0
CUST_DAMUJ2FCPN,0
CUST_D6UEUD1VQ3,0
CUST_I76DMZ1CAM,0
CUST_GR7Q4KQEQ0,0
CUST_TT02Q1YSJ7,0
CUST_1S2J0NTI7S,0
CUST_C5C2XZ1NCQ,0
CUST_F0WZ7EGESS,0
CUST_S4O3R934D6,0
CUST_TGZPIR4253,0
CUST_918D73UU0C,0
CUST_04AV7GTI8X,0
CUST_83G1F2AMOX,0
CUST_H4TLQQ9QUW,0
CUST_L8A5H1BLWT,0
CUST_AOP57GUWG2,0
CUST_M5YH5JJ6NA,0
CUST_4W11GSNKN4,0
CUST_X1PJYI8Q49,0
CUST_ZF21GTGCJZ,0
CUST_SZQFANCXME,0
CUST_ZXT8SFC5A3,0
CUST_U7SNG566L0,0
CUST_3N1NEEM5RE,0
CUST_T3N3HZ6LYM,0
CUST_P2YN6O4F5S,0
CUST_73ENEA0XX5,0
CUST_KDARWV9VHX,0
CUST_6XK41C5S7T,0
CUST_OTSSC833KK,0
CUST_L4B5ELT2HF,0
CUST_EX0RI7JECP,0
CUST_RSJNW787FI,0
CUST_JN3C7YUJC8,0
CUST_9HG5BY9G50,0
CUST_UKV1NCN3LL,0
CUST_3JPP7R3GLX,0
CUST_04CFNFTZZ9,0
CUST_X9O0L3JSS3,0
CUST_T8REXYMREZ,0
CUST_VPUPQX54DD,0
CUST_YCYHK94VB6,0
CUST_VI9KRY9PLQ,0
CUST_O39VIZO2US,0
CUST_44PFAWRRZ6,0
CUST_WEY1RD8GM2,0
CUST_KAH82COIY4,0
CUST_S8LOTKYG6C,0
CUST_MXMX6ID9AJ,0
CUST_LECDYDRXLM,0
CUST_HI3M553GW8,0
CUST_PJCRMYO2W3,0
CUST_Z9JGTIMV48,0
CUST_FJNWVEQ522,0
CUST_KVREB9I82T,0
CUST_2BLRBLFARS,0
CUST_80V67M4P38,0
CUST_1V60SLTYY9,0
CUST_FZDWDCJUJL,0
CUST_UK9JYUQJLG,0
CUST_IXWO2S45VE,0
CUST_O9SK6GQIYN,0
CUST_I0CTXD3ZXH,0
CUST_UBV64579V6,0
CUST_QKJT8KTSZQ,0
CUST_35LY9MTCNB,0
CUST_F7WNGSTRMN,0
CUST_PWUI7O9RNO,0
CUST_XNN8FR7G3Y,0
CUST_1DZJ8AW4Y7,0
CUST_IEPG8KKTJJ,0
CUST_1ATWCZ4MME,0
CUST_KUO1SX2AAU,0
CUST_Z36PQCGD2A,0
CUST_H6V4EQBYPS,0
CUST_5YPPTOZE8K,0
CUST_N9E7RNTEAL,0
CUST_XV15H6290M,0
CUST_P1TMK2P5OA,0
CUST_WHJI15B1B0,0
CUST_EGAXVD4T44,0
CUST_J1ZAWDETEF,0
CUST_6V7HXXCKIF,0
CUST_J3GW3LBJH3,0
CUST_5QCW7KOAPJ,0
CUST_FYAY3KOYQ2,0
CUST_LTJQ137B2V,0
CUST_50OO1CT2HG,0
CUST_X844J2RETV,0
CUST_EFUUBF13UK,0
CUST_BT1JFZKI3L,0
CUST_PEMBGCICR9,0
CUST_Z8PLXTVLWP,0
CUST_KQLFLSAW5M,0
CUST_T0G3AAXVBT,0
CUST_A776HFMM9D,0
CUST_CW154IP9KQ,0
CUST_3EMN2WULYT,0
CUST_98N6OM2AR7,0
CUST_V6Z39Y03YN,0
CUST_6PPCMXLB0L,0
CUST_LO3TM2CSCE,0
CUST_0829DQ23ZP,0
CUST_EWC2I91M8U,0
CUST_T9PO25O7T0,0
CUST_FNA6EFFF0C,0
CUST_ZWQTYL1HTP,0
CUST_8GQ11RNZP1,0
CUST_9UKHGTURWL,0
CUST_O6BX58IDOU,0
CUST_5PSM1H3N0T,0
CUST_Q0MSYVNAG0,0
CUST_ZCAIRFFPXJ,0
CUST_ACCD40X86W,0
CUST_TUW83RUR1I,0
CUST_3DR3M6BA4Y,0
CUST_OO1LA6LOO9,0
CUST_HXZ6LF69S5,0
CUST_6A1VPOGY83,0
CUST_96WBXM02C8,0
CUST_R02FDNA561,0
CUST_7FKJZZEPZX,0
CUST_UG84HH736O,0
CUST_8JRUDXMAIE,0
CUST_T439OZAOGX,0
CUST_2K4AFMXKRM,0
CUST_U6ZZ82KN5E,0
CUST_O4QDCMEEFR,0
CUST_LN9UZG40HQ,0
CUST_WFO0H74OF9,0
CUST_DECE5U3WS6,0
CUST_MQ7E9RYYIF,0
CUST_VSCBCZC08G,0
CUST_JTPZ8ONCK5,0
CUST_9S4A7Q6NLW,0
CUST_KPHCI0WM1P,0
CUST_53HD0SD2HQ,0
CUST_0YXIEV2RHD,0
CUST_FQ7NYDFU14,0
CUST_ZNGFFXIHQ3,0
CUST_7QF94PZ647,0
CUST_8C9ZWVPGWX,0
CUST_CIJYMO58LC,0
CUST_I4CP0S0ZDO,0
CUST_UE41R4SKGG,0
CUST_I80H8MXVF2,0
CUST_WTOO3VNWKA,0
CUST_WV4KTFB9O8,0
CUST_S38PJAA2O5,0
CUST_AGMMC9O3KW,0
CUST_M078E8VY94,0
CUST_NKBZJ8BFO6,0
CUST_LX091XER8L,0
CUST_NPEI7IUJ22,0
CUST_O08RMWGVV1,0
CUST_QMBC1R0DL5,0
CUST_1HGGIJU63G,0
CUST_L27M1TTDDZ,0
CUST_KDE91UC77P,0
CUST_ELFQXFW5TD,0
CUST_ZZXQMT9B99,0
CUST_X3I7VX10Z1,0
CUST_26LTEGWNSK,0
CUST_SDHT0QRP0N,0
CUST_D1SK28PW0L,0
CUST_IV9IRRK3FZ,0
CUST_7CHAK4IRLA,0
CUST_U5DYKAVV6P,0
CUST_FQ1VJM8OT2,0
CUST_D3ICPEELW5,0
CUST_8HL05TVFQO,0
CUST_1RJZCFKYAN,0
CUST_EYYOC3I56W,0
CUST_EEGWPBSFTE,0
CUST_ZOO8SC047E,0
CUST_XKIZKFTUTM,0
CUST_8793EEQ91C,0
CUST_KQ0MVQHP04,0
CUST_BGGNW90Y68,0
CUST_AATYXLSE8U,0
CUST_OVDGGBDNJ2,0
CUST_51ODLDQMMP,0
CUST_GG4UFXARF4,0
CUST_C23CUM801M,0
CUST_QPX46DCJ2C,0
CUST_FZEYLH6P1H,0
CUST_B2649JBWLL,0
CUST_V1JSZY0339,0
CUST_7KBRLZ5VJJ,0
CUST_PFM4TYWYYG,0
CUST_WGQ42WCNS7,0
CUST_EPK2SROY6V,0
CUST_8HY6KOQDGZ,0
CUST_UESPILVILQ,0
CUST_Y061QRGU4E,0
CUST_66PENJXMIJ,0
CUST_92HU5MA7LO,0
CUST_GB3BZJIUWH,0
CUST_ZJQEPT1270,0
CUST_DGSQ5SBUQ4,0
CUST_T71L4ROE1P,0
CUST_OLU0NI21IQ,0
CUST_B8A0RBKNA5,0
CUST_WA4ZRULLDE,0
CUST_LEUOX9TTI8,0
CUST_83CR780KBH,0
CUST_VXUL4I5F5Z,0
CUST_SAE7MEMVYX,0
CUST_HWOLFA7LU1,0
CUST_OFOOPQK3EE,0
CUST_C4SI7R0YHN,0
CUST_ZIBV13BA41,0
CUST_EMP0VSJB3U,0
CUST_IJGRSU2YUB,0
CUST_T7WUK1603Y,0
CUST_0EX8G3KFH8,0
CUST_J5100PCVWO,0
CUST_RMIAIDNS4B,0
CUST_1I1QWYZUBG,0
CUST_R3BYTVW18I,0
CUST_0FPA1QALN9,0
CUST_23R4NMEJNU,0
CUST_A9EQKYX7OC,0
CUST_NPK7FAH2P1,0
CUST_CXCNQQ0T6F,0
CUST_WFHCZEGK26,0
CUST_Z9FMO6L8PZ,0
CUST_KN0504S7A2,0
CUST_E61TW9WUOO,0
CUST_0QU05TIPTN,0
CUST_371F4VBIQH,0
CUST_ZTGWN25173,0
CUST_E66L90X41Q,0
CUST_DNAYBY3KT6,0
CUST_R1NA7HD3NQ,0
CUST_TR60LXHU5K,0
CUST_0WYZNM2S08,0
CUST_Q5WDQI5957,0
CUST_RM6NIDUDPT,0
CUST_ZTJ5P3OE3X,0
CUST_2O7S9BSFGV,0
CUST_1KDARG8TVQ,0
CUST_YEG5QLPGOQ,0
CUST_YE75LVF7SU,0
CUST_5HNBAFET73,0
CUST_76YMA9LD8A,0
CUST_89I0NSY28R,0
CUST_Z3NUKPQD0G,0
CUST_OYHYOWRA2L,0
CUST_C0UYONU1RM,0
CUST_V9NUGY4VWD,0
CUST_URNLQQQ8MT,0
CUST_3N61AZF5I8,0
CUST_OVN87NWBUL,0
CUST_QHT3KNIWR1,0
CUST_ICYEK55FKZ,0
CUST_9Y4A232DF2,0
CUST_H7LY5CUD8R,0
CUST_7X5F1NSZEE,0
CUST_5KJJDVNUBB,0
CUST_ABLDDTBCOD,0
CUST_JHKIJH4DJY,0
CUST_KO6JXIBMZR,0
CUST_1GEX2OXNPA,0
CUST_T3PMEAU3UE,0
CUST_GFH0MSYX3J,0
CUST_BCZ6MMQ66S,0
CUST_NIHTHDCNOG,0
CUST_L7BY94YQCL,0
CUST_TJGH5WXYHV,0
CUST_S4B703AGMN,0
CUST_1BQUDEZSKK,0
CUST_0GE4KV9469,0
CUST_K63S7KOCYH,0
CUST_NVQNJ99I2V,0
CUST_QA80WXE01T,0
CUST_PU653S4QK4,0
CUST_CZTT422XXX,0
CUST_0YJXLA84LU,0
CUST_0G52RZU71A,0
CUST_9MN3RIUCPE,0
CUST_0PQ1BAHZLD,0
CUST_4W78NR8BC7,0
CUST_XGR26CKDZT,0
CUST_IXP1TXGG1G,0
CUST_A26XZATJLX,0
CUST_JYD3RF8TF1,0
CUST_AJHICPX4OG,0
CUST_L9FW1MGGJE,0
CUST_7H255P6OX6,0
CUST_28JU9KFFWC,0
CUST_9HE25ZNNOM,0
CUST_E9JYS4UCZJ,0
CUST_2BRKR0RXG5,0
CUST_7Z1L1Y2AKW,0
CUST_1NBGWY8FDM,0
CUST_K9JJRDRGGQ,0
CUST_AIKLWET941,0
CUST_E9LKT605V1,0
CUST_DV4AJ9CDH0,0
CUST_BQZORPU43V,0
CUST_CZJTW9K0DK,0
CUST_BRET3OP6VR,0
CUST_MC2WZ3EDKM,0
CUST_T7OPS53H2Z,0
CUST_TFWH8Z8GTT,0
CUST_1UOXYB6EKP,0
CUST_NRMHJIUGIM,0
CUST_OQ8IQW1BZ8,0
CUST_O4L9KUNTE4,0
CUST_CU3LGFLAVY,0
CUST_MX7VG6GOT6,0
CUST_U0AHKIIZ86,0
CUST_VMMQGO192J,0
CUST_NRVXS1K1Z2,0
CUST_O53AS0XBHN,0
CUST_K3Q3Y57ATI,0
CUST_CSQ0BIVM9A,0
CUST_2TZ286JIC6,0
CUST_Q4DGD7ANQK,0
CUST_TDDV172BSM,0
CUST_IXU5JC94RY,0
CUST_66AL72K1P8,0
CUST_IV32JFXGGS,0
CUST_V5NY9SJFJ2,0
CUST_ESBT5535CI,0
CUST_7371LF3LAK,0
CUST_L6641GJ2A9,0
CUST_ZY4XXFZW0E,0
CUST_UKQSR6ICW2,0
CUST_PN0IF98EV4,0
CUST_K1TL6U6FXE,0
CUST_CPXM2AHG7Q,0
CUST_CGLKQQKVYH,0
CUST_RB4DL96QXW,0
CUST_2CT049TVGX,0
CUST_IIKTQBZLBB,0
CUST_P0RRVRS9OJ,0
CUST_1NTQ3TR1N9,0
CUST_PW0GCKKGVG,0
CUST_G5K3TAJXID,0
CUST_9DJMP9G0RH,0
CUST_RF1JOUQJEQ,0
CUST_84G5DMF7DT,0
CUST_1MLUSUPL4V,0
CUST_D5SYQPQCBE,0
CUST_ZHZ59K6X4Y,0
CUST_GZF7BZSU60,0
CUST_47PYLAGFR7,0
CUST_TTF0XGVFE9,0
CUST_GBXMFXVKXI,0
CUST_DEWF18SE02,0
CUST_Z11MQ1P1EZ,0
CUST_6ZT071O6DF,0
CUST_YVMOUBQQZM,0
CUST_ONOB1299A7,0
CUST_D7Q2MM843S,0
CUST_7D7FHO1X6F,0
CUST_NJNR6IR7U1,0
CUST_D5T1Y5AN2M,0
CUST_TY4LTE3FQE,0
CUST_UUNQKVIFBB,0
CUST_5SINRRQ6PZ,0
CUST_YEX02I83XD,0
CUST_03KFUA5YWX,0
CUST_IEVYP5II4T,0
CUST_MXBZAX4N3F,0
CUST_9MCRI9FNUL,0
CUST_R5AV90UE1H,0
CUST_I2M22E0IW3,0
CUST_5ER68VXUX3,0
CUST_TAK2AIAF71,0
CUST_L6GBKEJSWV,0
CUST_4MXU2F1JHE,0
CUST_SYH6GF9EJA,0
CUST_0AW0LYLATX,0
CUST_KNQ2KZFB4V,0
CUST_U5CBE5HMT7,0
CUST_3PE2EG8FAX,0
CUST_V7ZQ3WDD4B,0
CUST_VLSMOFXTAE,0
CUST_8T63BUXC2W,0
CUST_559EMZNTB2,0
CUST_ETIEOB5FAD,0
CUST_NDOZZ4QKOO,0
CUST_OEBW4H4BT0,0
CUST_6RE32K2XTN,0
CUST_EJKYY9NQ4H,0
CUST_0GU1BVX0E1,0
CUST_JCN5QNDVC9,0
CUST_IU7GRMN4IK,0
CUST_9XYW1GXFXW,0
CUST_GJ69RV98MO,0
CUST_MX2KM4N8PZ,0
CUST_WWAY4878C2,0
CUST_2KM27C6HLF,0
CUST_K8LSL7I337,0
CUST_8HY1URUDS2,0
CUST_QIBO83Z1AM,0
CUST_03FD45E8N1,0
CUST_6NF9ZX5BWG,0
CUST_CSKAKM0W9Z,0
CUST_BPWH9JXBWO,0
CUST_2T9IXTUJDI,0
CUST_JUMIR7ASDV,0
CUST_7PUF2VZ8FQ,0
CUST_HGH6NAZGN8,0
CUST_X3MMGFT9IQ,0
CUST_1EOFTSFUEX,0
CUST_EWI97XTVFR,0
CUST_KD4S236WGH,0
CUST_RH7FKFNFHY,0
CUST_06VAZUGWSL,0
CUST_JUOYUJQ9GB,0
CUST_W59BUB06C7,0
CUST_FM3X3AW92Y,0
CUST_5UI5HOMIMU,0
CUST_W9OTT0J9HK,0
CUST_8KAA8MSLJR,0
CUST_52EUN5AF02,0
CUST_21RP31UZVM,0
CUST_VU6753APBS,0
CUST_BA44GWJ0UW,0
CUST_VKPUPY6YNA,0
CUST_RTF0O99SCH,0
CUST_6Z7IKFV1R5,0
CUST_2BC5H9BINR,0
CUST_KI8ZDXYFD4,0
CUST_3GMWK1ZX4F,0
CUST_EGNP3Q06LJ,0
CUST_P42P1DIIF4,0
CUST_J9HJJKQ5O1,0
CUST_654O5BONZ8,0
CUST_VXQ0MBD5XF,0
CUST_BUD5PCMP75,0
CUST_LV405JXXFT,0
CUST_PZIF7K59F4,0
CUST_9VK6BMS0XW,0
CUST_MMUMC1FQG8,0
CUST_GHM67UIGY5,0
CUST_IUSOEMP2UA,0
CUST_IMPUL57KNZ,0
CUST_RTIBNJV2PL,0
CUST_WNWXH2VB4J,0
CUST_3182ZTNWHI,0
CUST_UEFINK31CN,0
CUST_BT7AHIBZND,0
CUST_CLE82243CC,0
CUST_4CQX3GCILS,0
CUST_2IPASCP93K,0
CUST_JDXKU12E0Q,0
CUST_437M5NHOH1,0
CUST_YNRPBSYT16,0
CUST_WCGLORGJU8,0
CUST_Q4L0ERALC4,0
CUST_9X0A3LU7GD,0
CUST_1G4J4EXFMB,0
CUST_YOUZFYW68T,0
CUST_6GFIMCK977,0
CUST_0UOPSC9ICK,0
CUST_T4SI1D0VON,0
CUST_33M5PITRCP,0
CUST_NF41H2O2ZV,0
CUST_C7NCMJA73Z,0
CUST_5Y6ZN8JLJS,0
CUST_6ULY8AFAAH,0
CUST_8C7NPT0R66,0
CUST_Z7VWVSTBSV,0
CUST_DM9TWCF0DX,0
CUST_XIS2XR2AYK,0
CUST_OGBVOGMZUK,0
CUST_BONNW35Y0N,0
CUST_II7R4BP63G,0
CUST_LO1M3L8TM6,0
CUST_UE34871X4U,0
CUST_SYEP9OK6QH,0
CUST_YQVC8B2TDE,0
CUST_IKHSXVMJPH,0
CUST_2LFPZV2TL9,0
CUST_P402AQGGKY,0
CUST_DDJ4YQNGSZ,0
CUST_QMYJ9SIWXQ,0
CUST_C3UDYBPFNA,0
CUST_AVKEG5OZB9,0
CUST_KDYK7Z8V5U,0
CUST_YADHK0R1G4,0
CUST_BBLBZNC03Z,0
CUST_WVGD787FJI,0
CUST_3JMOIJNW84,0
CUST_QH2056TW64,0
CUST_13I3U027CS,0
CUST_WYNU7HH9G6,0
CUST_CXRTWXV6GK,0
CUST_7IXT89Y746,0
CUST_CHV6OGE7PW,0
CUST_QA4TA4LZRG,0
CUST_MGWHOQTWR7,0
CUST_UEYOB519KL,0
CUST_SE9XOEGXXW,0
CUST_WB55AAP6GX,0
CUST_6W7GIY3P9Q,0
CUST_87TAB17AF5,0
CUST_34CMDQXX7X,0
CUST_FVBI2TSQBR,0
CUST_Q4KCU6SINF,0
CUST_FHV2MKI5B9,0
CUST_ZNC37R46X8,0
CUST_8Z6FGK02VJ,0
CUST_9X1PLXOU7A,0
CUST_AWH1LTZTWQ,0
CUST_NWQJMM7VGP,0
CUST_HDUC362RS3,0
CUST_VOSAQF8X24,0
CUST_0CE9FAVG0P,0
CUST_QGHDSEN099,0
CUST_EAXIGXHC6R,0
CUST_1RQ5Y8FIK6,0
CUST_TNCJQK4AS3,0
CUST_BPL4PFFIKG,0
CUST_XN394UDAJC,0
CUST_46ES0756SC,0
CUST_P7PYGQKWB4,0
CUST_3JTW56I41C,0
CUST_5ICP84C134,0
CUST_QJGLFR09QX,0
CUST_4GYLBY3ASF,0
CUST_3S62C9SFOJ,0
CUST_F13CTWYARP,0
CUST_XDI8IZ3YKU,0
CUST_1XXJ2V5VNP,0
CUST_R4LCHUGUXM,0
CUST_TKGSJ7X7S5,0
CUST_I3FRZWRBU9,0
CUST_XCT6CGBQ1O,0
CUST_3U2RJ50T4E,0
CUST_U23FOJTJVY,0
CUST_DVC4HYCOF4,0
CUST_WSTU5ZO86I,0
CUST_GJ80399TPT,0
CUST_CQCH1Q9I17,0
CUST_8Y545ZRHUH,0
CUST_RBC1YTNLPZ,0
CUST_XYLO5C8751,0
CUST_MZGYSPNPSA,0
CUST_522FY56875,0
CUST_583KFB5G1Y,0
CUST_6GYJZG2WA6,0
CUST_OEENXC3U63,0
CUST_1PAWGL2REO,0
CUST_SXH730CK6Y,0
CUST_1HKEEPU7VF,0
CUST_SW7NO04MRU,0
CUST_BEVOFYHPWN,0
CUST_0A3W1L1HYA,0
CUST_RCMRE2BMNQ,0
CUST_ZLW3MKV9IU,0
CUST_XI54GTM7WV,0
CUST_2PALE9PASO,0
CUST_C39TSAJ91D,0
CUST_LGKY05C30B,0
CUST_V4QEWS27MM,0
CUST_TNICI14PSL,0
CUST_W7FN3LFP7S,0
CUST_YGAQ027LCR,0
CUST_5GU1J2PWO3,0
CUST_N972FM56MD,0
CUST_W3IJYIYYS5,0
CUST_FFTNGHNQVZ,0
CUST_IH9H1PQEW0,0
CUST_VE8067NUB9,0
CUST_S0EZUJXY2M,0
CUST_LXKZX4OW60,0
CUST_2E9IEYPUE8,0
CUST_9BYFA15NXP,0
CUST_5JIS7BBNDJ,0
CUST_84LAPIXPC1,0
CUST_8R4UFIAGOQ,0
CUST_0QL7D3F402,0
CUST_69LBYJB5S9,0
CUST_J3CQ981FMB,0
CUST_DL2VJ5CQT2,0
CUST_JKRR5I4V53,0
CUST_JBCX1LWAFJ,0
CUST_JUBUD0OCZA,0
CUST_6SO0KE1UT9,0
CUST_JQIDL7QQX4,0
CUST_MMCAZUW02S,0
CUST_77XIB35IS5,0
CUST_0E3LC3AI13,0
CUST_7LOC68A7AV,0
CUST_2SL9SQ88TN,0
CUST_VC8XOPNPND,0
CUST_HNF1ZSE915,0
CUST_U00C83A0AB,0
CUST_DX73Z1PZME,0
CUST_RZSKN6SONH,0
CUST_BNWVAKCXNZ,0
CUST_0SQDQFYIDJ,0
CUST_LP9AY60F7J,0
CUST_BV5GHQ25I6,0
CUST_7BG56YD0LS,0
CUST_W57XJ9HLBV,0
CUST_H4USN4MS2P,0
CUST_9OHYVNOCJK,0
CUST_D1ETL4SHIV,0
CUST_1OQMH550M2,0
CUST_QFSJS2TY4C,0
CUST_QAIX97SM7U,0
CUST_WAQ4PUOTC2,0
CUST_CIEKORDU16,0
CUST_IXGPIZD9Y5,0
CUST_41XQ97OO7Z,0
CUST_EETEWB6IZP,0
CUST_V1NWOODPJO,0
CUST_7UAKQH4PG5,0
CUST_93FXI11DLE,0
CUST_OR9FTDSNPE,0
CUST_JTC03W3HTS,0
CUST_97XIT8RPI3,0
CUST_YIXFNPX5EM,0
CUST_RZZ3M9I9PV,0
CUST_6UWP9YVM7P,0
CUST_F48D9VON54,0
CUST_JJVH01ECV0,0
CUST_3YMZTEOWIM,0
CUST_T8389PT6C7,0
CUST_LWK3TO92DM,0
CUST_TBS5I9LUT1,0
CUST_ZPNP4WMJBS,0
CUST_Q1JQICZLCI,0
CUST_9ZN84GY3YW,0
CUST_HOQP0Y0BIS,0
CUST_UCXUGQQCC5,0
CUST_HW0CPZFI6V,0
CUST_WXLCX4XWS7,0
CUST_CM7Q9P1LDD,0
CUST_5PD1PP280G,0
CUST_X7JD33QPNU,0
CUST_S946Y9T35H,0
CUST_XG1H42Q1NX,0
CUST_BFXNEO8FUT,0
CUST_A4GGO3EJX6,0
CUST_KNS1G1VOTJ,0
CUST_ZD07HTDD67,0
CUST_BH7M2DXOH4,0
CUST_1VXC3L0RB4,0
CUST_WC9NGQB44R,0
CUST_0N3U8XQZZV,0
CUST_7T9R0C13XP,0
CUST_WDPC9P3WPT,0
CUST_PDMZ8X8RQH,0
CUST_BKTJH8Y2KK,0
CUST_YUAPEWSR6N,0
CUST_W8VJK9DTPY,0
CUST_BIDPC1YZYR,0
CUST_8DF6NPD02W,0
CUST_N8RU5QFCBK,0
CUST_NFG6NLK1X5,0
CUST_6JSADF3OB4,0
CUST_8E18HDXCWV,0
CUST_JVEB2FJU0M,0
CUST_HDYZOWMHHB,0
CUST_RLUNHOBYA0,0
CUST_UT0VRXPDKM,0
CUST_XVV6EOLM0H,0
CUST_6EQ0ZP8W6W,0
CUST_LFFOAVM4F9,0
CUST_7HYHI0NI1R,0
CUST_FLSR6ULWLU,0
CUST_89NUFHPAOV,0
CUST_NT4QUD1OPO,0
CUST_PKW5O9K9WJ,0
CUST_HMHXD70OUK,0
CUST_8QZ139YJJC,0
CUST_Z99O0SJ7RJ,0
CUST_SR4XQZ25KW,0
CUST_KL8EDFAX40,0
CUST_FKIZDJVVOD,0
CUST_TE8JOI0SCX,0
CUST_CMDP78W7YL,0
CUST_BYT8LBD147,0
CUST_H66CVLRFRN,0
CUST_3BE9T1TEJQ,0
CUST_9DVPC04LEY,0
CUST_VBEPKWJFY6,0
CUST_L4MTJCOOTC,0
CUST_LZR3CUGJC8,0
CUST_DNRSRUNBW4,0
CUST_PKAOSJIM31,0
CUST_N83X7SE8P6,0
CUST_CPWMP0RD57,0
CUST_RRXYSF9AA6,0
CUST_U1ZN297NC4,0
CUST_BOG1Y9GZE7,0
CUST_5PGBT2G1L7,0
CUST_VAIRMXIJ45,0
CUST_OEJ0QZPW9R,0
CUST_XBRP70JIH1,0
CUST_56JM4D8LDI,0
CUST_RN24CZAHZ6,0
CUST_JOLV3XM5A2,0
CUST_5VNYR4CMU2,0
CUST_J32HCY2Q2H,0
CUST_JMXULCVP17,0
CUST_G4ATZPEMHZ,0
CUST_KPOEYGCW9D,0
CUST_GI7M54MPP0,0
CUST_XNMTOF835J,0
CUST_PT1D04Z009,0
CUST_517HUC6P7N,0
CUST_YPZ2X0TIPS,0
CUST_4JFYWJHTTB,0
CUST_SP81B1X10E,0
CUST_4OBJ9B2DQS,0
CUST_BMG1EEN6X0,0
CUST_C9007SLBCQ,0
CUST_KCG8OYSVGV,0
CUST_JF2UEVG001,0
CUST_HDX511IES9,0
CUST_782OSXDAM2,0
CUST_MEKISQ5D19,0
CUST_AY91OWTUS3,0
CUST_1C952JOXMA,0
CUST_C6PT0COJT4,0
CUST_YKGLLP08UE,0
CUST_ZLXQQ73ALH,0
CUST_VUAHYZEZYE,0
CUST_MLDM892RAK,0
CUST_24TJHZX6MO,0
CUST_J267RS9J3R,0
CUST_IM4GIB0BSC,0
CUST_NXQAF9GSLO,0
CUST_UA9PEFOP34,0
CUST_EVVBH1PTUH,0
CUST_M0JDY1B2T1,0
CUST_A8VAZWC9XI,0
CUST_9BF7IPMD7M,0
CUST_SNK77N2PM1,0
CUST_D9ORI39TAJ,0
CUST_FJVCH4YC8K,0
CUST_Y4IJ8FJ3T1,0
CUST_Y8ENA6SBRL,0
CUST_K2S5M917LK,0
CUST_QTBGLBD9SS,0
CUST_G4YBYG56RM,0
CUST_QM3336AAS8,0
CUST_USG5Q3COAR,0
CUST_73JWUV7ACY,0
CUST_2IER9N1EAW,0
CUST_XB0T1GUEST,0
CUST_LJEEEYV3LN,0
CUST_NI658ZFMAN,0
CUST_9A1V2RGHU8,0
CUST_DAPQZD57KE,0
CUST_2NW66LCN6V,0
CUST_5TYFX2Y2ZI,0
CUST_W8NNN9CC2H,0
CUST_79YQW8C16K,0
CUST_KJ5JPT7GP5,0
CUST_R6ST2JJBRG,0
CUST_6UFJ78YW86,0
CUST_QKPXLAYAIR,0
CUST_QAIMHLEWGL,0
CUST_KF3RICOLWA,0
CUST_J148N404YB,0
CUST_60E34MSD16,0
CUST_SWFMQYQ69A,0
CUST_H6SVGZ71V0,0
CUST_BUQIYH3PZV,0
CUST_V8DL0DCFU5,0
CUST_V6IS9J2MQQ,0
CUST_60LU7EZCF4,0
CUST_VBQK3YCWTI,0
CUST_UAVGRHJ16R,0
CUST_EZXYUPN03X,0
CUST_TURQSLXZPC,0
CUST_HID8GJK8GQ,0
CUST_PIUO4HD53O,0
CUST_PAHXEAZCZ8,0
CUST_1CDOEF02X4,0
CUST_CW9MFX4L58,0
CUST_6U9RCJ8Z3Z,0
CUST_ROTCA0IY1N,0
CUST_WR4C19LA8D,0
CUST_3WG0HEW17K,0
CUST_LE36FQMPC0,0
CUST_FGXBSY05OI,0
CUST_E0TSB7A1ZE,0
CUST_UL68O0NAC6,0
CUST_87I9DJG61Z,0
CUST_SFO3IVMJT0,0
CUST_JNKIS9SX9W,0
CUST_T7HU3M14QK,0
CUST_NRJ65D79LP,0
CUST_I3OMIG6X0I,0
CUST_QC36U4GIYQ,0
CUST_3AS825JBSB,0
CUST_937FKOPP90,0
CUST_D45UF187YT,0
CUST_D8YKZR5HZB,0
CUST_SBUSVP52OZ,0
CUST_1U4K0XO3MY,0
CUST_JLS1IEUNNB,0
CUST_OEXPMZBUK2,0
CUST_ZG9H8MU2XK,0
CUST_4RAPXPEVXM,0
CUST_U5VVZZJMD7,0
CUST_1FMHN1L0UO,0
CUST_2OA12HLQC8,0
CUST_FJWD7Z7ZHC,0
CUST_A0VISEID1N,0
CUST_FGOYEARFQX,0
CUST_R3P589Z9QI,0
CUST_1KWQSIG0F8,0
CUST_4Z53L71JW7,0
CUST_R7QGZTXU5I,0
CUST_QIZHH79YD6,0
CUST_UOL50YOXF5,0
CUST_DEKJSSO9EU,0
CUST_XBSHK6GT79,0
CUST_CH4KH0XB09,0
CUST_39N1SOGGGB,0
CUST_K1PS1MIFCS,0
CUST_2K1H1RP44I,0
CUST_3SZR2PK0BG,0
CUST_J3IKALK113,0
CUST_A09YVA7RG9,0
CUST_1VVVYA958V,0
CUST_PM18Q252XA,0
CUST_S3N8I0EEL0,0
CUST_BF8FCE4IAU,0
CUST_85253HJ518,0
CUST_YVZJISFLC7,0
CUST_NXXTO4TSYC,0
CUST_Z1LYIHMCKN,0
CUST_RG8KP4JUAW,0
CUST_RH1ZLVIDRH,0
CUST_FUTSLAMNEL,0
CUST_OV8NF18I0K,0
CUST_HTLUXMNM32,0
CUST_HFPG09G50V,0
CUST_O1PNOJ0VOT,0
CUST_7106MVPZ0S,0
CUST_WLKYCNPPCP,0
CUST_9LOZMPVYPB,0
CUST_FJ9Y7FZ244,0
CUST_DCJ9F4LDIP,0
CUST_GEN476ZVNJ,0
CUST_RXH275JQ0Z,0
CUST_I8JMGK7BUY,0
CUST_ZDKINB2N0J,0
CUST_EJLC8KAQOQ,0
CUST_BL24KFLFQ3,0
CUST_VHEV1RIJTT,0
CUST_8CKH04YUR6,0
CUST_6FOGL37P0M,0
CUST_SNKNUD1TH0,0
CUST_BQ636TMT8E,0
CUST_F9JLE8VYVZ,0
CUST_IJHO2WP9RA,0
CUST_99MFXQZ82X,0
CUST_QTDFOS8Z5V,0
CUST_X1KGGKEIQJ,0
CUST_GUK72W5N50,0
CUST_URWW75KQO1,0
CUST_BH3QMQF8RY,0
CUST_UPAIB28AAS,0
CUST_85QG57B8MI,0
CUST_43LLEM8VEC,0
CUST_RNCCGGRDZY,0
CUST_M1Q6BVPVNQ,0
CUST_V04DSY7I4F,0
CUST_0N96YQK34F,0
CUST_3LMOQWWFBH,0
CUST_4XUZ513F0M,0
CUST_432F3MT5VK,0
CUST_MXYY8IOPIC,0
CUST_CNPZVE6O9M,0
CUST_9C2SYS8SIH,0
CUST_PNQIRVL2JB,0
CUST_R3GUC1OJXY,0
CUST_TL87T923DS,0
CUST_26G13J2F0Z,0
CUST_CFPAMI5UY4,0
CUST_AF6WWF7RD0,0
CUST_M5T4XHINHA,0
CUST_AWH0IDGEBQ,0
CUST_H79HFMZ60P,0
CUST_LPM8ON106V,0
CUST_T1MMBJ4A90,0
CUST_MT32O2O20I,0
CUST_OBBH4LHIZ2,0
CUST_KIPE1A7VL4,0
CUST_LKTPSV4WSX,0
CUST_YRZYF5E0QM,0
CUST_1APDL9WNPY,0
CUST_A3MSFQG7VN,0
CUST_EP9NNU4LWK,0
CUST_34NODXN59N,0
CUST_DAR85A3LFQ,0
CUST_QNLEQ4HK7U,0
CUST_29EUKI4YL5,0
CUST_KDBTY72UQM,0
CUST_DU54ODLFSX,0
CUST_6VKY126NB8,0
CUST_MZL34HQ5M0,0
CUST_CYOF7CIAD0,0
CUST_8T5EG9GAFO,0
CUST_FG39PQFWG6,0
CUST_P49QC2M9XR,0
CUST_XV9QLNBGOV,0
CUST_2AJJJ8G2W7,0
CUST_VBMRGOCT97,0
CUST_FNFQ87STWJ,0
CUST_K288IVR3Y6,0
CUST_AKEHV0M622,0
CUST_X9LTJRG84C,0
CUST_GRUO9NRG8K,0
CUST_I7IQRYO7RK,0
CUST_VSSKQ3QT8V,0
CUST_9IZIATPU57,0
CUST_QZMFA7U14F,0
CUST_93D4J9M7RA,0
CUST_7UV7DN3DHX,0
CUST_F9U8J2KIQ1,0
CUST_27KB6X1W0W,0
CUST_KAVMF0QVEZ,0
CUST_L8XTRSVVFP,0
CUST_74OXWP1EWY,0
CUST_5PJ3WNP4FJ,0
CUST_GOUF9MHCIX,0
CUST_17RMN2KN31,0
CUST_TDVNTOX76N,0
CUST_7C6FE8J1XM,0
CUST_QS5WAD98K2,0
CUST_XPD4IDZQVK,0
CUST_PAJ2N8QZFC,0
CUST_YFMHAGWF5M,0
CUST_JL078LD2P9,0
CUST_4IY9Q84D1C,0
CUST_HZAM8S69H0,0
CUST_0BTNN8PZAL,0
CUST_60NU09WWX4,0
CUST_MW4UERCBUY,0
CUST_PLBHX87EXA,0
CUST_EMBL97OLMF,0
CUST_V77XXNJA3Z,0
CUST_QCQXPUNEKN,0
CUST_HXCML82US3,0
CUST_P6J79WY0PW,0
CUST_KK7O2WIN76,0
CUST_E1N59P5T6V,0
CUST_KXGC2I0GDR,0
CUST_0DSFRAEYKU,0
CUST_5L5NGEERNI,0
CUST_Z08RQXZZSS,0
CUST_J7TOX0N537,0
CUST_HIQFFGX5HF,0
CUST_9OLLRJNQMM,0
CUST_EMM7SNAMUG,0
CUST_P1H9G1RDCM,0
CUST_7ICLCAB1VE,0
CUST_D92FZRMKNA,0
CUST_8IEECDEULE,0
CUST_YWH76UGPHC,0
CUST_ERWP2R66BU,0
CUST_TSIJKH3OD6,0
CUST_D7QH78N8R4,0
CUST_O19M3DXLHX,0
CUST_HHO54KGM8Q,0
CUST_H7WSQ35CVX,0
CUST_AARQ7PBRM9,0
CUST_VU91NOUM62,0
CUST_VZ3MNPX97F,0
CUST_MR04M2U5Z1,0
CUST_YG5ICQNBU2,0
CUST_5IZR7WUWO6,0
CUST_RJG7IBNDMR,0
CUST_GW3B374E27,0
CUST_FJ4PHA8YMR,0
CUST_YD3VI02HB1,0
CUST_9SQWJFXGQF,0
CUST_59DT145955,0
CUST_J609WCKF3P,0
CUST_PC3M21GTTW,0
CUST_QDBAR80SIO,0
CUST_GNXUY3DDWS,0
CUST_HZP3BX2RPI,0
CUST_BB4SSWP3XM,0
CUST_8BDEBBTGBI,0
CUST_6MWSRMNR0M,0
CUST_U03CB9FQX0,0
CUST_KETYJ85NH3,0
CUST_WR6GQ2UVA9,0
CUST_HV2S1K8Z67,0
CUST_YTIURR61HI,0
CUST_74VJEJU9H5,0
CUST_4QC139CR6V,0
CUST_PBDYIS4M9M,0
CUST_O1TZCBNLRU,0
CUST_2WGV7CFLLF,0
CUST_Y9KAGURRP8,0
CUST_VAIS46S0X2,0
CUST_QNYJ5PJPJL,0
CUST_Z8X3QGRYQJ,0
CUST_9XH707Y9Y4,0
CUST_8AID5D5FHF,0
CUST_HQMI9ZKUHZ,0
CUST_WAAU6F5TGF,0
CUST_EX4XK7G2JS,0
CUST_E354N2HNNU,0
CUST_4ZJAX0MBSI,0
CUST_6C0YUAQDN4,0
CUST_1U1YWDINGO,0
CUST_5C0X1ZU2C6,0
CUST_7WF5FPRTZE,0
CUST_T6RBXKRXT6,0
CUST_2YSAD5B3GL,0
CUST_EB6XT3K6L9,0
CUST_ANOFZ5LXFA,0
CUST_P3K28YG71K,0
CUST_7B09MYC8NS,0
CUST_S52MPM6F7D,0
CUST_ERJJ0WR1HI,0
CUST_0LKKX7K593,0
CUST_43WQQXPI1Y,0
CUST_APKXSR2ZS3,0
CUST_LEW2N57W5S,0
CUST_SR6O3LQH6S,0
CUST_MVB41GV3DR,0
CUST_KIP94V4MGP,0
CUST_XFCOKXZI5B,0
CUST_5BFRA5T1JM,0
CUST_8MG7TQ3S7C,0
CUST_WHNVHJ9ZPA,0
CUST_QWOBPF87FM,0
CUST_SYU5U5HP96,0
CUST_D054TCEAU3,0
CUST_Q0VVLG1H6P,0
CUST_OQC5UH7GWM,0
CUST_AGKIURB9FV,0
CUST_09T5EA6GTZ,0
CUST_GOQBWJJLBG,0
CUST_QMLGNM9776,0
CUST_YWN9NZXOL7,0
CUST_7RXIZPU9X6,0
CUST_EUOYUNVTJR,0
CUST_OZ59DRAUWX,0
CUST_XS8U294GT9,0
CUST_K608CXA92M,0
CUST_CVZFKFDOPG,0
CUST_J124UV7JYO,0
CUST_GMKX5D23Y4,0
CUST_E9UZZCTRF6,0
CUST_RFESSEPR5R,0
CUST_Z3K2WCVPXY,0
CUST_MC35FS1M79,0
CUST_9QPI0P89FL,0
CUST_CLDONLZBWN,0
CUST_EGD6I4ZZOH,0
CUST_87DBQ31W6G,0
CUST_K5N9YTNPI2,0
CUST_41AKP4SGDX,0
CUST_3WB1IN8HDE,0
CUST_KC5ZZRIMSS,0
CUST_NBNF5ANAXZ,0
CUST_OLN6OCXTIE,0
CUST_970WVY1LF7,0
CUST_P8MEIQ4D18,0
CUST_TTXC1WSMGP,0
CUST_8FIZUTK8BM,0
CUST_UTITTFVA2A,0
CUST_B2Y3H8DHR4,0
CUST_RBSIK70540,0
CUST_J0OV5CK787,0
CUST_QBOCIOZMOO,0
CUST_SSZEDE1DFB,0
CUST_X55CPC051G,0
CUST_ZURJLVOXJX,0
CUST_JOIXREL64P,0
CUST_ZS2FUDXUI5,0
CUST_594QLKQ40C,0
CUST_NAMZIEJHCW,0
CUST_4TLJPNVHL5,0
CUST_ZKXCFD88N3,0
CUST_7DMZ0UFJJ6,0
CUST_W2LA8NM5L5,0
CUST_AQDSHNL89S,0
CUST_EVB19MOPL7,0
CUST_1UG30TDPJW,0
CUST_7MDRBZAWFW,0
CUST_5HZ8Z1P6IS,0
CUST_F92GZ72S1S,0
CUST_8Z6M4D04G9,0
CUST_UK9LM9Y741,0
CUST_5F6BMI87DU,0
CUST_YATC2RRMCJ,0
CUST_WLNUGLTOCV,0
CUST_XKAOTQBJQC,0
CUST_6LPBRPUJ8F,0
CUST_LUB1K03ZID,0
CUST_J8MPBZQE6P,0
CUST_UX4DUJYDJH,0
CUST_2CBBTFVLSU,0
CUST_B9QF534KOS,0
CUST_V80YTDMMU0,0
CUST_31UOIPR39Z,0
CUST_P1K5J0QJ0X,0
CUST_SHDQ5Y3HHS,0
CUST_5XJ7XSS3LV,0
CUST_JCSOUI9763,0
CUST_788U59EJXZ,0
CUST_PMWVSOHJSA,0
CUST_2SANPKTZ9E,0
CUST_ID0LYPLWNE,0
CUST_Y9UA9NQ5GY,0
CUST_4Q4BMTPCG4,0
CUST_2U7WA48RRK,0
CUST_AX52S8ZMC8,0
CUST_X5Z17WAXU3,0
CUST_2ZZII9C4JW,0
CUST_CLATPQRR6H,0
CUST_GWAFP8ELFW,0
CUST_L97K7TYGEF,0
CUST_J1T9TGF4RS,0
CUST_PERN2NUS50,0
CUST_G5X0ZCM8O4,0
CUST_333SERN4GM,0
CUST_26TDRJ41BX,0
CUST_IW95OMTB7P,0
CUST_MIRNK1MLVA,0
CUST_Y20U56GF93,0
CUST_OFSTHKDSXE,0
CUST_N8FNJ72TFH,0
CUST_B7XC1GKJ7A,0
CUST_LI4CSVVPD7,0
CUST_BF4YU9KLZX,0
CUST_FAAN17IZ1B,0
CUST_DDEELI2SVZ,0
CUST_86EQXYM5VB,0
CUST_0W3NXR56U9,0
CUST_2D2L40EWNV,0
CUST_9REP2XYQ6R,0
CUST_F7SLC5XR1C,0
CUST_KZMW37OMU5,0
CUST_PMTZENTUFL,0
CUST_3V0GHPFHLF,0
CUST_X28VOMQBF2,0
CUST_UGGN2ZSZEI,0
CUST_MP334C2GCH,0
CUST_33VCN0S2QC,0
CUST_N66X9ZEHQH,0
CUST_7O7VTURRX5,0
CUST_AYW1BRWESF,0
CUST_6GDYKSNC2Q,0
CUST_JV847G41KQ,0
CUST_4B2VP3QYQO,0
CUST_3AGY7A6RJH,0
CUST_67HHO3O8G8,0
CUST_FDKYMAFEBE,0
CUST_QCVCX0RHBL,0
CUST_YHSSLNHE4M,0
CUST_8XT0DFCKJE,0
CUST_ANFCCC4TMK,0
CUST_6VEDQ25PDK,0
CUST_M40TU0U7VF,0
CUST_ONDKW7U3TP,0
CUST_IWWLZOU74C,0
CUST_K14EZ1KRUO,0
CUST_8AJ41HFFR1,0
CUST_8XZXZDWNZL,0
CUST_H2DDOKGRL1,0
CUST_64YXX1PHIW,0
CUST_DLJDNUGF4Z,0
CUST_CRXXXRPYR1,0
CUST_34VON56I9P,0
CUST_524ZEQG0JX,0
CUST_12PIQW1ZH4,0
CUST_D0UJL3T0M6,0
CUST_QF9TQLR6QQ,0
CUST_RTQ4HYMUIG,0
CUST_5S0KUUCKF4,0
CUST_K6YDO67LL0,0
CUST_J08A7AESIV,0
CUST_T8BKM9M6H1,0
CUST_L6IDK5900Q,0
CUST_3ON6ND3RFJ,0
CUST_NOKIVC7NNU,0
CUST_1OM9UCID91,0
CUST_VDEY72BIZP,0
CUST_UQEZ9KKIFG,0
CUST_IXX0BE9VQD,0
CUST_1TZOK0TGKK,0
